path,label,pred,correct,p_glioma,p_meningioma,p_notumor,p_pituitary
Testing/glioma/Te-gl_103.jpg,glioma,glioma,True,0.7578412890434265,0.018863121047616005,0.21544192731380463,0.007853657007217407
Testing/glioma/Te-gl_105.jpg,glioma,glioma,True,0.9972590208053589,0.0019507057731971145,1.4242258657759521e-05,0.0007759187137708068
Testing/glioma/Te-gl_110.jpg,glioma,glioma,True,0.8351641893386841,0.16344775259494781,0.0013665409060195088,2.1549909433815628e-05
Testing/glioma/Te-gl_115.jpg,glioma,notumor,False,0.029898008331656456,0.40315622091293335,0.5668553113937378,9.057042916538194e-05
Testing/glioma/Te-gl_145.jpg,glioma,glioma,True,0.9946221113204956,0.0052986289374530315,3.9417282096110284e-05,3.9974143874133006e-05
Testing/glioma/Te-gl_153.jpg,glioma,glioma,True,0.8018339276313782,0.19772687554359436,5.682058690581471e-05,0.00038246787153184414
Testing/glioma/Te-gl_155.jpg,glioma,glioma,True,0.9936231970787048,0.005920923314988613,1.91286835615756e-05,0.00043686863500624895
Testing/glioma/Te-gl_159.jpg,glioma,meningioma,False,0.019248230382800102,0.9137557148933411,0.0017171137733384967,0.06527894735336304
Testing/glioma/Te-gl_163.jpg,glioma,glioma,True,0.998331606388092,0.001491952920332551,0.0001429998956155032,3.344010838191025e-05
Testing/glioma/Te-gl_173.jpg,glioma,glioma,True,0.9954639077186584,0.004331857431679964,1.6768521163612604e-05,0.00018748956790659577
Testing/glioma/Te-gl_180.jpg,glioma,glioma,True,0.9988594055175781,0.0009333604830317199,2.3440132281393744e-05,0.00018368645396549255
Testing/glioma/Te-gl_184.jpg,glioma,meningioma,False,0.10384883731603622,0.8960636258125305,2.595803380245343e-05,6.167894025566056e-05
Testing/glioma/Te-gl_185.jpg,glioma,glioma,True,0.9985660910606384,0.0007298279670067132,3.857028787024319e-05,0.0006655478500761092
Testing/glioma/Te-gl_192.jpg,glioma,glioma,True,0.9556084275245667,0.04388252645730972,1.0488014595466666e-05,0.0004985440173186362
Testing/glioma/Te-gl_2.jpg,glioma,meningioma,False,0.490519255399704,0.509084939956665,0.00012131820403737947,0.0002745765959843993
Testing/glioma/Te-gl_209.jpg,glioma,glioma,True,0.9909024834632874,0.008934981189668179,1.975960003619548e-05,0.00014277637819759548
Testing/glioma/Te-gl_210.jpg,glioma,glioma,True,0.9809532761573792,0.014284959062933922,0.0001822657068260014,0.004579417873173952
Testing/glioma/Te-gl_211.jpg,glioma,meningioma,False,0.028031323105096817,0.9684188961982727,0.0035155131481587887,3.426177863730118e-05
Testing/glioma/Te-gl_218.jpg,glioma,notumor,False,0.03609577193856239,0.013512354344129562,0.9501953721046448,0.00019655558571685106
Testing/glioma/Te-gl_226.jpg,glioma,glioma,True,0.9974762797355652,0.0022955324966460466,9.60363686317578e-05,0.00013205768482293934
Testing/glioma/Te-gl_24.jpg,glioma,glioma,True,0.9846824407577515,0.015252819284796715,3.2977881346596405e-05,3.185401510563679e-05
Testing/glioma/Te-gl_242.jpg,glioma,glioma,True,0.9926134347915649,0.007306951098144054,2.9838069167453796e-05,4.983358667232096e-05
Testing/glioma/Te-gl_260.jpg,glioma,glioma,True,0.9984904527664185,0.001198098761960864,5.010058521293104e-05,0.00026125056319870055
Testing/glioma/Te-gl_268.jpg,glioma,glioma,True,0.9937102794647217,0.005517891142517328,1.0838411071745213e-05,0.0007611610926687717
Testing/glioma/Te-gl_30.jpg,glioma,notumor,False,0.13092008233070374,0.0016385514754801989,0.8672894835472107,0.00015191688726190478
Testing/glioma/Te-gl_304.jpg,glioma,meningioma,False,0.3106450140476227,0.6891977787017822,1.6531028450117446e-05,0.0001406466035405174
Testing/glioma/Te-gl_305.jpg,glioma,glioma,True,0.926779568195343,0.07008383423089981,2.2073274521972053e-05,0.0031145233660936356
Testing/glioma/Te-gl_313.jpg,glioma,glioma,True,0.8393317461013794,0.1550161987543106,0.0048162005841732025,0.0008358421036973596
Testing/glioma/Te-gl_331.jpg,glioma,glioma,True,0.9858588576316833,0.0009682682575657964,5.484838402480818e-05,0.013117946684360504
Testing/glioma/Te-gl_332.jpg,glioma,glioma,True,0.9962208867073059,0.0018774212803691626,4.189406899968162e-05,0.001859747339040041
Testing/glioma/Te-gl_337.jpg,glioma,glioma,True,0.7898926734924316,0.2098797708749771,2.1784386262879707e-05,0.00020584691083058715
Testing/glioma/Te-gl_347.jpg,glioma,glioma,True,0.9921911358833313,0.007711441721767187,7.149884913815185e-05,2.5962279323721305e-05
Testing/glioma/Te-gl_360.jpg,glioma,glioma,True,0.996269702911377,0.003568214364349842,9.009888890432194e-05,7.193140481831506e-05
Testing/glioma/Te-gl_374.jpg,glioma,glioma,True,0.985398530960083,0.005126259755343199,1.3138331269146875e-05,0.009462079964578152
Testing/glioma/Te-gl_379.jpg,glioma,glioma,True,0.9949750900268555,0.004844172857701778,5.369166683522053e-05,0.00012708544090855867
Testing/glioma/Te-gl_381.jpg,glioma,glioma,True,0.9792807698249817,0.020634407177567482,1.8534869013819844e-05,6.631384894717485e-05
Testing/glioma/Te-gl_382.jpg,glioma,glioma,True,0.8581956624984741,0.1305798888206482,0.00016245993901975453,0.011061888188123703
Testing/glioma/Te-gl_385.jpg,glioma,glioma,True,0.9972002506256104,0.0021583333145827055,0.0005758187617175281,6.56654592603445e-05
Testing/glioma/Te-gl_39.jpg,glioma,notumor,False,0.022115672007203102,0.27464982867240906,0.7018982172012329,0.0013363538309931755
Testing/glioma/Te-gl_390.jpg,glioma,glioma,True,0.9971809387207031,0.0025257107336074114,1.0995607226504944e-05,0.00028249857132323086
Testing/glioma/Te-gl_394.jpg,glioma,glioma,True,0.8457546234130859,0.01479658205062151,2.0603860320989043e-05,0.13942819833755493
Testing/glioma/Te-gl_43.jpg,glioma,notumor,False,0.02717774175107479,0.04149208217859268,0.9307019114494324,0.0006282839458435774
Testing/glioma/Te-gl_48.jpg,glioma,glioma,True,0.9943086504936218,0.004576995503157377,4.9286545618087985e-06,0.0011094619985669851
Testing/glioma/Te-gl_51.jpg,glioma,glioma,True,0.9913468956947327,0.008524812757968903,8.88440445123706e-06,0.00011937961971852928
Testing/glioma/Te-gl_52.jpg,glioma,glioma,True,0.9946848750114441,0.001580329262651503,0.00012761510151904076,0.0036072281654924154
Testing/glioma/Te-gl_53.jpg,glioma,meningioma,False,0.12586000561714172,0.6958006620407104,0.17708735167980194,0.001251989626325667
Testing/glioma/Te-gl_54.jpg,glioma,glioma,True,0.98466956615448,0.015135099180042744,1.3126985322742257e-05,0.00018214702140539885
Testing/glioma/Te-gl_61.jpg,glioma,glioma,True,0.9982668161392212,0.0013910209527239203,0.00030898783006705344,3.317500159027986e-05
Testing/glioma/Te-gl_65.jpg,glioma,glioma,True,0.990706741809845,0.009204402565956116,2.7212052373215556e-05,6.182319339131936e-05
Testing/glioma/Te-gl_7.jpg,glioma,glioma,True,0.9922424554824829,0.007624219637364149,2.270400000270456e-05,0.00011057614756282419
Testing/glioma/Te-gl_74.jpg,glioma,notumor,False,0.08523807674646378,0.14292581379413605,0.7716335654258728,0.0002025903668254614
Testing/glioma/Te-gl_82.jpg,glioma,glioma,True,0.798026978969574,0.19887389242649078,3.788717367569916e-05,0.0030613052658736706
Testing/glioma/Te-gl_83.jpg,glioma,glioma,True,0.9542341828346252,0.04537587612867355,0.00028954705339856446,0.00010047511023003608
Testing/glioma/Te-gl_92.jpg,glioma,glioma,True,0.9964801669120789,0.0033778855577111244,1.1629756954789627e-05,0.00013031400158070028
Testing/glioma/Te-gl_95.jpg,glioma,glioma,True,0.9987732768058777,0.0007672944338992238,2.1799145542900078e-05,0.00043769474723376334
Testing/glioma/Te-gl_98.jpg,glioma,glioma,True,0.997218132019043,0.0019873683340847492,2.638016303535551e-05,0.0007680419366806746
Testing/glioma/Te-gl_99.jpg,glioma,glioma,True,0.99853515625,0.0008666078792884946,6.250162550713867e-05,0.0005358221242204309
Testing/meningioma/Te-me_103.jpg,meningioma,meningioma,True,0.007897967472672462,0.9919648170471191,7.092784926499007e-06,0.0001300986623391509
Testing/meningioma/Te-me_104.jpg,meningioma,meningioma,True,0.004407769534736872,0.9953729510307312,1.8591108528198674e-05,0.00020067198784090579
Testing/meningioma/Te-me_110.jpg,meningioma,meningioma,True,0.003226578701287508,0.9963274598121643,8.041231012612116e-06,0.00043790749623440206
Testing/meningioma/Te-me_118.jpg,meningioma,meningioma,True,0.03231779858469963,0.9675661325454712,5.0919916247949e-06,0.00011091665510321036
Testing/meningioma/Te-me_119.jpg,meningioma,meningioma,True,0.15673033893108368,0.8427147269248962,6.544638836203376e-06,0.0005484383436851203
Testing/meningioma/Te-me_12.jpg,meningioma,meningioma,True,0.002824448747560382,0.9971401691436768,1.4273804481490515e-05,2.1210060367593542e-05
Testing/meningioma/Te-me_127.jpg,meningioma,meningioma,True,0.01043727993965149,0.9893501400947571,4.050582447234774e-06,0.00020856318587902933
Testing/meningioma/Te-me_14.jpg,meningioma,glioma,False,0.5319674015045166,0.44013074040412903,0.0001329925435129553,0.02776889130473137
Testing/meningioma/Te-me_141.jpg,meningioma,meningioma,True,0.006528310477733612,0.9931348562240601,1.7068534361897036e-05,0.0003198033373337239
Testing/meningioma/Te-me_152.jpg,meningioma,meningioma,True,0.002113203750923276,0.9978005290031433,1.2658249033847824e-05,7.35964858904481e-05
Testing/meningioma/Te-me_155.jpg,meningioma,meningioma,True,0.03835783153772354,0.9615186452865601,7.188331892393762e-06,0.00011634296970441937
Testing/meningioma/Te-me_176.jpg,meningioma,meningioma,True,0.062057580798864365,0.9323030114173889,0.0020637977868318558,0.003575697774067521
Testing/meningioma/Te-me_188.jpg,meningioma,meningioma,True,0.002735880436375737,0.9972099661827087,2.352969750063494e-05,3.0686169338878244e-05
Testing/meningioma/Te-me_192.jpg,meningioma,meningioma,True,0.0006429424975067377,0.9993308782577515,6.647712325502653e-06,1.959353539859876e-05
Testing/meningioma/Te-me_194.jpg,meningioma,meningioma,True,0.0010492318542674184,0.9989204406738281,1.8612689018482342e-05,1.1734723557310645e-05
Testing/meningioma/Te-me_199.jpg,meningioma,meningioma,True,0.0009274415788240731,0.999024510383606,4.176976744929561e-06,4.380347309052013e-05
Testing/meningioma/Te-me_201.jpg,meningioma,meningioma,True,0.004601019900292158,0.946785032749176,1.1995718523394316e-05,0.048602037131786346
Testing/meningioma/Te-me_211.jpg,meningioma,meningioma,True,0.0005401354865171015,0.9994276165962219,6.2849994719726965e-06,2.5868755983537994e-05
Testing/meningioma/Te-me_218.jpg,meningioma,meningioma,True,0.001474968739785254,0.9984889030456543,1.216794680658495e-05,2.393184695392847e-05
Testing/meningioma/Te-me_220.jpg,meningioma,meningioma,True,0.0003675175830721855,0.9995749592781067,5.093372692499543e-06,5.238684025243856e-05
Testing/meningioma/Te-me_221.jpg,meningioma,meningioma,True,0.00824989564716816,0.98042231798172,1.4701600775879342e-05,0.01131302211433649
Testing/meningioma/Te-me_226.jpg,meningioma,glioma,False,0.5243903398513794,0.47384771704673767,0.0003449867363087833,0.0014169790083542466
Testing/meningioma/Te-me_244.jpg,meningioma,glioma,False,0.7219444513320923,0.27716532349586487,8.328254807565827e-06,0.0008818632923066616
Testing/meningioma/Te-me_245.jpg,meningioma,meningioma,True,0.0018616084707900882,0.9980754852294922,5.54720327272662e-06,5.7401732192374766e-05
Testing/meningioma/Te-me_25.jpg,meningioma,meningioma,True,0.00459470646455884,0.9953704476356506,1.0159837074752431e-05,2.4645063604111783e-05
Testing/meningioma/Te-me_264.jpg,meningioma,meningioma,True,0.1173514574766159,0.8825499415397644,6.322547415038571e-05,3.5310760722495615e-05
Testing/meningioma/Te-me_273.jpg,meningioma,meningioma,True,0.002934082178398967,0.9970011115074158,7.729347089480143e-06,5.699483517673798e-05
Testing/meningioma/Te-me_292.jpg,meningioma,meningioma,True,0.0009235856705345213,0.9990220069885254,8.423440704063978e-06,4.599751264322549e-05
Testing/meningioma/Te-me_32.jpg,meningioma,meningioma,True,0.006857793312519789,0.9930589199066162,2.5912538603733992e-06,8.071224146988243e-05
Testing/meningioma/Te-me_36.jpg,meningioma,meningioma,True,0.0026711279060691595,0.9973022937774658,8.521795280103106e-06,1.791953036445193e-05
Testing/meningioma/Te-me_51.jpg,meningioma,meningioma,True,0.0018788379384204745,0.9980903267860413,1.718801104289014e-05,1.3629523891722783e-05
Testing/meningioma/Te-me_55.jpg,meningioma,meningioma,True,0.009963602758944035,0.9899792671203613,7.805920176906511e-06,4.929829083266668e-05
Testing/meningioma/Te-me_58.jpg,meningioma,meningioma,True,0.000756648019887507,0.9992056488990784,2.464434328430798e-05,1.310594871029025e-05
Testing/meningioma/Te-me_6.jpg,meningioma,meningioma,True,0.009048350155353546,0.9901626110076904,0.0007121179369278252,7.690403435844928e-05
Testing/meningioma/Te-me_60.jpg,meningioma,meningioma,True,0.010747894644737244,0.989074170589447,0.00013182265684008598,4.606662696460262e-05
Testing/meningioma/Te-me_84.jpg,meningioma,meningioma,True,0.0014263569610193372,0.998529314994812,5.89135333939339e-06,3.843905869871378e-05
Testing/meningioma/Te-me_87.jpg,meningioma,meningioma,True,0.0032143881544470787,0.9967530369758606,3.2061964247986907e-06,2.9389648261712864e-05
Testing/meningioma/Te-me_97.jpg,meningioma,meningioma,True,0.0021047054324299097,0.9977729916572571,0.00010536139598116279,1.683634218352381e-05
Testing/meningioma/Te-me_98.jpg,meningioma,meningioma,True,0.06965326517820358,0.7876578569412231,7.860874575271737e-06,0.14268095791339874
Testing/notumor/Te-no_103.jpg,notumor,notumor,True,0.0009589024120941758,7.116588676581159e-05,0.9989629983901978,6.907287115609506e-06
Testing/notumor/Te-no_104.jpg,notumor,notumor,True,0.007433721795678139,0.0006493222317658365,0.9919009804725647,1.5987854567356408e-05
Testing/notumor/Te-no_112.jpg,notumor,notumor,True,0.00024836036027409136,1.4404890862351749e-05,0.9997327923774719,4.439602889760863e-06
Testing/notumor/Te-no_116.jpg,notumor,notumor,True,0.000576519756577909,0.0017006838461384177,0.9977108240127563,1.198536301671993e-05
Testing/notumor/Te-no_117.jpg,notumor,notumor,True,0.002598910126835108,0.0016637657536193728,0.9957346320152283,2.7392402444093022e-06
Testing/notumor/Te-no_123.jpg,notumor,notumor,True,0.0002457234950270504,1.4714934877702035e-05,0.9997352957725525,4.276841991668334e-06
Testing/notumor/Te-no_13.jpg,notumor,notumor,True,4.857027670368552e-05,1.2537266229628585e-05,0.9999057054519653,3.3131778764072806e-05
Testing/notumor/Te-no_130.jpg,notumor,notumor,True,0.0005912175984121859,8.313760190503672e-05,0.9993187189102173,6.905517693667207e-06
Testing/notumor/Te-no_148.jpg,notumor,notumor,True,0.01613742858171463,0.009528244845569134,0.9733924865722656,0.0009418454137630761
Testing/notumor/Te-no_15.jpg,notumor,notumor,True,0.001617720234207809,0.00028357101837173104,0.9980962872505188,2.362323130000732e-06
Testing/notumor/Te-no_151.jpg,notumor,notumor,True,0.0008285155054181814,0.0008706872467882931,0.9982470273971558,5.374569082050584e-05
Testing/notumor/Te-no_152.jpg,notumor,notumor,True,0.008233657106757164,0.002505335956811905,0.9892542362213135,6.711176865792368e-06
Testing/notumor/Te-no_153.jpg,notumor,notumor,True,0.009682999923825264,0.00476677343249321,0.9855292439460754,2.1061314328107983e-05
Testing/notumor/Te-no_154.jpg,notumor,notumor,True,0.0006090464885346591,7.336525595746934e-05,0.9993159770965576,1.6873999584277044e-06
Testing/notumor/Te-no_156.jpg,notumor,notumor,True,0.000795606174506247,4.4561773393070325e-05,0.9991198182106018,4.000121771241538e-05
Testing/notumor/Te-no_16.jpg,notumor,notumor,True,0.014764274470508099,0.012799385003745556,0.9724077582359314,2.8546912290039472e-05
Testing/notumor/Te-no_181.jpg,notumor,notumor,True,0.00011546015593921766,9.658097951614764e-06,0.9998555183410645,1.935548243636731e-05
Testing/notumor/Te-no_187.jpg,notumor,notumor,True,0.012957960367202759,0.0004210781189613044,0.9865938425064087,2.700162076507695e-05
Testing/notumor/Te-no_19.jpg,notumor,notumor,True,0.0011275052092969418,0.00016597578360233456,0.9987038373947144,2.6339025680499617e-06
Testing/notumor/Te-no_196.jpg,notumor,notumor,True,0.004758213646709919,0.010760324075818062,0.9844709634780884,1.0583301445876714e-05
Testing/notumor/Te-no_202.jpg,notumor,notumor,True,0.002486464800313115,0.0015733542386442423,0.9959375858306885,2.652024022609112e-06
Testing/notumor/Te-no_212.jpg,notumor,notumor,True,0.0004547850985545665,0.00044259591959416866,0.9990932941436768,9.305376806878485e-06
Testing/notumor/Te-no_224.jpg,notumor,glioma,False,0.9811295866966248,0.0036359759978950024,0.015070142224431038,0.00016429823881480843
Testing/notumor/Te-no_229.jpg,notumor,notumor,True,0.00014072004705667496,1.4633693353971466e-05,0.9998341798782349,1.0497769835637882e-05
Testing/notumor/Te-no_230.jpg,notumor,notumor,True,0.000946019368711859,7.163752161432058e-05,0.9989756345748901,6.844359177193837e-06
Testing/notumor/Te-no_233.jpg,notumor,notumor,True,0.0002752167929429561,4.0638362406753004e-05,0.999679446220398,4.7173816710710526e-06
Testing/notumor/Te-no_241.jpg,notumor,notumor,True,0.32463201880455017,0.22445166110992432,0.45023199915885925,0.0006842944421805441
Testing/notumor/Te-no_255.jpg,notumor,notumor,True,8.261683251475915e-05,0.00018057621491607279,0.9997268319129944,1.0011362974182703e-05
Testing/notumor/Te-no_259.jpg,notumor,notumor,True,0.005575465504080057,0.00037785651511512697,0.9940409064292908,5.7931501942221075e-06
Testing/notumor/Te-no_267.jpg,notumor,notumor,True,0.0011597968405112624,0.0011763775255531073,0.9976296424865723,3.409348937566392e-05
Testing/notumor/Te-no_268.jpg,notumor,notumor,True,0.0002502243733033538,0.00018034660024568439,0.9995206594467163,4.879126572632231e-05
Testing/notumor/Te-no_27.jpg,notumor,notumor,True,0.0018474815879017115,0.0027700953651219606,0.9952839016914368,9.842795407166705e-05
Testing/notumor/Te-no_270.jpg,notumor,notumor,True,0.008029810152947903,0.004127985332161188,0.9878230094909668,1.9244929717388004e-05
Testing/notumor/Te-no_274.jpg,notumor,notumor,True,0.00460081547498703,0.010194504633545876,0.9851942658424377,1.0467188076290768e-05
Testing/notumor/Te-no_278.jpg,notumor,notumor,True,0.00047753029502928257,6.224674143595621e-05,0.99945467710495,5.577338470175164e-06
Testing/notumor/Te-no_279.jpg,notumor,notumor,True,0.0004929358838126063,0.0008569108322262764,0.9986200332641602,3.0108567443676293e-05
Testing/notumor/Te-no_286.jpg,notumor,notumor,True,0.017665868625044823,0.0006468678475357592,0.9816758632659912,1.1322787031531334e-05
Testing/notumor/Te-no_3.jpg,notumor,notumor,True,3.268966975156218e-05,1.0906956958933733e-05,0.9999443292617798,1.2052102647430729e-05
Testing/notumor/Te-no_301.jpg,notumor,notumor,True,0.0013216694351285696,0.0004978948272764683,0.9981648325920105,1.56191654241411e-05
Testing/notumor/Te-no_305.jpg,notumor,notumor,True,0.001529517350718379,0.0002645118802320212,0.9982037544250488,2.318311089766212e-06
Testing/notumor/Te-no_306.jpg,notumor,notumor,True,0.004750868305563927,0.011850045993924141,0.9833875894546509,1.151779815700138e-05
Testing/notumor/Te-no_308.jpg,notumor,notumor,True,0.001279782154597342,0.0004614988574758172,0.9982432126998901,1.545477243780624e-05
Testing/notumor/Te-no_331.jpg,notumor,notumor,True,0.0002510477206669748,0.00036031799390912056,0.9993792772293091,9.307880645792466e-06
Testing/notumor/Te-no_346.jpg,notumor,notumor,True,0.01658061519265175,0.000629663816653192,0.9827789664268494,1.0824468517967034e-05
Testing/notumor/Te-no_347.jpg,notumor,notumor,True,0.0015096144052222371,0.0003219728823751211,0.9981411695480347,2.719854273891542e-05
Testing/notumor/Te-no_355.jpg,notumor,notumor,True,0.006670418661087751,0.04976005107164383,0.9434704184532166,9.90722983260639e-05
Testing/notumor/Te-no_362.jpg,notumor,notumor,True,0.0022830285597592592,0.0028095070738345385,0.9945751428604126,0.0003323211276438087
Testing/notumor/Te-no_368.jpg,notumor,notumor,True,0.00011321803322061896,9.50390676734969e-06,0.9998577833175659,1.9374530893401243e-05
Testing/notumor/Te-no_382.jpg,notumor,notumor,True,0.002354071941226721,0.0014908045995980501,0.9961524605751038,2.6105799406650476e-06
Testing/notumor/Te-no_384.jpg,notumor,notumor,True,0.005646433215588331,0.00011518271639943123,0.9942277669906616,1.0601190297165886e-05
Testing/notumor/Te-no_386.jpg,notumor,glioma,False,0.9748424291610718,0.004033446311950684,0.020954463630914688,0.00016964622773230076
Testing/notumor/Te-no_393.jpg,notumor,notumor,True,0.0008231535903178155,0.0008847831632010639,0.998236894607544,5.507222158485092e-05
Testing/notumor/Te-no_5.jpg,notumor,notumor,True,0.015052531845867634,0.012858381494879723,0.9720601439476013,2.896956902986858e-05
Testing/notumor/Te-no_51.jpg,notumor,notumor,True,0.002548967720940709,3.8098507502581924e-05,0.9970303773880005,0.0003824399318546057
Testing/notumor/Te-no_6.jpg,notumor,notumor,True,0.005310004111379385,0.00011040565004805103,0.9945691823959351,1.0403623491583858e-05
Testing/notumor/Te-no_64.jpg,notumor,notumor,True,0.0019069862319156528,0.003033171407878399,0.9949575066566467,0.00010240199480904266
Testing/notumor/Te-no_67.jpg,notumor,notumor,True,0.00016613361367490143,9.421390859642997e-05,0.999672532081604,6.711712921969593e-05
Testing/notumor/Te-no_77.jpg,notumor,meningioma,False,0.2384878695011139,0.6748687624931335,0.051901523023843765,0.034741874784231186
Testing/notumor/Te-no_81.jpg,notumor,notumor,True,0.0009377923561260104,0.0007645461591891944,0.9981458187103271,0.00015183139475993812
Testing/pituitary/Te-pi_1.jpg,pituitary,pituitary,True,0.021991347894072533,0.011195502243936062,2.697921217986732e-06,0.966810405254364
Testing/pituitary/Te-pi_102.jpg,pituitary,pituitary,True,0.0006491332896985114,0.0022789526265114546,0.0003786667948588729,0.9966932535171509
Testing/pituitary/Te-pi_109.jpg,pituitary,pituitary,True,5.297602547216229e-05,0.0005712701240554452,2.4458340703858994e-05,0.9993513226509094
Testing/pituitary/Te-pi_113.jpg,pituitary,pituitary,True,0.0026171449571847916,0.00018378054664935917,7.21508831702522e-06,0.997191846370697
Testing/pituitary/Te-pi_114.jpg,pituitary,pituitary,True,0.0011876365169882774,0.001495982171036303,2.974577910208609e-06,0.9973134398460388
Testing/pituitary/Te-pi_129.jpg,pituitary,pituitary,True,0.003703890135511756,0.005492880940437317,2.367245315326727e-06,0.9908009171485901
Testing/pituitary/Te-pi_140.jpg,pituitary,pituitary,True,0.0018371195765212178,0.0008917708764784038,1.5764373983984115e-06,0.9972694516181946
Testing/pituitary/Te-pi_148.jpg,pituitary,pituitary,True,0.002274555852636695,0.00023489196610171348,0.0034025777131319046,0.9940879344940186
Testing/pituitary/Te-pi_156.jpg,pituitary,notumor,False,0.09454327076673508,0.008111795410513878,0.4842287302017212,0.4131161868572235
Testing/pituitary/Te-pi_168.jpg,pituitary,pituitary,True,0.0018252679146826267,0.000828833261039108,2.7657511054712813e-06,0.997343122959137
Testing/pituitary/Te-pi_170.jpg,pituitary,pituitary,True,0.29056432843208313,0.06301563233137131,0.00017079952522180974,0.6462492346763611
Testing/pituitary/Te-pi_172.jpg,pituitary,pituitary,True,6.479989679064602e-05,2.035106808762066e-05,0.00012889555364381522,0.9997859597206116
Testing/pituitary/Te-pi_173.jpg,pituitary,pituitary,True,0.0007335436530411243,0.0002059748803731054,1.950119667526451e-06,0.9990585446357727
Testing/pituitary/Te-pi_193.jpg,pituitary,pituitary,True,0.00020670572121161968,0.0006018953863531351,4.17825867771171e-06,0.999187171459198
Testing/pituitary/Te-pi_219.jpg,pituitary,pituitary,True,0.0006635617464780807,0.04335365444421768,2.1882065084355418e-06,0.9559805393218994
Testing/pituitary/Te-pi_225.jpg,pituitary,pituitary,True,0.000176663335878402,0.00023518377565778792,4.5990609578439035e-06,0.9995835423469543
Testing/pituitary/Te-pi_228.jpg,pituitary,pituitary,True,9.589770343154669e-05,0.005256154574453831,6.310389835562091e-06,0.9946416616439819
Testing/pituitary/Te-pi_233.jpg,pituitary,pituitary,True,7.201418338809162e-05,0.0003261770470999181,1.82858930202201e-05,0.9995835423469543
Testing/pituitary/Te-pi_247.jpg,pituitary,pituitary,True,0.00028480871696956456,0.001923523610457778,1.1533785254869144e-05,0.9977801442146301
Testing/pituitary/Te-pi_254.jpg,pituitary,pituitary,True,0.05836614966392517,0.005665385164320469,4.120077392144594e-06,0.9359644055366516
Testing/pituitary/Te-pi_259.jpg,pituitary,pituitary,True,0.28788644075393677,0.24609093368053436,2.0692516045528464e-05,0.4660019278526306
Testing/pituitary/Te-pi_26.jpg,pituitary,meningioma,False,0.02141311950981617,0.8165825605392456,0.011158592067658901,0.15084578096866608
Testing/pituitary/Te-pi_260.jpg,pituitary,pituitary,True,0.0039477902464568615,0.0005314820446074009,0.0005809594877064228,0.9949398040771484
Testing/pituitary/Te-pi_268.jpg,pituitary,pituitary,True,0.00027425074949860573,0.0003037234419025481,5.733833404519828e-06,0.9994163513183594
Testing/pituitary/Te-pi_282.jpg,pituitary,pituitary,True,6.60438381601125e-05,0.0003623224329203367,6.464299076469615e-06,0.9995651841163635
Testing/pituitary/Te-pi_288.jpg,pituitary,pituitary,True,0.0002730524865910411,0.005555248819291592,0.00015695567708462477,0.9940147995948792
Testing/pituitary/Te-pi_309.jpg,pituitary,pituitary,True,3.722922701854259e-05,0.00015564131899736822,8.034817255975213e-06,0.9997990727424622
Testing/pituitary/Te-pi_316.jpg,pituitary,pituitary,True,0.0001508357672719285,5.2230607252568007e-05,1.7721184121910483e-05,0.9997791647911072
Testing/pituitary/Te-pi_327.jpg,pituitary,pituitary,True,3.484409171505831e-05,0.00017554871737957,5.623240213026293e-06,0.9997840523719788
Testing/pituitary/Te-pi_333.jpg,pituitary,pituitary,True,0.01371104083955288,0.03206087648868561,7.4963318184018135e-06,0.9542205333709717
Testing/pituitary/Te-pi_336.jpg,pituitary,pituitary,True,0.0001228389737661928,0.00047029193956404924,1.9209130186936818e-05,0.9993876218795776
Testing/pituitary/Te-pi_338.jpg,pituitary,pituitary,True,0.005375027656555176,0.02697831392288208,2.261022927996237e-06,0.9676443934440613
Testing/pituitary/Te-pi_340.jpg,pituitary,pituitary,True,0.00037389027420431376,0.0009512268588878214,4.487410478759557e-06,0.9986704587936401
Testing/pituitary/Te-pi_354.jpg,pituitary,pituitary,True,0.0029680803418159485,0.0013623760314658284,4.5427218537952285e-06,0.9956650137901306
Testing/pituitary/Te-pi_356.jpg,pituitary,pituitary,True,0.011091011576354504,0.003584215883165598,1.1611346053541638e-05,0.9853131175041199
Testing/pituitary/Te-pi_358.jpg,pituitary,pituitary,True,0.0009776634396985173,0.0007067472324706614,1.5047552551550325e-05,0.9983006119728088
Testing/pituitary/Te-pi_359.jpg,pituitary,pituitary,True,2.6483025067136623e-05,0.00021759334777016193,8.015073944989126e-06,0.9997479319572449
Testing/pituitary/Te-pi_365.jpg,pituitary,pituitary,True,0.00022901811462361366,2.2101414288044907e-05,0.000133377339807339,0.9996154308319092
Testing/pituitary/Te-pi_374.jpg,pituitary,pituitary,True,0.0035372732672840357,0.004754296503961086,2.6731274829217e-06,0.9917057752609253
Testing/pituitary/Te-pi_379.jpg,pituitary,glioma,False,0.7278727889060974,0.004992744419723749,0.0010594561463221908,0.2660749554634094
Testing/pituitary/Te-pi_384.jpg,pituitary,pituitary,True,0.018575655296444893,0.0004819168825633824,5.798592610517517e-05,0.9808844327926636
Testing/pituitary/Te-pi_394.jpg,pituitary,pituitary,True,8.134890231303871e-05,0.000488695630338043,3.8410944398492575e-06,0.9994261264801025
Testing/pituitary/Te-pi_45.jpg,pituitary,pituitary,True,0.00022244294814299792,0.001034551882185042,1.93018445315829e-06,0.998741090297699
Testing/pituitary/Te-pi_52.jpg,pituitary,pituitary,True,0.00010843334894161671,0.0003543428611010313,1.1487405572552234e-05,0.999525785446167
Testing/pituitary/Te-pi_57.jpg,pituitary,pituitary,True,0.0002270494296681136,0.0002164319303119555,2.1951373128104024e-05,0.9995346069335938
Testing/pituitary/Te-pi_58.jpg,pituitary,pituitary,True,0.00121074088383466,0.0024447657633572817,1.330184477410512e-05,0.9963311553001404
Testing/pituitary/Te-pi_6.jpg,pituitary,pituitary,True,0.00023177791445050389,2.7457990654511377e-05,0.00010117885540239513,0.999639630317688
Testing/pituitary/Te-pi_61.jpg,pituitary,pituitary,True,0.015451298095285892,0.006322438828647137,1.0758456483017653e-05,0.9782155156135559
Testing/pituitary/Te-pi_65.jpg,pituitary,pituitary,True,0.0004348790389485657,0.00014299163012765348,4.5028311433270574e-05,0.9993770718574524
Testing/pituitary/Te-pi_7.jpg,pituitary,pituitary,True,0.0009762088302522898,0.000989787164144218,5.019760919822147e-06,0.9980289340019226
Testing/pituitary/Te-pi_70.jpg,pituitary,pituitary,True,8.02694630692713e-05,9.984077041735873e-05,0.0032557130325585604,0.9965642094612122
Testing/pituitary/Te-pi_80.jpg,pituitary,pituitary,True,0.012308269739151001,0.04773547127842903,2.920506176451454e-06,0.9399533271789551
Testing/pituitary/Te-pi_82.jpg,pituitary,pituitary,True,3.1048490200191736e-05,0.0008982992731034756,1.3606901120510884e-05,0.9990569949150085
Testing/pituitary/Te-pi_9.jpg,pituitary,pituitary,True,5.3758107242174447e-05,0.0006098991725593805,6.074005796108395e-06,0.9993302822113037
Testing/pituitary/Te-pi_91.jpg,pituitary,pituitary,True,0.0006411814247258008,6.92939356667921e-05,1.6845058780745603e-05,0.9992726445198059
Testing/pituitary/Te-pi_93.jpg,pituitary,pituitary,True,0.0002284562069689855,0.0008019731612876058,2.4954231776064262e-05,0.9989445805549622
Training/glioma/Tr-gl_1.jpg,glioma,glioma,True,0.9972924590110779,0.0020865516271442175,1.1798514606198296e-05,0.0006091789691708982
Training/glioma/Tr-gl_1003.jpg,glioma,glioma,True,0.9773480892181396,0.02168581262230873,7.427765376633033e-05,0.0008917302475310862
Training/glioma/Tr-gl_1015.jpg,glioma,glioma,True,0.9989086389541626,0.0005345336976461112,2.1475923858815804e-05,0.0005354311433620751
Training/glioma/Tr-gl_1018.jpg,glioma,glioma,True,0.996204674243927,0.003585230326279998,8.607264135207515e-06,0.00020148330077063292
Training/glioma/Tr-gl_1023.jpg,glioma,glioma,True,0.9931459426879883,0.001867282553575933,2.5336776161566377e-05,0.004961436148732901
Training/glioma/Tr-gl_1035.jpg,glioma,glioma,True,0.9962167143821716,0.0035688597708940506,3.492849282338284e-05,0.00017961181583814323
Training/glioma/Tr-gl_1037.jpg,glioma,glioma,True,0.9990034699440002,0.0008130201604217291,2.148886414943263e-05,0.0001621397095732391
Training/glioma/Tr-gl_1051.jpg,glioma,glioma,True,0.9791962504386902,0.020473916083574295,8.216852620535064e-06,0.0003215587930753827
Training/glioma/Tr-gl_1059.jpg,glioma,glioma,True,0.7819382548332214,0.21720543503761292,3.1268562452169135e-05,0.0008250052924267948
Training/glioma/Tr-gl_1069.jpg,glioma,glioma,True,0.9975594282150269,0.0021628313697874546,1.7981916244025342e-05,0.0002597101265564561
Training/glioma/Tr-gl_107.jpg,glioma,glioma,True,0.9984311461448669,0.0014260528841987252,1.418741976522142e-05,0.0001286920451093465
Training/glioma/Tr-gl_1070.jpg,glioma,glioma,True,0.9980747699737549,0.0018200358608737588,2.2973039449425414e-05,8.224262273870409e-05
Training/glioma/Tr-gl_1071.jpg,glioma,glioma,True,0.998931348323822,0.0009445243631489575,3.55468291672878e-05,8.84463224792853e-05
Training/glioma/Tr-gl_1078.jpg,glioma,glioma,True,0.9970878958702087,0.0016193148912861943,9.013995440909639e-05,0.0012027937918901443
Training/glioma/Tr-gl_1081.jpg,glioma,glioma,True,0.9894912242889404,0.01013508066534996,1.0496351933397818e-05,0.0003631346335168928
Training/glioma/Tr-gl_1088.jpg,glioma,glioma,True,0.9801970720291138,0.009552284143865108,0.0001449701376259327,0.010105661116540432
Training/glioma/Tr-gl_109.jpg,glioma,glioma,True,0.9980155229568481,0.0017825498944148421,0.00011443012044765055,8.74086472322233e-05
Training/glioma/Tr-gl_1092.jpg,glioma,glioma,True,0.998101532459259,0.0016498833429068327,0.00014059922250453383,0.00010792008833959699
Training/glioma/Tr-gl_1095.jpg,glioma,glioma,True,0.9818335175514221,0.018017038702964783,1.4876588465995155e-05,0.00013460370246320963
Training/glioma/Tr-gl_11.jpg,glioma,glioma,True,0.70726078748703,0.29260873794555664,3.031930282304529e-05,0.00010017519525717944
Training/glioma/Tr-gl_110.jpg,glioma,glioma,True,0.9990993738174438,0.0007956206682138145,3.071470928261988e-05,7.433907012455165e-05
Training/glioma/Tr-gl_1104.jpg,glioma,glioma,True,0.9986039996147156,0.0010464690858498216,4.2800744267879054e-05,0.0003067005891352892
Training/glioma/Tr-gl_1109.jpg,glioma,glioma,True,0.9969106316566467,0.0024442800786346197,8.049037205637433e-06,0.0006369930924847722
Training/glioma/Tr-gl_1110.jpg,glioma,glioma,True,0.9972807168960571,0.002569891046732664,3.100603134953417e-05,0.00011827626440208405
Training/glioma/Tr-gl_1114.jpg,glioma,glioma,True,0.9250597357749939,0.07482130080461502,2.228428638773039e-05,9.676077024778351e-05
Training/glioma/Tr-gl_1117.jpg,glioma,pituitary,False,0.022819191217422485,0.09536176919937134,6.48518034722656e-05,0.8817541599273682
Training/glioma/Tr-gl_1118.jpg,glioma,glioma,True,0.9975556135177612,0.0017783638322725892,2.6029789296444505e-05,0.0006398999830707908
Training/glioma/Tr-gl_1120.jpg,glioma,glioma,True,0.931042492389679,0.06757158041000366,5.721442721551284e-05,0.0013287232723087072
Training/glioma/Tr-gl_113.jpg,glioma,glioma,True,0.993202269077301,0.006273930426687002,1.1111604180769064e-05,0.0005126706091687083
Training/glioma/Tr-gl_1136.jpg,glioma,glioma,True,0.9723958373069763,0.02275700494647026,4.244409137754701e-05,0.00480471458286047
Training/glioma/Tr-gl_1139.jpg,glioma,glioma,True,0.9252864122390747,0.007840516045689583,1.7391599612892605e-05,0.0668555349111557
Training/glioma/Tr-gl_1147.jpg,glioma,glioma,True,0.9689671993255615,0.030922621488571167,1.3872183444618713e-05,9.629836858948693e-05
Training/glioma/Tr-gl_1155.jpg,glioma,glioma,True,0.9947104454040527,0.0007829854730516672,2.0469926312216558e-05,0.004486057907342911
Training/glioma/Tr-gl_1156.jpg,glioma,glioma,True,0.9982105493545532,0.0013414364075288177,8.219124720199034e-05,0.00036584908957593143
Training/glioma/Tr-gl_1159.jpg,glioma,glioma,True,0.787519633769989,0.21221449971199036,0.0002002590335905552,6.565454532392323e-05
Training/glioma/Tr-gl_1161.jpg,glioma,glioma,True,0.9243633151054382,0.07475203275680542,1.1227205504837912e-05,0.0008733489667065442
Training/glioma/Tr-gl_1163.jpg,glioma,glioma,True,0.9869443774223328,0.00901734922081232,6.581752586498624e-06,0.00403165677562356
Training/glioma/Tr-gl_1170.jpg,glioma,glioma,True,0.9823603630065918,0.01744718663394451,9.200164640787989e-06,0.00018316465138923377
Training/glioma/Tr-gl_1172.jpg,glioma,glioma,True,0.9858556389808655,0.013879714533686638,1.9141833035973832e-05,0.00024555722484365106
Training/glioma/Tr-gl_1179.jpg,glioma,glioma,True,0.9978072047233582,0.0021049543283879757,2.2941225324757397e-05,6.4907617343124e-05
Training/glioma/Tr-gl_1185.jpg,glioma,glioma,True,0.9985575079917908,0.0012144437059760094,1.7212805687449872e-05,0.00021080010628793389
Training/glioma/Tr-gl_119.jpg,glioma,glioma,True,0.9835057854652405,0.016387205570936203,8.967090980149806e-05,1.734269790176768e-05
Training/glioma/Tr-gl_1214.jpg,glioma,glioma,True,0.9007946848869324,0.0988132581114769,1.6710575437173247e-05,0.0003753414493985474
Training/glioma/Tr-gl_122.jpg,glioma,glioma,True,0.8488163948059082,0.1282215416431427,1.1842843377962708e-05,0.02295020967721939
Training/glioma/Tr-gl_1220.jpg,glioma,glioma,True,0.9969151020050049,0.002934196963906288,1.823231104935985e-05,0.0001325100747635588
Training/glioma/Tr-gl_1227.jpg,glioma,glioma,True,0.7852302193641663,0.2145817130804062,0.0001605216966709122,2.7551343009690754e-05
Training/glioma/Tr-gl_1233.jpg,glioma,glioma,True,0.9969066977500916,0.0015303652035072446,0.0006242576637305319,0.000938677228987217
Training/glioma/Tr-gl_1241.jpg,glioma,meningioma,False,0.13376107811927795,0.8661283254623413,2.4278508135466836e-05,8.63169552758336e-05
Training/glioma/Tr-gl_1245.jpg,glioma,glioma,True,0.9978958368301392,0.0019906600937247276,2.935333213827107e-05,8.412481111008674e-05
Training/glioma/Tr-gl_1247.jpg,glioma,glioma,True,0.9989297986030579,0.0007807544898241758,5.625236371997744e-05,0.00023332641285378486
Training/glioma/Tr-gl_1257.jpg,glioma,glioma,True,0.9955266118049622,0.003933544270694256,8.871024874679279e-06,0.0005309443804435432
Training/glioma/Tr-gl_1268.jpg,glioma,glioma,True,0.9931556582450867,0.006295430939644575,0.0001334666449110955,0.00041544318082742393
Training/glioma/Tr-gl_1269.jpg,glioma,glioma,True,0.9499997496604919,0.04426850005984306,0.0056028845719993114,0.00012889165373053402
Training/glioma/Tr-gl_1274.jpg,glioma,glioma,True,0.8928307890892029,0.10675723850727081,0.0003927110228687525,1.9204249838367105e-05
Training/glioma/Tr-gl_1279.jpg,glioma,glioma,True,0.8968122005462646,0.10095460712909698,7.830982212908566e-06,0.002225373173132539
Training/glioma/Tr-gl_128.jpg,glioma,glioma,True,0.9984544515609741,0.001368743716739118,2.4200046027544886e-05,0.0001525859406683594
Training/glioma/Tr-gl_1287.jpg,glioma,glioma,True,0.9982376098632812,0.001611072919331491,1.868726576503832e-05,0.00013256141392048448
Training/glioma/Tr-gl_1299.jpg,glioma,glioma,True,0.9957252740859985,0.0006881966255605221,1.8240152712678537e-05,0.0035682646557688713
Training/glioma/Tr-gl_1305.jpg,glioma,glioma,True,0.988921046257019,0.010122480802237988,2.584482353995554e-05,0.0009305903222411871
Training/glioma/Tr-gl_1307.jpg,glioma,glioma,True,0.9989294409751892,0.0005945836310274899,5.433804471977055e-05,0.0004216219240333885
Training/glioma/Tr-gl_1317.jpg,glioma,glioma,True,0.9973896145820618,0.001593371736817062,0.0009400409762747586,7.704671588726342e-05
Training/glioma/Tr-gl_1321.jpg,glioma,meningioma,False,0.06253810226917267,0.9373186230659485,8.03904276835965e-06,0.00013522509834729135
Training/glioma/Tr-gl_1324.jpg,glioma,glioma,True,0.9822316765785217,0.017313700169324875,1.1613821698119864e-05,0.00044305971823632717
Training/glioma/Tr-gl_134.jpg,glioma,meningioma,False,0.27118435502052307,0.7034432888031006,0.0011802841909229755,0.024191992357373238
Training/glioma/Tr-gl_1345.jpg,glioma,glioma,True,0.9747492074966431,0.022408543154597282,7.359900791925611e-06,0.002834965940564871
Training/glioma/Tr-gl_1347.jpg,glioma,glioma,True,0.9979166388511658,0.001645502750761807,8.776595677773003e-06,0.00042914022924378514
Training/glioma/Tr-gl_135.jpg,glioma,glioma,True,0.9980025887489319,0.0018925651675090194,3.4049491659970954e-05,7.083905802574009e-05
Training/glioma/Tr-gl_1350.jpg,glioma,glioma,True,0.9952327609062195,0.004219473339617252,8.3313396316953e-05,0.000464442913653329
Training/glioma/Tr-gl_1351.jpg,glioma,glioma,True,0.9411837458610535,0.05808773264288902,0.0007066225516609848,2.1910958821536042e-05
Training/glioma/Tr-gl_1354.jpg,glioma,glioma,True,0.9391495585441589,0.058913782238960266,1.1593049748626072e-05,0.0019249074393883348
Training/glioma/Tr-gl_1356.jpg,glioma,meningioma,False,0.01309676468372345,0.9846879839897156,1.3723953316002735e-06,0.00221388041973114
Training/glioma/Tr-gl_1362.jpg,glioma,glioma,True,0.9796578288078308,0.003800812177360058,0.00012198981130495667,0.016419343650341034
Training/glioma/Tr-gl_1364.jpg,glioma,glioma,True,0.9936476349830627,0.00625601876527071,3.7810186768183485e-05,5.854078699485399e-05
Training/glioma/Tr-gl_1366.jpg,glioma,glioma,True,0.9988710284233093,0.0007118165958672762,0.0003692620375659317,4.792155232280493e-05
Training/glioma/Tr-gl_1368.jpg,glioma,glioma,True,0.9724880456924438,0.027439264580607414,3.117264714092016e-05,4.154567432124168e-05
Training/glioma/Tr-gl_1369.jpg,glioma,meningioma,False,0.05869956687092781,0.9287683367729187,0.00021968736837152392,0.01231242623180151
Training/glioma/Tr-gl_1371.jpg,glioma,glioma,True,0.6510589122772217,0.3440295159816742,5.366010736906901e-05,0.004858001135289669
Training/glioma/Tr-gl_1379.jpg,glioma,glioma,True,0.9668097496032715,0.032938603311777115,4.672742943512276e-05,0.00020493610645644367
Training/glioma/Tr-gl_1384.jpg,glioma,glioma,True,0.9912727475166321,0.008197837509214878,6.2203903326008e-06,0.0005230870447121561
Training/glioma/Tr-gl_139.jpg,glioma,glioma,True,0.9957141280174255,0.004129704553633928,8.60865184222348e-05,6.99794982210733e-05
Training/glioma/Tr-gl_140.jpg,glioma,glioma,True,0.9980871677398682,0.0015685613034293056,1.0137683602806646e-05,0.0003342151176184416
Training/glioma/Tr-gl_142.jpg,glioma,glioma,True,0.9037496447563171,0.0875442698597908,1.1726307093340438e-05,0.008694383315742016
Training/glioma/Tr-gl_153.jpg,glioma,glioma,True,0.9975765347480774,0.0005601930315606296,0.0017260435270145535,0.00013725535245612264
Training/glioma/Tr-gl_157.jpg,glioma,glioma,True,0.996921718120575,0.001413954421877861,3.7514237192226574e-05,0.001626688172109425
Training/glioma/Tr-gl_160.jpg,glioma,glioma,True,0.9364434480667114,0.06340254843235016,1.0831892723217607e-05,0.00014317577006295323
Training/glioma/Tr-gl_162.jpg,glioma,glioma,True,0.49756377935409546,0.3653496503829956,3.9634902350371704e-05,0.1370469629764557
Training/glioma/Tr-gl_169.jpg,glioma,glioma,True,0.9979825019836426,0.0017858369974419475,5.1004724809899926e-05,0.00018064750474877656
Training/glioma/Tr-gl_176.jpg,glioma,glioma,True,0.9584729671478271,0.0364191010594368,0.004155308473855257,0.0009527146467007697
Training/glioma/Tr-gl_185.jpg,glioma,glioma,True,0.99703049659729,0.0028627170249819756,4.508821075432934e-05,6.170208507683128e-05
Training/glioma/Tr-gl_204.jpg,glioma,glioma,True,0.988344669342041,0.01097086165100336,5.7969940826296806e-05,0.0006264704279601574
Training/glioma/Tr-gl_213.jpg,glioma,glioma,True,0.9935965538024902,0.0058976816944777966,2.4174159989343025e-05,0.0004815794818568975
Training/glioma/Tr-gl_226.jpg,glioma,glioma,True,0.9667698740959167,0.029642390087246895,9.805991794564761e-06,0.0035780277103185654
Training/glioma/Tr-gl_228.jpg,glioma,glioma,True,0.9975435137748718,0.0022687921300530434,3.684144758153707e-05,0.0001507691340520978
Training/glioma/Tr-gl_243.jpg,glioma,meningioma,False,0.07695198804140091,0.9228547811508179,0.00016023730859160423,3.284758349764161e-05
Training/glioma/Tr-gl_254.jpg,glioma,glioma,True,0.9959999322891235,0.0034584319218993187,0.0001786791399354115,0.00036290884600020945
Training/glioma/Tr-gl_255.jpg,glioma,glioma,True,0.9829484820365906,0.01684720441699028,1.2503413927333895e-05,0.00019183478434570134
Training/glioma/Tr-gl_26.jpg,glioma,glioma,True,0.9883127808570862,0.011606431566178799,4.6185330575099215e-05,3.466859561740421e-05
Training/glioma/Tr-gl_262.jpg,glioma,glioma,True,0.9601127505302429,0.023941827937960625,3.079628004343249e-05,0.015914643183350563
Training/glioma/Tr-gl_266.jpg,glioma,glioma,True,0.9982252717018127,0.0006105453940108418,3.031912274309434e-05,0.0011337519390508533
Training/glioma/Tr-gl_267.jpg,glioma,glioma,True,0.9982526898384094,0.0015434594824910164,9.845734894042835e-05,0.00010547771671554074
Training/glioma/Tr-gl_277.jpg,glioma,glioma,True,0.993486225605011,0.00434241583570838,1.1354361049598083e-05,0.0021599759347736835
Training/glioma/Tr-gl_279.jpg,glioma,glioma,True,0.9991894364356995,0.0006577816675417125,6.808409671066329e-05,8.468154555885121e-05
Training/glioma/Tr-gl_284.jpg,glioma,glioma,True,0.9901740550994873,0.0059890164993703365,0.0038138183299452066,2.3160737327998504e-05
Training/glioma/Tr-gl_295.jpg,glioma,glioma,True,0.8583566546440125,0.1413957178592682,5.498245809576474e-05,0.00019270303891971707
Training/glioma/Tr-gl_296.jpg,glioma,glioma,True,0.6190958619117737,0.3806188702583313,2.8053082132828422e-05,0.00025722134159877896
Training/glioma/Tr-gl_308.jpg,glioma,glioma,True,0.8741156458854675,0.12569519877433777,5.353352753445506e-05,0.00013551792653743178
Training/glioma/Tr-gl_311.jpg,glioma,glioma,True,0.9917140603065491,0.008190595544874668,2.535947714932263e-05,6.99003430781886e-05
Training/glioma/Tr-gl_317.jpg,glioma,glioma,True,0.998496413230896,0.0010765109909698367,1.2596928172570188e-05,0.00041442408110015094
Training/glioma/Tr-gl_320.jpg,glioma,glioma,True,0.9972478747367859,0.0014527466846629977,2.7540392693481408e-05,0.0012717685895040631
Training/glioma/Tr-gl_323.jpg,glioma,glioma,True,0.9962081909179688,0.0019007752416655421,1.476762645324925e-05,0.0018763011321425438
Training/glioma/Tr-gl_325.jpg,glioma,glioma,True,0.9341534972190857,0.06568580120801926,1.2624439477804117e-05,0.00014812462904956192
Training/glioma/Tr-gl_326.jpg,glioma,glioma,True,0.9988781809806824,0.0009915509726852179,4.9931117246160284e-05,8.038758824113756e-05
Training/glioma/Tr-gl_33.jpg,glioma,glioma,True,0.8647961020469666,0.1344417929649353,1.5017098121461459e-05,0.0007470084819942713
Training/glioma/Tr-gl_331.jpg,glioma,meningioma,False,0.03525906428694725,0.9564767479896545,3.1298182875616476e-05,0.00823294185101986
Training/glioma/Tr-gl_334.jpg,glioma,glioma,True,0.9969444870948792,0.0029150659684091806,1.216897726408206e-05,0.00012839776172768325
Training/glioma/Tr-gl_347.jpg,glioma,glioma,True,0.9556553363800049,0.043741438537836075,0.00021656508033629507,0.0003866762563120574
Training/glioma/Tr-gl_356.jpg,glioma,glioma,True,0.9989312291145325,0.000817077758256346,0.0002057915407931432,4.59500151919201e-05
Training/glioma/Tr-gl_358.jpg,glioma,meningioma,False,0.46614310145378113,0.5332059860229492,1.0520234354771674e-05,0.0006404099985957146
Training/glioma/Tr-gl_375.jpg,glioma,glioma,True,0.7773218750953674,0.22253373265266418,4.2948424379574135e-05,0.00010154463234357536
Training/glioma/Tr-gl_377.jpg,glioma,glioma,True,0.9641705751419067,0.03437042236328125,0.000678090495057404,0.0007808503578417003
Training/glioma/Tr-gl_379.jpg,glioma,glioma,True,0.9960195422172546,0.002803168958052993,9.633274203224573e-06,0.0011676818830892444
Training/glioma/Tr-gl_383.jpg,glioma,glioma,True,0.9970566034317017,0.0028119394555687904,1.6592477550148033e-05,0.00011476115469122306
Training/glioma/Tr-gl_385.jpg,glioma,glioma,True,0.9910836219787598,0.0015785086434334517,0.00027892651269212365,0.007058945018798113
Training/glioma/Tr-gl_390.jpg,glioma,glioma,True,0.9967400431632996,0.0031604229006916285,1.7757010937202722e-05,8.192050154320896e-05
Training/glioma/Tr-gl_399.jpg,glioma,glioma,True,0.9841986894607544,0.014922321774065495,6.6580264501681086e-06,0.0008723300416022539
Training/glioma/Tr-gl_409.jpg,glioma,glioma,True,0.997418999671936,0.0023731468245387077,1.8366548829362728e-05,0.00018947100033983588
Training/glioma/Tr-gl_41.jpg,glioma,glioma,True,0.992661714553833,0.0042342618107795715,7.518718120991252e-06,0.0030964077450335026
Training/glioma/Tr-gl_411.jpg,glioma,glioma,True,0.9976319074630737,0.002290271455422044,2.046834742941428e-05,5.7331420975970104e-05
Training/glioma/Tr-gl_424.jpg,glioma,glioma,True,0.9986379742622375,0.0010256401728838682,1.3504708476830274e-05,0.0003229578142054379
Training/glioma/Tr-gl_433.jpg,glioma,meningioma,False,0.08459656685590744,0.9127704501152039,1.4193089555192273e-05,0.00261888699606061
Training/glioma/Tr-gl_445.jpg,glioma,glioma,True,0.9769200086593628,0.020131507888436317,6.220654540811665e-06,0.0029423132073134184
Training/glioma/Tr-gl_447.jpg,glioma,glioma,True,0.9958785772323608,0.003943412099033594,1.8495569747756235e-05,0.00015945782070048153
Training/glioma/Tr-gl_451.jpg,glioma,glioma,True,0.994544506072998,0.004217041656374931,6.478676368715242e-05,0.0011737605091184378
Training/glioma/Tr-gl_474.jpg,glioma,glioma,True,0.9983479976654053,0.00134267657995224,0.0002807708806358278,2.8515063604572788e-05
Training/glioma/Tr-gl_478.jpg,glioma,glioma,True,0.9967777132987976,0.0030170604586601257,6.420905265258625e-05,0.000141068288940005
Training/glioma/Tr-gl_479.jpg,glioma,glioma,True,0.9936901330947876,0.0033684198278933764,1.2652641999011394e-05,0.00292873103171587
Training/glioma/Tr-gl_48.jpg,glioma,glioma,True,0.9991629123687744,0.0006541627808474004,1.3329083230928518e-05,0.00016956131730694324
Training/glioma/Tr-gl_488.jpg,glioma,glioma,True,0.9979056119918823,0.001815066672861576,2.4267910703201778e-05,0.00025509935221634805
Training/glioma/Tr-gl_489.jpg,glioma,glioma,True,0.9967652559280396,0.00308034336194396,7.197583181550726e-05,8.231146784964949e-05
Training/glioma/Tr-gl_491.jpg,glioma,glioma,True,0.9952266216278076,0.004665086977183819,1.6691059499862604e-05,9.153778228210285e-05
Training/glioma/Tr-gl_493.jpg,glioma,glioma,True,0.998915433883667,0.000917942204978317,1.686269388301298e-05,0.0001496840559411794
Training/glioma/Tr-gl_504.jpg,glioma,glioma,True,0.871498703956604,0.1273212730884552,0.001147965551353991,3.213603486074135e-05
Training/glioma/Tr-gl_507.jpg,glioma,glioma,True,0.959307074546814,0.0402204766869545,0.0003784673463087529,9.399980626767501e-05
Training/glioma/Tr-gl_508.jpg,glioma,glioma,True,0.9948084950447083,0.001983327092602849,0.00012199764751130715,0.0030862283892929554
Training/glioma/Tr-gl_516.jpg,glioma,glioma,True,0.9876968264579773,0.011962990276515484,0.00019635408534668386,0.00014376659237314016
Training/glioma/Tr-gl_517.jpg,glioma,glioma,True,0.9939907789230347,0.0021485292818397284,4.5801491069141775e-05,0.003814909840002656
Training/glioma/Tr-gl_519.jpg,glioma,glioma,True,0.996024489402771,0.003684169612824917,9.317695912613999e-06,0.0002821139059960842
Training/glioma/Tr-gl_52.jpg,glioma,glioma,True,0.9988837838172913,0.0008736018207855523,3.898054637829773e-05,0.00020377011969685555
Training/glioma/Tr-gl_525.jpg,glioma,glioma,True,0.9981586337089539,0.001610997598618269,1.5027043446025345e-05,0.0002154219982912764
Training/glioma/Tr-gl_53.jpg,glioma,glioma,True,0.9952642917633057,0.0036741571966558695,1.3822441360389348e-05,0.0010476675815880299
Training/glioma/Tr-gl_530.jpg,glioma,glioma,True,0.7853474020957947,0.20901013910770416,5.000528472010046e-05,0.005592486821115017
Training/glioma/Tr-gl_531.jpg,glioma,glioma,True,0.9990849494934082,0.0007059385534375906,3.288084189989604e-05,0.00017632279195822775
Training/glioma/Tr-gl_538.jpg,glioma,glioma,True,0.9979239702224731,0.0019520968198776245,1.5196443200693466e-05,0.00010875856969505548
Training/glioma/Tr-gl_542.jpg,glioma,glioma,True,0.9838759303092957,0.010968060232698917,8.319867447426077e-06,0.005147574935108423
Training/glioma/Tr-gl_546.jpg,glioma,glioma,True,0.8526546359062195,0.02007528580725193,1.1650199667201377e-05,0.12725840508937836
Training/glioma/Tr-gl_557.jpg,glioma,glioma,True,0.9984278678894043,0.001360293128527701,3.226923945476301e-05,0.0001796352444216609
Training/glioma/Tr-gl_565.jpg,glioma,glioma,True,0.9972272515296936,0.0026113800704479218,9.36763080972014e-06,0.00015190143312793225
Training/glioma/Tr-gl_586.jpg,glioma,glioma,True,0.9686287641525269,0.030745329335331917,0.00018738911603577435,0.0004384308122098446
Training/glioma/Tr-gl_587.jpg,glioma,glioma,True,0.6934882998466492,0.3063356876373291,1.8900276700151153e-05,0.00015704882389400154
Training/glioma/Tr-gl_590.jpg,glioma,glioma,True,0.9821307063102722,0.017296869307756424,5.658485406456748e-06,0.0005667456425726414
Training/glioma/Tr-gl_600.jpg,glioma,glioma,True,0.9855247139930725,0.0116124227643013,4.5867682274547406e-06,0.0028582962695509195
Training/glioma/Tr-gl_612.jpg,glioma,glioma,True,0.9988580942153931,0.0009464806644245982,6.753399065928534e-05,0.00012791021435987204
Training/glioma/Tr-gl_625.jpg,glioma,glioma,True,0.9974383115768433,0.0017806467367336154,1.5712203094153665e-05,0.0007652884814888239
Training/glioma/Tr-gl_627.jpg,glioma,glioma,True,0.9898862838745117,0.008225069381296635,8.463238918920979e-05,0.0018039894057437778
Training/glioma/Tr-gl_638.jpg,glioma,glioma,True,0.9986369013786316,0.0008264222997240722,3.353922875248827e-05,0.000503063783980906
Training/glioma/Tr-gl_643.jpg,glioma,glioma,True,0.8923977017402649,0.10704218596220016,0.0005231351242400706,3.692838436109014e-05
Training/glioma/Tr-gl_648.jpg,glioma,glioma,True,0.9979907274246216,0.001136793871410191,2.6384968805359676e-05,0.000846164533868432
Training/glioma/Tr-gl_65.jpg,glioma,glioma,True,0.9807900190353394,0.0035089238081127405,0.015556165017187595,0.00014485475549008697
Training/glioma/Tr-gl_650.jpg,glioma,glioma,True,0.9044464826583862,0.09280115365982056,0.002557446714490652,0.00019492977298796177
Training/glioma/Tr-gl_651.jpg,glioma,glioma,True,0.9977860450744629,0.0019801573362201452,3.742553963093087e-05,0.00019626173889264464
Training/glioma/Tr-gl_652.jpg,glioma,glioma,True,0.9986974596977234,0.0009602991049177945,0.0003055357956327498,3.675498373922892e-05
Training/glioma/Tr-gl_664.jpg,glioma,glioma,True,0.9980699419975281,0.0017263027839362621,1.3621969628729858e-05,0.000190216742339544
Training/glioma/Tr-gl_692.jpg,glioma,glioma,True,0.9972773194313049,0.0025137781631201506,7.475022357539274e-06,0.0002013690973399207
Training/glioma/Tr-gl_699.jpg,glioma,glioma,True,0.9947057366371155,0.005225140135735273,3.2512147299712524e-05,3.6672969145001844e-05
Training/glioma/Tr-gl_70.jpg,glioma,glioma,True,0.9983127117156982,0.0013583538820967078,2.169963227061089e-05,0.00030733656603842974
Training/glioma/Tr-gl_701.jpg,glioma,glioma,True,0.998272180557251,0.001065239543095231,2.5506591555313207e-05,0.0006371906492859125
Training/glioma/Tr-gl_703.jpg,glioma,glioma,True,0.9931608438491821,0.006061339285224676,3.067421857849695e-05,0.0007471821154467762
Training/glioma/Tr-gl_710.jpg,glioma,glioma,True,0.994998574256897,0.0019681393168866634,1.744953988236375e-05,0.003015811089426279
Training/glioma/Tr-gl_72.jpg,glioma,glioma,True,0.9388082027435303,0.05900079384446144,8.054421414271928e-06,0.002183062955737114
Training/glioma/Tr-gl_74.jpg,glioma,glioma,True,0.9299896359443665,0.0692388117313385,0.00024356863286811858,0.0005278782919049263
Training/glioma/Tr-gl_745.jpg,glioma,glioma,True,0.9982041120529175,0.001691643730737269,1.9999713913421147e-05,8.421398524660617e-05
Training/glioma/Tr-gl_760.jpg,glioma,meningioma,False,0.4069071114063263,0.4993470013141632,0.048199914395809174,0.0455460324883461
Training/glioma/Tr-gl_764.jpg,glioma,meningioma,False,0.4556916356086731,0.4839664697647095,1.4768646906304639e-05,0.06032710149884224
Training/glioma/Tr-gl_779.jpg,glioma,glioma,True,0.9873712062835693,0.012353102676570415,1.2457346201699693e-05,0.00026316390722058713
Training/glioma/Tr-gl_788.jpg,glioma,glioma,True,0.9982700347900391,0.0016414305428043008,5.1619692385429516e-05,3.6861703847534955e-05
Training/glioma/Tr-gl_798.jpg,glioma,glioma,True,0.9925341606140137,0.0010206071892753243,2.108421722368803e-05,0.006424123886972666
Training/glioma/Tr-gl_803.jpg,glioma,glioma,True,0.9925238490104675,0.007033682428300381,1.7415952243027277e-05,0.00042517416295595467
Training/glioma/Tr-gl_811.jpg,glioma,glioma,True,0.9961423277854919,0.0017763550858944654,0.00012980886094737798,0.0019515369785949588
Training/glioma/Tr-gl_822.jpg,glioma,meningioma,False,0.09850630909204483,0.6705609560012817,0.00025611446471884847,0.23067663609981537
Training/glioma/Tr-gl_849.jpg,glioma,meningioma,False,0.4621029198169708,0.529565691947937,8.915674698073417e-06,0.008322506211698055
Training/glioma/Tr-gl_854.jpg,glioma,glioma,True,0.9991458654403687,0.0007010122644715011,1.990768578252755e-05,0.00013310913345776498
Training/glioma/Tr-gl_858.jpg,glioma,glioma,True,0.99184250831604,0.00800137035548687,1.676306055742316e-05,0.0001394364080624655
Training/glioma/Tr-gl_870.jpg,glioma,glioma,True,0.9917069673538208,0.007708123419433832,7.429900142597035e-05,0.0005107480101287365
Training/glioma/Tr-gl_880.jpg,glioma,glioma,True,0.6434473395347595,0.3534371554851532,2.6904494006885216e-05,0.003088607219979167
Training/glioma/Tr-gl_888.jpg,glioma,glioma,True,0.9983964562416077,0.0013148220023140311,9.971483450499363e-06,0.0002787836128845811
Training/glioma/Tr-gl_896.jpg,glioma,glioma,True,0.9167368412017822,0.08273208886384964,0.00010061472130473703,0.00043036977876909077
Training/glioma/Tr-gl_898.jpg,glioma,glioma,True,0.9943311214447021,0.0055766599252820015,1.5516943676630035e-05,7.664404984097928e-05
Training/glioma/Tr-gl_904.jpg,glioma,glioma,True,0.9978112578392029,0.0017406807746738195,1.561019234941341e-05,0.00043252346222288907
Training/glioma/Tr-gl_911.jpg,glioma,glioma,True,0.9924919009208679,0.005645168479532003,1.0977498277497943e-05,0.0018519770819693804
Training/glioma/Tr-gl_914.jpg,glioma,glioma,True,0.9959828853607178,0.003925275523215532,3.966993244830519e-05,5.22032605658751e-05
Training/glioma/Tr-gl_924.jpg,glioma,glioma,True,0.9972323775291443,0.002520884620025754,8.109775808406994e-05,0.00016574389883317053
Training/glioma/Tr-gl_934.jpg,glioma,glioma,True,0.9959840774536133,0.00392873166128993,1.3055897397862282e-05,7.419559551635757e-05
Training/glioma/Tr-gl_935.jpg,glioma,glioma,True,0.9895873069763184,0.010172262787818909,2.7151068934472278e-05,0.00021325382112991065
Training/glioma/Tr-gl_941.jpg,glioma,glioma,True,0.9961649179458618,0.0035411997232586145,5.5973946473386604e-06,0.0002883878769353032
Training/glioma/Tr-gl_942.jpg,glioma,glioma,True,0.9990637898445129,0.0007734517566859722,3.9278442272916436e-05,0.0001235611125594005
Training/glioma/Tr-gl_944.jpg,glioma,glioma,True,0.9922032356262207,0.00735870748758316,0.00042011181358247995,1.7998640032601543e-05
Training/glioma/Tr-gl_954.jpg,glioma,glioma,True,0.9895364046096802,0.010396637953817844,2.1170599211473018e-05,4.57130117865745e-05
Training/glioma/Tr-gl_966.jpg,glioma,glioma,True,0.9966012239456177,0.0031772779766470194,3.27133820974268e-05,0.0001887323014670983
Training/glioma/Tr-gl_971.jpg,glioma,glioma,True,0.9969918727874756,0.001719575491733849,2.810911064443644e-05,0.0012604250805452466
Training/glioma/Tr-gl_972.jpg,glioma,glioma,True,0.9983623623847961,0.001340573187917471,1.9864530258928426e-05,0.00027722420054487884
Training/glioma/Tr-gl_978.jpg,glioma,glioma,True,0.9382582902908325,0.03224020451307297,0.029469069093465805,3.2386767998104915e-05
Training/glioma/Tr-gl_986.jpg,glioma,glioma,True,0.9987223744392395,0.0011445287382230163,3.395882231416181e-05,9.921189484884962e-05
Training/meningioma/Tr-me_1.jpg,meningioma,meningioma,True,0.004748376086354256,0.9934077262878418,1.1959304174524732e-05,0.0018319414230063558
Training/meningioma/Tr-me_100.jpg,meningioma,meningioma,True,0.02536386251449585,0.974595308303833,2.3774560759193264e-05,1.6972046068985946e-05
Training/meningioma/Tr-me_1010.jpg,meningioma,meningioma,True,0.00046654074685648084,0.9994869232177734,9.647184015193488e-06,3.67833417840302e-05
Training/meningioma/Tr-me_1024.jpg,meningioma,meningioma,True,0.0013729354832321405,0.9985780715942383,2.667891976670944e-06,4.637804158846848e-05
Training/meningioma/Tr-me_1028.jpg,meningioma,meningioma,True,0.1796347200870514,0.8200655579566956,5.4055558393883985e-06,0.00029436495970003307
Training/meningioma/Tr-me_1030.jpg,meningioma,meningioma,True,0.004584969021379948,0.8778676986694336,7.458921572833788e-06,0.1175398901104927
Training/meningioma/Tr-me_1034.jpg,meningioma,glioma,False,0.5635021328926086,0.4362999200820923,2.8931288397870958e-05,0.0001689828495727852
Training/meningioma/Tr-me_1035.jpg,meningioma,meningioma,True,0.0033726675901561975,0.9961589574813843,2.532768803575891e-06,0.00046588396071456373
Training/meningioma/Tr-me_1036.jpg,meningioma,meningioma,True,0.0007639179239049554,0.9986218214035034,4.288631316740066e-06,0.0006100140162743628
Training/meningioma/Tr-me_1043.jpg,meningioma,meningioma,True,0.007470166776329279,0.9924746155738831,3.396175816305913e-05,2.1273430320434272e-05
Training/meningioma/Tr-me_105.jpg,meningioma,meningioma,True,0.25834786891937256,0.7182819247245789,8.975569653557613e-05,0.023280518129467964
Training/meningioma/Tr-me_1053.jpg,meningioma,meningioma,True,0.0007007432286627591,0.9992522597312927,4.065901885041967e-05,6.3591028265364e-06
Training/meningioma/Tr-me_1060.jpg,meningioma,meningioma,True,0.28588923811912537,0.7078220844268799,5.382266408560099e-06,0.006283266469836235
Training/meningioma/Tr-me_1063.jpg,meningioma,meningioma,True,0.011634167283773422,0.9882899522781372,8.076565791270696e-06,6.779311661375687e-05
Training/meningioma/Tr-me_1079.jpg,meningioma,meningioma,True,0.0009034171816892922,0.999042809009552,4.421598532644566e-06,4.9329719331581146e-05
Training/meningioma/Tr-me_1095.jpg,meningioma,meningioma,True,0.0399283766746521,0.8570950031280518,2.1094065232318826e-05,0.10295566916465759
Training/meningioma/Tr-me_1097.jpg,meningioma,meningioma,True,0.004479855764657259,0.9954936504364014,7.187060873548035e-06,1.9178914953954518e-05
Training/meningioma/Tr-me_1100.jpg,meningioma,meningioma,True,0.026208197697997093,0.9390640258789062,9.880935249384493e-05,0.03462904319167137
Training/meningioma/Tr-me_1113.jpg,meningioma,meningioma,True,0.28710582852363586,0.7127816081047058,1.9176863133907318e-05,9.331002365797758e-05
Training/meningioma/Tr-me_1117.jpg,meningioma,meningioma,True,0.00040062726475298405,0.9995229244232178,6.516622670460492e-05,1.1369586900400463e-05
Training/meningioma/Tr-me_1128.jpg,meningioma,meningioma,True,0.1438835859298706,0.8498008251190186,0.006288870703428984,2.6694404368754476e-05
Training/meningioma/Tr-me_1130.jpg,meningioma,meningioma,True,0.001058144262060523,0.9988445043563843,1.1239486411795951e-05,8.612612873548642e-05
Training/meningioma/Tr-me_1131.jpg,meningioma,meningioma,True,0.0008617551065981388,0.9991112351417542,4.7641838136769366e-06,2.221457179985009e-05
Training/meningioma/Tr-me_1138.jpg,meningioma,meningioma,True,0.0016259312396869063,0.9983207583427429,3.862260200548917e-05,1.4643906979472376e-05
Training/meningioma/Tr-me_1140.jpg,meningioma,meningioma,True,0.0010051021818071604,0.998965859413147,6.201001269801054e-06,2.2903359422343783e-05
Training/meningioma/Tr-me_1151.jpg,meningioma,meningioma,True,0.0006757531082257628,0.9991486072540283,0.00017045630374923348,5.246383807389066e-06
Training/meningioma/Tr-me_1155.jpg,meningioma,meningioma,True,0.10047275573015213,0.8994159698486328,4.501634248299524e-05,6.623494846280664e-05
Training/meningioma/Tr-me_1157.jpg,meningioma,meningioma,True,0.008530223742127419,0.9900099635124207,0.0014553854707628489,4.354821612650994e-06
Training/meningioma/Tr-me_116.jpg,meningioma,pituitary,False,0.10001000761985779,0.048559192568063736,0.0001283901510760188,0.8513023853302002
Training/meningioma/Tr-me_1167.jpg,meningioma,meningioma,True,0.0005642962059937418,0.9994127750396729,7.505337180191418e-06,1.5526777133345604e-05
Training/meningioma/Tr-me_1169.jpg,meningioma,meningioma,True,0.05305584520101547,0.9468777775764465,4.1476152546238154e-05,2.4952078092610464e-05
Training/meningioma/Tr-me_1171.jpg,meningioma,glioma,False,0.701056957244873,0.2983950674533844,0.0003150144184473902,0.00023292913101613522
Training/meningioma/Tr-me_1177.jpg,meningioma,meningioma,True,0.10368600487709045,0.8715438842773438,2.549793407524703e-06,0.024767443537712097
Training/meningioma/Tr-me_1181.jpg,meningioma,glioma,False,0.7657345533370972,0.22634583711624146,1.667339529376477e-05,0.007902939803898335
Training/meningioma/Tr-me_1186.jpg,meningioma,meningioma,True,0.0046992250718176365,0.9924262762069702,3.83760743716266e-05,0.0028362192679196596
Training/meningioma/Tr-me_1192.jpg,meningioma,meningioma,True,0.1165432333946228,0.8833787441253662,3.855987233691849e-05,3.9478210965171456e-05
Training/meningioma/Tr-me_1193.jpg,meningioma,meningioma,True,0.33613067865371704,0.6479190587997437,6.309311174845789e-06,0.015943925827741623
Training/meningioma/Tr-me_1197.jpg,meningioma,meningioma,True,0.018008679151535034,0.9818778038024902,0.00010353302786825225,9.903305908665061e-06
Training/meningioma/Tr-me_1199.jpg,meningioma,glioma,False,0.6770732402801514,0.17887680232524872,0.00028298026882112026,0.14376696944236755
Training/meningioma/Tr-me_1203.jpg,meningioma,meningioma,True,0.04072822257876396,0.5057473182678223,0.009190000593662262,0.4443344473838806
Training/meningioma/Tr-me_1207.jpg,meningioma,meningioma,True,0.14069971442222595,0.8585577607154846,1.573891677253414e-05,0.0007267341134138405
Training/meningioma/Tr-me_1215.jpg,meningioma,meningioma,True,0.0012831190833821893,0.7174123525619507,2.207690522482153e-05,0.281282514333725
Training/meningioma/Tr-me_1222.jpg,meningioma,meningioma,True,0.000544364913366735,0.9994158744812012,1.8964590708492324e-05,2.0820783902308904e-05
Training/meningioma/Tr-me_1229.jpg,meningioma,meningioma,True,0.02889433689415455,0.9454101324081421,0.0005667080404236913,0.02512887679040432
Training/meningioma/Tr-me_1239.jpg,meningioma,meningioma,True,0.007235007826238871,0.9926581978797913,4.31738635597867e-06,0.00010246959573123604
Training/meningioma/Tr-me_1243.jpg,meningioma,meningioma,True,0.3455018699169159,0.6526896357536316,7.540802471339703e-06,0.0018008863553404808
Training/meningioma/Tr-me_1254.jpg,meningioma,meningioma,True,0.0018082563765347004,0.9981070756912231,6.733014743076637e-05,1.722676279314328e-05
Training/meningioma/Tr-me_1256.jpg,meningioma,meningioma,True,0.009329758584499359,0.9905492663383484,2.0091703845537268e-05,0.00010097758058691397
Training/meningioma/Tr-me_1258.jpg,meningioma,meningioma,True,0.031902775168418884,0.9679418206214905,0.00014149650814943016,1.3932784895587247e-05
Training/meningioma/Tr-me_1263.jpg,meningioma,meningioma,True,0.0003622919612098485,0.9996054768562317,7.182204171840567e-06,2.5198554794769734e-05
Training/meningioma/Tr-me_1264.jpg,meningioma,meningioma,True,0.005999753717333078,0.99395352602005,5.114640316605801e-06,4.1577750380383804e-05
Training/meningioma/Tr-me_1266.jpg,meningioma,meningioma,True,0.000903469801414758,0.9990691542625427,5.267443157208618e-06,2.220444548584055e-05
Training/meningioma/Tr-me_128.jpg,meningioma,meningioma,True,0.0034340170677751303,0.9957765936851501,0.000778326706495136,1.1045469364034943e-05
Training/meningioma/Tr-me_1291.jpg,meningioma,meningioma,True,0.09630100429058075,0.8708282709121704,2.3715217594144633e-06,0.03286822512745857
Training/meningioma/Tr-me_1300.jpg,meningioma,meningioma,True,0.0007834855350665748,0.9991875290870667,1.4050751815375406e-05,1.4914742678229231e-05
Training/meningioma/Tr-me_132.jpg,meningioma,meningioma,True,0.0015640294877812266,0.9972448348999023,8.513595275871921e-06,0.0011826541740447283
Training/meningioma/Tr-me_146.jpg,meningioma,meningioma,True,0.0016618167283013463,0.9983037710189819,6.877779014757834e-06,2.748850965872407e-05
Training/meningioma/Tr-me_147.jpg,meningioma,meningioma,True,0.08052574843168259,0.9179916977882385,6.276912245084532e-06,0.0014764067018404603
Training/meningioma/Tr-me_15.jpg,meningioma,meningioma,True,0.0006209901766851544,0.9927135109901428,6.92475623509381e-06,0.006658501923084259
Training/meningioma/Tr-me_159.jpg,meningioma,meningioma,True,0.006908665411174297,0.9839432239532471,2.5352267130074324e-06,0.009145557880401611
Training/meningioma/Tr-me_166.jpg,meningioma,meningioma,True,0.002322716638445854,0.9970834851264954,1.0683751497708727e-05,0.0005831742309965193
Training/meningioma/Tr-me_173.jpg,meningioma,meningioma,True,0.0412900485098362,0.9584683775901794,4.224916665407363e-06,0.00023738996242173016
Training/meningioma/Tr-me_177.jpg,meningioma,meningioma,True,0.25266996026039124,0.746203601360321,0.00032204343006014824,0.0008044262649491429
Training/meningioma/Tr-me_182.jpg,meningioma,meningioma,True,0.020963940769433975,0.9785795211791992,2.7865833089890657e-06,0.0004536465567070991
Training/meningioma/Tr-me_194.jpg,meningioma,meningioma,True,0.04591025039553642,0.9539557695388794,0.00012001924187643453,1.4041207577975001e-05
Training/meningioma/Tr-me_197.jpg,meningioma,meningioma,True,0.0033255931921303272,0.9966391324996948,2.0915786080877297e-05,1.4409290088224225e-05
Training/meningioma/Tr-me_199.jpg,meningioma,meningioma,True,0.051604337990283966,0.9312392473220825,0.00018582034681458026,0.016970613971352577
Training/meningioma/Tr-me_2.jpg,meningioma,meningioma,True,0.01677064411342144,0.9785739779472351,1.1160581152580562e-06,0.00465421611443162
Training/meningioma/Tr-me_20.jpg,meningioma,meningioma,True,0.011793187819421291,0.9876636862754822,0.0005377228953875601,5.36904190084897e-06
Training/meningioma/Tr-me_201.jpg,meningioma,meningioma,True,0.19787433743476868,0.8017775416374207,0.00014773604925721884,0.00020029197912663221
Training/meningioma/Tr-me_204.jpg,meningioma,meningioma,True,0.00842969585210085,0.9913502931594849,0.00021244073286652565,7.505620942538371e-06
Training/meningioma/Tr-me_206.jpg,meningioma,pituitary,False,0.0018145302310585976,0.22489772737026215,3.599278716137633e-05,0.7732517719268799
Training/meningioma/Tr-me_208.jpg,meningioma,meningioma,True,0.0063354563899338245,0.993486762046814,3.596751412260346e-06,0.000174250133568421
Training/meningioma/Tr-me_212.jpg,meningioma,glioma,False,0.6188923716545105,0.3771982192993164,0.0007981950184330344,0.0031112085562199354
Training/meningioma/Tr-me_217.jpg,meningioma,meningioma,True,0.09828424453735352,0.8968738317489624,4.0029583033174276e-05,0.004801951814442873
Training/meningioma/Tr-me_228.jpg,meningioma,meningioma,True,0.0012659394415095448,0.9986757636070251,3.6963424463465344e-06,5.4502132115885615e-05
Training/meningioma/Tr-me_23.jpg,meningioma,meningioma,True,0.0007675416418351233,0.9991979002952576,2.2177295250003226e-05,1.242692451342009e-05
Training/meningioma/Tr-me_231.jpg,meningioma,meningioma,True,0.020099908113479614,0.9797906279563904,3.223543899366632e-06,0.00010615542851155624
Training/meningioma/Tr-me_236.jpg,meningioma,glioma,False,0.77694171667099,0.22172759473323822,2.8854814445367083e-05,0.001301731914281845
Training/meningioma/Tr-me_241.jpg,meningioma,meningioma,True,0.023291677236557007,0.9744248390197754,0.0021586923394352198,0.00012479601718951017
Training/meningioma/Tr-me_25.jpg,meningioma,meningioma,True,0.004519777838140726,0.9954543113708496,1.01001087386976e-05,1.5736679415567778e-05
Training/meningioma/Tr-me_268.jpg,meningioma,pituitary,False,0.008736216463148594,0.1473233848810196,0.00013715517707169056,0.8438032865524292
Training/meningioma/Tr-me_278.jpg,meningioma,meningioma,True,0.0036266157403588295,0.9963350296020508,2.5657477635832038e-06,3.5693650715984404e-05
Training/meningioma/Tr-me_280.jpg,meningioma,glioma,False,0.7308264970779419,0.26861271262168884,4.775263278133934e-06,0.0005560467834584415
Training/meningioma/Tr-me_283.jpg,meningioma,meningioma,True,0.000610547314863652,0.999363362789154,1.703564885247033e-05,9.027491614688188e-06
Training/meningioma/Tr-me_292.jpg,meningioma,meningioma,True,0.2452089786529541,0.752515435218811,5.97629914409481e-05,0.002215829910710454
Training/meningioma/Tr-me_294.jpg,meningioma,meningioma,True,0.34036916494369507,0.6590120792388916,1.2200545825180598e-05,0.0006065666093491018
Training/meningioma/Tr-me_299.jpg,meningioma,meningioma,True,0.0010025214869529009,0.9989708662033081,6.0156135077704675e-06,2.0622359443223104e-05
Training/meningioma/Tr-me_300.jpg,meningioma,meningioma,True,0.09375911206007004,0.9061543345451355,1.4112037206359673e-05,7.237814861582592e-05
Training/meningioma/Tr-me_315.jpg,meningioma,meningioma,True,0.026245784014463425,0.8914598822593689,0.005087107885628939,0.07720717787742615
Training/meningioma/Tr-me_318.jpg,meningioma,meningioma,True,0.040960174053907394,0.9533275961875916,0.005447124596685171,0.0002650069654919207
Training/meningioma/Tr-me_321.jpg,meningioma,meningioma,True,0.012967466376721859,0.986661970615387,0.0003621469368226826,8.317972060467582e-06
Training/meningioma/Tr-me_325.jpg,meningioma,meningioma,True,0.006561228074133396,0.9925576448440552,1.1594338502618484e-06,0.0008799235220067203
Training/meningioma/Tr-me_327.jpg,meningioma,meningioma,True,0.3799990713596344,0.6155613660812378,5.905520083615556e-06,0.004433692432940006
Training/meningioma/Tr-me_343.jpg,meningioma,meningioma,True,0.032212287187576294,0.95417720079422,4.544129751593573e-06,0.013605921529233456
Training/meningioma/Tr-me_349.jpg,meningioma,meningioma,True,0.3449789881706238,0.6509886980056763,2.9041051675449125e-05,0.004003272391855717
Training/meningioma/Tr-me_35.jpg,meningioma,meningioma,True,0.03709235414862633,0.9627814888954163,1.3520198081096169e-05,0.00011262754560448229
Training/meningioma/Tr-me_350.jpg,meningioma,meningioma,True,0.02240116335451603,0.83965665102005,0.0001518395874882117,0.13779038190841675
Training/meningioma/Tr-me_369.jpg,meningioma,meningioma,True,0.11760544776916504,0.8820005059242249,5.808885816804832e-06,0.0003882438177242875
Training/meningioma/Tr-me_377.jpg,meningioma,meningioma,True,0.0037423293106257915,0.9959061145782471,8.033752237679437e-06,0.00034341393620707095
Training/meningioma/Tr-me_38.jpg,meningioma,meningioma,True,0.000626701395958662,0.9985206723213196,1.0663771718100179e-05,0.0008418969810009003
Training/meningioma/Tr-me_389.jpg,meningioma,meningioma,True,0.006225988734513521,0.9937381744384766,2.1932926756562665e-05,1.3964583558845334e-05
Training/meningioma/Tr-me_391.jpg,meningioma,meningioma,True,0.002237280597910285,0.9977395534515381,7.283432751137298e-06,1.591926957189571e-05
Training/meningioma/Tr-me_394.jpg,meningioma,meningioma,True,0.011334112845361233,0.9886336326599121,8.035100108827464e-06,2.4162300178431906e-05
Training/meningioma/Tr-me_4.jpg,meningioma,glioma,False,0.919350266456604,0.07240403443574905,7.964234100654721e-06,0.008237690664827824
Training/meningioma/Tr-me_410.jpg,meningioma,meningioma,True,0.00128910259809345,0.9985301494598389,0.0001737802376737818,6.878735348436749e-06
Training/meningioma/Tr-me_413.jpg,meningioma,meningioma,True,0.18571394681930542,0.8132924437522888,3.72946924471762e-05,0.0009563169442117214
Training/meningioma/Tr-me_423.jpg,meningioma,meningioma,True,0.08396860957145691,0.9146428108215332,0.0013486735988408327,3.9902068238006905e-05
Training/meningioma/Tr-me_429.jpg,meningioma,meningioma,True,0.014223606325685978,0.9854852557182312,3.7934223655611277e-06,0.0002873311750590801
Training/meningioma/Tr-me_43.jpg,meningioma,meningioma,True,0.01087117101997137,0.9887091517448425,1.381874085382151e-06,0.00041831430280581117
Training/meningioma/Tr-me_434.jpg,meningioma,meningioma,True,0.011096564121544361,0.9884291291236877,1.288087673856353e-06,0.00047303721657954156
Training/meningioma/Tr-me_449.jpg,meningioma,meningioma,True,0.0022340717259794474,0.9977395534515381,9.980110917240381e-06,1.6410260286647826e-05
Training/meningioma/Tr-me_45.jpg,meningioma,meningioma,True,0.12018073350191116,0.8795679807662964,6.841760296083521e-06,0.0002443826524540782
Training/meningioma/Tr-me_455.jpg,meningioma,meningioma,True,0.0039012909401208162,0.9953691363334656,3.072412255278323e-06,0.0007263630977831781
Training/meningioma/Tr-me_478.jpg,meningioma,meningioma,True,0.032792117446660995,0.9655992984771729,0.0015953773399814963,1.3194368875701912e-05
Training/meningioma/Tr-me_483.jpg,meningioma,meningioma,True,0.003934266045689583,0.9957558512687683,5.8585569604474586e-06,0.00030397504451684654
Training/meningioma/Tr-me_498.jpg,meningioma,meningioma,True,0.03242680802941322,0.9064522385597229,0.004397428594529629,0.056723568588495255
Training/meningioma/Tr-me_500.jpg,meningioma,meningioma,True,0.000532332865986973,0.9994268417358398,5.2746736400877126e-06,3.5644152376335114e-05
Training/meningioma/Tr-me_507.jpg,meningioma,meningioma,True,0.06947965919971466,0.9304606318473816,1.124301979871234e-05,4.844820432481356e-05
Training/meningioma/Tr-me_512.jpg,meningioma,meningioma,True,0.00335165997967124,0.9965440630912781,9.686961129773408e-05,7.490977623092476e-06
Training/meningioma/Tr-me_513.jpg,meningioma,meningioma,True,0.003689701436087489,0.9962736368179321,2.5246497898478992e-05,1.1397146408853587e-05
Training/meningioma/Tr-me_520.jpg,meningioma,meningioma,True,0.012139168567955494,0.9875152111053467,1.8776567230816e-05,0.00032676427508704364
Training/meningioma/Tr-me_527.jpg,meningioma,meningioma,True,0.02441147342324257,0.9749841094017029,5.764000889030285e-06,0.0005987317417748272
Training/meningioma/Tr-me_529.jpg,meningioma,meningioma,True,0.0005079783732071519,0.9993491768836975,4.173161414655624e-06,0.00013871875125914812
Training/meningioma/Tr-me_532.jpg,meningioma,pituitary,False,0.003557661548256874,0.03577457740902901,1.4905632497175247e-06,0.960666298866272
Training/meningioma/Tr-me_554.jpg,meningioma,meningioma,True,0.00065198028460145,0.9991951584815979,0.00013394739653449506,1.8831789930118248e-05
Training/meningioma/Tr-me_560.jpg,meningioma,meningioma,True,0.002332821022719145,0.9975321292877197,3.980071596743073e-06,0.00013099887291900814
Training/meningioma/Tr-me_567.jpg,meningioma,meningioma,True,0.1235501691699028,0.8486466407775879,0.02717389166355133,0.0006293210899457335
Training/meningioma/Tr-me_573.jpg,meningioma,meningioma,True,0.00038451459840871394,0.9993368983268738,8.044501555559691e-06,0.00027040595887228847
Training/meningioma/Tr-me_574.jpg,meningioma,meningioma,True,0.005259452387690544,0.9946940541267395,1.0756564734037966e-05,3.5750526876654476e-05
Training/meningioma/Tr-me_579.jpg,meningioma,meningioma,True,0.002863529836758971,0.9968733191490173,0.0002560200518928468,7.249484951898921e-06
Training/meningioma/Tr-me_592.jpg,meningioma,meningioma,True,0.028208130970597267,0.971676766872406,3.489767323117121e-06,0.00011164790339535102
Training/meningioma/Tr-me_607.jpg,meningioma,meningioma,True,0.001804580562748015,0.9981416463851929,8.379259270441253e-06,4.550055746221915e-05
Training/meningioma/Tr-me_621.jpg,meningioma,meningioma,True,0.029314588755369186,0.9700993299484253,7.699796697124839e-05,0.0005090506747364998
Training/meningioma/Tr-me_623.jpg,meningioma,meningioma,True,0.0011736777378246188,0.9987418055534363,5.938760750723304e-06,7.853490387788042e-05
Training/meningioma/Tr-me_631.jpg,meningioma,meningioma,True,0.021757831797003746,0.7845771908760071,3.796100372710498e-06,0.19366124272346497
Training/meningioma/Tr-me_636.jpg,meningioma,meningioma,True,0.008522391319274902,0.99139004945755,2.2978622382652247e-06,8.536410314263776e-05
Training/meningioma/Tr-me_637.jpg,meningioma,meningioma,True,0.021971993148326874,0.9681346416473389,0.00952161941677332,0.0003717196814250201
Training/meningioma/Tr-me_640.jpg,meningioma,meningioma,True,0.03315560147166252,0.9589071273803711,2.480506964275264e-06,0.007934731431305408
Training/meningioma/Tr-me_643.jpg,meningioma,meningioma,True,0.0019257188541814685,0.9307316541671753,4.56932639281149e-06,0.06733813136816025
Training/meningioma/Tr-me_646.jpg,meningioma,meningioma,True,0.07089902460575104,0.913834810256958,4.822556002181955e-05,0.01521795429289341
Training/meningioma/Tr-me_649.jpg,meningioma,meningioma,True,0.0013012957060709596,0.9986339211463928,2.0893660348519916e-06,6.261961971176788e-05
Training/meningioma/Tr-me_65.jpg,meningioma,meningioma,True,0.002195041859522462,0.9977692365646362,1.6723444787203334e-05,1.8855755115509965e-05
Training/meningioma/Tr-me_652.jpg,meningioma,meningioma,True,0.006155384238809347,0.9938157796859741,1.61364132509334e-05,1.282750781683717e-05
Training/meningioma/Tr-me_656.jpg,meningioma,meningioma,True,0.0007543140091001987,0.9991970658302307,4.806571269000415e-06,4.3845018808497116e-05
Training/meningioma/Tr-me_67.jpg,meningioma,meningioma,True,0.12039913237094879,0.8722323179244995,9.480382686888333e-06,0.007359011098742485
Training/meningioma/Tr-me_671.jpg,meningioma,meningioma,True,0.09979136288166046,0.900128960609436,3.8979127566562966e-05,4.0661463572178036e-05
Training/meningioma/Tr-me_672.jpg,meningioma,meningioma,True,0.02707412652671337,0.9178186058998108,6.494493572972715e-05,0.05504220724105835
Training/meningioma/Tr-me_677.jpg,meningioma,meningioma,True,0.0024200701154768467,0.9975438714027405,1.0577978173387237e-05,2.5493816792732105e-05
Training/meningioma/Tr-me_694.jpg,meningioma,meningioma,True,0.0028962725773453712,0.9968360662460327,7.728230229986366e-06,0.00025983803789131343
Training/meningioma/Tr-me_699.jpg,meningioma,meningioma,True,0.0021737762726843357,0.997787594795227,1.339507525699446e-05,2.5185467166011222e-05
Training/meningioma/Tr-me_703.jpg,meningioma,glioma,False,0.6117336750030518,0.3871629536151886,0.00023778884497005492,0.0008655686397105455
Training/meningioma/Tr-me_705.jpg,meningioma,meningioma,True,0.006257626228034496,0.9930844306945801,1.8586188161862083e-05,0.0006393936928361654
Training/meningioma/Tr-me_707.jpg,meningioma,meningioma,True,0.013434368185698986,0.9844878315925598,2.2602234821533784e-06,0.0020756085868924856
Training/meningioma/Tr-me_709.jpg,meningioma,meningioma,True,0.013628499582409859,0.9860610961914062,0.0002715408627409488,3.894830297213048e-05
Training/meningioma/Tr-me_719.jpg,meningioma,meningioma,True,0.006488902028650045,0.9933949112892151,0.0001093501559807919,6.894283160363557e-06
Training/meningioma/Tr-me_73.jpg,meningioma,meningioma,True,0.024818697944283485,0.9486170411109924,4.557627562462585e-06,0.02655981294810772
Training/meningioma/Tr-me_733.jpg,meningioma,meningioma,True,0.0006703860708512366,0.99928879737854,1.1018871191481594e-05,2.974167546199169e-05
Training/meningioma/Tr-me_742.jpg,meningioma,meningioma,True,0.03874024748802185,0.9568711519241333,2.27618857024936e-05,0.004365845583379269
Training/meningioma/Tr-me_755.jpg,meningioma,glioma,False,0.8008942604064941,0.19884595274925232,0.00011882955732289702,0.00014094062498770654
Training/meningioma/Tr-me_764.jpg,meningioma,glioma,False,0.5893663763999939,0.40993183851242065,9.256981684302446e-06,0.0006925708730705082
Training/meningioma/Tr-me_765.jpg,meningioma,meningioma,True,0.09354986250400543,0.9060352444648743,8.52841458254261e-06,0.00040631671436131
Training/meningioma/Tr-me_772.jpg,meningioma,meningioma,True,0.0015984228812158108,0.9982263445854187,4.307653398427647e-06,0.00017100821423809975
Training/meningioma/Tr-me_774.jpg,meningioma,meningioma,True,0.0009066229686141014,0.9990398287773132,4.93484185426496e-06,4.863723734160885e-05
Training/meningioma/Tr-me_777.jpg,meningioma,meningioma,True,0.020387990400195122,0.9775835275650024,9.190485434373841e-05,0.001936510787345469
Training/meningioma/Tr-me_78.jpg,meningioma,glioma,False,0.9110299348831177,0.08086677640676498,1.097153017326491e-05,0.008092306554317474
Training/meningioma/Tr-me_782.jpg,meningioma,meningioma,True,0.00202200748026371,0.9978577494621277,2.1595305952359922e-06,0.00011809272109530866
Training/meningioma/Tr-me_784.jpg,meningioma,meningioma,True,0.19486591219902039,0.8049772381782532,1.750746559991967e-05,0.00013942756049800664
Training/meningioma/Tr-me_788.jpg,meningioma,meningioma,True,0.0027744362596422434,0.989635169506073,2.0013028915855102e-05,0.00757033983245492
Training/meningioma/Tr-me_790.jpg,meningioma,meningioma,True,0.00041398758185096085,0.9991822838783264,4.592517598211998e-06,0.0003989795804955065
Training/meningioma/Tr-me_8.jpg,meningioma,meningioma,True,0.08609110862016678,0.9138456583023071,2.1305708287400194e-05,4.184683712082915e-05
Training/meningioma/Tr-me_809.jpg,meningioma,meningioma,True,0.002134329406544566,0.997829020023346,1.0844584721780848e-05,2.5849089070106857e-05
Training/meningioma/Tr-me_814.jpg,meningioma,meningioma,True,0.0010818642331287265,0.9988829493522644,2.6541265469859354e-05,8.733019967621658e-06
Training/meningioma/Tr-me_815.jpg,meningioma,meningioma,True,0.00144722661934793,0.9985051155090332,4.305015863792505e-06,4.3431045924080536e-05
Training/meningioma/Tr-me_822.jpg,meningioma,meningioma,True,0.0007490140269510448,0.9991551637649536,8.781292854109779e-05,8.061054359131958e-06
Training/meningioma/Tr-me_829.jpg,meningioma,meningioma,True,0.17660611867904663,0.8232265114784241,8.604902177467011e-06,0.00015880064165685326
Training/meningioma/Tr-me_830.jpg,meningioma,meningioma,True,0.01725856401026249,0.9823351502418518,1.70724661074928e-06,0.00040442083263769746
Training/meningioma/Tr-me_848.jpg,meningioma,meningioma,True,0.003614769782871008,0.9955009818077087,4.5652236622117925e-06,0.0008797517511993647
Training/meningioma/Tr-me_855.jpg,meningioma,meningioma,True,0.004099525045603514,0.9958427548408508,2.524148385418812e-06,5.518789839698002e-05
Training/meningioma/Tr-me_866.jpg,meningioma,meningioma,True,0.3051007390022278,0.6789947152137756,4.175493813818321e-06,0.015900418162345886
Training/meningioma/Tr-me_893.jpg,meningioma,glioma,False,0.925690770149231,0.07326148450374603,0.0001254738017451018,0.0009223578963428736
Training/meningioma/Tr-me_903.jpg,meningioma,meningioma,True,0.02763870730996132,0.9722559452056885,9.054231486516073e-05,1.4843896678939927e-05
Training/meningioma/Tr-me_908.jpg,meningioma,meningioma,True,0.1650223582983017,0.8315023183822632,3.456839976934134e-06,0.0034718678798526525
Training/meningioma/Tr-me_909.jpg,meningioma,meningioma,True,0.10321661084890366,0.7490617632865906,1.9030931071029045e-05,0.14770258963108063
Training/meningioma/Tr-me_912.jpg,meningioma,pituitary,False,0.002657342469319701,0.426525354385376,5.082110874354839e-05,0.5707665085792542
Training/meningioma/Tr-me_917.jpg,meningioma,meningioma,True,0.1313939243555069,0.8680649995803833,1.024313587549841e-05,0.0005308130639605224
Training/meningioma/Tr-me_926.jpg,meningioma,meningioma,True,0.0039055661763995886,0.5655164122581482,0.0002592333185020834,0.43031883239746094
Training/meningioma/Tr-me_927.jpg,meningioma,meningioma,True,0.0030182884074747562,0.9969276785850525,7.542055300291395e-06,4.653986979974434e-05
Training/meningioma/Tr-me_935.jpg,meningioma,meningioma,True,0.0027742930687963963,0.9971998929977417,1.6642501577734947e-05,9.159458386420738e-06
Training/meningioma/Tr-me_938.jpg,meningioma,meningioma,True,0.10889137536287308,0.860533595085144,3.9916827518027276e-05,0.030535146594047546
Training/meningioma/Tr-me_955.jpg,meningioma,meningioma,True,0.0015944732585921884,0.9979853630065918,0.00041126104770228267,8.92951175046619e-06
Training/meningioma/Tr-me_963.jpg,meningioma,meningioma,True,0.010996644385159016,0.9839427471160889,3.964118513977155e-05,0.00502098398283124
Training/meningioma/Tr-me_974.jpg,meningioma,meningioma,True,0.0009634586167521775,0.9626674652099609,8.58200201037107e-06,0.03636042773723602
Training/meningioma/Tr-me_977.jpg,meningioma,meningioma,True,0.0032522878609597683,0.9966048002243042,5.1216680731158704e-05,9.174036676995456e-05
Training/meningioma/Tr-me_98.jpg,meningioma,meningioma,True,0.0019399307202547789,0.9980296492576599,3.692880000016885e-06,2.6785470254253596e-05
Training/meningioma/Tr-me_981.jpg,meningioma,pituitary,False,0.0002993487287312746,0.0038649102207273245,0.0006175764137879014,0.9952180981636047
Training/meningioma/Tr-me_984.jpg,meningioma,pituitary,False,0.00016208724991884083,0.004889472387731075,0.00031349988421425223,0.9946349859237671
Training/meningioma/Tr-me_986.jpg,meningioma,meningioma,True,0.0013016794109717011,0.9985221028327942,1.3678870345756877e-05,0.00016256418894045055
Training/meningioma/Tr-me_990.jpg,meningioma,meningioma,True,0.0007224854198284447,0.9992464780807495,7.261332939378917e-06,2.378094541199971e-05
Training/meningioma/Tr-me_997.jpg,meningioma,meningioma,True,0.017609400674700737,0.9823393225669861,4.2626230424502864e-05,8.673003321746364e-06
Training/notumor/Tr-no_1001.jpg,notumor,notumor,True,0.00030666336533613503,0.00011074489157181233,0.9995774626731873,5.071245141152758e-06
Training/notumor/Tr-no_1005.jpg,notumor,notumor,True,0.0001750569063005969,2.8178377760923468e-05,0.9997919201850891,4.827220436709467e-06
Training/notumor/Tr-no_1007.jpg,notumor,notumor,True,0.0013321615988388658,5.329128907760605e-05,0.5715920329093933,0.4270225167274475
Training/notumor/Tr-no_1014.jpg,notumor,notumor,True,0.00010934216697933152,1.7590322386240587e-05,0.9998669624328613,6.033655608916888e-06
Training/notumor/Tr-no_1021.jpg,notumor,notumor,True,0.02528180181980133,0.0028512543067336082,0.9711545705795288,0.0007122957613319159
Training/notumor/Tr-no_1024.jpg,notumor,glioma,False,0.5036419630050659,0.25888022780418396,0.23727186024188995,0.00020592000510077924
Training/notumor/Tr-no_1028.jpg,notumor,notumor,True,6.0985916206846014e-05,1.3634075912705157e-05,0.9999215602874756,3.7750280625914456e-06
Training/notumor/Tr-no_1036.jpg,notumor,notumor,True,7.589456799905747e-05,1.9485723896650597e-05,0.999886155128479,1.8443366570863873e-05
Training/notumor/Tr-no_1046.jpg,notumor,notumor,True,0.013727839104831219,0.05238229036331177,0.9337806105613708,0.00010915646998910233
Training/notumor/Tr-no_1048.jpg,notumor,notumor,True,0.3993285298347473,0.13618707656860352,0.4609130322933197,0.003571358509361744
Training/notumor/Tr-no_1057.jpg,notumor,notumor,True,3.598891635192558e-05,1.0239121365884785e-05,0.9999420642852783,1.1635121154540684e-05
Training/notumor/Tr-no_1065.jpg,notumor,notumor,True,0.00018081371672451496,1.6077112377388403e-05,0.9997946619987488,8.411228918703273e-06
Training/notumor/Tr-no_1069.jpg,notumor,notumor,True,0.00010956579353660345,3.496016870485619e-05,0.9998530149459839,2.3801565021130955e-06
Training/notumor/Tr-no_1072.jpg,notumor,notumor,True,0.0004167668230365962,0.0014351954450830817,0.9981389045715332,9.135834261542186e-06
Training/notumor/Tr-no_1092.jpg,notumor,notumor,True,0.0006028081406839192,4.5205135393189266e-05,0.9988402724266052,0.000511808437295258
Training/notumor/Tr-no_1096.jpg,notumor,meningioma,False,0.2384878695011139,0.6748687624931335,0.051901523023843765,0.034741874784231186
Training/notumor/Tr-no_1104.jpg,notumor,notumor,True,0.0001415399310644716,2.303722249052953e-05,0.9998252987861633,1.0140037375094835e-05
Training/notumor/Tr-no_1109.jpg,notumor,notumor,True,0.0036151723470538855,0.00023907799914013594,0.9961361289024353,9.641479664423969e-06
Training/notumor/Tr-no_1111.jpg,notumor,notumor,True,0.014541440643370152,0.0014900157693773508,0.9836061000823975,0.00036243657814338803
Training/notumor/Tr-no_1121.jpg,notumor,notumor,True,6.124161882326007e-05,8.001750757102855e-06,0.9999037981033325,2.692069210752379e-05
Training/notumor/Tr-no_1128.jpg,notumor,notumor,True,0.000131359018268995,1.4281279618444387e-05,0.9998434782028198,1.0825880053744186e-05
Training/notumor/Tr-no_1129.jpg,notumor,notumor,True,0.0018718494102358818,0.002985256491228938,0.9951306581497192,1.2243857781868428e-05
Training/notumor/Tr-no_113.jpg,notumor,notumor,True,0.004041142761707306,0.00023705177591182292,0.9956842660903931,3.747092705452815e-05
Training/notumor/Tr-no_1141.jpg,notumor,notumor,True,0.00029509971500374377,0.00010345093323849142,0.9994712471961975,0.00013025470252614468
Training/notumor/Tr-no_1143.jpg,notumor,notumor,True,6.748885789420456e-05,4.691922731581144e-05,0.9998645782470703,2.1022595319664106e-05
Training/notumor/Tr-no_1159.jpg,notumor,notumor,True,7.94240040704608e-05,0.00015393896319437772,0.9997627139091492,3.973658749600872e-06
Training/notumor/Tr-no_1173.jpg,notumor,notumor,True,0.00021510678925551474,0.0008691265829838812,0.9989067316055298,9.10165090317605e-06
Training/notumor/Tr-no_1177.jpg,notumor,notumor,True,4.8019879614003e-05,1.3600961210613605e-05,0.9999264478683472,1.1899239325430244e-05
Training/notumor/Tr-no_1184.jpg,notumor,notumor,True,0.00011348318366799504,0.0003498531586956233,0.9995325803756714,4.050632014696021e-06
Training/notumor/Tr-no_1186.jpg,notumor,notumor,True,0.0001974172773770988,0.00012729308218695223,0.9996401071548462,3.517838558764197e-05
Training/notumor/Tr-no_1194.jpg,notumor,glioma,False,0.8395480513572693,0.12839838862419128,0.03142280504107475,0.0006306669674813747
Training/notumor/Tr-no_1197.jpg,notumor,notumor,True,0.0049003236927092075,0.0004217306850478053,0.9946327209472656,4.5201322791399434e-05
Training/notumor/Tr-no_1199.jpg,notumor,notumor,True,0.00014313578139990568,2.7182028134120628e-05,0.9998237490653992,5.9589424381556455e-06
Training/notumor/Tr-no_120.jpg,notumor,notumor,True,0.00017114583170041442,3.3167943911394104e-05,0.9997902512550354,5.474284535011975e-06
Training/notumor/Tr-no_1204.jpg,notumor,notumor,True,0.018202826380729675,0.011331872083246708,0.9693621397018433,0.0011030799942091107
Training/notumor/Tr-no_1205.jpg,notumor,pituitary,False,0.02565133385360241,0.0025405646301805973,0.3071763515472412,0.6646318435668945
Training/notumor/Tr-no_1218.jpg,notumor,notumor,True,0.0010074450401589274,0.0011246971553191543,0.9978548884391785,1.3002637388126459e-05
Training/notumor/Tr-no_1221.jpg,notumor,notumor,True,8.35301834740676e-05,6.71233719913289e-05,0.9998418092727661,7.55406699681771e-06
Training/notumor/Tr-no_1225.jpg,notumor,notumor,True,0.00024786294670775533,0.00017929953173734248,0.9995238780975342,4.902112777926959e-05
Training/notumor/Tr-no_1229.jpg,notumor,notumor,True,0.00024961968301795423,1.476037323300261e-05,0.9997313618659973,4.263374194124481e-06
Training/notumor/Tr-no_123.jpg,notumor,notumor,True,0.48068180680274963,0.007810551207512617,0.5069543719291687,0.004553315229713917
Training/notumor/Tr-no_1248.jpg,notumor,notumor,True,0.007147897034883499,0.003855898277834058,0.9889049530029297,9.120014874497429e-05
Training/notumor/Tr-no_1253.jpg,notumor,glioma,False,0.8395480513572693,0.12839838862419128,0.03142280504107475,0.0006306669674813747
Training/notumor/Tr-no_1258.jpg,notumor,notumor,True,0.00014931225450709462,4.763748074765317e-05,0.999800980091095,2.1424511942313984e-06
Training/notumor/Tr-no_1267.jpg,notumor,meningioma,False,0.2801477015018463,0.47214171290397644,0.13728190958499908,0.11042860150337219
Training/notumor/Tr-no_1271.jpg,notumor,notumor,True,0.0010302152950316668,0.00031058077001944184,0.9981552958488464,0.0005039770039729774
Training/notumor/Tr-no_1273.jpg,notumor,notumor,True,0.0004627809685189277,0.000190884864423424,0.9993439316749573,2.418369376755436e-06
Training/notumor/Tr-no_1278.jpg,notumor,notumor,True,0.00012864015297964215,1.8672644728212617e-05,0.9998452663421631,7.442362402798608e-06
Training/notumor/Tr-no_128.jpg,notumor,meningioma,False,0.012824461795389652,0.9754313230514526,0.011443587020039558,0.00030062193400226533
Training/notumor/Tr-no_131.jpg,notumor,notumor,True,0.007402688730508089,0.00028982211370021105,0.9922926425933838,1.477887690271018e-05
Training/notumor/Tr-no_1312.jpg,notumor,notumor,True,0.0003425417235121131,3.634812674135901e-05,0.9996188879013062,2.1748080598626984e-06
Training/notumor/Tr-no_1317.jpg,notumor,notumor,True,0.038803644478321075,0.4645254909992218,0.4706478416919708,0.026023054495453835
Training/notumor/Tr-no_1324.jpg,notumor,notumor,True,9.011460497276857e-05,7.40474060876295e-05,0.9998264908790588,9.395119377586525e-06
Training/notumor/Tr-no_1329.jpg,notumor,pituitary,False,0.024336563423275948,0.001237419550307095,0.41036927700042725,0.5640566945075989
Training/notumor/Tr-no_1331.jpg,notumor,notumor,True,0.018765928223729134,0.00804673507809639,0.9731417298316956,4.564625851344317e-05
Training/notumor/Tr-no_1334.jpg,notumor,notumor,True,0.0015057981945574284,0.00013195631618145853,0.9983581900596619,4.051428732054774e-06
Training/notumor/Tr-no_1335.jpg,notumor,notumor,True,0.0033025166485458612,0.0002454712230246514,0.9964494705200195,2.4892483452276792e-06
Training/notumor/Tr-no_1337.jpg,notumor,notumor,True,0.0007489888812415302,4.10302855016198e-05,0.9991687536239624,4.126746716792695e-05
Training/notumor/Tr-no_1345.jpg,notumor,notumor,True,0.00010989103611791506,5.429761586128734e-06,0.9998701810836792,1.4471494068857282e-05
Training/notumor/Tr-no_135.jpg,notumor,notumor,True,0.000570927863009274,2.179891089326702e-05,0.9994028806686401,4.40364601672627e-06
Training/notumor/Tr-no_1351.jpg,notumor,glioma,False,0.37137725949287415,0.30880433320999146,0.31916990876197815,0.0006484526093117893
Training/notumor/Tr-no_1354.jpg,notumor,glioma,False,0.8026741743087769,0.0349704883992672,0.15871518850326538,0.0036401806864887476
Training/notumor/Tr-no_1357.jpg,notumor,notumor,True,0.016128242015838623,0.0022470708936452866,0.9799361228942871,0.0016886084340512753
Training/notumor/Tr-no_1358.jpg,notumor,notumor,True,0.028883447870612144,0.049066442996263504,0.921430230140686,0.000619861762970686
Training/notumor/Tr-no_137.jpg,notumor,notumor,True,0.015000702813267708,0.0004522434319369495,0.9845172762870789,2.9807813916704617e-05
Training/notumor/Tr-no_1380.jpg,notumor,notumor,True,0.0036151723470538855,0.00023907799914013594,0.9961361289024353,9.641479664423969e-06
Training/notumor/Tr-no_1386.jpg,notumor,notumor,True,0.007485370617359877,0.0006641335203312337,0.9918340444564819,1.648255238251295e-05
Training/notumor/Tr-no_1395.jpg,notumor,notumor,True,0.00015742311370559037,1.633176361792721e-05,0.9998181462287903,8.084160981525201e-06
Training/notumor/Tr-no_140.jpg,notumor,notumor,True,0.000661788450088352,7.914349407656118e-05,0.9992194175720215,3.9645157812628895e-05
Training/notumor/Tr-no_150.jpg,notumor,glioma,False,0.9928520321846008,0.000739557552151382,0.004525097087025642,0.0018832010682672262
Training/notumor/Tr-no_152.jpg,notumor,notumor,True,0.004199073184281588,0.0002456822548992932,0.9955167174339294,3.8594240322709084e-05
Training/notumor/Tr-no_162.jpg,notumor,notumor,True,0.029598727822303772,0.050827816128730774,0.9189498424530029,0.0006235585315153003
Training/notumor/Tr-no_17.jpg,notumor,notumor,True,0.00015742311370559037,1.633176361792721e-05,0.9998181462287903,8.084160981525201e-06
Training/notumor/Tr-no_173.jpg,notumor,notumor,True,0.0006766077713109553,1.1700772120093461e-05,0.9950438737869263,0.004267763812094927
Training/notumor/Tr-no_180.jpg,notumor,notumor,True,0.00866447389125824,0.031313456594944,0.9599149227142334,0.00010725650645326823
Training/notumor/Tr-no_181.jpg,notumor,notumor,True,5.704885916202329e-05,4.771253952640109e-05,0.9998675584793091,2.7681397114065476e-05
Training/notumor/Tr-no_198.jpg,notumor,notumor,True,0.1374015063047409,0.032984357327222824,0.8279471397399902,0.0016669781180098653
Training/notumor/Tr-no_20.jpg,notumor,glioma,False,0.9487472772598267,0.02374720387160778,0.026885995641350746,0.0006195249152369797
Training/notumor/Tr-no_207.jpg,notumor,notumor,True,0.0005780006176792085,0.001716666971333325,0.9976932406425476,1.2070055163349025e-05
Training/notumor/Tr-no_208.jpg,notumor,glioma,False,0.36306172609329224,0.3040875494480133,0.3323940336704254,0.0004566817369777709
Training/notumor/Tr-no_214.jpg,notumor,notumor,True,0.002471397165209055,0.000885627290699631,0.9960344433784485,0.0006084935739636421
Training/notumor/Tr-no_218.jpg,notumor,notumor,True,0.0006146104424260557,0.000944772909861058,0.9984326958656311,7.831142283976078e-06
Training/notumor/Tr-no_227.jpg,notumor,notumor,True,0.00027308487915433943,4.1976247302955016e-05,0.9996802806854248,4.606512447935529e-06
Training/notumor/Tr-no_235.jpg,notumor,notumor,True,0.0015057981945574284,0.00013195631618145853,0.9983581900596619,4.051428732054774e-06
Training/notumor/Tr-no_242.jpg,notumor,notumor,True,0.001286354847252369,3.21980842272751e-05,0.9986472725868225,3.4137054171878844e-05
Training/notumor/Tr-no_248.jpg,notumor,notumor,True,0.015368483029305935,0.0008178962743841112,0.9837940335273743,1.9632279872894287e-05
Training/notumor/Tr-no_274.jpg,notumor,notumor,True,0.3861849308013916,0.0028591621667146683,0.610144853591919,0.0008110033813863993
Training/notumor/Tr-no_28.jpg,notumor,meningioma,False,0.004825341980904341,0.9914281964302063,2.0758148821187206e-05,0.003725610673427582
Training/notumor/Tr-no_285.jpg,notumor,notumor,True,0.00028917251620441675,0.0003220843500457704,0.9993784427642822,1.0240143637929577e-05
Training/notumor/Tr-no_291.jpg,notumor,notumor,True,0.0009512127726338804,0.0007894266163930297,0.9981054067611694,0.00015392492059618235
Training/notumor/Tr-no_294.jpg,notumor,notumor,True,0.004975548014044762,0.00036242546048015356,0.9946566820144653,5.357064765121322e-06
Training/notumor/Tr-no_295.jpg,notumor,meningioma,False,0.11013132333755493,0.4825710654258728,0.39961084723472595,0.007686784956604242
Training/notumor/Tr-no_298.jpg,notumor,glioma,False,0.7548574805259705,0.00297250016592443,0.24112731218338013,0.001042645424604416
Training/notumor/Tr-no_299.jpg,notumor,notumor,True,0.18545880913734436,0.04384041950106621,0.7691526412963867,0.0015480610309168696
Training/notumor/Tr-no_3.jpg,notumor,notumor,True,0.3783128261566162,0.0013079821364954114,0.6202439665794373,0.00013522124208975583
Training/notumor/Tr-no_300.jpg,notumor,notumor,True,0.002353225601837039,5.31151526956819e-05,0.9975804090499878,1.3144339391146787e-05
Training/notumor/Tr-no_302.jpg,notumor,notumor,True,0.0009215939207933843,0.0005937254172749817,0.9984769225120544,7.76995875639841e-06
Training/notumor/Tr-no_305.jpg,notumor,meningioma,False,0.11414163559675217,0.8791429400444031,0.0006225168472155929,0.006092851050198078
Training/notumor/Tr-no_307.jpg,notumor,glioma,False,0.9945293068885803,0.003552707377821207,0.0014683051267638803,0.000449730665422976
Training/notumor/Tr-no_309.jpg,notumor,notumor,True,0.0015733918407931924,0.00027844455325976014,0.9981459379196167,2.308690000063507e-06
Training/notumor/Tr-no_31.jpg,notumor,glioma,False,0.6382002234458923,0.3546476662158966,0.006940307095646858,0.0002117127296514809
Training/notumor/Tr-no_316.jpg,notumor,notumor,True,0.0002074052026728168,0.0008048781892284751,0.998978853225708,8.89470993570285e-06
Training/notumor/Tr-no_324.jpg,notumor,notumor,True,0.0013420856557786465,0.0013025959488004446,0.9973183274269104,3.6994435504311696e-05
Training/notumor/Tr-no_336.jpg,notumor,glioma,False,0.7648553252220154,0.048533663153648376,0.005089401267468929,0.18152160942554474
Training/notumor/Tr-no_344.jpg,notumor,notumor,True,0.00040286927833221853,8.215581146941986e-06,0.9982471466064453,0.001341792056336999
Training/notumor/Tr-no_349.jpg,notumor,notumor,True,0.000197277739061974,3.1097664759727195e-05,0.999769389629364,2.25670260078914e-06
Training/notumor/Tr-no_350.jpg,notumor,notumor,True,0.00014184539031703025,5.4758966143708676e-05,0.9997960925102234,7.279891633515945e-06
Training/notumor/Tr-no_358.jpg,notumor,notumor,True,0.0061980658210814,0.0041978065855801105,0.9895182251930237,8.581608562963083e-05
Training/notumor/Tr-no_366.jpg,notumor,notumor,True,7.200823165476322e-05,1.5296634956030175e-05,0.9999080896377563,4.650387381843757e-06
Training/notumor/Tr-no_372.jpg,notumor,notumor,True,0.006790683139115572,5.3745112381875515e-05,0.993059515953064,9.611705900169909e-05
Training/notumor/Tr-no_376.jpg,notumor,notumor,True,0.31569480895996094,0.06573627889156342,0.6165065765380859,0.0020623202435672283
Training/notumor/Tr-no_38.jpg,notumor,notumor,True,0.00011454246123321354,1.0884423318202607e-05,0.9998693466186523,5.283328391669784e-06
Training/notumor/Tr-no_380.jpg,notumor,meningioma,False,0.2801477015018463,0.47214171290397644,0.13728190958499908,0.11042860150337219
Training/notumor/Tr-no_381.jpg,notumor,notumor,True,0.00014108887990005314,1.8639591871760786e-05,0.9998358488082886,4.392737082525855e-06
Training/notumor/Tr-no_387.jpg,notumor,meningioma,False,0.2801477015018463,0.47214171290397644,0.13728190958499908,0.11042860150337219
Training/notumor/Tr-no_392.jpg,notumor,notumor,True,0.005507241003215313,0.00011981897841906175,0.9943627119064331,1.0200826181971934e-05
Training/notumor/Tr-no_398.jpg,notumor,notumor,True,0.00013418369053397328,2.7354744815966114e-05,0.9998329877853394,5.493970093084499e-06
Training/notumor/Tr-no_40.jpg,notumor,notumor,True,0.0005401517264544964,7.624762656632811e-05,0.9993785619735718,5.043537839810597e-06
Training/notumor/Tr-no_408.jpg,notumor,meningioma,False,0.025960229337215424,0.8939899206161499,0.07991739362478256,0.00013231732009444386
Training/notumor/Tr-no_418.jpg,notumor,notumor,True,0.0136709064245224,0.008801206946372986,0.977502167224884,2.5789202481973916e-05
Training/notumor/Tr-no_429.jpg,notumor,notumor,True,0.0004663006984628737,0.000442662974819541,0.9990817308425903,9.323104677605443e-06
Training/notumor/Tr-no_434.jpg,notumor,notumor,True,8.713947318028659e-05,0.00011027958680642769,0.9997996687889099,2.9628731681441423e-06
Training/notumor/Tr-no_436.jpg,notumor,meningioma,False,0.18152156472206116,0.8099949955940247,0.00769455824047327,0.000788911827839911
Training/notumor/Tr-no_439.jpg,notumor,notumor,True,0.0009835625533014536,0.001101678586564958,0.9979021549224854,1.2583224815898575e-05
Training/notumor/Tr-no_442.jpg,notumor,notumor,True,0.1683901846408844,0.005935237277299166,0.8255962133407593,7.839132013032213e-05
Training/notumor/Tr-no_444.jpg,notumor,notumor,True,0.016689671203494072,0.0006360900006256998,0.9826634526252747,1.0789362931973301e-05
Training/notumor/Tr-no_449.jpg,notumor,notumor,True,4.894632365903817e-05,1.2771930414601229e-05,0.9999058246612549,3.242208913434297e-05
Training/notumor/Tr-no_451.jpg,notumor,notumor,True,0.0026472636964172125,0.00016063205839600414,0.99718177318573,1.0330647455703001e-05
Training/notumor/Tr-no_454.jpg,notumor,notumor,True,0.013727839104831219,0.05238229036331177,0.9337806105613708,0.00010915646998910233
Training/notumor/Tr-no_471.jpg,notumor,notumor,True,0.00020089752797503024,0.00012646967661567032,0.9996699094772339,2.7788842089648824e-06
Training/notumor/Tr-no_495.jpg,notumor,notumor,True,0.008717093616724014,0.0026101672556251287,0.9886658191680908,6.907842816872289e-06
Training/notumor/Tr-no_503.jpg,notumor,notumor,True,0.02528180181980133,0.0028512543067336082,0.9711545705795288,0.0007122957613319159
Training/notumor/Tr-no_505.jpg,notumor,notumor,True,0.00010582911636447534,3.1569092243444175e-05,0.9998471736907959,1.5381774574052542e-05
Training/notumor/Tr-no_507.jpg,notumor,notumor,True,0.00043762518907897174,1.8424874724587426e-05,0.9995392560958862,4.81708002553205e-06
Training/notumor/Tr-no_509.jpg,notumor,notumor,True,0.03731067106127739,0.040424443781375885,0.9218711256980896,0.00039374877815134823
Training/notumor/Tr-no_518.jpg,notumor,notumor,True,0.023823807016015053,0.006813996471464634,0.9692976474761963,6.456002302002162e-05
Training/notumor/Tr-no_520.jpg,notumor,notumor,True,0.016334019601345062,0.015612747520208359,0.9676119089126587,0.00044131994945928454
Training/notumor/Tr-no_524.jpg,notumor,notumor,True,0.0008073545759543777,0.00010219479008810595,0.9990851879119873,5.232959210843546e-06
Training/notumor/Tr-no_525.jpg,notumor,notumor,True,0.10791415721178055,0.2736109495162964,0.6174033284187317,0.001071650767698884
Training/notumor/Tr-no_527.jpg,notumor,notumor,True,0.0011582005536183715,0.0002838334476109594,0.9985427856445312,1.5282772437785752e-05
Training/notumor/Tr-no_545.jpg,notumor,notumor,True,0.0005853511393070221,2.1985277271596715e-05,0.9993880987167358,4.570391865854617e-06
Training/notumor/Tr-no_557.jpg,notumor,notumor,True,0.0009996190201491117,0.0011089340550825,0.9978784322738647,1.307541606365703e-05
Training/notumor/Tr-no_562.jpg,notumor,notumor,True,0.0004007145471405238,1.021717798721511e-05,0.9995362758636475,5.272633279673755e-05
Training/notumor/Tr-no_566.jpg,notumor,notumor,True,0.005720272194594145,0.0001206231681862846,0.9941486120223999,1.0495428796275519e-05
Training/notumor/Tr-no_570.jpg,notumor,notumor,True,0.00118626793846488,0.0011194348335266113,0.9976582527160645,3.603890218073502e-05
Training/notumor/Tr-no_581.jpg,notumor,notumor,True,0.0005401517264544964,7.624762656632811e-05,0.9993785619735718,5.043537839810597e-06
Training/notumor/Tr-no_584.jpg,notumor,notumor,True,3.9734408346703276e-05,2.3785494704497978e-05,0.9999257326126099,1.0775329428724945e-05
Training/notumor/Tr-no_589.jpg,notumor,notumor,True,5.393711035139859e-05,1.1934292160731275e-05,0.9999239444732666,1.0172595466428902e-05
Training/notumor/Tr-no_59.jpg,notumor,glioma,False,0.4025179147720337,0.39470574259757996,0.198142409324646,0.0046338955871760845
Training/notumor/Tr-no_590.jpg,notumor,notumor,True,0.00029090041061863303,0.00032129682949744165,0.999377429485321,1.0358154213463422e-05
Training/notumor/Tr-no_593.jpg,notumor,notumor,True,0.010537568479776382,0.0005906258593313396,0.9886845946311951,0.00018730932788457721
Training/notumor/Tr-no_6.jpg,notumor,notumor,True,0.00018468438065610826,0.00013436716108117253,0.9996106028556824,7.039767660899088e-05
Training/notumor/Tr-no_601.jpg,notumor,notumor,True,6.619530176976696e-05,1.4302214367489796e-05,0.9999159574508667,3.5251118788437452e-06
Training/notumor/Tr-no_617.jpg,notumor,notumor,True,0.0008073545759543777,0.00010219479008810595,0.9990851879119873,5.232959210843546e-06
Training/notumor/Tr-no_639.jpg,notumor,pituitary,False,0.02565133385360241,0.0025405646301805973,0.3071763515472412,0.6646318435668945
Training/notumor/Tr-no_656.jpg,notumor,notumor,True,9.996660082833841e-05,0.0003118335152976215,0.9995812773704529,6.856815161881968e-06
Training/notumor/Tr-no_671.jpg,notumor,notumor,True,0.00014148645277600735,1.9643457562779076e-05,0.9998345375061035,4.265949883119902e-06
Training/notumor/Tr-no_691.jpg,notumor,notumor,True,4.4678006815956905e-05,2.4079416107269935e-05,0.9999133348464966,1.788775080058258e-05
Training/notumor/Tr-no_695.jpg,notumor,notumor,True,9.177251922665164e-05,2.5871066100080498e-05,0.9998800754547119,2.2662700303044403e-06
Training/notumor/Tr-no_697.jpg,notumor,notumor,True,0.00011979041300946847,1.8931537852040492e-05,0.9998561143875122,5.131308171257842e-06
Training/notumor/Tr-no_710.jpg,notumor,notumor,True,0.0004313011304475367,0.00018793731578625739,0.9993783235549927,2.3356187739409506e-06
Training/notumor/Tr-no_711.jpg,notumor,notumor,True,0.0003990852856077254,4.419209290063009e-05,0.9995008707046509,5.588194471783936e-05
Training/notumor/Tr-no_712.jpg,notumor,notumor,True,0.00028851861134171486,5.166952178115025e-05,0.9995597004890442,0.00010003740317188203
Training/notumor/Tr-no_726.jpg,notumor,notumor,True,5.484609937411733e-05,1.772598443494644e-05,0.9999221563339233,5.276286174193956e-06
Training/notumor/Tr-no_732.jpg,notumor,notumor,True,6.240420771064237e-05,2.925721855717711e-05,0.9999020099639893,6.314796792139532e-06
Training/notumor/Tr-no_737.jpg,notumor,notumor,True,0.0018714758334681392,0.0027089479845017195,0.9954094290733337,1.0129178917850368e-05
Training/notumor/Tr-no_741.jpg,notumor,notumor,True,0.00011345223902026191,0.0003507900983095169,0.999531626701355,4.117359821975697e-06
Training/notumor/Tr-no_746.jpg,notumor,notumor,True,0.00013626876170746982,7.083033415256068e-05,0.9997885823249817,4.238871042616665e-06
Training/notumor/Tr-no_747.jpg,notumor,notumor,True,0.3783128261566162,0.0013079821364954114,0.6202439665794373,0.00013522124208975583
Training/notumor/Tr-no_758.jpg,notumor,notumor,True,0.0004709814384113997,2.002106157306116e-05,0.9995040893554688,4.9032569222617894e-06
Training/notumor/Tr-no_769.jpg,notumor,notumor,True,8.201067248592153e-05,0.00010028234828496352,0.9997813105583191,3.638087582658045e-05
Training/notumor/Tr-no_77.jpg,notumor,notumor,True,0.019092408940196037,0.00030391302425414324,0.980040431022644,0.0005632276879623532
Training/notumor/Tr-no_779.jpg,notumor,notumor,True,0.000197277739061974,3.1097664759727195e-05,0.999769389629364,2.25670260078914e-06
Training/notumor/Tr-no_782.jpg,notumor,pituitary,False,0.023902108892798424,0.18044863641262054,0.0022908600512892008,0.7933583855628967
Training/notumor/Tr-no_79.jpg,notumor,notumor,True,0.00963504333049059,0.00392543338239193,0.9863914251327515,4.808011726709083e-05
Training/notumor/Tr-no_792.jpg,notumor,notumor,True,0.0006420279969461262,0.00017411375301890075,0.9991745352745056,9.341353688796517e-06
Training/notumor/Tr-no_803.jpg,notumor,notumor,True,0.00021435100643429905,5.516551391337998e-05,0.9997238516807556,6.73249269311782e-06
Training/notumor/Tr-no_823.jpg,notumor,notumor,True,0.007277161348611116,0.0006333623896352947,0.9920743703842163,1.509867979621049e-05
Training/notumor/Tr-no_824.jpg,notumor,notumor,True,0.004881054628640413,4.4755888666259125e-05,0.9949966669082642,7.759172149235383e-05
Training/notumor/Tr-no_830.jpg,notumor,notumor,True,0.002816738560795784,4.112648457521573e-05,0.9967262744903564,0.0004159072123002261
Training/notumor/Tr-no_836.jpg,notumor,notumor,True,0.00013012018462177366,0.00031238183146342635,0.9995537400245667,3.7067222820041934e-06
Training/notumor/Tr-no_84.jpg,notumor,notumor,True,0.0004278600972611457,3.094772546319291e-05,0.9992469549179077,0.0002942638238891959
Training/notumor/Tr-no_844.jpg,notumor,notumor,True,0.027710216119885445,0.031138502061367035,0.9399613738059998,0.0011898558586835861
Training/notumor/Tr-no_848.jpg,notumor,notumor,True,0.002396638272330165,0.0028164151590317488,0.9944514632225037,0.0003355257213115692
Training/notumor/Tr-no_850.jpg,notumor,notumor,True,0.00018490655929781497,0.00011875058407895267,0.9996923208236694,4.031680418847827e-06
Training/notumor/Tr-no_853.jpg,notumor,notumor,True,0.006408716086298227,0.006367052905261517,0.9869454503059387,0.0002787905395962298
Training/notumor/Tr-no_87.jpg,notumor,notumor,True,0.0013177823275327682,0.00030575954588130116,0.9983505010604858,2.590688382042572e-05
Training/notumor/Tr-no_871.jpg,notumor,glioma,False,0.6594076156616211,0.002814304083585739,0.15692174434661865,0.18085631728172302
Training/notumor/Tr-no_872.jpg,notumor,notumor,True,0.15388919413089752,0.005368666257709265,0.8406713604927063,7.079492934281006e-05
Training/notumor/Tr-no_884.jpg,notumor,notumor,True,0.00024327117716893554,0.0002263092901557684,0.9995138645172119,1.655176492931787e-05
Training/notumor/Tr-no_891.jpg,notumor,notumor,True,6.868700438644737e-05,2.844121991074644e-05,0.999895453453064,7.4449153544264846e-06
Training/notumor/Tr-no_895.jpg,notumor,notumor,True,0.002739089308306575,0.0005099284462630749,0.9967314004898071,1.9566139599191956e-05
Training/notumor/Tr-no_896.jpg,notumor,notumor,True,0.0018952975515276194,0.002905909437686205,0.9950966238975525,0.00010213306813966483
Training/notumor/Tr-no_90.jpg,notumor,meningioma,False,0.3085861802101135,0.6810441613197327,0.00462966226041317,0.005739989224821329
Training/notumor/Tr-no_900.jpg,notumor,notumor,True,0.011185584589838982,0.006748379673808813,0.9820305705070496,3.546980951796286e-05
Training/notumor/Tr-no_907.jpg,notumor,pituitary,False,0.0799359679222107,0.039718516170978546,0.27127015590667725,0.6090753674507141
Training/notumor/Tr-no_913.jpg,notumor,pituitary,False,0.006817132234573364,0.030512260273098946,0.00011003336840076372,0.9625605940818787
Training/notumor/Tr-no_919.jpg,notumor,glioma,False,0.6624619364738464,0.33024734258651733,0.007041843608021736,0.0002489426115062088
Training/notumor/Tr-no_92.jpg,notumor,notumor,True,0.023823807016015053,0.006813996471464634,0.9692976474761963,6.456002302002162e-05
Training/notumor/Tr-no_933.jpg,notumor,pituitary,False,0.00014180748257786036,5.8192126743961126e-05,0.00546684255823493,0.9943331480026245
Training/notumor/Tr-no_934.jpg,notumor,notumor,True,0.00011272865231148899,6.611500339204213e-06,0.999792754650116,8.798552880762145e-05
Training/notumor/Tr-no_942.jpg,notumor,notumor,True,6.279785884544253e-05,5.052171036368236e-05,0.9998674392700195,1.9213477571611293e-05
Training/notumor/Tr-no_95.jpg,notumor,notumor,True,0.0009788383031263947,0.0026137514505535364,0.9963975548744202,9.874555871647317e-06
Training/notumor/Tr-no_952.jpg,notumor,notumor,True,0.0004694987437687814,7.261160499183461e-05,0.9994509816169739,6.9393040575960185e-06
Training/notumor/Tr-no_969.jpg,notumor,pituitary,False,0.00014180748257786036,5.8192126743961126e-05,0.00546684255823493,0.9943331480026245
Training/notumor/Tr-no_97.jpg,notumor,notumor,True,0.005881410092115402,0.003947138786315918,0.9900873303413391,8.414067269768566e-05
Training/notumor/Tr-no_971.jpg,notumor,notumor,True,0.0006120816105976701,7.317812560359016e-05,0.9993131160736084,1.6907586086745141e-06
Training/notumor/Tr-no_974.jpg,notumor,notumor,True,0.0012825223384425044,0.00046106669469736516,0.9982409477233887,1.5469455320271663e-05
Training/notumor/Tr-no_976.jpg,notumor,notumor,True,0.00011366187391104177,0.0003613522567320615,0.9995208978652954,4.085656200913945e-06
Training/notumor/Tr-no_977.jpg,notumor,notumor,True,0.00021509856742341071,3.27151246892754e-05,0.9997376799583435,1.4595056200050749e-05
Training/notumor/Tr-no_99.jpg,notumor,notumor,True,0.330215722322464,0.2281649112701416,0.4409172832965851,0.0007021286874078214
Training/notumor/Tr-no_997.jpg,notumor,notumor,True,0.0006714211776852608,7.982918032212183e-05,0.9992086291313171,4.009801341453567e-05
Training/pituitary/Tr-pi_100.jpg,pituitary,pituitary,True,0.0001450688869226724,0.00025622904649935663,0.005504595581442118,0.9940940737724304
Training/pituitary/Tr-pi_1001.jpg,pituitary,pituitary,True,0.0003611074935179204,0.0009294026531279087,1.8117866602551658e-06,0.99870765209198
Training/pituitary/Tr-pi_1004.jpg,pituitary,pituitary,True,6.156677409308031e-05,7.262451254064217e-05,4.8460733523825184e-05,0.999817430973053
Training/pituitary/Tr-pi_1006.jpg,pituitary,pituitary,True,0.00047374036512337625,0.0023444995749741793,6.508812930405838e-06,0.9971752166748047
Training/pituitary/Tr-pi_1012.jpg,pituitary,pituitary,True,0.0002219915622845292,0.00015771207108628005,9.135455002251547e-06,0.9996111989021301
Training/pituitary/Tr-pi_1016.jpg,pituitary,pituitary,True,5.131803482072428e-05,6.321840919554234e-05,9.163316281046718e-05,0.9997938275337219
Training/pituitary/Tr-pi_102.jpg,pituitary,pituitary,True,0.0008215632988139987,5.336798858479597e-05,7.602247933391482e-05,0.9990490078926086
Training/pituitary/Tr-pi_1020.jpg,pituitary,pituitary,True,4.6414355892920867e-05,0.0010876902379095554,1.7549727999721654e-05,0.9988483190536499
Training/pituitary/Tr-pi_1027.jpg,pituitary,pituitary,True,7.985991396708414e-05,6.484687037300318e-05,7.448679298249772e-06,0.9998477697372437
Training/pituitary/Tr-pi_1039.jpg,pituitary,pituitary,True,3.4214022889500484e-05,0.0015786447329446673,1.4662232388218399e-05,0.998372495174408
Training/pituitary/Tr-pi_1042.jpg,pituitary,pituitary,True,0.0009027664782479405,0.14357228577136993,2.347646477574017e-05,0.8555014729499817
Training/pituitary/Tr-pi_105.jpg,pituitary,pituitary,True,0.00010226123413303867,0.00012143428466515616,0.0028321787249296904,0.9969441294670105
Training/pituitary/Tr-pi_1054.jpg,pituitary,pituitary,True,0.015742210671305656,0.005426767282187939,6.896518607391044e-05,0.9787620306015015
Training/pituitary/Tr-pi_1064.jpg,pituitary,pituitary,True,3.6230099794920534e-05,2.801765913318377e-05,2.3493254047934897e-05,0.9999122619628906
Training/pituitary/Tr-pi_1065.jpg,pituitary,pituitary,True,0.004811563063412905,0.0195040013641119,4.74263470096048e-06,0.9756796956062317
Training/pituitary/Tr-pi_1066.jpg,pituitary,pituitary,True,9.902492456603795e-05,4.36756199633237e-05,1.589470230101142e-05,0.9998413324356079
Training/pituitary/Tr-pi_1069.jpg,pituitary,pituitary,True,5.633764521917328e-05,0.0005047500017099082,2.638859768921975e-06,0.9994361996650696
Training/pituitary/Tr-pi_1077.jpg,pituitary,pituitary,True,0.0031647782307118177,0.024670112878084183,2.6879890810960205e-06,0.9721624255180359
Training/pituitary/Tr-pi_1080.jpg,pituitary,pituitary,True,9.153807332040742e-05,0.00011536071542650461,7.598233423777856e-06,0.9997854828834534
Training/pituitary/Tr-pi_1085.jpg,pituitary,glioma,False,0.9312030076980591,0.006767293903976679,0.0024480021093040705,0.05958181619644165
Training/pituitary/Tr-pi_1090.jpg,pituitary,pituitary,True,0.0007867934182286263,0.025621822103857994,9.401496936334297e-05,0.9734973311424255
Training/pituitary/Tr-pi_1093.jpg,pituitary,pituitary,True,0.00017037590441759676,7.221873238449916e-05,3.65430059900973e-05,0.9997208714485168
Training/pituitary/Tr-pi_1095.jpg,pituitary,pituitary,True,0.00015227471885737032,0.00821294542402029,4.095515760127455e-05,0.9915938377380371
Training/pituitary/Tr-pi_1103.jpg,pituitary,pituitary,True,0.09268491715192795,0.0021947112400084734,0.00013031717389822006,0.9049900770187378
Training/pituitary/Tr-pi_111.jpg,pituitary,pituitary,True,7.466621173080057e-05,0.000812116137240082,3.1697021768195555e-05,0.9990814924240112
Training/pituitary/Tr-pi_1116.jpg,pituitary,pituitary,True,0.009100575931370258,0.005598650313913822,1.6256935850833543e-06,0.9852991104125977
Training/pituitary/Tr-pi_1128.jpg,pituitary,pituitary,True,0.00011637346324278042,0.0001977469801204279,4.0656964301888365e-06,0.999681830406189
Training/pituitary/Tr-pi_1130.jpg,pituitary,pituitary,True,4.425345832714811e-05,6.326453149085864e-05,2.8353992092888802e-05,0.9998641014099121
Training/pituitary/Tr-pi_1139.jpg,pituitary,pituitary,True,0.0004447151441127062,0.0003211439761798829,0.026708343997597694,0.9725258350372314
Training/pituitary/Tr-pi_1141.jpg,pituitary,glioma,False,0.9154422879219055,0.0018105654744431376,0.002228138269856572,0.08051905781030655
Training/pituitary/Tr-pi_1148.jpg,pituitary,meningioma,False,0.028280673548579216,0.9350770711898804,5.461240652948618e-05,0.036587588489055634
Training/pituitary/Tr-pi_115.jpg,pituitary,pituitary,True,8.125793101498857e-05,2.5096043827943504e-05,0.00010749916691565886,0.9997861981391907
Training/pituitary/Tr-pi_1151.jpg,pituitary,pituitary,True,0.0005878753145225346,6.922182365087792e-05,0.0012435253011062741,0.9980993866920471
Training/pituitary/Tr-pi_1166.jpg,pituitary,pituitary,True,0.0006360216066241264,0.0042791240848600864,0.0003674594045151025,0.9947174191474915
Training/pituitary/Tr-pi_117.jpg,pituitary,pituitary,True,0.0001384386996505782,0.0003621289215516299,0.00014566117897629738,0.99935382604599
Training/pituitary/Tr-pi_1179.jpg,pituitary,pituitary,True,0.0003451349039096385,0.020703986287117004,4.343366981629515e-06,0.9789465665817261
Training/pituitary/Tr-pi_1190.jpg,pituitary,pituitary,True,9.05751294340007e-05,0.0003186806570738554,0.00014460536476690322,0.9994460940361023
Training/pituitary/Tr-pi_1192.jpg,pituitary,pituitary,True,9.726978169055656e-05,0.0001316145499004051,6.065624802431557e-06,0.9997650980949402
Training/pituitary/Tr-pi_1199.jpg,pituitary,pituitary,True,3.9716134779155254e-05,0.00014987841132096946,5.122793936607195e-06,0.9998052716255188
Training/pituitary/Tr-pi_1204.jpg,pituitary,pituitary,True,0.0018090707017108798,0.0006184930098243058,1.0068307346955407e-05,0.9975624084472656
Training/pituitary/Tr-pi_1228.jpg,pituitary,meningioma,False,0.008616629987955093,0.9833840131759644,1.1489769349282142e-05,0.007987774908542633
Training/pituitary/Tr-pi_1238.jpg,pituitary,pituitary,True,0.002186379861086607,0.0012462285812944174,4.40017793152947e-05,0.9965233206748962
Training/pituitary/Tr-pi_1240.jpg,pituitary,pituitary,True,0.40730613470077515,0.007267248351126909,0.0012916292762383819,0.5841350555419922
Training/pituitary/Tr-pi_1241.jpg,pituitary,pituitary,True,7.984168769326061e-05,0.0026596644893288612,9.861826583801303e-06,0.9972506165504456
Training/pituitary/Tr-pi_1249.jpg,pituitary,glioma,False,0.5758353471755981,0.1427980661392212,2.0609391867765225e-05,0.28134599328041077
Training/pituitary/Tr-pi_1263.jpg,pituitary,pituitary,True,0.0027173880953341722,0.0025835835840553045,1.9386996427783743e-05,0.9946796298027039
Training/pituitary/Tr-pi_1264.jpg,pituitary,pituitary,True,0.0004789420054294169,9.758491069078445e-05,6.661478437308688e-06,0.9994168281555176
Training/pituitary/Tr-pi_1265.jpg,pituitary,pituitary,True,0.0007502534426748753,0.0007690801285207272,1.508504465164151e-05,0.9984656572341919
Training/pituitary/Tr-pi_1276.jpg,pituitary,glioma,False,0.6865152716636658,0.0012056687846779823,0.00022702940623275936,0.31205201148986816
Training/pituitary/Tr-pi_1280.jpg,pituitary,pituitary,True,0.013490707613527775,0.002977508120238781,6.154942184366519e-06,0.9835256338119507
Training/pituitary/Tr-pi_1282.jpg,pituitary,pituitary,True,0.0042282347567379475,0.14990615844726562,1.942737253557425e-05,0.8458462357521057
Training/pituitary/Tr-pi_1286.jpg,pituitary,pituitary,True,0.00011636704584816471,8.106138557195663e-05,7.1573776949662715e-06,0.9997953772544861
Training/pituitary/Tr-pi_1288.jpg,pituitary,pituitary,True,2.5083116270252503e-05,0.00015359367534983903,5.724338552681729e-05,0.9997640252113342
Training/pituitary/Tr-pi_1290.jpg,pituitary,pituitary,True,0.00014307467790786177,0.00046100845793262124,4.715266186394729e-06,0.9993911981582642
Training/pituitary/Tr-pi_1293.jpg,pituitary,pituitary,True,0.0002547849726397544,0.00045717277680523694,9.678176866145805e-05,0.9991912245750427
Training/pituitary/Tr-pi_130.jpg,pituitary,pituitary,True,0.01368761621415615,0.18948101997375488,0.00021749180450569838,0.7966138124465942
Training/pituitary/Tr-pi_1304.jpg,pituitary,pituitary,True,0.00036539181019179523,0.0007117175264284015,5.7094871408480685e-06,0.9989172220230103
Training/pituitary/Tr-pi_1312.jpg,pituitary,pituitary,True,0.001401547808200121,7.360662129940465e-05,1.5728111975477077e-05,0.9985091090202332
Training/pituitary/Tr-pi_1326.jpg,pituitary,pituitary,True,0.0040992265567183495,0.021078914403915405,4.679233370552538e-06,0.9748172163963318
Training/pituitary/Tr-pi_1329.jpg,pituitary,pituitary,True,0.003587002633139491,0.017820950597524643,1.0164316336158663e-05,0.9785818457603455
Training/pituitary/Tr-pi_1346.jpg,pituitary,pituitary,True,0.00021453712543006986,0.0001718816056381911,0.0018650973215699196,0.9977484345436096
Training/pituitary/Tr-pi_1351.jpg,pituitary,pituitary,True,0.004384696949273348,0.01187920942902565,1.9998019524791744e-06,0.983734130859375
Training/pituitary/Tr-pi_1356.jpg,pituitary,pituitary,True,0.00037867118953727186,0.00044452305883169174,2.9910241210018285e-05,0.9991469383239746
Training/pituitary/Tr-pi_1363.jpg,pituitary,pituitary,True,0.00028505813679657876,0.026642847806215286,3.930483217118308e-06,0.973068118095398
Training/pituitary/Tr-pi_1377.jpg,pituitary,pituitary,True,0.0006444624741561711,0.0024145159404724836,0.0001435137673979625,0.996797502040863
Training/pituitary/Tr-pi_1378.jpg,pituitary,pituitary,True,0.1314474642276764,0.013240385800600052,5.7585284594097175e-06,0.8553063869476318
Training/pituitary/Tr-pi_1379.jpg,pituitary,pituitary,True,0.0002906763111241162,0.00011322947830194607,3.8655107346130535e-05,0.9995574355125427
Training/pituitary/Tr-pi_138.jpg,pituitary,pituitary,True,9.26348366192542e-05,0.00016357765707653016,0.002658791607245803,0.9970850348472595
Training/pituitary/Tr-pi_1382.jpg,pituitary,pituitary,True,0.09321235865354538,0.003794687334448099,0.00013053970178589225,0.9028624892234802
Training/pituitary/Tr-pi_1387.jpg,pituitary,pituitary,True,0.0005501543637365103,0.0001899329072330147,3.1081381166586652e-06,0.9992567896842957
Training/pituitary/Tr-pi_1389.jpg,pituitary,pituitary,True,0.0004471877764444798,0.0002015915815718472,1.944270661624614e-05,0.9993317723274231
Training/pituitary/Tr-pi_1392.jpg,pituitary,pituitary,True,0.018995055928826332,0.004237288609147072,1.217572844325332e-05,0.9767555594444275
Training/pituitary/Tr-pi_148.jpg,pituitary,glioma,False,0.9525244832038879,0.0026562302373349667,4.501067451201379e-05,0.04477422311902046
Training/pituitary/Tr-pi_151.jpg,pituitary,pituitary,True,0.00021496540284715593,8.271775004686788e-05,1.356765005766647e-05,0.9996887445449829
Training/pituitary/Tr-pi_164.jpg,pituitary,pituitary,True,0.0009871540823951364,0.01741102524101734,1.168831113318447e-05,0.9815900921821594
Training/pituitary/Tr-pi_165.jpg,pituitary,glioma,False,0.7529608607292175,0.004562589339911938,0.0002525519230403006,0.24222400784492493
Training/pituitary/Tr-pi_168.jpg,pituitary,pituitary,True,0.0003215140022803098,0.00030336668714880943,3.891094365826575e-06,0.9993712306022644
Training/pituitary/Tr-pi_176.jpg,pituitary,pituitary,True,8.243959746323526e-05,8.196485578082502e-05,8.491067092109006e-06,0.9998270869255066
Training/pituitary/Tr-pi_179.jpg,pituitary,pituitary,True,0.0002061017439700663,0.00034809851786121726,1.868945219030138e-05,0.999427080154419
Training/pituitary/Tr-pi_186.jpg,pituitary,pituitary,True,0.005631695501506329,0.029848959296941757,1.3180662790546194e-05,0.9645061492919922
Training/pituitary/Tr-pi_190.jpg,pituitary,pituitary,True,0.002324959496036172,0.0047721294686198235,7.719923814875074e-06,0.9928951859474182
Training/pituitary/Tr-pi_191.jpg,pituitary,pituitary,True,0.00032653595553711057,0.0001208715548273176,1.938477907970082e-05,0.9995331764221191
Training/pituitary/Tr-pi_196.jpg,pituitary,pituitary,True,0.00012057729327352718,0.0016577908536419272,3.878923962474801e-06,0.998217761516571
Training/pituitary/Tr-pi_201.jpg,pituitary,pituitary,True,0.00013832944387104362,0.0010106014087796211,0.0003753643832169473,0.9984757304191589
Training/pituitary/Tr-pi_209.jpg,pituitary,pituitary,True,0.0005736775929108262,6.30787544650957e-05,2.3065957066137344e-05,0.9993401169776917
Training/pituitary/Tr-pi_213.jpg,pituitary,pituitary,True,4.368009831523523e-05,5.3023766668047756e-05,8.048536074056756e-06,0.9998952150344849
Training/pituitary/Tr-pi_217.jpg,pituitary,pituitary,True,0.000130967513541691,0.0028171518351882696,1.5339050150942057e-05,0.9970365762710571
Training/pituitary/Tr-pi_224.jpg,pituitary,pituitary,True,0.0005750065320171416,0.00015895300020929426,4.1592298657633364e-05,0.9992244243621826
Training/pituitary/Tr-pi_227.jpg,pituitary,pituitary,True,0.034776054322719574,0.016635017469525337,1.628282552701421e-05,0.9485726356506348
Training/pituitary/Tr-pi_235.jpg,pituitary,pituitary,True,0.0006179896299727261,0.0002751676656771451,4.154689577262616e-06,0.9991027116775513
Training/pituitary/Tr-pi_249.jpg,pituitary,pituitary,True,0.15763257443904877,0.10836625844240189,9.775671060197055e-05,0.7339033484458923
Training/pituitary/Tr-pi_26.jpg,pituitary,pituitary,True,0.0001602210249984637,0.00011871330934809521,3.0964213237894e-06,0.9997178912162781
Training/pituitary/Tr-pi_266.jpg,pituitary,pituitary,True,0.00013563019456341863,0.0010399955790489912,6.900983134983107e-05,0.9987553358078003
Training/pituitary/Tr-pi_27.jpg,pituitary,pituitary,True,0.0009310265304520726,0.0005198420840315521,1.1440261914685834e-05,0.9985376596450806
Training/pituitary/Tr-pi_280.jpg,pituitary,pituitary,True,3.738998930202797e-05,0.00011078066017944366,8.689176866027992e-06,0.9998431205749512
Training/pituitary/Tr-pi_29.jpg,pituitary,pituitary,True,7.245496090035886e-05,0.00047510553849861026,7.6019923653802834e-06,0.9994447827339172
Training/pituitary/Tr-pi_290.jpg,pituitary,pituitary,True,0.002379348501563072,0.0008764861850067973,1.4412482414627448e-05,0.9967297315597534
Training/pituitary/Tr-pi_293.jpg,pituitary,pituitary,True,0.00027542217867448926,0.0002947916218545288,2.693215719773434e-06,0.999427080154419
Training/pituitary/Tr-pi_296.jpg,pituitary,pituitary,True,0.0007800922030583024,0.004674751777201891,3.914793069270672e-06,0.9945412278175354
Training/pituitary/Tr-pi_297.jpg,pituitary,pituitary,True,4.826299846172333e-05,0.00012133247219026089,3.7058573525428073e-06,0.9998267292976379
Training/pituitary/Tr-pi_315.jpg,pituitary,pituitary,True,8.526221790816635e-05,0.0001314291439484805,3.137592784696608e-06,0.9997802376747131
Training/pituitary/Tr-pi_317.jpg,pituitary,pituitary,True,0.001459556631743908,0.018155882135033607,2.591914380900562e-06,0.980381965637207
Training/pituitary/Tr-pi_319.jpg,pituitary,pituitary,True,0.0006655124598182738,0.05612397566437721,0.00014216674026101828,0.9430683255195618
Training/pituitary/Tr-pi_331.jpg,pituitary,pituitary,True,0.00033175008138641715,0.0004919209750369191,7.837459634174593e-06,0.9991685152053833
Training/pituitary/Tr-pi_335.jpg,pituitary,pituitary,True,0.004668956156820059,0.38517507910728455,2.546020914451219e-05,0.6101305484771729
Training/pituitary/Tr-pi_337.jpg,pituitary,pituitary,True,0.0016534358728677034,0.0009549528476782143,2.6672150852391496e-05,0.9973649382591248
Training/pituitary/Tr-pi_343.jpg,pituitary,pituitary,True,0.0005584856262430549,0.00018548259686212987,4.834451829083264e-05,0.9992076754570007
Training/pituitary/Tr-pi_345.jpg,pituitary,pituitary,True,0.00015745413838885725,0.004274764563888311,9.77190302364761e-06,0.9955580830574036
Training/pituitary/Tr-pi_347.jpg,pituitary,pituitary,True,0.2588726580142975,0.011606840416789055,0.00048818596405908465,0.7290322780609131
Training/pituitary/Tr-pi_354.jpg,pituitary,pituitary,True,6.020155706210062e-05,6.451168155763298e-05,4.6827399273752235e-06,0.9998705387115479
Training/pituitary/Tr-pi_355.jpg,pituitary,pituitary,True,0.03447285294532776,0.0006551701808348298,0.0018888136837631464,0.9629831910133362
Training/pituitary/Tr-pi_372.jpg,pituitary,pituitary,True,0.0001638033427298069,0.002971113659441471,3.702088361023925e-05,0.996828019618988
Training/pituitary/Tr-pi_375.jpg,pituitary,pituitary,True,0.0007319878786802292,0.0014082483248785138,1.8064993128064089e-06,0.9978579878807068
Training/pituitary/Tr-pi_393.jpg,pituitary,pituitary,True,0.00010855760046979412,0.00012384737783577293,0.000418319134041667,0.9993492960929871
Training/pituitary/Tr-pi_4.jpg,pituitary,meningioma,False,0.004595389124006033,0.5534555912017822,0.00011716228618752211,0.4418318569660187
Training/pituitary/Tr-pi_408.jpg,pituitary,pituitary,True,0.00019313172379042953,0.001010717824101448,3.687400385388173e-05,0.9987592697143555
Training/pituitary/Tr-pi_415.jpg,pituitary,pituitary,True,0.0013747942866757512,4.3071999243693426e-05,0.0024915053509175777,0.9960905909538269
Training/pituitary/Tr-pi_416.jpg,pituitary,pituitary,True,0.00017804119852371514,9.52706832322292e-05,8.364087261725217e-05,0.999643087387085
Training/pituitary/Tr-pi_44.jpg,pituitary,pituitary,True,0.01844613254070282,0.004247243050485849,2.5933884899131954e-05,0.9772806763648987
Training/pituitary/Tr-pi_440.jpg,pituitary,pituitary,True,5.373039675760083e-05,0.00018633416038937867,4.138039003009908e-06,0.9997557997703552
Training/pituitary/Tr-pi_444.jpg,pituitary,pituitary,True,0.00038290597149170935,0.009691083803772926,2.472115920681972e-05,0.9899013042449951
Training/pituitary/Tr-pi_477.jpg,pituitary,pituitary,True,0.0002710161206778139,0.00043665285920724273,5.981833237456158e-05,0.9992325305938721
Training/pituitary/Tr-pi_48.jpg,pituitary,pituitary,True,0.0008137511904351413,0.004915658384561539,2.319421764696017e-05,0.994247317314148
Training/pituitary/Tr-pi_495.jpg,pituitary,pituitary,True,0.000131955835968256,0.00041155642247758806,0.00016176157805602998,0.9992947578430176
Training/pituitary/Tr-pi_500.jpg,pituitary,pituitary,True,0.028454400599002838,0.053632743656635284,0.00031460888567380607,0.9175982475280762
Training/pituitary/Tr-pi_506.jpg,pituitary,pituitary,True,0.003723538713529706,0.10251548141241074,4.945249384036288e-05,0.8937115669250488
Training/pituitary/Tr-pi_507.jpg,pituitary,pituitary,True,0.027974320575594902,0.0017930330941453576,0.00021884794114157557,0.9700138568878174
Training/pituitary/Tr-pi_512.jpg,pituitary,pituitary,True,0.0007234739605337381,5.188838258618489e-05,0.00016994052566587925,0.9990547299385071
Training/pituitary/Tr-pi_533.jpg,pituitary,pituitary,True,5.616326234303415e-05,5.995489118504338e-05,1.2658174455282278e-05,0.9998712539672852
Training/pituitary/Tr-pi_537.jpg,pituitary,pituitary,True,0.00015107069339137524,0.00042038544779643416,1.0886263225984294e-05,0.9994176626205444
Training/pituitary/Tr-pi_54.jpg,pituitary,glioma,False,0.5155784487724304,0.024243295192718506,9.99008261715062e-06,0.4601682722568512
Training/pituitary/Tr-pi_545.jpg,pituitary,pituitary,True,0.004772685933858156,0.02056402526795864,3.161975109833293e-05,0.974631667137146
Training/pituitary/Tr-pi_550.jpg,pituitary,pituitary,True,0.012047390453517437,0.007098889444023371,0.00013095414033159614,0.9807227253913879
Training/pituitary/Tr-pi_551.jpg,pituitary,pituitary,True,0.008823281154036522,0.008403101935982704,3.2640534755046247e-06,0.9827703237533569
Training/pituitary/Tr-pi_556.jpg,pituitary,pituitary,True,0.00014884647680446506,0.0002445130085106939,0.0009159680921584368,0.998690664768219
Training/pituitary/Tr-pi_557.jpg,pituitary,pituitary,True,0.0006731624016538262,0.0022346461191773415,9.916961971612182e-06,0.9970822930335999
Training/pituitary/Tr-pi_559.jpg,pituitary,pituitary,True,0.03533763438463211,0.027149168774485588,4.047222319059074e-06,0.9375091791152954
Training/pituitary/Tr-pi_561.jpg,pituitary,pituitary,True,3.201892104698345e-05,0.0010562859242781997,7.365243163803825e-06,0.9989043474197388
Training/pituitary/Tr-pi_566.jpg,pituitary,pituitary,True,0.000906537170521915,0.00012554223940242082,0.1950223743915558,0.8039456009864807
Training/pituitary/Tr-pi_568.jpg,pituitary,pituitary,True,0.004046976566314697,0.010065275244414806,1.3220525261203875e-06,0.9858864545822144
Training/pituitary/Tr-pi_57.jpg,pituitary,pituitary,True,0.00013093091547489166,0.0005795638426207006,0.0010341829620301723,0.9982553124427795
Training/pituitary/Tr-pi_573.jpg,pituitary,pituitary,True,5.934881482971832e-05,7.94514999142848e-05,7.967248166096397e-06,0.999853253364563
Training/pituitary/Tr-pi_586.jpg,pituitary,pituitary,True,8.959223487181589e-05,0.0007234434597194195,2.9624510716530494e-05,0.9991573095321655
Training/pituitary/Tr-pi_587.jpg,pituitary,pituitary,True,0.00017072474292945117,0.006124722305685282,4.583078862196999e-06,0.9936999082565308
Training/pituitary/Tr-pi_60.jpg,pituitary,pituitary,True,0.014233329333364964,0.004427522886544466,8.193527173716575e-05,0.9812572002410889
Training/pituitary/Tr-pi_608.jpg,pituitary,pituitary,True,0.00022099034686107188,0.00045962908188812435,8.428995897702407e-06,0.9993109703063965
Training/pituitary/Tr-pi_614.jpg,pituitary,pituitary,True,0.0053339856676757336,0.0007840350735932589,5.6551660236436874e-05,0.9938254356384277
Training/pituitary/Tr-pi_615.jpg,pituitary,pituitary,True,6.0335260059218854e-05,0.00011109519255114719,5.512770076165907e-05,0.9997734427452087
Training/pituitary/Tr-pi_623.jpg,pituitary,pituitary,True,4.902868386125192e-05,0.0007880330085754395,2.4855189622030593e-06,0.9991604089736938
Training/pituitary/Tr-pi_626.jpg,pituitary,pituitary,True,0.0001389040262438357,0.0007263169973157346,0.00020728578965645283,0.9989275336265564
Training/pituitary/Tr-pi_633.jpg,pituitary,pituitary,True,8.228759543271735e-05,0.00010061042121378705,0.0019097129115834832,0.9979074001312256
Training/pituitary/Tr-pi_643.jpg,pituitary,pituitary,True,0.0002119499258697033,6.044081237632781e-05,1.1495127182570286e-05,0.9997161030769348
Training/pituitary/Tr-pi_649.jpg,pituitary,pituitary,True,6.261686939978972e-05,0.0014447126304730773,4.2473595385672525e-05,0.9984501600265503
Training/pituitary/Tr-pi_652.jpg,pituitary,pituitary,True,0.0018858554540202022,0.0027968587819486856,6.552163085871143e-06,0.9953107237815857
Training/pituitary/Tr-pi_653.jpg,pituitary,pituitary,True,0.00011936253577005118,0.0001146758149843663,4.339507540862542e-06,0.9997616410255432
Training/pituitary/Tr-pi_664.jpg,pituitary,pituitary,True,0.0073735034093260765,0.3870217502117157,0.0005610695807263255,0.6050437092781067
Training/pituitary/Tr-pi_666.jpg,pituitary,pituitary,True,0.0009086834616027772,0.009596366435289383,3.169617912135436e-06,0.9894918203353882
Training/pituitary/Tr-pi_671.jpg,pituitary,pituitary,True,0.004298132378607988,0.021555298939347267,1.5100386917765718e-05,0.9741314053535461
Training/pituitary/Tr-pi_672.jpg,pituitary,pituitary,True,0.00016388935910072178,5.630377563647926e-05,0.00013347958156373352,0.9996463060379028
Training/pituitary/Tr-pi_674.jpg,pituitary,pituitary,True,0.0077405525371432304,0.07295870780944824,1.716922633931972e-05,0.9192835688591003
Training/pituitary/Tr-pi_680.jpg,pituitary,pituitary,True,9.724076517159119e-05,0.004298749845474958,5.2002269512740895e-06,0.9955987930297852
Training/pituitary/Tr-pi_681.jpg,pituitary,pituitary,True,0.00010945823305519298,0.0016718825791031122,2.9991984774824232e-05,0.9981886744499207
Training/pituitary/Tr-pi_69.jpg,pituitary,pituitary,True,0.00011415391054470092,0.0002717081515584141,4.5151824451750144e-05,0.9995689988136292
Training/pituitary/Tr-pi_693.jpg,pituitary,pituitary,True,0.0011992697836831212,0.004243049304932356,5.1636743592098355e-06,0.9945525527000427
Training/pituitary/Tr-pi_703.jpg,pituitary,pituitary,True,0.00019924496882595122,0.00011576967517612502,1.2311946193221956e-05,0.9996726512908936
Training/pituitary/Tr-pi_724.jpg,pituitary,pituitary,True,0.0002570992219261825,0.00027824915014207363,1.6746693290770054e-05,0.9994478821754456
Training/pituitary/Tr-pi_73.jpg,pituitary,pituitary,True,9.100630268221721e-05,1.8998833184014075e-05,6.076148565625772e-05,0.9998291730880737
Training/pituitary/Tr-pi_737.jpg,pituitary,pituitary,True,5.037689697928727e-05,0.00026793230790644884,6.80780476614018e-06,0.999674916267395
Training/pituitary/Tr-pi_758.jpg,pituitary,pituitary,True,0.0009668842540122569,0.0028400830924510956,1.9203864212613553e-05,0.9961737990379333
Training/pituitary/Tr-pi_776.jpg,pituitary,pituitary,True,0.09437642991542816,0.0035263344179838896,3.849682616419159e-05,0.9020587801933289
Training/pituitary/Tr-pi_777.jpg,pituitary,pituitary,True,7.323848694795743e-05,0.0017226473428308964,3.921377719962038e-05,0.9981649518013
Training/pituitary/Tr-pi_780.jpg,pituitary,pituitary,True,0.00022826282656751573,0.013387244194746017,1.1549382179509848e-05,0.9863729476928711
Training/pituitary/Tr-pi_782.jpg,pituitary,meningioma,False,0.010387074202299118,0.9820227026939392,7.5424609349283855e-06,0.007582720834761858
Training/pituitary/Tr-pi_786.jpg,pituitary,pituitary,True,0.005891423672437668,0.00010294406092725694,7.432382699334994e-05,0.9939312934875488
Training/pituitary/Tr-pi_788.jpg,pituitary,pituitary,True,0.010473407804965973,9.308599692303687e-05,4.4276079279370606e-05,0.9893892407417297
Training/pituitary/Tr-pi_797.jpg,pituitary,pituitary,True,0.0015531196258962154,0.0004530155856627971,7.906052815087605e-06,0.9979859590530396
Training/pituitary/Tr-pi_798.jpg,pituitary,pituitary,True,0.0049123880453407764,4.842266935156658e-05,0.00014299257600214332,0.9948962330818176
Training/pituitary/Tr-pi_81.jpg,pituitary,pituitary,True,7.56729714339599e-05,0.00035944589762948453,0.00019944226369261742,0.999365508556366
Training/pituitary/Tr-pi_810.jpg,pituitary,pituitary,True,5.5667445849394426e-05,2.0742510969284922e-05,2.4801916879368946e-05,0.9998987913131714
Training/pituitary/Tr-pi_814.jpg,pituitary,pituitary,True,0.0009314302587881684,0.0004206816083751619,0.0005813594325445592,0.9980664849281311
Training/pituitary/Tr-pi_824.jpg,pituitary,pituitary,True,0.00010665563604561612,0.00027007085736840963,6.309180662356084e-06,0.9996169805526733
Training/pituitary/Tr-pi_828.jpg,pituitary,pituitary,True,5.897946539334953e-05,0.0012716761557385325,1.590219198988052e-06,0.9986677169799805
Training/pituitary/Tr-pi_834.jpg,pituitary,pituitary,True,0.00017891862080432475,0.017664607614278793,3.841902980639134e-06,0.9821526408195496
Training/pituitary/Tr-pi_838.jpg,pituitary,pituitary,True,4.1065366531256586e-05,0.00030761337256990373,3.8947578104853164e-06,0.9996473789215088
Training/pituitary/Tr-pi_84.jpg,pituitary,pituitary,True,6.054775803931989e-05,2.6707930373959243e-05,6.532778206747025e-05,0.999847412109375
Training/pituitary/Tr-pi_840.jpg,pituitary,pituitary,True,0.001612320775166154,0.0002561619330663234,1.5919105862849392e-05,0.9981156587600708
Training/pituitary/Tr-pi_850.jpg,pituitary,pituitary,True,4.855617225985043e-05,0.0003002415469381958,8.189525942725595e-06,0.9996429681777954
Training/pituitary/Tr-pi_87.jpg,pituitary,pituitary,True,0.00020973045320715755,0.011425608769059181,4.606685251928866e-06,0.9883600473403931
Training/pituitary/Tr-pi_874.jpg,pituitary,meningioma,False,0.07310894876718521,0.6328334808349609,0.0005604880279861391,0.29349708557128906
Training/pituitary/Tr-pi_887.jpg,pituitary,pituitary,True,7.028112304396927e-05,0.000345439970260486,0.00012481333396863192,0.999459445476532
Training/pituitary/Tr-pi_89.jpg,pituitary,pituitary,True,0.0010309655917808414,0.00014095894584897906,2.0698107618954964e-05,0.998807430267334
Training/pituitary/Tr-pi_890.jpg,pituitary,pituitary,True,0.00017394263704773039,0.0002196870482293889,1.9214228814234957e-05,0.9995871186256409
Training/pituitary/Tr-pi_892.jpg,pituitary,pituitary,True,0.0003842603473458439,0.0020214540418237448,4.892045126325684e-06,0.9975894689559937
Training/pituitary/Tr-pi_899.jpg,pituitary,pituitary,True,4.901978900306858e-05,0.00011012184404535219,1.3541155567509122e-05,0.9998273253440857
Training/pituitary/Tr-pi_900.jpg,pituitary,pituitary,True,0.00012118097947677597,0.0007997163338586688,1.500078087701695e-05,0.9990641474723816
Training/pituitary/Tr-pi_901.jpg,pituitary,pituitary,True,0.0030358820222318172,0.00686000706627965,1.797487925614405e-06,0.9901022911071777
Training/pituitary/Tr-pi_906.jpg,pituitary,pituitary,True,8.707470260560513e-05,0.00016386453353334218,6.21362914898782e-06,0.9997428059577942
Training/pituitary/Tr-pi_91.jpg,pituitary,glioma,False,0.9311479926109314,0.04009015113115311,2.25248841161374e-05,0.028739292174577713
Training/pituitary/Tr-pi_917.jpg,pituitary,pituitary,True,0.00033385088318027556,0.0006010106881149113,2.0294462956371717e-05,0.9990448355674744
Training/pituitary/Tr-pi_922.jpg,pituitary,pituitary,True,0.0001947039709193632,0.0005030595930293202,8.658954357088078e-06,0.9992935657501221
Training/pituitary/Tr-pi_926.jpg,pituitary,pituitary,True,0.000241039801039733,0.00022657310182694346,0.002012826269492507,0.9975195527076721
Training/pituitary/Tr-pi_927.jpg,pituitary,pituitary,True,0.002163813915103674,0.03477338328957558,3.8295722333714366e-05,0.9630244970321655
Training/pituitary/Tr-pi_931.jpg,pituitary,pituitary,True,5.2275940106483176e-05,0.00019551769946701825,2.8549997296067886e-05,0.9997236132621765
Training/pituitary/Tr-pi_941.jpg,pituitary,pituitary,True,0.004893133416771889,0.016651827841997147,3.217621269868687e-05,0.9784228205680847
Training/pituitary/Tr-pi_948.jpg,pituitary,glioma,False,0.544101357460022,0.42792975902557373,0.0020005223341286182,0.025968356058001518
Training/pituitary/Tr-pi_961.jpg,pituitary,pituitary,True,0.00012870565115008503,5.50562544958666e-05,7.401110906357644e-06,0.9998088479042053
Training/pituitary/Tr-pi_964.jpg,pituitary,pituitary,True,0.0003052766842301935,0.00013906809908803552,4.091966275154846e-06,0.9995515942573547
Training/pituitary/Tr-pi_968.jpg,pituitary,pituitary,True,0.00011991679639322683,0.0007575712515972555,6.355075311148539e-05,0.9990590214729309
Training/pituitary/Tr-pi_97.jpg,pituitary,pituitary,True,0.0006950993556529284,0.0003035980917047709,3.1593648600392044e-05,0.9989696741104126
Training/pituitary/Tr-pi_973.jpg,pituitary,pituitary,True,0.00020011393644381315,0.000198146139155142,5.871209214092232e-05,0.9995430707931519
Training/pituitary/Tr-pi_974.jpg,pituitary,pituitary,True,0.00010756430128822103,0.0005997221451252699,3.972350441472372e-06,0.9992886781692505
Training/pituitary/Tr-pi_975.jpg,pituitary,pituitary,True,0.0007455540471710265,9.309720189776272e-05,2.8173672035336494e-05,0.9991331696510315
Training/pituitary/Tr-pi_997.jpg,pituitary,pituitary,True,0.00036203640047460794,8.719096513232216e-05,7.098627975210547e-05,0.9994798302650452
