path,label,orig_split,name_has_aug,bytes,md5,width,height,mode,dhash,error
Testing/glioma/Te-gl_1.jpg,glioma,testing,False,30302,5aae5fc48e326885ec0f62347fc1e522,354,442,RGB,71f0e8f0d0aa96f0,
Testing/glioma/Te-gl_10.jpg,glioma,testing,False,16501,e7a0e2e8123e0e4ad59760ee9f1c15cd,512,512,L,b070d4f8e8d4e972,
Testing/glioma/Te-gl_100.jpg,glioma,testing,False,17353,1d28762fdc43e105d35216a05125b808,512,512,L,b068dcd4d0c8f0f0,
Testing/glioma/Te-gl_101.jpg,glioma,testing,False,25363,1575bb71ad87fbf2541ebf5fddea18e4,512,512,L,61cca8e4a29ac6e6,
Testing/glioma/Te-gl_102.jpg,glioma,testing,False,25052,a66b44e2daf158a94443a5d54a60ba02,339,406,RGB,e8c8aaeac8d6c6f0,
Testing/glioma/Te-gl_103.jpg,glioma,testing,False,35744,cd50d3ca8b93f50d6e8f0c31f3500c70,541,477,RGB,38c888d0d385c6f2,
Testing/glioma/Te-gl_104.jpg,glioma,testing,False,26379,b96cf0c953e1d7b25a7d0f0fbe1a7caa,512,512,RGB,b2f0cce8c4d0c8e1,
Testing/glioma/Te-gl_105.jpg,glioma,testing,False,18771,f5e0d454d46e5035f023ec65c4aa9666,512,512,L,61e8d4dcccd0e4c1,
Testing/glioma/Te-gl_106.jpg,glioma,testing,False,11480,2905e1a353a1f5878ff4070f34f641bc,236,236,RGB,70f0e4e4b4f4f470,
Testing/glioma/Te-gl_107.jpg,glioma,testing,False,17691,105bd16648cef8ab25f1778ace3710fe,512,512,L,0461d0d0d4dcf46c,
Testing/glioma/Te-gl_108.jpg,glioma,testing,False,33054,7ff702d989849b8e2556399629d85149,512,512,RGB,39f0dcf4d4b8f4fc,
Testing/glioma/Te-gl_109.jpg,glioma,testing,False,12728,824ae9c10e72c1c5ce47b73eddb1be43,236,236,RGB,01d8e4e2dab6d4cc,
Testing/glioma/Te-gl_11.jpg,glioma,testing,False,21076,80d536251322571bd04e47e1ce914bb9,512,512,L,62d0c4e0ccb8c4e1,
Testing/glioma/Te-gl_110.jpg,glioma,testing,False,20255,daabdb4c5a01385db0fefad0380242b1,512,512,L,63c8d0e4ccda74b0,
Testing/glioma/Te-gl_111.jpg,glioma,testing,False,20128,aee3e3efc085f8b3c085af81cf86017b,512,512,RGB,b270f4ecc4d4f0b2,
Testing/glioma/Te-gl_112.jpg,glioma,testing,False,27701,7cebf405d53382d84803f10ec52d9d32,512,512,RGB,70ccd4ec94e4ece0,
Testing/glioma/Te-gl_113.jpg,glioma,testing,False,24480,dc4f7ce1d91bfc44208d64757caf252d,512,512,L,61d0b4b29ca4a2d0,
Testing/glioma/Te-gl_114.jpg,glioma,testing,False,22733,efc2dd3819f0b690e0193fa2af9935a0,512,512,L,e2c9b4b498e0e4e1,
Testing/glioma/Te-gl_115.jpg,glioma,testing,False,26332,3935b0a1ede176b36da7ea5a0b3153d1,338,411,RGB,32f8e8eae4e4c2f0,
Testing/glioma/Te-gl_116.jpg,glioma,testing,False,20982,50fb07fe1a565a5d38bed45cd6486498,512,512,RGB,b2e9c8d4f0d470b2,
Testing/glioma/Te-gl_117.jpg,glioma,testing,False,19578,6db6ecb1e1bccb4ebbddc01fb988ea7f,512,512,L,71e8d4d4c8e8cce8,
Testing/glioma/Te-gl_118.jpg,glioma,testing,False,30635,2c096e214669ac5f8ad4a0c3af312ab4,512,512,RGB,997cf4d0ccd4d969,
Testing/glioma/Te-gl_119.jpg,glioma,testing,False,20930,d8ffae552ab4492ff7681bb73e3335d6,512,512,L,63d0b4a4c8d2f8d8,
Testing/glioma/Te-gl_12.jpg,glioma,testing,False,20501,3432e0cc708f246b808726d53e7e7c0a,512,512,RGB,b269f4c0d8c87092,
Testing/glioma/Te-gl_120.jpg,glioma,testing,False,19218,c5c70f572740342dfa0717a68ff0308b,384,382,RGB,b069d4ecd8d060f1,
Testing/glioma/Te-gl_121.jpg,glioma,testing,False,26032,c49cd3f6c529cf4288f14b98694d19f7,512,512,RGB,b2e8e8e8cce4d4d9,
Testing/glioma/Te-gl_122.jpg,glioma,testing,False,17903,de2ab60a69b302b91b0ebd653e37a9f2,512,512,L,b278c8d8d0c8dc62,
Testing/glioma/Te-gl_123.jpg,glioma,testing,False,16190,4eeb514743bb4166245adcd4d3f482f8,512,512,L,b269d0fce4ec70b2,
Testing/glioma/Te-gl_124.jpg,glioma,testing,False,20418,ea48738a7b6c50be9b73e511290737d2,512,512,L,06e1d4f49894d4d8,
Testing/glioma/Te-gl_125.jpg,glioma,testing,False,16995,d734688201409f4c16f4facca8a81dc3,512,512,L,8270e8d4f0e87082,
Testing/glioma/Te-gl_126.jpg,glioma,testing,False,29707,5999faeaf94ba688339cfb857e7e47d3,360,380,RGB,f0c8a4a4dc6151e8,
Testing/glioma/Te-gl_127.jpg,glioma,testing,False,24653,3087e1ad087630d14708141a7e33131c,512,512,L,e18898e2acbaa6a4,
Testing/glioma/Te-gl_128.jpg,glioma,testing,False,18699,328e8df712aa5d445f4aca580e93cd28,512,512,L,b268c8f4b0d07192,
Testing/glioma/Te-gl_129.jpg,glioma,testing,False,14885,ee6e22476c4f669b43d82fa9f5ab2abf,200,249,RGB,f1c0b8b8b898c8e0,
Testing/glioma/Te-gl_13.jpg,glioma,testing,False,21906,e45756abb70254b4dced93d22d7b3303,512,512,L,63c0a4e0f4d0d0e1,
Testing/glioma/Te-gl_130.jpg,glioma,testing,False,19207,1061017f8f24d9723205cfae60bb9294,512,512,L,b261c8d4ccccf069,
Testing/glioma/Te-gl_131.jpg,glioma,testing,False,26550,b381ba0ff497e53b49ece369490a437d,512,512,L,e1dcaa4a42ac8e88,
Testing/glioma/Te-gl_132.jpg,glioma,testing,False,20318,c07df06025067613e379cc2b2da8558d,512,512,RGB,b078cce8d0d4e0b2,
Testing/glioma/Te-gl_133.jpg,glioma,testing,False,45012,a4ede403caf0afc561911ece64e5c2b0,526,583,RGB,30f8e0e2f8d8d834,
Testing/glioma/Te-gl_134.jpg,glioma,testing,False,25055,87997437a47a13da53e2fba43c116eea,512,512,L,e1d0a4aa9ca4a4d0,
Testing/glioma/Te-gl_135.jpg,glioma,testing,False,18005,12c983b4214fb6140d69fa85a1244962,512,512,L,b260d4ccd4d470b2,
Testing/glioma/Te-gl_136.jpg,glioma,testing,False,23774,8c06c71e7e79d779f3f5ebc728707aa8,512,512,RGB,b068ccd6b0d0c870,
Testing/glioma/Te-gl_137.jpg,glioma,testing,False,24251,275c7e4df6e01caa3e751ca9edd14a18,512,512,L,e1c4aca6b4b49090,
Testing/glioma/Te-gl_138.jpg,glioma,testing,False,23532,91955c084ba4cccb87486958aca25252,512,512,L,61e0d8d4f4f0f2e0,
Testing/glioma/Te-gl_139.jpg,glioma,testing,False,21709,a51b9f72e750cf21a58f4d2ae119a64a,512,512,RGB,b270c8d4d0ec78b2,
Testing/glioma/Te-gl_14.jpg,glioma,testing,False,26610,4def22b94eb7b6e41ebd79c1d946a2d7,512,512,RGB,32e8d4c8d8cc61b2,
Testing/glioma/Te-gl_140.jpg,glioma,testing,False,52874,cfe978f4870cfc42980c522bf749de92,510,602,RGB,f9d89269ec9cd878,
Testing/glioma/Te-gl_141.jpg,glioma,testing,False,19209,2f3eddc1e9ca97e4a152da054da04743,512,512,RGB,b269c4c8d4d460b2,
Testing/glioma/Te-gl_142.jpg,glioma,testing,False,23139,e709075013a76cef21fcf43a53a20259,512,512,L,62e1d4b29cdcf460,
Testing/glioma/Te-gl_143.jpg,glioma,testing,False,14413,7aec05f6498b98fca1451348adec402c,236,298,RGB,69d4b0e0caeaf071,
Testing/glioma/Te-gl_144.jpg,glioma,testing,False,48294,557074c0f2215c6453fd61461aafc59a,544,564,RGB,69dcaabaa8e8d471,
Testing/glioma/Te-gl_145.jpg,glioma,testing,False,15217,4e75b82f7dcf3b5b378d6cbbebdd8407,512,512,L,9ab96cd4d4e8f284,
Testing/glioma/Te-gl_146.jpg,glioma,testing,False,22535,a66049bb34069aebb5cebf4416d79c2f,512,512,RGB,b269ccd2d2c470b0,
Testing/glioma/Te-gl_147.jpg,glioma,testing,False,28529,e56babe3bbe5308982a347f868a76bed,512,512,L,71c4b2aae294c6ca,
Testing/glioma/Te-gl_148.jpg,glioma,testing,False,23277,8baeb45430db31d9aa93523a1815e0bb,512,512,L,33e0d4e4a6accae4,
Testing/glioma/Te-gl_149.jpg,glioma,testing,False,15020,646b74ba6baee36107cd2efe04276a97,512,512,L,86f0e8d4d8c471b2,
Testing/glioma/Te-gl_15.jpg,glioma,testing,False,33233,099eeeb2455b7a4a212635a1d42ddc2e,383,407,RGB,79cce2b2b20a6a22,
Testing/glioma/Te-gl_150.jpg,glioma,testing,False,18841,c0065e697a78a4e1311c312e050added,512,512,L,8670c8ecccc8d4d4,
Testing/glioma/Te-gl_151.jpg,glioma,testing,False,20008,ed5bb419a8e804fcf2cf33439ed08752,319,360,RGB,61d4e8686a2a9ee8,
Testing/glioma/Te-gl_152.jpg,glioma,testing,False,19139,ce6a12077625a3841a8fdb0d404c9cae,512,512,RGB,b279ccd4f0d4f1b2,
Testing/glioma/Te-gl_153.jpg,glioma,testing,False,21274,d010bb90f7bd492060b8115380b571cf,512,512,L,9260c4e4f2dcec6c,
Testing/glioma/Te-gl_154.jpg,glioma,testing,False,19035,0c3da863b072fe743af1c9a61986693a,512,512,RGB,b268ccf4f0d4e0b2,
Testing/glioma/Te-gl_155.jpg,glioma,testing,False,19079,d18da4318c3e6685218c95cb73c229a7,512,512,RGB,92f8e8dcd4cce0b2,
Testing/glioma/Te-gl_156.jpg,glioma,testing,False,25994,84fff2d40c12d0d51cff424b27040f7b,512,512,RGB,b0e0d4d0b2e8ccc8,
Testing/glioma/Te-gl_157.jpg,glioma,testing,False,15532,6cfcf1e3a67caf5dcf1a9f1e5ce8bcec,512,512,L,32e8d4ece4cc71b2,
Testing/glioma/Te-gl_158.jpg,glioma,testing,False,20066,24697b586f435ebd8e55b53db0a16eda,512,512,L,71e8ccccf0e8c46c,
Testing/glioma/Te-gl_159.jpg,glioma,testing,False,39926,357105d093b2cf3e10cd0c1fcbab5d7a,398,397,RGB,78e4e48eb69cac64,
Testing/glioma/Te-gl_16.jpg,glioma,testing,False,24866,d5bc5ab9cbb72e54af8f887f8f6a72f6,512,512,RGB,b271e8ecd4ccf060,
Testing/glioma/Te-gl_160.jpg,glioma,testing,False,50747,fcadea0d07e28e5873fd176f3dda2e43,557,641,RGB,32d1d4b2b2f0cc79,
Testing/glioma/Te-gl_161.jpg,glioma,testing,False,19094,9ef17d271a114caf69234c04e94b8954,512,512,L,b2e8c88eb2f0f8b0,
Testing/glioma/Te-gl_162.jpg,glioma,testing,False,29836,3895bbdc5d78dbe618c83d8115abc592,512,512,RGB,8660c8e4e4ccecf4,
Testing/glioma/Te-gl_163.jpg,glioma,testing,False,17305,5a5bd45bee7bf9c0f3d7015817aa4e37,512,512,RGB,f2e9c8c4d4c87092,
Testing/glioma/Te-gl_164.jpg,glioma,testing,False,14218,3a17f92ee0190e56de199b2efbab4862,512,512,L,b2e0cce8d4d478b2,
Testing/glioma/Te-gl_165.jpg,glioma,testing,False,22321,8a84e88171423de6771c5a831cbcd34b,512,512,L,f1c8b0a48cf8b89e,
Testing/glioma/Te-gl_166.jpg,glioma,testing,False,36100,34d3fec0def3da3459c5f1596f059aef,442,426,RGB,79fcdeca9ef63cd9,
Testing/glioma/Te-gl_167.jpg,glioma,testing,False,26270,39e81d2dae5e76f96aa515cc82e13ef1,334,407,RGB,c9c8a8aa4854f8f0,
Testing/glioma/Te-gl_168.jpg,glioma,testing,False,13217,0f7372f95529aaed31b51f2f0d85763d,512,512,L,72c9d4d4d0d478b2,
Testing/glioma/Te-gl_169.jpg,glioma,testing,False,33403,96b61a064f56a76887c59658a8dfe9e3,512,512,RGB,b271e8d4dcc8ece0,
Testing/glioma/Te-gl_17.jpg,glioma,testing,False,22477,f4d3fbdbfbea92c2562646b2a132fb2a,512,512,L,32f1c4e4f4d4e4c4,
Testing/glioma/Te-gl_170.jpg,glioma,testing,False,37700,4dc9e3b56a99b7455036ca9247c82817,620,415,RGB,b069696969796969,
Testing/glioma/Te-gl_171.jpg,glioma,testing,False,28239,270039de9ae75d069b6360f6b23c0b8b,310,380,RGB,6ccced657568a6f0,
Testing/glioma/Te-gl_172.jpg,glioma,testing,False,19442,dc1ffdc43f51da099be9892ea159c3b0,512,512,L,b271e8c8d4ccf0f9,
Testing/glioma/Te-gl_173.jpg,glioma,testing,False,20100,6072591165d24827ed968b78750cf591,512,512,L,62c1acf0acb4d4c1,
Testing/glioma/Te-gl_174.jpg,glioma,testing,False,17121,6eeb9e536fa16f8f0986b05411fc8966,512,512,L,26c1d8a49cd4f430,
Testing/glioma/Te-gl_175.jpg,glioma,testing,False,19513,44fa0ead7ed96ca38bde655ef7a981bb,512,512,L,8661d8c0e4d4d260,
Testing/glioma/Te-gl_176.jpg,glioma,testing,False,25671,bf454cc5a543d8adb7310bb172983a53,512,512,L,63d0c4d0d4e2c0c0,
Testing/glioma/Te-gl_177.jpg,glioma,testing,False,25760,61388b0e333fe750b3bd0c7912846625,512,512,RGB,92f8e8e8e8e4f092,
Testing/glioma/Te-gl_178.jpg,glioma,testing,False,37700,4dc9e3b56a99b7455036ca9247c82817,620,415,RGB,b069696969796969,
Testing/glioma/Te-gl_179.jpg,glioma,testing,False,20819,8b2b46fc6af43d99346844bf64b86caf,512,512,RGB,b2f0e8d8c4d4f8b2,
Testing/glioma/Te-gl_18.jpg,glioma,testing,False,19743,9b505ab31dcb525ea9c15dfaffe1e202,512,512,RGB,b068f8e4e8e870b2,
Testing/glioma/Te-gl_180.jpg,glioma,testing,False,20944,94b093b92a49d1f4483093560dfc2b7b,512,512,L,71d8fcd4dcccf0f8,
Testing/glioma/Te-gl_181.jpg,glioma,testing,False,18728,1090eca54e69eb559a6897a0aa2bd3fb,512,512,L,b260c4c8f4d8c8f8,
Testing/glioma/Te-gl_182.jpg,glioma,testing,False,20213,f29993aef1592e06ac80783a92b09d3d,512,512,L,72f8d4e4f4c8c9f9,
Testing/glioma/Te-gl_183.jpg,glioma,testing,False,20529,4626913505fd463d2962c53f519d1136,512,512,L,71ccd8f0e0ccc8e8,
Testing/glioma/Te-gl_184.jpg,glioma,testing,False,13919,350894952553ff064db7d56311912f8f,512,512,L,9260d4e4c4697092,
Testing/glioma/Te-gl_185.jpg,glioma,testing,False,26466,e4ddec46fe4033291e7e03288b86e5e8,512,512,L,e1dca4a0b4c4d8d0,
Testing/glioma/Te-gl_186.jpg,glioma,testing,False,17122,f3295128f6128b8e148da45b20af2827,512,512,L,b269d4d4d0d469b2,
Testing/glioma/Te-gl_187.jpg,glioma,testing,False,19227,a6a0f55608284566ed843bcd87c94c29,248,274,RGB,f0e8eaea72f2f8d0,
Testing/glioma/Te-gl_188.jpg,glioma,testing,False,22705,eee68d9f57f15dfbd066bfb706232745,512,512,L,61ccb2e462ac9c90,
Testing/glioma/Te-gl_189.jpg,glioma,testing,False,36993,4475c25811700ae6f49e9779c8a75302,453,437,RGB,e4f8fcdab2e664e4,
Testing/glioma/Te-gl_19.jpg,glioma,testing,False,17932,8ab64388a6a9f9b79c0772ec82a72ab4,512,512,L,b278c8d0d8d4f0b2,
Testing/glioma/Te-gl_190.jpg,glioma,testing,False,29051,934d738a7de8917b8b22be910c210a0a,512,512,RGB,9268c4f0f8dcf0b0,
Testing/glioma/Te-gl_191.jpg,glioma,testing,False,21978,08788816500b98d151e91417923a3a28,512,512,L,66c1c9c098e9c9c2,
Testing/glioma/Te-gl_192.jpg,glioma,testing,False,19069,875597880e4006a423a16543e14b5d61,512,512,L,06e1c4e4d890d0f0,
Testing/glioma/Te-gl_193.jpg,glioma,testing,False,21514,60fc2f1f86e6b5250f05e3ba61428c0f,512,512,L,22e1d4b0c8b094d0,
Testing/glioma/Te-gl_194.jpg,glioma,testing,False,22463,93440b6708f92ffaba65e9de554e4694,512,512,L,71e4d2d4c6f87cdc,
Testing/glioma/Te-gl_195.jpg,glioma,testing,False,20011,f5de630f2d0dcc9edf0acf41db77a27a,512,512,L,9270c4e8ccd2ccd4,
Testing/glioma/Te-gl_196.jpg,glioma,testing,False,35699,58dc07845636e4ac8e44bc03b22a4e92,388,453,RGB,f1cc8a6859bad6f0,
Testing/glioma/Te-gl_197.jpg,glioma,testing,False,19099,d0f295191ada67b44d0908e9f783f0af,512,512,L,b271cce4f4eacc6c,
Testing/glioma/Te-gl_198.jpg,glioma,testing,False,16372,c142e1debace031d1de954e864d031cf,512,512,RGB,b2f0e4d4d068f082,
Testing/glioma/Te-gl_199.jpg,glioma,testing,False,22649,dc9bb002a08ab6cac357d1ab94ce9993,512,512,L,61d8a4a2acdecc98,
Testing/glioma/Te-gl_2.jpg,glioma,testing,False,15393,3179945941e199119c9ffe8e45d5e49e,512,512,L,92f068d4e4ecf1b2,
Testing/glioma/Te-gl_20.jpg,glioma,testing,False,18026,02293348a65b890cdc77cd013c163c21,512,512,L,0c62d1f4d4dc7471,
Testing/glioma/Te-gl_200.jpg,glioma,testing,False,23629,c8814d03cdd37be2c9f71ec33da1b104,512,512,RGB,9868ecd4d0e47992,
Testing/glioma/Te-gl_201.jpg,glioma,testing,False,21666,e80c85f373f216ba1287013eafe5b91b,512,512,L,63c1b4ecac94d4e0,
Testing/glioma/Te-gl_202.jpg,glioma,testing,False,19338,5c286571c6ef989434e7c7cd5aa1dbed,512,512,L,32f0dcd4d0d871b2,
Testing/glioma/Te-gl_203.jpg,glioma,testing,False,18234,9de2b66fa5197ca0389f435c32d016f3,512,512,L,b268dcd4dcccc4c8,
Testing/glioma/Te-gl_204.jpg,glioma,testing,False,13125,716882598588e4671a4cb50eadfc5b88,256,256,RGB,71f8f8f8cceccc71,
Testing/glioma/Te-gl_205.jpg,glioma,testing,False,23863,9fad57b6409ec25083956374c11aad0d,512,512,L,63b09892c6b6eeec,
Testing/glioma/Te-gl_206.jpg,glioma,testing,False,26013,d67f32fc14d6db8dd3d49f0ec878825a,512,512,RGB,71e0c8e8ccecf0e4,
Testing/glioma/Te-gl_207.jpg,glioma,testing,False,32258,4a9e36c8044675b53617dc5f93558ad3,512,512,RGB,78c49aacd4d2ccac,
Testing/glioma/Te-gl_208.jpg,glioma,testing,False,19181,9f954a98524bf70c92119bde1c2c7bc6,512,512,L,b270ccecd4cce8fc,
Testing/glioma/Te-gl_209.jpg,glioma,testing,False,14694,76157e09efb57b458906d04303d77b63,512,512,L,84b269e8e8d4c822,
Testing/glioma/Te-gl_21.jpg,glioma,testing,False,24080,b6f2e60a02044b4c7ce21556905c0858,512,512,RGB,b268d4dcd4d4ccf0,
Testing/glioma/Te-gl_210.jpg,glioma,testing,False,22644,5c847dbb868c25d52b625c85c2747602,512,512,L,e1c0a4d4a4ccd890,
Testing/glioma/Te-gl_211.jpg,glioma,testing,False,22486,b592f7472fce547fad5cb9c3cf51c988,394,368,RGB,40f06964f0e868f0,
Testing/glioma/Te-gl_212.jpg,glioma,testing,False,47089,845ff201c07a82cd2356769078f83eae,524,581,RGB,f0a661612bb48e8e,
Testing/glioma/Te-gl_213.jpg,glioma,testing,False,22039,1f487b8f08ecb387c487cbf6ce19d389,512,512,L,12f1c4e8c8e6d4cc,
Testing/glioma/Te-gl_214.jpg,glioma,testing,False,16160,d736ad7d5cfeada119ed608d73c138f9,512,512,L,b271c8ccf0d470b2,
Testing/glioma/Te-gl_215.jpg,glioma,testing,False,34044,1f7ace355d92a842fcb866e874c863ee,565,513,RGB,79ccd4ecaadad460,
Testing/glioma/Te-gl_216.jpg,glioma,testing,False,23156,84bbffcf836256a4d9a8f41182d1721d,512,512,RGB,94f079e0e0e07092,
Testing/glioma/Te-gl_217.jpg,glioma,testing,False,22820,bcde0b224997d382ab09cc6a7f6a2d95,512,512,L,61c0a4b2a4b0b0e0,
Testing/glioma/Te-gl_218.jpg,glioma,testing,False,23571,abaaac5b4133a9d5a8ab46ed0adeb1bb,373,378,RGB,31e0d4d49c9ce869,
Testing/glioma/Te-gl_219.jpg,glioma,testing,False,25826,b1164ca7e1184a8597493f217cbe7b8a,512,512,RGB,b268ccd4d0dc78b2,
Testing/glioma/Te-gl_22.jpg,glioma,testing,False,19146,b93d089146ea1fcfde219d12ace0c8dd,512,512,L,b264d4dce8d4d471,
Testing/glioma/Te-gl_220.jpg,glioma,testing,False,21185,183be20275de7582e0a9b09903863ea5,512,512,RGB,8470e0d4f0d0e868,
Testing/glioma/Te-gl_221.jpg,glioma,testing,False,17726,9a5d91249f31adcbd1e635292dd41d28,512,512,L,b268ccb4b4dcf132,
Testing/glioma/Te-gl_222.jpg,glioma,testing,False,20302,a8a9c3261efffefc026ebfdd0830d71f,512,512,L,61d8a480b4dcc0e0,
Testing/glioma/Te-gl_223.jpg,glioma,testing,False,21424,0a72b6b55ec2892ba9f0baea3f33001d,512,512,RGB,b269d4d0d0c469b2,
Testing/glioma/Te-gl_224.jpg,glioma,testing,False,16374,b7836ac633bb76a7127b6cc87640498f,512,512,L,22e1d4e4ca6ab059,
Testing/glioma/Te-gl_225.jpg,glioma,testing,False,16385,b97b35cbe4dca6de78bd673133be2007,512,512,RGB,94f079e0e0e07092,
Testing/glioma/Te-gl_226.jpg,glioma,testing,False,17974,e2316f874f87bb1b979440e316f698b7,512,512,L,e868d4d4f0ec7092,
Testing/glioma/Te-gl_227.jpg,glioma,testing,False,19399,dc599f0922b149f6e16ee696d9de27ae,512,512,L,30e8d4d4f0ece869,
Testing/glioma/Te-gl_228.jpg,glioma,testing,False,28239,270039de9ae75d069b6360f6b23c0b8b,310,380,RGB,6ccced657568a6f0,
Testing/glioma/Te-gl_229.jpg,glioma,testing,False,49523,aad6ada8842d077e0ee00bd535f5e3f8,495,619,RGB,f0ccf8712fcce8b0,
Testing/glioma/Te-gl_23.jpg,glioma,testing,False,19143,8a4165c97177d676c0a484a2d75cc9a3,512,512,L,b268ccc0d0d4cccc,
Testing/glioma/Te-gl_230.jpg,glioma,testing,False,20314,35bb04a1f5cec11d1ac8998cc4ef0a7d,512,512,L,b268e8e8ccc8d464,
Testing/glioma/Te-gl_231.jpg,glioma,testing,False,21577,3c39e3fef7c045d313a77e5ddf91eb11,512,512,L,22e1c4989094c4c8,
Testing/glioma/Te-gl_232.jpg,glioma,testing,False,22767,1c8eb3d78daaa877c08200bcceb5597f,512,512,L,33e0ccf4ccdaec6c,
Testing/glioma/Te-gl_233.jpg,glioma,testing,False,35688,002c76409d96a81569b533a91408a76b,512,512,RGB,70e8d4d4d0c4ec7c,
Testing/glioma/Te-gl_234.jpg,glioma,testing,False,20228,84b06001fd1642751d0d44e2e4ca22e3,512,512,RGB,b270c4c4d0d470b2,
Testing/glioma/Te-gl_235.jpg,glioma,testing,False,29729,71e16d374a8f946a918989247a513a7d,512,512,RGB,71d4c8c8f0c8e0e0,
Testing/glioma/Te-gl_236.jpg,glioma,testing,False,18137,ec3b5140cee5730c52545d58ad3696c9,512,512,L,0462d1c4ccd474b1,
Testing/glioma/Te-gl_237.jpg,glioma,testing,False,19807,5f371dca072c4f341dc73635c9e95502,512,512,L,b2e0ccd4d4f2c4d0,
Testing/glioma/Te-gl_238.jpg,glioma,testing,False,52874,cfe978f4870cfc42980c522bf749de92,510,602,RGB,f9d89269ec9cd878,
Testing/glioma/Te-gl_239.jpg,glioma,testing,False,20991,72a78040c72cf55bc1857deb7ac4b877,512,512,L,62e1c8e4d8d0d0e1,
Testing/glioma/Te-gl_24.jpg,glioma,testing,False,13104,909d60a33a3ca35d2af79ecfa112e17c,512,512,L,847269d4d469f084,
Testing/glioma/Te-gl_240.jpg,glioma,testing,False,22807,c397057a2e31d4d6977873ad73ca3e80,512,512,L,63c8a0a488b2c4d0,
Testing/glioma/Te-gl_241.jpg,glioma,testing,False,17430,7201b7252f8081cf01ed186472b2b696,512,512,L,b07cc4a4b4f4f0b2,
Testing/glioma/Te-gl_242.jpg,glioma,testing,False,27446,a0cd1e8eb5770261288f3516c5be47f8,512,512,RGB,71d4d4f0d4ccc8c0,
Testing/glioma/Te-gl_243.jpg,glioma,testing,False,19258,448b4c6a66c171955d5c887e9615df6d,512,512,L,8271d0dcd4f0ece9,
Testing/glioma/Te-gl_244.jpg,glioma,testing,False,23058,31a637e3e814383af2cb9f1a21735bdf,512,512,RGB,1978e4f8ced4d970,
Testing/glioma/Te-gl_245.jpg,glioma,testing,False,18845,128ddf38f6b50829a873dd4cd729d137,512,512,L,0271c4e4e8d4d0d0,
Testing/glioma/Te-gl_246.jpg,glioma,testing,False,14647,bdfbd7a73c42da9d46f4897f321ec67e,512,512,L,0a62f1c8d8f434b1,
Testing/glioma/Te-gl_247.jpg,glioma,testing,False,25004,36fdafcb3e6d87e2806b13f9357d87b3,512,512,RGB,32f8c4c4d4e8e9e9,
Testing/glioma/Te-gl_248.jpg,glioma,testing,False,14217,383773bfbd8144f8a3003feef9df777c,512,512,L,9270d8d4f4f47092,
Testing/glioma/Te-gl_249.jpg,glioma,testing,False,15355,3e77c64db1934c9ef82252eb54bc4d87,512,512,L,20e9d4f4d4d07092,
Testing/glioma/Te-gl_25.jpg,glioma,testing,False,25032,ab0dca2078e174ce9b6a22b59e2245b9,512,512,L,f189f006269ecee5,
Testing/glioma/Te-gl_250.jpg,glioma,testing,False,24440,1db01faae111b70b7b6fecf3650d2e66,512,512,RGB,b271c4e4d4ece861,
Testing/glioma/Te-gl_251.jpg,glioma,testing,False,18312,889f6c54ce374650f4d41c6ce9255689,512,512,L,32f0ccc8f4f0dcc9,
Testing/glioma/Te-gl_252.jpg,glioma,testing,False,16916,1b6774852ed31c93e78b77ab6e1975bd,512,512,L,92f1e4d4d4d4d068,
Testing/glioma/Te-gl_253.jpg,glioma,testing,False,23480,b86b2ff6e6d9c75576530c994282d281,512,512,RGB,b2f8e4f0cee8d0d4,
Testing/glioma/Te-gl_254.jpg,glioma,testing,False,15313,b24bf08ea6caf5c232d49a01706e3ff7,512,512,L,b269dcf4f4d4f0b2,
Testing/glioma/Te-gl_255.jpg,glioma,testing,False,19147,c5c06abab944b1e6b9ae62d58b287e45,512,512,L,9270e8d4d4c8d4c4,
Testing/glioma/Te-gl_256.jpg,glioma,testing,False,21709,3b03ab7b259b24b77e3b89743b5f19b6,512,512,RGB,b268c4d4b0e8f0b2,
Testing/glioma/Te-gl_257.jpg,glioma,testing,False,32997,7004b2caad0e3c08830c938c99a21de4,512,512,RGB,b2e8ccc8f0e86971,
Testing/glioma/Te-gl_258.jpg,glioma,testing,False,17529,b6a6c8c22f6648aa19089d04b07a5cb3,512,512,L,0261c4e0b0d4e064,
Testing/glioma/Te-gl_259.jpg,glioma,testing,False,13125,716882598588e4671a4cb50eadfc5b88,256,256,RGB,71f8f8f8cceccc71,
Testing/glioma/Te-gl_26.jpg,glioma,testing,False,19791,a23de5190883c7ad0bfc688fc958395d,512,512,L,33f0dcd8d4e86c70,
Testing/glioma/Te-gl_260.jpg,glioma,testing,False,23727,9d1898f918b3b6db0b01b2b90572a9d1,512,512,L,73e0b4cae4bad2f6,
Testing/glioma/Te-gl_261.jpg,glioma,testing,False,25509,d992ef32d267c06d19d635ef083a508a,512,512,RGB,71e8c4d0f0d4ec6c,
Testing/glioma/Te-gl_262.jpg,glioma,testing,False,14898,652fc266299626991d59ec7b3e42f3ae,512,512,L,b270ccc8d4d4f032,
Testing/glioma/Te-gl_263.jpg,glioma,testing,False,22238,486adcee179e05b703896595f223d9fb,512,512,L,b2e9c4c8ece4c8ec,
Testing/glioma/Te-gl_264.jpg,glioma,testing,False,57379,8550db6ba329a2517df7f3c6b8c01ecd,546,562,RGB,e8ccb2646c15aa94,
Testing/glioma/Te-gl_265.jpg,glioma,testing,False,21368,8f136878ecd55e7a622bd5bdf96ee29a,512,512,L,63c0f4e4acf0e4e1,
Testing/glioma/Te-gl_266.jpg,glioma,testing,False,23964,8b36c9c02915fb61c02620f0b6ee2fc0,512,512,L,0261ccb6a0a4d4c8,
Testing/glioma/Te-gl_267.jpg,glioma,testing,False,14845,ef8703a07d2079eb30ae39b6645eb0ac,512,512,L,b2e0d8d4d0d470b2,
Testing/glioma/Te-gl_268.jpg,glioma,testing,False,24682,bba0532087c8dcf2b54a600d7de8de11,512,512,L,61d8b2e4b4daf2e0,
Testing/glioma/Te-gl_269.jpg,glioma,testing,False,14798,1027dde589ba789793545c9fb955c315,512,512,L,9470e8dce4e8f084,
Testing/glioma/Te-gl_27.jpg,glioma,testing,False,44484,a38e10a514da18d0b177a4975f186508,509,537,RGB,f0f4ec94cce9cccc,
Testing/glioma/Te-gl_270.jpg,glioma,testing,False,38977,caab5859588132c3ebb1fbbfa853e944,512,512,RGB,b974d4f4c6f4f974,
Testing/glioma/Te-gl_271.jpg,glioma,testing,False,24807,d578ebe553b12010514b821ce04f206a,512,512,RGB,b0e0d4d8d4c8c060,
Testing/glioma/Te-gl_272.jpg,glioma,testing,False,47089,845ff201c07a82cd2356769078f83eae,524,581,RGB,f0a661612bb48e8e,
Testing/glioma/Te-gl_273.jpg,glioma,testing,False,17594,ff913a08262ea74d247e0dd9c6f7f9e9,512,512,L,b070c4d6d4e8f082,
Testing/glioma/Te-gl_274.jpg,glioma,testing,False,16596,0e25cd3ba2dc30d28778a70516c6fbdc,512,512,L,8430e8d4d0f4ccc8,
Testing/glioma/Te-gl_275.jpg,glioma,testing,False,11814,7b866f38996ea1280cda4cf43f79bd77,236,236,RGB,a271f0e0e8c8d4e8,
Testing/glioma/Te-gl_276.jpg,glioma,testing,False,18616,3a0ca35341c23cb6c4a9777b439c59d6,512,512,L,70e0c8c8c0d4f8b0,
Testing/glioma/Te-gl_277.jpg,glioma,testing,False,28524,e82be7d10eddc4a0618eafe745291c09,357,396,RGB,f0f8d8ceccccccee,
Testing/glioma/Te-gl_278.jpg,glioma,testing,False,36100,34d3fec0def3da3459c5f1596f059aef,442,426,RGB,79fcdeca9ef63cd9,
Testing/glioma/Te-gl_279.jpg,glioma,testing,False,34050,52d996f34155a2618654fca6dc068c10,512,512,RGB,78c4a8a9b9ca8eee,
Testing/glioma/Te-gl_28.jpg,glioma,testing,False,34800,8875a806996d0b7814531be7b1cca74e,512,512,RGB,71c8c4c8e0c8c8c9,
Testing/glioma/Te-gl_280.jpg,glioma,testing,False,19898,f6a99b76e17585e310a2a4ac1c5e7958,512,512,L,b268d4ccf8e0c8d9,
Testing/glioma/Te-gl_281.jpg,glioma,testing,False,23105,0dd70e8f4c02eb0788384cd4b5dd8c13,512,512,RGB,84f0e8d4d0d0ccec,
Testing/glioma/Te-gl_282.jpg,glioma,testing,False,18000,0e667d7c9b0c74e24f648ee7cacc4042,512,512,RGB,b270d0e0d8d070b2,
Testing/glioma/Te-gl_283.jpg,glioma,testing,False,18544,24578a4a1b37e9ea9927c422c6bb3273,512,512,RGB,92f0e8d4d8e87182,
Testing/glioma/Te-gl_284.jpg,glioma,testing,False,16971,6778a37eb7bc80accc2c6accb0d887c6,512,512,RGB,c4b279ccd4dc71b2,
Testing/glioma/Te-gl_285.jpg,glioma,testing,False,20645,4d18fc7957e4f2372f137f934f336da6,512,512,L,3160c4d2c6d86ae8,
Testing/glioma/Te-gl_286.jpg,glioma,testing,False,20429,1b92c296b65b9e566e16278cef271fc2,512,512,L,66c188e488f4c4e1,
Testing/glioma/Te-gl_287.jpg,glioma,testing,False,19791,9404e237f9403422e589b9126f5660e6,512,512,L,9370d4e8e8d06870,
Testing/glioma/Te-gl_288.jpg,glioma,testing,False,20387,a5afa95c804682d50ea2060d70f46dde,512,512,L,92e0e8e8e8d8f096,
Testing/glioma/Te-gl_289.jpg,glioma,testing,False,16033,9a3b13f1f35f377cd97f3dafe28a0347,512,512,L,b270d4ccecd470b2,
Testing/glioma/Te-gl_29.jpg,glioma,testing,False,38977,caab5859588132c3ebb1fbbfa853e944,512,512,RGB,b974d4f4c6f4f974,
Testing/glioma/Te-gl_290.jpg,glioma,testing,False,16514,fbbe2c7b1c3b652a4b6a1c93207e9a83,512,512,L,9269ecd4d4cce162,
Testing/glioma/Te-gl_291.jpg,glioma,testing,False,16032,d264afe43a698350b4d198196165daf1,512,512,L,b2f0e4ccd4d4f4b8,
Testing/glioma/Te-gl_292.jpg,glioma,testing,False,16913,5e0ace7934bad8d30e0acd14e6aaf8aa,512,512,RGB,b078d4d4c4cc70b2,
Testing/glioma/Te-gl_293.jpg,glioma,testing,False,20670,7e8765d46a889ee02bd4f73c3fd9116b,512,512,L,b268ecd4b8e871b2,
Testing/glioma/Te-gl_294.jpg,glioma,testing,False,18846,8f16e2e710e54b5af0cc4def85a0773a,512,512,RGB,b269c4c0d8d470b2,
Testing/glioma/Te-gl_295.jpg,glioma,testing,False,13281,df2d6b6946e63d5e64092855da7faa5d,204,245,RGB,71c4aa9e8a94f033,
Testing/glioma/Te-gl_296.jpg,glioma,testing,False,18676,cb079febbebef78a5ca9431e24e3237d,512,512,L,b249dcdcb2d4e832,
Testing/glioma/Te-gl_297.jpg,glioma,testing,False,15707,1582d8c97176024fd0d3673f20641ce8,512,512,L,b2f0ccccd4d4f4b8,
Testing/glioma/Te-gl_298.jpg,glioma,testing,False,26137,9ef70b9319a89fed0ec7695c14651a7f,512,512,RGB,b2e9c8d4e0e871b2,
Testing/glioma/Te-gl_299.jpg,glioma,testing,False,33913,f998e6cf91b2d4ae9d464510ba184a4f,512,512,RGB,70e8d4d4d4ccecf4,
Testing/glioma/Te-gl_3.jpg,glioma,testing,False,16152,cc9a4c2da8ac6bb2af17be56dccf7816,512,512,L,32e0cce8f4d478b2,
Testing/glioma/Te-gl_30.jpg,glioma,testing,False,25425,1ebe35db3f035c4d65dbb149596defa1,379,379,RGB,1271e8e8d0d0c871,
Testing/glioma/Te-gl_300.jpg,glioma,testing,False,16510,4e1a1d4efd489f0c1593582f74ecb756,512,512,L,9279d4d4d4d0c9d8,
Testing/glioma/Te-gl_301.jpg,glioma,testing,False,17699,6afb7b416468ebf8fbf20b26255ea8b2,512,512,L,b268dce4f4d4e832,
Testing/glioma/Te-gl_302.jpg,glioma,testing,False,13266,d9271130defc9480e9ea91de3dda82e6,512,512,L,84b279d4d4e8f082,
Testing/glioma/Te-gl_303.jpg,glioma,testing,False,14885,ee6e22476c4f669b43d82fa9f5ab2abf,200,249,RGB,f1c0b8b8b898c8e0,
Testing/glioma/Te-gl_304.jpg,glioma,testing,False,17549,5010cccfc40358013c4605bb99bd2d00,512,512,RGB,9278d4d8dc69f092,
Testing/glioma/Te-gl_305.jpg,glioma,testing,False,21654,44d1502377d09971023874623712e5c3,512,512,L,22f1d4f6dcde74f8,
Testing/glioma/Te-gl_306.jpg,glioma,testing,False,18905,3137dd0b552bd9ff0c693d70349b0611,512,512,L,86f0e8e4ccd4d468,
Testing/glioma/Te-gl_307.jpg,glioma,testing,False,19554,295c3dfff56a35e853e66bb0677d1d80,512,512,L,71f8ccd4b2f8cc69,
Testing/glioma/Te-gl_308.jpg,glioma,testing,False,19792,71d92678b623635cb8e873c5f21258be,512,512,L,63e1c8d4c4c8e460,
Testing/glioma/Te-gl_309.jpg,glioma,testing,False,18004,85074b7de11bf2ee057b072be7e672e2,512,512,L,73d0f4b4c8daf8dc,
Testing/glioma/Te-gl_31.jpg,glioma,testing,False,23329,34ee53ae11f1bded5d50f979352f18d6,512,512,RGB,b270ccc4ccd4d4d1,
Testing/glioma/Te-gl_310.jpg,glioma,testing,False,11406,b7c134a702c2a5c11bc7b72966198de6,224,225,RGB,71e8c4f0f0b2e868,
Testing/glioma/Te-gl_311.jpg,glioma,testing,False,34064,6bd05c5c16987375379183c11f5b7a3c,512,512,RGB,71c8c4d0e8ece46c,
Testing/glioma/Te-gl_312.jpg,glioma,testing,False,26755,0969337be030bbb613d386591155ee28,512,512,RGB,70f8d4f080c8e8d0,
Testing/glioma/Te-gl_313.jpg,glioma,testing,False,19657,3e3f9ba260b98891f22a4e04f987fab4,305,325,RGB,69f0f0f8eadafc74,
Testing/glioma/Te-gl_314.jpg,glioma,testing,False,49532,1f9543faf18da8823acb1540c7210428,531,577,RGB,ecc699d9423aae86,
Testing/glioma/Te-gl_315.jpg,glioma,testing,False,20441,1de9c37412145a31d8ac74a4be1f645a,512,512,L,63f0ccd4d4d8f070,
Testing/glioma/Te-gl_316.jpg,glioma,testing,False,14735,ce1d8d77d5af467dd5d71024143323a5,512,512,L,b2f068d4e4e87082,
Testing/glioma/Te-gl_317.jpg,glioma,testing,False,17121,90c3ef7bb901b74c7401356a3c914601,512,512,L,b068e8d8e4ec78b2,
Testing/glioma/Te-gl_318.jpg,glioma,testing,False,11539,0ff71767b2d66e1ab73440746969b15b,197,229,RGB,32e9cc8c9a94c471,
Testing/glioma/Te-gl_319.jpg,glioma,testing,False,23106,2a1d642a4f37f4c3540f8c2fbdd6cef7,512,512,L,e29194c4aa9ad67c,
Testing/glioma/Te-gl_32.jpg,glioma,testing,False,17778,252314e70476470af7835cdfd70bac92,249,238,RGB,68c6abc9494dad9a,
Testing/glioma/Te-gl_320.jpg,glioma,testing,False,17271,9a2cfca9c0a17efc67b67d48a24c281a,512,512,RGB,92f061d4f0e870b2,
Testing/glioma/Te-gl_321.jpg,glioma,testing,False,20534,e489ed65bc01cb12aaf76c00a1836cff,512,512,L,61c8b0e4ced87234,
Testing/glioma/Te-gl_322.jpg,glioma,testing,False,28013,41b3081e212f1982f6d1ae35447fca9c,512,512,RGB,71ecd4c8d2c8e8e0,
Testing/glioma/Te-gl_323.jpg,glioma,testing,False,26139,9987caf29bb299a8f1b61a9da9f9e085,326,405,RGB,c8c8aaaa4944f0f0,
Testing/glioma/Te-gl_324.jpg,glioma,testing,False,17902,4075a5489d3baae0fc2f6a8760b974e5,512,512,L,8463c0d4d4ccf460,
Testing/glioma/Te-gl_325.jpg,glioma,testing,False,14967,c583a4c47d95eee09195709ce3bad3b3,512,512,RGB,b270e0c4dce07084,
Testing/glioma/Te-gl_326.jpg,glioma,testing,False,18476,8d5faf7075603950624bfd876a1745e9,512,512,L,72e8d4fcd4cccc69,
Testing/glioma/Te-gl_327.jpg,glioma,testing,False,19416,596bc5d9d171e7800c397d5b09728ec2,512,512,L,0671c8d4dadc7498,
Testing/glioma/Te-gl_328.jpg,glioma,testing,False,18530,e5fcbfebbe0ebc21458ac409c7acc4da,512,512,L,72e8d4c8b0c8d8d8,
Testing/glioma/Te-gl_329.jpg,glioma,testing,False,14553,d9e8568bb693c906528650656ce46ced,512,512,L,0d62d0e1d9e961b2,
Testing/glioma/Te-gl_33.jpg,glioma,testing,False,17622,f0682439d8e1330def2f327a7d81795a,512,512,RGB,b2e0c8c4d4c07092,
Testing/glioma/Te-gl_330.jpg,glioma,testing,False,30117,41052a69dc1af028cc32df90898e9a5a,331,392,RGB,e8ccaae9c9d7c6f0,
Testing/glioma/Te-gl_331.jpg,glioma,testing,False,25243,26a94f09fe2624136baacdaf11db4be3,512,512,L,e18ca24a14949a98,
Testing/glioma/Te-gl_332.jpg,glioma,testing,False,22294,e300108e4b9009b2556b0808315e189c,512,512,L,e1d08cd4b4b4d4d4,
Testing/glioma/Te-gl_333.jpg,glioma,testing,False,28397,ff3416cecb682f6acb541379b555df84,512,512,L,e18cb264d2b6ccc8,
Testing/glioma/Te-gl_334.jpg,glioma,testing,False,23587,15fb9413964c0f43bca5cab8cf8d7ef1,512,512,L,d1d4e6b4d4d298b0,
Testing/glioma/Te-gl_335.jpg,glioma,testing,False,48608,7ed47b82d54ecda9a1a12a35ffcab327,572,536,RGB,ecccb3646c5493aa,
Testing/glioma/Te-gl_336.jpg,glioma,testing,False,25808,b31199f1026c3407284ecf1faaa85410,512,512,RGB,b269cce8e8b0d4d4,
Testing/glioma/Te-gl_337.jpg,glioma,testing,False,21019,9e6670dd4498056cdd8714f1d3dd6f78,512,512,L,9371c4f0e6d8e86c,
Testing/glioma/Te-gl_338.jpg,glioma,testing,False,47089,845ff201c07a82cd2356769078f83eae,524,581,RGB,f0a661612bb48e8e,
Testing/glioma/Te-gl_339.jpg,glioma,testing,False,16444,bfc097bb015d5c9439aa89e02ca8d7d7,512,512,RGB,b270c8d4d4cc70b2,
Testing/glioma/Te-gl_34.jpg,glioma,testing,False,22264,5d6be3aa6fe9e47f09632a9c4c5be06d,512,512,RGB,22f1dc94d4e87084,
Testing/glioma/Te-gl_340.jpg,glioma,testing,False,13921,ee6726ffd93f36703518892fe46a6614,512,512,L,92f079d4f0e871b2,
Testing/glioma/Te-gl_341.jpg,glioma,testing,False,38988,c2895010375143b49b30f0a234dc41ca,640,480,RGB,b07061f1e9e979f0,
Testing/glioma/Te-gl_342.jpg,glioma,testing,False,15444,e41d252b317c77b8bf8576f3f9e4a9d9,512,512,L,b270e8d0e4e87092,
Testing/glioma/Te-gl_343.jpg,glioma,testing,False,18046,18e19f62dd15ab55a287540ccc9371ac,512,512,L,62e1d8e08cd464b1,
Testing/glioma/Te-gl_344.jpg,glioma,testing,False,17205,a32fce02baf11c2d44b074716ea20bd0,512,512,L,70d0dce8e8f4e8b0,
Testing/glioma/Te-gl_345.jpg,glioma,testing,False,13688,a4d00ca0e1eef23b87d3a560fd65b8f7,512,512,L,b260d4d4d4d4f0b2,
Testing/glioma/Te-gl_346.jpg,glioma,testing,False,19523,c263ae5caa740e7390046b4fe5c300b9,512,512,L,b268dce0d4cce869,
Testing/glioma/Te-gl_347.jpg,glioma,testing,False,18758,7bd026c4253c5969436fc49e6476a873,512,512,L,0671e4e4f8e86970,
Testing/glioma/Te-gl_348.jpg,glioma,testing,False,14555,e4d351ee306fec052941c3619785230e,512,512,L,b269d4ccd4c471b2,
Testing/glioma/Te-gl_349.jpg,glioma,testing,False,34092,666201871b387472a101141fb1c78744,554,554,RGB,61c4e8e0a8a8d471,
Testing/glioma/Te-gl_35.jpg,glioma,testing,False,22763,e00f18f5062795a057883ec5321549cc,512,512,L,63c8a4b2a4b8a4a4,
Testing/glioma/Te-gl_350.jpg,glioma,testing,False,8183,034ab30d02c1d5137331728297d72402,175,167,RGB,78d8f8d8ecaecee8,
Testing/glioma/Te-gl_351.jpg,glioma,testing,False,23784,6d7fa2a171b97ecdb8cd414124283b66,337,412,RGB,10c8ecccccf0e8e8,
Testing/glioma/Te-gl_352.jpg,glioma,testing,False,19155,01f30de81f03d56971eaed35d70f9861,512,512,L,71ccd4d4e8e9c8d8,
Testing/glioma/Te-gl_353.jpg,glioma,testing,False,19813,e982c008b86c28c1fc51b976554ba0f8,512,512,L,b268c8f4f2d0f1b2,
Testing/glioma/Te-gl_354.jpg,glioma,testing,False,18720,e091bb96f203a39ab6997a37d82eab3a,512,512,L,32e8cc94f2d4ecb0,
Testing/glioma/Te-gl_355.jpg,glioma,testing,False,19944,97c0f70d94a67883b1c5639737c81f3a,512,512,L,71ccd4f4b0ecc88a,
Testing/glioma/Te-gl_356.jpg,glioma,testing,False,20824,5d0b0de0df0ae7b8a2115d066bdeae7d,512,512,L,0663d8e4ecdaf460,
Testing/glioma/Te-gl_357.jpg,glioma,testing,False,21186,09d063608e0da5a1f3af33767dbca914,512,512,L,72e8d4d4e0e8ec69,
Testing/glioma/Te-gl_358.jpg,glioma,testing,False,15659,b2c63be97bc9f8f11e5f284993fa1f3a,225,225,RGB,29f0e0e8d0e4e8e9,
Testing/glioma/Te-gl_359.jpg,glioma,testing,False,22382,a580d4d2740899423c48894dba58b796,512,512,RGB,8660c8e4e4ccecf4,
Testing/glioma/Te-gl_36.jpg,glioma,testing,False,25760,61388b0e333fe750b3bd0c7912846625,512,512,RGB,92f8e8e8e8e4f092,
Testing/glioma/Te-gl_360.jpg,glioma,testing,False,21318,348ca99d16027fc75fe9bdce53d7fe75,512,512,L,32f1c4e4f8d0e8c1,
Testing/glioma/Te-gl_361.jpg,glioma,testing,False,14186,def3683eef4b7b0f177c6f3edbeb8ba0,512,512,L,b278ecdcd4ec7192,
Testing/glioma/Te-gl_362.jpg,glioma,testing,False,22184,5b6ed6e2e682f543d33a350aae05f4ed,512,512,L,71e0d4f8b4dccc9e,
Testing/glioma/Te-gl_363.jpg,glioma,testing,False,32549,3ce564f75e88806c7509cc712e2f8b3f,512,512,RGB,38f4d8f0d6bcecfc,
Testing/glioma/Te-gl_364.jpg,glioma,testing,False,33913,f998e6cf91b2d4ae9d464510ba184a4f,512,512,RGB,70e8d4d4d4ccecf4,
Testing/glioma/Te-gl_365.jpg,glioma,testing,False,20271,e24b41949aef311fcdc477e89b9901d8,512,512,L,33f0d8a4eccaec7c,
Testing/glioma/Te-gl_366.jpg,glioma,testing,False,15606,344b78b2a407bd7287fceeabe8ba4961,512,512,L,92f068ccccdc70b2,
Testing/glioma/Te-gl_367.jpg,glioma,testing,False,20756,cb619724b02afa1f7fdd4c6f260aabf6,512,512,L,62c1ace0a88cd081,
Testing/glioma/Te-gl_368.jpg,glioma,testing,False,26489,fe6de762513bdc7eeda3d3197d3216a8,512,512,L,f0d4b2e49ae8e0a0,
Testing/glioma/Te-gl_369.jpg,glioma,testing,False,25857,3e82e016de39ae3262113802e1e49106,512,512,RGB,9271d8c4c4d4cccc,
Testing/glioma/Te-gl_37.jpg,glioma,testing,False,17907,e93684f5ee192d964ccd5643b699427c,512,512,L,b279ccd4b4f0e970,
Testing/glioma/Te-gl_370.jpg,glioma,testing,False,24339,a929043ea0e9910490c5961ba757e232,512,512,RGB,9270e8d0d4ccd4d4,
Testing/glioma/Te-gl_371.jpg,glioma,testing,False,30630,d9808d972cfddfad3d4cc9472e855d95,512,512,RGB,9670e8ccf0c8f0b2,
Testing/glioma/Te-gl_372.jpg,glioma,testing,False,17817,075bcfcd243c9ac48bc54d42691f0fff,233,233,RGB,79c4d6aaaa92d6ec,
Testing/glioma/Te-gl_373.jpg,glioma,testing,False,25391,191454a537661acd760ddb44a8a737a6,512,512,RGB,b260c4c4cce4d469,
Testing/glioma/Te-gl_374.jpg,glioma,testing,False,23572,27df96f1d7c5a71502fd5cd4c84f3458,512,512,RGB,b068ccd4d0c471b2,
Testing/glioma/Te-gl_375.jpg,glioma,testing,False,20198,a63c0caa24cc4cd6e6a29d45124c2eaa,512,512,L,62c1c4e48ce8c4f1,
Testing/glioma/Te-gl_376.jpg,glioma,testing,False,18522,4ff4c038b457430caea92395c2cab505,512,512,L,70e0ccc8c0d4f8b0,
Testing/glioma/Te-gl_377.jpg,glioma,testing,False,20439,11fca69a362963015a6187ff72edab19,512,512,L,0671d8e4ccd8d4d1,
Testing/glioma/Te-gl_378.jpg,glioma,testing,False,25506,6d117186a36d34063ec5a726e44af98d,512,512,RGB,b2e8c4d4d4ecc4ec,
Testing/glioma/Te-gl_379.jpg,glioma,testing,False,12635,55fae6b0994a45b2bc550b067c832766,512,512,L,94f0e8d8f0d870b2,
Testing/glioma/Te-gl_38.jpg,glioma,testing,False,24433,e092393aba9dcad7e260485c01bd34bd,512,512,L,61ccd2a292c8cac2,
Testing/glioma/Te-gl_380.jpg,glioma,testing,False,20086,b112725c48d44ae980f9ef51c54ff23a,512,512,L,b064d4d8f0d4d471,
Testing/glioma/Te-gl_381.jpg,glioma,testing,False,16539,6881fcff435c38c611b041b603409b70,512,512,L,04e2d9e4ecd4e033,
Testing/glioma/Te-gl_382.jpg,glioma,testing,False,16694,0d78657d558164277f28589a59096ec5,512,512,L,b2f068ccd4e8f086,
Testing/glioma/Te-gl_383.jpg,glioma,testing,False,19159,ae69126712867e312ac3b88d0f3900a7,512,512,L,86f2e8d4d4d4ccf0,
Testing/glioma/Te-gl_384.jpg,glioma,testing,False,22680,f20582d51698ce32afbb9fd9198fd87c,512,512,L,61d4b4e6aaaad2c0,
Testing/glioma/Te-gl_385.jpg,glioma,testing,False,13285,61a2ca28fd95ff412925f98c3d7662d7,512,512,RGB,82f068d0d4c870b2,
Testing/glioma/Te-gl_386.jpg,glioma,testing,False,12507,1107d49b45bcf99f4bf749933bde03df,512,512,L,84f279d4d4f8f082,
Testing/glioma/Te-gl_387.jpg,glioma,testing,False,22832,d9198933325c66906e96f7815bdde5e0,512,512,RGB,60e8d4e4f0c470b2,
Testing/glioma/Te-gl_388.jpg,glioma,testing,False,19911,19973a628d277abfd0c92531f43d92f5,512,512,L,9271e8e4dcc8d4f0,
Testing/glioma/Te-gl_389.jpg,glioma,testing,False,17778,252314e70476470af7835cdfd70bac92,249,238,RGB,68c6abc9494dad9a,
Testing/glioma/Te-gl_39.jpg,glioma,testing,False,16927,5aecc783156035febde49c4efcff8257,200,234,RGB,c8c86a698484e8f0,
Testing/glioma/Te-gl_390.jpg,glioma,testing,False,18429,30527730baec5df3dc0f6f3730d3c154,512,512,L,b271d4ecd4d4ccf0,
Testing/glioma/Te-gl_391.jpg,glioma,testing,False,70676,8e0108bb8750ce4c3ccff54b2edad6e0,490,625,RGB,69ccb2b4b2ccc8e0,
Testing/glioma/Te-gl_392.jpg,glioma,testing,False,18809,1b2b326f2d609d40f590fae935eb0469,512,512,L,86f068d4ccd4d464,
Testing/glioma/Te-gl_393.jpg,glioma,testing,False,12937,dbd3c1285b585cb4981efc1d3e4724bc,512,512,L,b270ecd4dcec7092,
Testing/glioma/Te-gl_394.jpg,glioma,testing,False,18634,2c6ba60d10c0a0f87c29facb7fd5d4ad,512,512,L,6868c8d4f0d470b2,
Testing/glioma/Te-gl_395.jpg,glioma,testing,False,22897,e2935e3e746077eedab7e98c42513762,512,512,L,62d1b4e4b494f4c5,
Testing/glioma/Te-gl_396.jpg,glioma,testing,False,24799,5dac84ca35c6dbe96e9bedbe2a36f3a6,512,512,RGB,b270e9c8dce87082,
Testing/glioma/Te-gl_397.jpg,glioma,testing,False,14841,7e0bad9639785b71224a0dfa523727f0,512,512,L,b074dcd4a4e4e082,
Testing/glioma/Te-gl_398.jpg,glioma,testing,False,25357,64b84cbb92d2e2f6e196e287fb30eddd,512,512,RGB,b268d4d6d6948ca6,
Testing/glioma/Te-gl_399.jpg,glioma,testing,False,21559,acb7e8f554290f4004c973eacfd0f18c,512,512,L,b270cce4f0faecec,
Testing/glioma/Te-gl_4.jpg,glioma,testing,False,22725,0b786470af03374d059f91eba8afb6d6,512,512,L,71d4fce0f0ece868,
Testing/glioma/Te-gl_40.jpg,glioma,testing,False,21787,9ab8cedcdf0e6f80ae27ac8a7a76f974,512,512,L,61c490f4c4d2e4c1,
Testing/glioma/Te-gl_400.jpg,glioma,testing,False,21662,c19fc55c5716e09fc56d1ee8723794ba,512,512,L,b0e8c8e8ccccd070,
Testing/glioma/Te-gl_41.jpg,glioma,testing,False,20395,06583ec0a463d52664dc7f151131e4de,512,512,L,06e1c898b4e0d2f4,
Testing/glioma/Te-gl_42.jpg,glioma,testing,False,24695,b86bf4bd56b1844dcea484db63296b0f,512,512,L,71c0f0e4badac8e0,
Testing/glioma/Te-gl_43.jpg,glioma,testing,False,15141,cfbb6819b163a17ffbae9c5159cc786a,236,236,RGB,f0e8ccececccd470,
Testing/glioma/Te-gl_44.jpg,glioma,testing,False,20632,8dd4fea97ad8cb66443edc35e6b9fa2d,512,512,L,70e8ccccf2f8cc69,
Testing/glioma/Te-gl_45.jpg,glioma,testing,False,23993,5e21193cb466e5a6d19cb17ffdfdd0f6,512,512,RGB,b269ccd4b2d4e8b2,
Testing/glioma/Te-gl_46.jpg,glioma,testing,False,19513,3730577011d4b712e144302873498d7e,512,512,L,b2e8dce8d4ccfc68,
Testing/glioma/Te-gl_47.jpg,glioma,testing,False,41860,579e1702b8676213eb39177d16d695a5,401,475,RGB,ccae9b9358493237,
Testing/glioma/Te-gl_48.jpg,glioma,testing,False,19973,7f5edbbd10269b829c521f148ab630cc,512,512,L,b271d8dcccd8d469,
Testing/glioma/Te-gl_49.jpg,glioma,testing,False,17549,8762f53c7cb5e6d501c9b60b51fe6d3a,512,512,L,71ccd4f4d0e8dc8e,
Testing/glioma/Te-gl_5.jpg,glioma,testing,False,20738,e93a1646ac21e3522cad66e198b6338a,512,512,RGB,f0e8d4f4e8d4f032,
Testing/glioma/Te-gl_50.jpg,glioma,testing,False,15441,c0aea86b773395949902b9861afbcced,512,512,L,72d0f4a4d4d470b2,
Testing/glioma/Te-gl_51.jpg,glioma,testing,False,23154,017db06f75d30838999bb7feff0fc85b,512,512,L,32e8ccf0c4e0e8c0,
Testing/glioma/Te-gl_52.jpg,glioma,testing,False,15944,8c274b0172caeb9e7d251f1a59041366,512,512,L,b0fcd4ace0f8e0b2,
Testing/glioma/Te-gl_53.jpg,glioma,testing,False,32246,bbec4768373ae14a4df202e59af3a423,355,399,RGB,e0eaac6d6597a8f0,
Testing/glioma/Te-gl_54.jpg,glioma,testing,False,21232,47e52a9116b0d56b65411ac631c002c0,512,512,L,63c8e4e0d4dcc8c0,
Testing/glioma/Te-gl_55.jpg,glioma,testing,False,24972,ecb5d5578dc0076e71470b7073bcf713,512,512,L,f8d4b2e092d0e0a1,
Testing/glioma/Te-gl_56.jpg,glioma,testing,False,22468,51a658b2bd7e4e5ec500d3d7b1627b11,512,512,L,b360c4f4d2d26e6c,
Testing/glioma/Te-gl_57.jpg,glioma,testing,False,19533,2a72dabfdf737920ec108aa64330f10c,512,512,L,8463c0a4928cf464,
Testing/glioma/Te-gl_58.jpg,glioma,testing,False,17755,d1d55ea45aa70dedc546a5d5468d3838,282,257,RGB,6446ecf0f0ec70b1,
Testing/glioma/Te-gl_59.jpg,glioma,testing,False,48294,557074c0f2215c6453fd61461aafc59a,544,564,RGB,69dcaabaa8e8d471,
Testing/glioma/Te-gl_6.jpg,glioma,testing,False,17023,178292ec971ec6fbe024568d2b326272,512,512,L,70e8d8d8d4d4f0b2,
Testing/glioma/Te-gl_60.jpg,glioma,testing,False,20676,d73a7cae1c8c35ddeb43c2137e894e74,512,512,L,71d4d4f0f4ccecf8,
Testing/glioma/Te-gl_61.jpg,glioma,testing,False,16995,1ef6fb68be9a706d552aabf337888f1a,512,512,RGB,b270f0f0d0d070b2,
Testing/glioma/Te-gl_62.jpg,glioma,testing,False,23493,dcb9ea622419b123e358cea1b050b90e,317,378,RGB,78f4dcccccd692c0,
Testing/glioma/Te-gl_63.jpg,glioma,testing,False,13453,b6fee6372d0f471cf597c753a1dae3d7,512,512,L,b2f0ecd4d4c4f0b2,
Testing/glioma/Te-gl_64.jpg,glioma,testing,False,21248,74d574d90715c9c826bdde2c4f0d84c2,512,512,RGB,72e8ccd4e8ec70b2,
Testing/glioma/Te-gl_65.jpg,glioma,testing,False,19578,aa21987b8666ea6ed5f418297bf9a042,512,512,L,06e1c8e49494e4c1,
Testing/glioma/Te-gl_66.jpg,glioma,testing,False,27393,0f4ced3a9bf6e93ddf8ea0bf5376d100,353,427,RGB,60ccaaa6c89898f1,
Testing/glioma/Te-gl_67.jpg,glioma,testing,False,17294,ef51a98906f7403bbdcf652542ce3c85,512,512,L,70e9e4e8ccc87192,
Testing/glioma/Te-gl_68.jpg,glioma,testing,False,12469,f93b87c4d3413c923703a3c6babb55a7,236,236,RGB,79f8f0f0e0c8cce4,
Testing/glioma/Te-gl_69.jpg,glioma,testing,False,13188,a757ed8ce361ba28d4ffeeabb74279a4,512,512,L,b070ecccd4e87082,
Testing/glioma/Te-gl_7.jpg,glioma,testing,False,21689,9fd73a48c8ccb99b236bcd016207853e,512,512,L,62e1b4a4acd0e4c1,
Testing/glioma/Te-gl_70.jpg,glioma,testing,False,19246,792ad41aa66969c24f378ef0d18c9851,512,512,L,32f8c8f4f0d461b2,
Testing/glioma/Te-gl_71.jpg,glioma,testing,False,29266,d376602e869d9859cc6ff6afe9ea2e65,512,512,RGB,33e8d4d8c8d069b2,
Testing/glioma/Te-gl_72.jpg,glioma,testing,False,14413,7aec05f6498b98fca1451348adec402c,236,298,RGB,69d4b0e0caeaf071,
Testing/glioma/Te-gl_73.jpg,glioma,testing,False,23693,a45d1ba46ce79c33ae7b269b5200974b,512,512,L,61cca6a4b2d6c4c4,
Testing/glioma/Te-gl_74.jpg,glioma,testing,False,33556,2678366cb452c265ff8d9ada74ab9e68,440,398,RGB,71ccd69696d2c668,
Testing/glioma/Te-gl_75.jpg,glioma,testing,False,21557,69f16717cd6fdc7f531423e9929ca0e0,512,512,RGB,92f0e8cce4c4f0b2,
Testing/glioma/Te-gl_76.jpg,glioma,testing,False,71896,0f4ec8ee4e0654b99e98ab02e8f37ea2,564,665,RGB,f9d89269ec9cd878,
Testing/glioma/Te-gl_77.jpg,glioma,testing,False,31655,0c38783485cc794a274ba7bd77c96a12,512,512,RGB,b260d4d0e8dce870,
Testing/glioma/Te-gl_78.jpg,glioma,testing,False,51382,3064ee3b4e53094e3c1c31c6f09c90c8,421,504,RGB,f0d4b89caca8d4f0,
Testing/glioma/Te-gl_79.jpg,glioma,testing,False,19788,3dcd4cf6ac61b4555bdf96438b32fad4,512,512,L,22c1c8f4ccbac4d4,
Testing/glioma/Te-gl_8.jpg,glioma,testing,False,25466,9f317cc1472c1609146cc4445509c2f5,512,512,RGB,9278c4d2d696a684,
Testing/glioma/Te-gl_80.jpg,glioma,testing,False,20694,06a9ff4441ba25bfea5e899eda8f5d2d,512,512,L,b2f9d4f0ec8cf0c9,
Testing/glioma/Te-gl_81.jpg,glioma,testing,False,19842,cb6099b260207cf0172f666c2636cdab,512,512,L,b2e8d4d4d4ccdcc8,
Testing/glioma/Te-gl_82.jpg,glioma,testing,False,23159,debd394a0b194c21259bda73bc88c22c,512,512,L,32e1d4b2a4b49498,
Testing/glioma/Te-gl_83.jpg,glioma,testing,False,14499,e65693d308fb8e7c266940efed48d9fb,512,512,L,b271ccd4e4dc71b2,
Testing/glioma/Te-gl_84.jpg,glioma,testing,False,41441,83989a329ba1dda76b9355e46b0ba93b,485,594,RGB,64cc9ab6a6a6f070,
Testing/glioma/Te-gl_85.jpg,glioma,testing,False,31080,8e500fc5f61d6d4787016299e1ee876f,512,512,RGB,b2f8e4f0cee8d0d4,
Testing/glioma/Te-gl_86.jpg,glioma,testing,False,33849,8dd205bf374632b6dfe1bf962e599194,386,406,RGB,30f8e6e4d2a6e470,
Testing/glioma/Te-gl_87.jpg,glioma,testing,False,14824,969a15a68d0796c3790bdf5fc15bfece,512,512,RGB,8261dcd4cc79b244,
Testing/glioma/Te-gl_88.jpg,glioma,testing,False,18238,00ff170dab2988e442309f7812c13276,512,512,RGB,c4f061e4c8e8f086,
Testing/glioma/Te-gl_89.jpg,glioma,testing,False,26466,3db3cf3913a8665fb268b1d401cd7e98,512,512,L,e1d0a0c4d8b086d8,
Testing/glioma/Te-gl_9.jpg,glioma,testing,False,20559,147c8fb312bbab5fe66bfe3698096d1b,512,512,RGB,b2e9d4c8d0cc7092,
Testing/glioma/Te-gl_90.jpg,glioma,testing,False,22544,d2da74529f8660d4b0a5dbcc05fffb84,512,512,L,63d0e0da9ad4c0e4,
Testing/glioma/Te-gl_91.jpg,glioma,testing,False,19654,3da55a2e470015320a007589cabcc8dc,512,512,L,9270e8d4ccccd8e4,
Testing/glioma/Te-gl_92.jpg,glioma,testing,False,22490,37116fc0ecbdbe14d0f734246221707b,512,512,L,71cca6b2a4c4d0e1,
Testing/glioma/Te-gl_93.jpg,glioma,testing,False,16803,4e1300bc8538466edae503aed6b130b9,512,512,L,92f1e4dccce4f069,
Testing/glioma/Te-gl_94.jpg,glioma,testing,False,25475,78cdc69804677e4ff6aaf5102be7a807,512,512,L,61cca2a4b2d6c6e4,
Testing/glioma/Te-gl_95.jpg,glioma,testing,False,24962,47902ab25d44391609029141ee3a60a6,512,512,RGB,71e0c4d4b0e0cc69,
Testing/glioma/Te-gl_96.jpg,glioma,testing,False,19108,b1cad579c25c38a79ef6831271a98793,512,512,L,b269ccd4b2d468b2,
Testing/glioma/Te-gl_97.jpg,glioma,testing,False,50991,4ba58d371951fd2a25f96a366b396975,504,608,RGB,60f0dcdcd4f0f070,
Testing/glioma/Te-gl_98.jpg,glioma,testing,False,24459,03a5c31d31800872662adb6ed007ae39,512,512,L,61dcb4a4b2c4c888,
Testing/glioma/Te-gl_99.jpg,glioma,testing,False,21246,51a17e33c4e2931cde3b780759752cdb,512,512,L,61d8b4e0b4d4e8e4,
Testing/meningioma/Te-aug-me_1.jpg,meningioma,testing,True,18697,26f10c9f13020ecf73d4943940094ff2,512,512,RGB,b074c4cad0c87132,
Testing/meningioma/Te-aug-me_10.jpg,meningioma,testing,True,27636,4dd1bb1c2f227dda030c8474c79c1c14,512,512,RGB,d9c8c8ae92fae470,
Testing/meningioma/Te-aug-me_100.jpg,meningioma,testing,True,24646,4a710ed586667d8a4ef4a79a8f5eb1c2,512,512,RGB,31c0d096b4bce0e4,
Testing/meningioma/Te-aug-me_101.jpg,meningioma,testing,True,24605,a4d2b454f033d02b85821a7fc36ad8c3,512,512,RGB,31f8f292d2c2f8d8,
Testing/meningioma/Te-aug-me_102.jpg,meningioma,testing,True,23225,3854d262bfd3d1069edb779e56faa081,512,512,RGB,b2f0dcf0e4cccc60,
Testing/meningioma/Te-aug-me_103.jpg,meningioma,testing,True,21011,f510cc58f40002f75fca112d3d2c7359,512,512,RGB,9068e4ecd2f2c8c8,
Testing/meningioma/Te-aug-me_11.jpg,meningioma,testing,True,21141,f17584a12d1cad5837a825fd9cced1b0,512,512,RGB,32e9ccd8d8e4e1e1,
Testing/meningioma/Te-aug-me_12.jpg,meningioma,testing,True,23004,fc2e384c8ff9c3619a7af1f2fa78e2b9,512,512,RGB,b1f0ecd4d4ccf068,
Testing/meningioma/Te-aug-me_13.jpg,meningioma,testing,True,23491,a5eab7d252582c4b435bd69b97108b29,512,512,RGB,6469dde5e6d0c071,
Testing/meningioma/Te-aug-me_14.jpg,meningioma,testing,True,27439,d599925e6a224442cae6bcaa37e4408f,512,512,RGB,d5d494aa94e8c8e8,
Testing/meningioma/Te-aug-me_15.jpg,meningioma,testing,True,22009,2d1c25fa7fda57467a448c3db7816d44,512,512,RGB,22e0d8eac6da5248,
Testing/meningioma/Te-aug-me_16.jpg,meningioma,testing,True,19092,eb317008de056d6fa3d6b5fbeaa29cfe,512,512,RGB,b170d4dadaccec30,
Testing/meningioma/Te-aug-me_17.jpg,meningioma,testing,True,22368,db3399e3fb893f472229307e877973e8,512,512,RGB,63c0b0c4dcd8c8c0,
Testing/meningioma/Te-aug-me_18.jpg,meningioma,testing,True,16293,dab98e63a30a8ab327301544c6c502ce,512,512,RGB,b2e0dcd0f069b284,
Testing/meningioma/Te-aug-me_19.jpg,meningioma,testing,True,22780,c8b05d37d0735fada265e89ad87bf300,512,512,RGB,6de4d48ce2a4c863,
Testing/meningioma/Te-aug-me_2.jpg,meningioma,testing,True,15276,c184174bd90310e62d2e045983f8c057,512,512,RGB,9271ecccf468b284,
Testing/meningioma/Te-aug-me_20.jpg,meningioma,testing,True,21254,3e5ea42ed5e35838e4d78035322b390f,512,512,RGB,d0d0d0ccd0d46122,
Testing/meningioma/Te-aug-me_21.jpg,meningioma,testing,True,16806,f9913e64e27fb484dd0182c81792c18c,512,512,RGB,b279e4c8e4d47192,
Testing/meningioma/Te-aug-me_22.jpg,meningioma,testing,True,22805,c75100fb28384d4cfc22dbf64fb68d78,512,512,RGB,3974e2f8d8c6ccec,
Testing/meningioma/Te-aug-me_23.jpg,meningioma,testing,True,24552,21f64ff30f6b3647a96239836b2bc60c,512,512,RGB,63e8ecd4ccd0e4c1,
Testing/meningioma/Te-aug-me_24.jpg,meningioma,testing,True,20756,d9e71d1cb935799f9699af4104f0ffac,512,512,RGB,68c8d4aae8c2f031,
Testing/meningioma/Te-aug-me_25.jpg,meningioma,testing,True,19847,5ad32ee8959bc889dc712c442ccddeda,512,512,RGB,b060ccc8f4c0d4e4,
Testing/meningioma/Te-aug-me_26.jpg,meningioma,testing,True,18076,a7290a39eb2a10a2fd16b9bde7beedf6,512,512,RGB,72f1c8c8acccf132,
Testing/meningioma/Te-aug-me_27.jpg,meningioma,testing,True,20782,304b9ce586279ee6f599f6fde4aec436,512,512,RGB,e4ecd0c4d4f47192,
Testing/meningioma/Te-aug-me_28.jpg,meningioma,testing,True,20488,a9f59bbdc4f9b0bb9326b82873ad8604,512,512,RGB,6cc4f8d0cccc6992,
Testing/meningioma/Te-aug-me_29.jpg,meningioma,testing,True,21591,0a26df2d9def67d1d2fbb684299717d2,512,512,RGB,30f0ccd8f8d8e870,
Testing/meningioma/Te-aug-me_3.jpg,meningioma,testing,True,20507,afa2443cac7587f3d1d1d1eb376bdebd,512,512,RGB,b168f8ccece87879,
Testing/meningioma/Te-aug-me_30.jpg,meningioma,testing,True,23001,2aa10c2e7e23cc132a568d259f6caa6e,512,512,RGB,cccce4d0e8d4e431,
Testing/meningioma/Te-aug-me_31.jpg,meningioma,testing,True,21479,a67b050d13b111a58c1697d9af17180e,512,512,RGB,72e9ccecb0e8d869,
Testing/meningioma/Te-aug-me_32.jpg,meningioma,testing,True,16009,05699082c27f2654e682b625263e9763,512,512,RGB,9270e8cce8ccf032,
Testing/meningioma/Te-aug-me_33.jpg,meningioma,testing,True,22963,b7b2ab09eb1fd52cf452aef9357bbdf7,512,512,RGB,8178c8dad6d9d47c,
Testing/meningioma/Te-aug-me_34.jpg,meningioma,testing,True,13283,d80d1fb72aee5acbe4e5c91d1445bd28,512,512,RGB,b070d4f0f078b0c4,
Testing/meningioma/Te-aug-me_35.jpg,meningioma,testing,True,22165,016b484892cddc0b955a50f91a183913,512,512,RGB,b268c0d4ccccd469,
Testing/meningioma/Te-aug-me_36.jpg,meningioma,testing,True,15972,a9a17affeaec098a8d4e1b28e512f61a,512,512,RGB,92f0e8dcf4c4f132,
Testing/meningioma/Te-aug-me_37.jpg,meningioma,testing,True,16335,3af247fb22f96f6b5fcaae7f17e98537,512,512,RGB,8271dcd098f07082,
Testing/meningioma/Te-aug-me_38.jpg,meningioma,testing,True,20579,fa33f9de8d1c74be174a82d92e9fccd1,512,512,RGB,68c4d8ece4c8e106,
Testing/meningioma/Te-aug-me_39.jpg,meningioma,testing,True,21588,d2f5f5ca3c4b6560e72717d8ff126b6d,512,512,RGB,61e0c8d48cd0c4c9,
Testing/meningioma/Te-aug-me_4.jpg,meningioma,testing,True,19897,ff241b7b5761880cba92b2848eb04fd3,512,512,RGB,8279c8ccb0e4e1b2,
Testing/meningioma/Te-aug-me_40.jpg,meningioma,testing,True,22549,b4fc39806c66662bd7771e458b8e2778,512,512,RGB,6cd4c0ccf4d070b2,
Testing/meningioma/Te-aug-me_41.jpg,meningioma,testing,True,22820,342a394fb4d464d120237e5fc0b17bb6,512,512,RGB,e4e4e4a8d4a8d878,
Testing/meningioma/Te-aug-me_42.jpg,meningioma,testing,True,25172,5bbc16a31ad959f37342afa117e9cff3,512,512,RGB,ecd4d6e2aedaf839,
Testing/meningioma/Te-aug-me_43.jpg,meningioma,testing,True,27164,86e1ba2b5d7e86a7d740b5469254236d,512,512,RGB,39f8daaa92d6ecfc,
Testing/meningioma/Te-aug-me_44.jpg,meningioma,testing,True,17358,68397433b1fcebeb35313f36a71fa3a0,512,512,RGB,106969e4e4e87438,
Testing/meningioma/Te-aug-me_45.jpg,meningioma,testing,True,20753,b92e12ecee314488ae7d46017af535d4,512,512,RGB,3271d8c4d8dcc8e0,
Testing/meningioma/Te-aug-me_46.jpg,meningioma,testing,True,18184,5890f35b4eef037d22d0c40ce9b9a397,512,512,RGB,2269e8d0d8e0d0e1,
Testing/meningioma/Te-aug-me_47.jpg,meningioma,testing,True,16906,bc9577e224d93120ea2a41ff5fafdd2e,512,512,RGB,b070c8e8c4e871b2,
Testing/meningioma/Te-aug-me_48.jpg,meningioma,testing,True,25907,5d468c61203d4b68deaececa40122817,512,512,RGB,33f0cca8b2b2d6d6,
Testing/meningioma/Te-aug-me_49.jpg,meningioma,testing,True,23061,1be7d3c47442ae0b29f9edc89930992d,512,512,RGB,71d0e8ccc4c8c862,
Testing/meningioma/Te-aug-me_5.jpg,meningioma,testing,True,22177,bdf9ead9aad98e041aed4b415e5e7b91,512,512,RGB,12f184b2b88aeaea,
Testing/meningioma/Te-aug-me_50.jpg,meningioma,testing,True,19208,baad9bf6980c14c64443c7c70c6a36f3,512,512,RGB,b2f0f0e8d4d4e9f2,
Testing/meningioma/Te-aug-me_51.jpg,meningioma,testing,True,20727,090d6f7b422ff6bfcb23105feef7942b,512,512,RGB,22f1d0c8e4c4d0e2,
Testing/meningioma/Te-aug-me_52.jpg,meningioma,testing,True,19874,45af20bbf38a52ade5e5c190e19d93e5,512,512,RGB,68ccd488b0f0c102,
Testing/meningioma/Te-aug-me_53.jpg,meningioma,testing,True,22671,3640defbc99dfe92096630789b17e205,512,512,RGB,62d8f2eeec6c3441,
Testing/meningioma/Te-aug-me_54.jpg,meningioma,testing,True,22637,90d5bf753833ae2f27c5532a61be6701,512,512,RGB,fcc8a2e4f4f27cb9,
Testing/meningioma/Te-aug-me_55.jpg,meningioma,testing,True,19161,6e5889d8e597e7619a6de11afde7edba,512,512,RGB,32e9cce4f0c87192,
Testing/meningioma/Te-aug-me_56.jpg,meningioma,testing,True,14601,cd391f6c48d24854098551f4dc165620,512,512,RGB,c470e0f0f0d0f032,
Testing/meningioma/Te-aug-me_57.jpg,meningioma,testing,True,14845,a379321634b64b0ac17873276a3328f3,512,512,RGB,9270d0f4c8cc70b2,
Testing/meningioma/Te-aug-me_58.jpg,meningioma,testing,True,22053,16a78e6b091a63669cc1d49fabe19bbd,512,512,RGB,70f0e2c8c8c4e832,
Testing/meningioma/Te-aug-me_59.jpg,meningioma,testing,True,20879,f5632c01e42611aff03533ee7c4f1e1a,512,512,RGB,b278f8f0cce4f4f0,
Testing/meningioma/Te-aug-me_6.jpg,meningioma,testing,True,23014,16f7f5ef9551cd89d2996bb0a6e44eea,512,512,RGB,b2e9dcb2d4cce020,
Testing/meningioma/Te-aug-me_60.jpg,meningioma,testing,True,21487,84e0c24afa19d03ef835c5715fd47cdf,512,512,RGB,74d4d4d2f8d07092,
Testing/meningioma/Te-aug-me_61.jpg,meningioma,testing,True,20239,19654cd44e444e5d878f7030e2f98c70,512,512,RGB,31e8d4e8d8ec6c4e,
Testing/meningioma/Te-aug-me_62.jpg,meningioma,testing,True,19718,0932329c59f5f7a04d405647183e1926,512,512,RGB,3261f4ccd0ec6cd0,
Testing/meningioma/Te-aug-me_63.jpg,meningioma,testing,True,16878,7d470a187a18cda2690d1327ab8632a7,512,512,RGB,1068d4d4d4646464,
Testing/meningioma/Te-aug-me_64.jpg,meningioma,testing,True,22626,e18c441ecc059bc6dc5c7d2147af73cd,512,512,RGB,e4e6a6d6d6fafc39,
Testing/meningioma/Te-aug-me_65.jpg,meningioma,testing,True,24396,5a9da9c7951c0e8bfeb9541a9fe22ed9,512,512,RGB,c848cab28ccefc31,
Testing/meningioma/Te-aug-me_66.jpg,meningioma,testing,True,24502,9e0020d5d944f4a9301768bba3a8025e,512,512,RGB,e1c8ac84d6d7ec7c,
Testing/meningioma/Te-aug-me_67.jpg,meningioma,testing,True,24070,427affa1cfa7dc7b8bb10851db4f394a,512,512,RGB,e0ecdab4e2d8e023,
Testing/meningioma/Te-aug-me_68.jpg,meningioma,testing,True,23734,c752099ceade4f61993b582a47160a34,512,512,RGB,f8ecd49af6f6f839,
Testing/meningioma/Te-aug-me_69.jpg,meningioma,testing,True,21341,41f3fe0df178bcad59c01c585ce34548,512,512,RGB,ecccf8ccd4f47092,
Testing/meningioma/Te-aug-me_7.jpg,meningioma,testing,True,23533,c7eb8f855d434f29c8253b49c94ab6ea,512,512,RGB,70f4f4c8c8f2e479,
Testing/meningioma/Te-aug-me_70.jpg,meningioma,testing,True,19421,bafa9dfc5bf76d254f643eea1dc5612b,512,512,RGB,f0e8d4d4ecd07032,
Testing/meningioma/Te-aug-me_71.jpg,meningioma,testing,True,23781,a313a3505d13691f17b66a125ae1c40a,512,512,RGB,70c8cca4f0d4f0b2,
Testing/meningioma/Te-aug-me_72.jpg,meningioma,testing,True,21445,db9b73027cdf3ddd00488425215115d8,512,512,RGB,e8d0c8d4cccc6032,
Testing/meningioma/Te-aug-me_73.jpg,meningioma,testing,True,13820,a57f65d33c85f7213d49945b82b096ed,512,512,RGB,42b0796cd4f47092,
Testing/meningioma/Te-aug-me_74.jpg,meningioma,testing,True,16367,7ed3addddb4fcf965df4fb8c6b769c79,512,512,RGB,c4b271f4d0cc78b1,
Testing/meningioma/Te-aug-me_75.jpg,meningioma,testing,True,25875,13c724d09770bc9d9af30b48c87fcf4d,512,512,RGB,d9c8ccf4dcc8e873,
Testing/meningioma/Te-aug-me_76.jpg,meningioma,testing,True,17936,3440f191cc66597fcf8c41b31d40a1fe,512,512,RGB,3279d0c4d0cce8d4,
Testing/meningioma/Te-aug-me_77.jpg,meningioma,testing,True,24136,6fda67de3d75498ecde9f6cc925cbfcf,512,512,RGB,61d8a4aab0d4d498,
Testing/meningioma/Te-aug-me_78.jpg,meningioma,testing,True,18007,3e7495deb4bc89ed8c844eb59831254c,512,512,RGB,b271d0e0d4d479b2,
Testing/meningioma/Te-aug-me_79.jpg,meningioma,testing,True,23148,6230a8f827ecd20b4c41273cc591c7ed,512,512,RGB,3170cea6b784a4cc,
Testing/meningioma/Te-aug-me_8.jpg,meningioma,testing,True,20368,e7fe0650f2f81e59aefba40b638e2e0a,512,512,RGB,b178d0d4ccc8c8c8,
Testing/meningioma/Te-aug-me_80.jpg,meningioma,testing,True,26131,94205ed249851298d36e0c1d88314833,512,512,RGB,e1cc9c92b696cce4,
Testing/meningioma/Te-aug-me_81.jpg,meningioma,testing,True,13180,8079c23eb537237ffd2c1125819f48a7,512,512,RGB,32f0d4f0d0e1f284,
Testing/meningioma/Te-aug-me_82.jpg,meningioma,testing,True,20345,493ba30492d7a423f444d48f10756bf6,512,512,RGB,0141e0a0cce8d268,
Testing/meningioma/Te-aug-me_83.jpg,meningioma,testing,True,22494,acd352f1e1c2c102acb2eb23cad4140b,512,512,RGB,397cd2b8dace9cda,
Testing/meningioma/Te-aug-me_84.jpg,meningioma,testing,True,17630,d0fab450249c5ec1d615dd67086e96be,512,512,RGB,b271c0d0d4e46192,
Testing/meningioma/Te-aug-me_85.jpg,meningioma,testing,True,21970,d8858fcd829a580480ce940ac44e4339,512,512,RGB,c9cc92d6f2d06102,
Testing/meningioma/Te-aug-me_86.jpg,meningioma,testing,True,14143,f2abb59380c78e1793b6fb616dca4af8,512,512,RGB,c4f2e1d0d0d4f032,
Testing/meningioma/Te-aug-me_87.jpg,meningioma,testing,True,24960,d045b1bacf22a8b1e6e3236bc265f7fd,512,512,RGB,3978daace2d6d4ee,
Testing/meningioma/Te-aug-me_88.jpg,meningioma,testing,True,23906,6b30cf9a8ad5df005524ee7f14ff4c0d,512,512,RGB,39e4daaa92d494e4,
Testing/meningioma/Te-aug-me_89.jpg,meningioma,testing,True,23174,b44dc9f9958006b5a7ba54bf67c8f336,512,512,RGB,3160ccd4d4ecf060,
Testing/meningioma/Te-aug-me_9.jpg,meningioma,testing,True,27439,b812df57b43baddf927415d71f732502,512,512,RGB,e1104c1096169ccc,
Testing/meningioma/Te-aug-me_90.jpg,meningioma,testing,True,24359,d93c1524211be3d0536b43a3d2d5a9a5,512,512,RGB,38f6eeb6b2c6ccd4,
Testing/meningioma/Te-aug-me_91.jpg,meningioma,testing,True,22549,ed13386d06bd6c75643bb4d0517fdf98,512,512,RGB,d4cce8e8d4c47182,
Testing/meningioma/Te-aug-me_92.jpg,meningioma,testing,True,17186,00657af3e9cf9f038cfa9aef55e8e453,512,512,RGB,b068f4f0c8ec6900,
Testing/meningioma/Te-aug-me_93.jpg,meningioma,testing,True,25746,348bb2e935a1b8c068faeb6e17932d65,512,512,RGB,60d4eaccd2ecec71,
Testing/meningioma/Te-aug-me_94.jpg,meningioma,testing,True,17053,1a08e9852922dfb857fed83a8b869a2f,512,512,RGB,0269ecccf0f468b0,
Testing/meningioma/Te-aug-me_95.jpg,meningioma,testing,True,20548,2972d0699edbdacbe956d38cb7cf09c5,512,512,RGB,64d4ecc8d8643902,
Testing/meningioma/Te-aug-me_96.jpg,meningioma,testing,True,21300,d0933c35c4a4a4c4718d59012ddffd47,512,512,RGB,e9a0ecd4f4ec6902,
Testing/meningioma/Te-aug-me_97.jpg,meningioma,testing,True,16086,5790fda361f3968fedb24f63b61285ef,512,512,RGB,92f068c4d0d868b0,
Testing/meningioma/Te-aug-me_98.jpg,meningioma,testing,True,19021,d5b10bc35d236007e306411dca1431ad,512,512,RGB,9271e4b0d4cc69b2,
Testing/meningioma/Te-aug-me_99.jpg,meningioma,testing,True,22870,3f6b9521ea56ed414517b6c452e9e9d2,512,512,RGB,197ce0d4c8ccec70,
Testing/meningioma/Te-me_1.jpg,meningioma,testing,False,33110,c4d331c89213716051a472919d4853c7,442,442,RGB,71f8c8c4ccb2aae8,
Testing/meningioma/Te-me_10.jpg,meningioma,testing,False,27245,2600739ac1cf8f2468e293c6de80c8cb,512,512,L,e39948ac9ab8a5d4,
Testing/meningioma/Te-me_100.jpg,meningioma,testing,False,25646,3c2fe9233eff5a046f135b3868a947c3,512,512,L,71c8f0b6ccecec64,
Testing/meningioma/Te-me_101.jpg,meningioma,testing,False,18534,eb40381e0195cb12ab74038cb49d2a00,305,337,RGB,71f0f0c8d8cccc70,
Testing/meningioma/Te-me_102.jpg,meningioma,testing,False,15210,78472b59cdc7f9965defe2f2db587c2b,512,512,L,b270e8cccccc7192,
Testing/meningioma/Te-me_103.jpg,meningioma,testing,False,19260,0cbe54f275d74b62542f4ed8565ba746,512,512,L,32e8d4e8e4c8d899,
Testing/meningioma/Te-me_104.jpg,meningioma,testing,False,21636,9fd8a6e107cd64d8624acb7659f550ee,512,512,RGB,b261d4c4f0e471b2,
Testing/meningioma/Te-me_105.jpg,meningioma,testing,False,18203,75d4688fafa7d9c98e51f8f699d2c821,323,342,RGB,70e0dcccfcd4c471,
Testing/meningioma/Te-me_106.jpg,meningioma,testing,False,23136,6606a1b808f88ab51c00c44d8299d138,512,512,L,e1d8a4a484ccd0c0,
Testing/meningioma/Te-me_107.jpg,meningioma,testing,False,15289,69af1feff6a1fee339abe180a60520ce,512,512,L,84f261f0f0dce0b2,
Testing/meningioma/Te-me_108.jpg,meningioma,testing,False,18353,5675e8cbe18e70d3ee9945d1b1bdef70,512,512,L,b270d0ccdcc8ec68,
Testing/meningioma/Te-me_109.jpg,meningioma,testing,False,19826,a846583cd8dcb5b03d33354264fc7fa2,239,224,RGB,e082d8589892e4e4,
Testing/meningioma/Te-me_11.jpg,meningioma,testing,False,19113,371333097e45d462b0bec5849772c836,512,512,L,22e1d8d8ecd4d0e9,
Testing/meningioma/Te-me_110.jpg,meningioma,testing,False,21013,54d2cf429cae4530b59b60de5b106489,512,512,L,b268ccecd4ccccec,
Testing/meningioma/Te-me_111.jpg,meningioma,testing,False,23802,ae2ca1bc1c2ba66561a7db9473d10e6f,290,342,RGB,70e0cec4b2aa8acc,
Testing/meningioma/Te-me_112.jpg,meningioma,testing,False,18528,c5fd82bfcda6e3bff49f20a44701237b,512,512,L,8271f4f4e8f06871,
Testing/meningioma/Te-me_113.jpg,meningioma,testing,False,22020,169df254b7ad1a18a562485fc4f64eaf,257,307,RGB,f9d802696cdcdcf8,
Testing/meningioma/Te-me_114.jpg,meningioma,testing,False,25487,9a0b4d6452a82815c032988f385fb802,512,512,L,e9d8a8d292ccec6c,
Testing/meningioma/Te-me_115.jpg,meningioma,testing,False,23456,d9c71ff74c3b13f6b927f55bd032e0ae,512,512,L,b268fcd4dcccd468,
Testing/meningioma/Te-me_116.jpg,meningioma,testing,False,37473,698ac9e379771e54f2dd985b1d58f8dd,455,500,RGB,69e8e0e0d0e4e070,
Testing/meningioma/Te-me_117.jpg,meningioma,testing,False,12968,a3973a629b0fd85b0154aff3a1b6bd64,209,241,RGB,69d4d0c8c8f8f861,
Testing/meningioma/Te-me_118.jpg,meningioma,testing,False,18208,8170d38af5de15575584a57d35100db3,512,512,L,2661d8e8d8c4c9c3,
Testing/meningioma/Te-me_119.jpg,meningioma,testing,False,21007,0cff8faaf70273b0199a81690dede112,512,512,L,61d4e2c4d86060c1,
Testing/meningioma/Te-me_12.jpg,meningioma,testing,False,20016,f2dde2ec95b92af3977374fb7b0113fa,512,512,L,9271e8ccd4ccd0f4,
Testing/meningioma/Te-me_120.jpg,meningioma,testing,False,20252,0605ad8c54286cc5a50acb302bab54bd,512,512,L,22e1d8e0e4a8dad8,
Testing/meningioma/Te-me_121.jpg,meningioma,testing,False,11810,b8b8939baceeeb98e037cbbd1c95eef9,216,216,RGB,71e0e8c8c88ae4f0,
Testing/meningioma/Te-me_122.jpg,meningioma,testing,False,22006,2c902aedae1cd9d9fdce1ea4abc221ea,512,512,L,02e1c4949894aca8,
Testing/meningioma/Te-me_123.jpg,meningioma,testing,False,23599,18f356d84470261dd0e21a9dcbf4aced,512,512,L,62e9e8d4ccd4e4c1,
Testing/meningioma/Te-me_124.jpg,meningioma,testing,False,22050,c10b07ccf1da51d171f975a5d785a530,512,512,RGB,f2c9e4e0e8c470b0,
Testing/meningioma/Te-me_125.jpg,meningioma,testing,False,42636,d82026ce4e94b96cfa7d39fd6bbb928a,480,480,RGB,cde8e8e8c0c0c0e1,
Testing/meningioma/Te-me_126.jpg,meningioma,testing,False,18058,20c1850fe4120ddb9fab62b827983520,200,236,RGB,b6b649696949b2d4,
Testing/meningioma/Te-me_127.jpg,meningioma,testing,False,20958,cc0b9529dab778b0b2b9c05fc62d269e,512,512,L,32e1c4e8a6acc8e8,
Testing/meningioma/Te-me_128.jpg,meningioma,testing,False,25286,d1f0c7ec9129c33fa186bf774bfda95b,512,512,L,63f8c8c0f4c4c8d8,
Testing/meningioma/Te-me_129.jpg,meningioma,testing,False,42116,e7f1a539df2e31242e1fc94c5203d361,554,554,RGB,73f1e9c8d8f97117,
Testing/meningioma/Te-me_13.jpg,meningioma,testing,False,21143,eb0c03c782cdd3ff0ac2dd5818957f64,512,512,L,61c8d0c4f8dad8d8,
Testing/meningioma/Te-me_130.jpg,meningioma,testing,False,22561,7983e247139b0735f0af1b4e9a203f5a,512,512,L,70e8cce4f0d4f0b2,
Testing/meningioma/Te-me_131.jpg,meningioma,testing,False,16229,2341e0a01e8e81dc866dcbf8d072ada6,512,512,L,0462c1d8d4d461e3,
Testing/meningioma/Te-me_132.jpg,meningioma,testing,False,18707,6208068a7b2fd245f215a111589512a1,512,512,L,8260ccf4cce0c8d1,
Testing/meningioma/Te-me_133.jpg,meningioma,testing,False,22304,91f5c25dfd8bdf12688cddd61ab30c1d,512,512,L,61d0e8d4e2ce6c7c,
Testing/meningioma/Te-me_134.jpg,meningioma,testing,False,23939,95e0e412245cd2c822f8027da35608ee,512,512,L,62c9ace8c6b4ccec,
Testing/meningioma/Te-me_135.jpg,meningioma,testing,False,24615,7a9ca28229880adea41fb813a0318b88,512,512,L,62c9a4a4b2d4d4d8,
Testing/meningioma/Te-me_136.jpg,meningioma,testing,False,24837,51cb08f062d359171b374960405d6d3f,512,512,L,71c4b6b4aaaad8d0,
Testing/meningioma/Te-me_137.jpg,meningioma,testing,False,12529,ade941ac3c22fbf1f857af45afc950c0,212,237,RGB,c8dccac8ecd8f8f0,
Testing/meningioma/Te-me_138.jpg,meningioma,testing,False,10120,5389ba5fcde6ddb37b1b779e771ff7e4,226,214,RGB,b97cdce4fa9a8eec,
Testing/meningioma/Te-me_139.jpg,meningioma,testing,False,21569,93ec5a9519784fb2e49a5c5d8eae27e0,352,322,RGB,3161e0ccf4f0e8e0,
Testing/meningioma/Te-me_14.jpg,meningioma,testing,False,21316,40311a1723ed0844b55a1248077204e0,512,512,L,61d0ece6d6d4c8d0,
Testing/meningioma/Te-me_140.jpg,meningioma,testing,False,17057,0196ecac44116396ed72936661a80982,512,512,L,b269d0c4d4c8c9f5,
Testing/meningioma/Te-me_141.jpg,meningioma,testing,False,23224,a9e7f5831ad5b3812c8e1130125d84e6,512,512,RGB,9260ecc8f2c479b2,
Testing/meningioma/Te-me_142.jpg,meningioma,testing,False,19691,a72ec02e208d181ec9722c706bdcc48d,512,512,L,b269ccccf4e0d4c8,
Testing/meningioma/Te-me_143.jpg,meningioma,testing,False,20245,f4b922cc4027c0f3903d2bbe4e92bede,512,512,L,71e8ccccd0d46869,
Testing/meningioma/Te-me_144.jpg,meningioma,testing,False,11090,cf2a8cf69d87a3c050b029106de94c02,224,216,RGB,7270e1c8d8e87030,
Testing/meningioma/Te-me_145.jpg,meningioma,testing,False,21930,b7ff9558094a0119b6f000f3838ddc95,512,512,RGB,b271c8d4e4c471b2,
Testing/meningioma/Te-me_146.jpg,meningioma,testing,False,21037,af13ba9a4dbef9086a53ac88f7fbab25,512,512,RGB,b2f0ccf4f4c4f072,
Testing/meningioma/Te-me_147.jpg,meningioma,testing,False,18940,cdde69fa61cd3e026a90905c776f603e,512,512,RGB,b270e0c0c0d07086,
Testing/meningioma/Te-me_148.jpg,meningioma,testing,False,18908,8f7120fb2be1bb842cc4241e53e43d0b,512,512,L,32f0dcd4f4d07192,
Testing/meningioma/Te-me_149.jpg,meningioma,testing,False,8844,97a796f73a374f89e520bf5c48cc1134,225,225,RGB,b0f0f0f0e8e8f0b2,
Testing/meningioma/Te-me_15.jpg,meningioma,testing,False,20287,ddc5b44bb9c2b8b9dc92975d799d6cbc,512,512,L,0671c8e4ccecccf2,
Testing/meningioma/Te-me_150.jpg,meningioma,testing,False,23627,f0baa5dd478fce7d8da17f4d394c4b44,512,512,L,71e4e8e6d4dcc8d0,
Testing/meningioma/Te-me_151.jpg,meningioma,testing,False,14496,23df2e36338f507a4f02d5cf46f0e7e1,512,512,L,96f0e8ccccd4e0b2,
Testing/meningioma/Te-me_152.jpg,meningioma,testing,False,14692,af52eb2639ea52806698014be8019abb,512,512,L,82f0e8ccf4d4e172,
Testing/meningioma/Te-me_153.jpg,meningioma,testing,False,20251,7f1ea37a291602ddaf787de1d39718fb,512,512,L,2261e4a496b6d8c8,
Testing/meningioma/Te-me_154.jpg,meningioma,testing,False,20714,27cdf23df6203088e63f3d15eb2b0329,512,512,L,70e8d4d4d0d4d468,
Testing/meningioma/Te-me_155.jpg,meningioma,testing,False,19428,e15e89d5ba56a440c342edd8ae85b503,512,512,L,24e2d1d4ecdef439,
Testing/meningioma/Te-me_156.jpg,meningioma,testing,False,37660,dea2cd6ac6bdac387165e8ed45e7b865,341,377,RGB,69d4e871534529ce,
Testing/meningioma/Te-me_157.jpg,meningioma,testing,False,26991,40e9c971c6b61e35d2babd756231721f,366,395,RGB,71d8f8eab433a88e,
Testing/meningioma/Te-me_158.jpg,meningioma,testing,False,12162,045daebe7b27c1e9f232488729611e94,215,220,RGB,aaccce2b795cfc92,
Testing/meningioma/Te-me_159.jpg,meningioma,testing,False,28301,81769c8837f28cf28cf2ff338a0694fb,300,345,RGB,3251d4b2b2f0cc79,
Testing/meningioma/Te-me_16.jpg,meningioma,testing,False,25288,72bef722ac68ad5264de6f00e7ff4819,512,512,L,e1cc9cd2b696ccec,
Testing/meningioma/Te-me_160.jpg,meningioma,testing,False,17510,c8263aff9a16e57d60e723e50be34001,512,512,L,b2f0d8e0e8cc70b0,
Testing/meningioma/Te-me_161.jpg,meningioma,testing,False,21315,1a8332f0b5574539a6492b0afdb9dd7f,512,512,L,0dc2c1c89c94b4f8,
Testing/meningioma/Te-me_162.jpg,meningioma,testing,False,9937,bb22285c41c42ca513a966485c355120,201,251,RGB,69ccf2b0795396f0,
Testing/meningioma/Te-me_163.jpg,meningioma,testing,False,18519,442468ba5f52d4dbcdb4a158813c1615,512,512,L,9270c8e4c8c8ccf0,
Testing/meningioma/Te-me_164.jpg,meningioma,testing,False,16372,127ed9f4f41d1ef2f7449c6a8ccd9549,512,512,RGB,c2b078c4d4d4f0b0,
Testing/meningioma/Te-me_165.jpg,meningioma,testing,False,32492,2722174027dad9bf77bb7404d7b3a202,402,396,RGB,74deaaab9296444e,
Testing/meningioma/Te-me_166.jpg,meningioma,testing,False,23583,0b7ef2f12d829317e126426bfa5f1e18,512,512,L,e1808c90b29e8cc4,
Testing/meningioma/Te-me_167.jpg,meningioma,testing,False,12380,a604b2f3f97ab3aa259545402887dc26,200,223,RGB,71d48e8d8b86d070,
Testing/meningioma/Te-me_168.jpg,meningioma,testing,False,21837,805ccbd561eb159e8d151e45bed0a3ca,512,512,L,32e8ccc8d4e8e8f9,
Testing/meningioma/Te-me_169.jpg,meningioma,testing,False,25696,5f2a073b883f4945549a85300fce9bf7,512,512,L,71e8cc92cce8d461,
Testing/meningioma/Te-me_17.jpg,meningioma,testing,False,19428,971f259493ae1b05993aeeb80d213f7d,512,512,L,8271ccd4cccce861,
Testing/meningioma/Te-me_170.jpg,meningioma,testing,False,25787,7c505cc4f59a6f1e88ffd442c652556c,512,512,L,71d4a8a88accccd0,
Testing/meningioma/Te-me_171.jpg,meningioma,testing,False,24340,cd7a527c0ff647e58da7f40721c5225d,306,306,RGB,70c8ccccece0eac4,
Testing/meningioma/Te-me_172.jpg,meningioma,testing,False,17558,c62dfb00bf514ffcff7a22e2c2ba0702,512,512,RGB,c4b269d4d4e470b2,
Testing/meningioma/Te-me_173.jpg,meningioma,testing,False,15574,a9574ef582dabd7fe765d874d73fedb5,512,512,RGB,e8d6b069d4e4f092,
Testing/meningioma/Te-me_174.jpg,meningioma,testing,False,23465,9b906bc8208252d9ec41963b95dc7608,290,339,RGB,70e0cec4b2aa8acc,
Testing/meningioma/Te-me_175.jpg,meningioma,testing,False,13775,18ffabcc9d1d708bf05c3ecde21a3597,212,238,RGB,e1a4a229f331ae8e,
Testing/meningioma/Te-me_176.jpg,meningioma,testing,False,47132,37388dc12eb1cc068d0b445997bd1068,540,568,RGB,6959c5ccccb4cd65,
Testing/meningioma/Te-me_177.jpg,meningioma,testing,False,17788,f00068cb2470145f1fefc66e22c0e053,512,512,L,71d8e8ccf0ec6c70,
Testing/meningioma/Te-me_178.jpg,meningioma,testing,False,20373,758a10c01dec3e84cb258c5f2ad5d777,512,512,L,b270ccc8c8ccf8e8,
Testing/meningioma/Te-me_179.jpg,meningioma,testing,False,28353,784114ee48882bf1b8b7b92a559da83d,341,395,RGB,d4c8a4c5c802ceca,
Testing/meningioma/Te-me_18.jpg,meningioma,testing,False,12491,fd981cc35eafec2277740fe730c5c58b,204,249,RGB,60f4b22921a296f0,
Testing/meningioma/Te-me_180.jpg,meningioma,testing,False,15038,cf968a5cb24ff463610a1c4d65206f70,200,235,RGB,ecac2b6edccefad4,
Testing/meningioma/Te-me_181.jpg,meningioma,testing,False,21556,092d01363b402a82a562644ab0277e53,512,512,L,3ae8cc94b0c4e9b2,
Testing/meningioma/Te-me_182.jpg,meningioma,testing,False,10232,8f954e10bb9cf2b5027d9da1a8509f81,210,240,RGB,79e8c6aaba92d474,
Testing/meningioma/Te-me_183.jpg,meningioma,testing,False,19844,b228ac36783562674dd3576f85bc3b28,512,512,L,32f0d4d8e8e8ece4,
Testing/meningioma/Te-me_184.jpg,meningioma,testing,False,27770,cc65264e5bf20c42e117fd1faa9dc60d,374,370,RGB,71cce0e0aa4f4973,
Testing/meningioma/Te-me_185.jpg,meningioma,testing,False,15048,f171eef662099d2807a1cf017eb2eef7,512,512,L,8670f0d8d8dc7182,
Testing/meningioma/Te-me_186.jpg,meningioma,testing,False,14257,972648666ca7aa511e22c1e1b0f6599a,314,195,RGB,6cd4dcd8d8d2e8e8,
Testing/meningioma/Te-me_187.jpg,meningioma,testing,False,27186,073f7bbbd11d3bb3da8c1f61c1b9a3b4,304,410,RGB,61cc8c189cc6d071,
Testing/meningioma/Te-me_188.jpg,meningioma,testing,False,23416,98a9b80635de521f29035af5a67ec44e,512,512,L,73e198b0a6d6dcc8,
Testing/meningioma/Te-me_189.jpg,meningioma,testing,False,15731,a6162c3080985d2facb932f6c35085df,512,512,L,ccb270f0d4c8f284,
Testing/meningioma/Te-me_19.jpg,meningioma,testing,False,27286,b6992e8163d1f767fbd69b56d2409cb4,341,372,RGB,e0ccce92b284c4f1,
Testing/meningioma/Te-me_190.jpg,meningioma,testing,False,12043,959b90c3dba0a0b76f670771b7c06407,212,237,RGB,71f0c0acccd2f0f8,
Testing/meningioma/Te-me_191.jpg,meningioma,testing,False,17903,4cbee60044bd85141fedabe089994e1e,512,512,L,9279c8d8d0d469b2,
Testing/meningioma/Te-me_192.jpg,meningioma,testing,False,20815,f50429d507ade0024abaaafdec9be3c3,512,512,L,63d0d8d8cc90f0b0,
Testing/meningioma/Te-me_193.jpg,meningioma,testing,False,20452,7a1cc730f2171ea6b87ea285c4b81923,512,512,L,b271d4e8ccd4e8d4,
Testing/meningioma/Te-me_194.jpg,meningioma,testing,False,12836,a03d26b0295f85fca4a5b08f1bdc4f26,512,512,L,84f068e4dcc87192,
Testing/meningioma/Te-me_195.jpg,meningioma,testing,False,12137,0a27d241249189b8f192f4b6c212e3e9,238,212,RGB,ccb249333266628e,
Testing/meningioma/Te-me_196.jpg,meningioma,testing,False,17783,5c34d3eeda52c5cbc72141a511ba161a,512,512,L,9261ccd4e4c4d1d1,
Testing/meningioma/Te-me_197.jpg,meningioma,testing,False,33987,f201b24df75f7b6ffddc3b281deca220,442,442,RGB,0778d8e6feb4a2c6,
Testing/meningioma/Te-me_198.jpg,meningioma,testing,False,28353,784114ee48882bf1b8b7b92a559da83d,341,395,RGB,d4c8a4c5c802ceca,
Testing/meningioma/Te-me_199.jpg,meningioma,testing,False,22745,d0727c91bb46cc7ad6bec594f8d5a54c,512,512,L,61e0e4d6ccccdcc0,
Testing/meningioma/Te-me_2.jpg,meningioma,testing,False,20735,7c34c80d6b461dcae7ff08efa557bb94,318,354,RGB,da95c5c5c412a3d2,
Testing/meningioma/Te-me_20.jpg,meningioma,testing,False,20107,25fcbb0c5a060b02ceac6877d28287ce,289,354,RGB,f0f0f0aa8e96d6d2,
Testing/meningioma/Te-me_200.jpg,meningioma,testing,False,19587,3f3e0d31e4266e721e307481006f227b,512,512,L,e8ecd4eae8c4f0b0,
Testing/meningioma/Te-me_201.jpg,meningioma,testing,False,24530,aad0748bf97a9c8d522300e6e8698d14,512,512,L,32e9d48a949498c8,
Testing/meningioma/Te-me_202.jpg,meningioma,testing,False,11617,fda352e653c09a39684498afc911bdbd,225,225,RGB,107069ccd4cc71b2,
Testing/meningioma/Te-me_203.jpg,meningioma,testing,False,17335,d9e4fb1d4d1f8b23dc300ab846cff7dc,512,512,L,e1d0e8d8d8e06962,
Testing/meningioma/Te-me_204.jpg,meningioma,testing,False,21909,23ba8e6ad97f792bd49752d8f0808ca2,512,512,L,62c1a0d09abaecc0,
Testing/meningioma/Te-me_205.jpg,meningioma,testing,False,11067,dac1c8ccaabc09c4f46399ea3b86d7e9,225,225,RGB,71d4a8beb8aaaa8e,
Testing/meningioma/Te-me_206.jpg,meningioma,testing,False,17975,3df93ca8db58b7d26900188fd229715d,252,303,RGB,7cceb9efdccce316,
Testing/meningioma/Te-me_207.jpg,meningioma,testing,False,13119,aef138178c9d6f2ffac6afbdaece6b45,200,223,RGB,cceab2334dcd9af0,
Testing/meningioma/Te-me_208.jpg,meningioma,testing,False,32046,b8d8905e2f5f4e6615f4544f2de268d2,442,442,RGB,107069ccd4cc71b2,
Testing/meningioma/Te-me_209.jpg,meningioma,testing,False,22173,331f73f01ab2b242ab2db3a055aeabba,512,512,L,61ecd4b2e89ac4f0,
Testing/meningioma/Te-me_21.jpg,meningioma,testing,False,19614,5b568e18904f1d7c6724dde0ebda97ca,512,512,L,9279f4f0ccd4cc6c,
Testing/meningioma/Te-me_210.jpg,meningioma,testing,False,37338,e584adc3018b562b35748516f95e1654,411,396,RGB,70f0f0ccc462ead8,
Testing/meningioma/Te-me_211.jpg,meningioma,testing,False,21171,e6e63ee25e8bf9cb45c4e0883c76e8a8,512,512,L,23e1d8eacedad6d0,
Testing/meningioma/Te-me_212.jpg,meningioma,testing,False,16402,ec53df0cdc6b970a78f8dc17dcbf116f,512,512,RGB,94f2e0f0d0d4f072,
Testing/meningioma/Te-me_213.jpg,meningioma,testing,False,26970,27cb4f4301cf6492ebc4a222941c56cc,295,394,RGB,31c88c2c4c8ef870,
Testing/meningioma/Te-me_214.jpg,meningioma,testing,False,42111,a5fbd03f56c3e172fbcc79d574387447,528,581,RGB,78ece8aa8cccc8f1,
Testing/meningioma/Te-me_215.jpg,meningioma,testing,False,17847,b9319da362e02fc8bf77d1c19632b3b4,512,512,L,b279d8f4d47169ec,
Testing/meningioma/Te-me_216.jpg,meningioma,testing,False,26981,1deb3cdef5cb3c00e565d74372a7cf44,300,412,RGB,31cc8cb8dcc6c878,
Testing/meningioma/Te-me_217.jpg,meningioma,testing,False,25328,512af359ba9dbf3a78cd1fa9a9d09d9e,512,512,L,32f1ccc8b2b29494,
Testing/meningioma/Te-me_218.jpg,meningioma,testing,False,16233,4511fa054fe9b605d3d8425db586eac4,512,512,L,8c62e1f4d45474b1,
Testing/meningioma/Te-me_219.jpg,meningioma,testing,False,24573,9f8642ada59033429668c701b17b04aa,262,308,RGB,f4ae555c6d2baaec,
Testing/meningioma/Te-me_22.jpg,meningioma,testing,False,16462,2ac4b6c2fdf26922bd181e97369ea170,512,512,L,8270d0d4ecdcd1d1,
Testing/meningioma/Te-me_220.jpg,meningioma,testing,False,22458,10b2be779c73a28d177cccdaf6835e45,512,512,L,62e1cca498d4c46c,
Testing/meningioma/Te-me_221.jpg,meningioma,testing,False,24273,390c38b7860c2df6ee26159b56e0f1af,512,512,L,71c0c0d2b6b8e9e6,
Testing/meningioma/Te-me_222.jpg,meningioma,testing,False,16934,cb146c652ccc84e95679fba5f5a099d7,512,512,L,30f0ccd0d2ccf0b0,
Testing/meningioma/Te-me_223.jpg,meningioma,testing,False,50763,4935e943a00e5a3e92279825ffbc67ab,722,690,RGB,60e4acd8cce8b4d1,
Testing/meningioma/Te-me_224.jpg,meningioma,testing,False,19660,e1144e2888f019d23dc4be3df9e65d51,512,512,RGB,b2f9e8c8e4d470b2,
Testing/meningioma/Te-me_225.jpg,meningioma,testing,False,27227,17305b6816d1cb5454c4cf85885a3494,512,512,RGB,30f0cce8b0e468b2,
Testing/meningioma/Te-me_226.jpg,meningioma,testing,False,24201,6621eb07cfb95a33cb7d977cbc33e34e,512,512,L,61c0a0c8a4dcc8e0,
Testing/meningioma/Te-me_227.jpg,meningioma,testing,False,11647,25abb6ff727d0f42babb4044f2e7fb4f,174,230,RGB,f0e8c8e8c88eec70,
Testing/meningioma/Te-me_228.jpg,meningioma,testing,False,16489,51ca86d12f8494b755d94249d1223c37,219,234,RGB,e8d4d4d698b0c4f0,
Testing/meningioma/Te-me_229.jpg,meningioma,testing,False,42446,8ef56f582907c69e4501827678a6bd1c,441,427,RGB,71f4cca8f2c8c8c8,
Testing/meningioma/Te-me_23.jpg,meningioma,testing,False,15529,618b6696c0f6c0cd625fee8ddc1567ba,512,512,L,c4b269d4d4d471b2,
Testing/meningioma/Te-me_230.jpg,meningioma,testing,False,26971,1ddae239d4ceca1deb3fb3faf826d931,367,395,RGB,71d8f8eab433a88e,
Testing/meningioma/Te-me_231.jpg,meningioma,testing,False,44187,0136984b127d6f451c97a1c715d0246b,645,439,RGB,b8646ac8e864bcd9,
Testing/meningioma/Te-me_232.jpg,meningioma,testing,False,18999,444c5b8b396413d517370bef070f4f27,338,345,RGB,70e1dcccfcd4e471,
Testing/meningioma/Te-me_233.jpg,meningioma,testing,False,23747,5bc44774aff18a7e3233adc3549e82fc,512,512,L,32e1ccd0e4c4dcd0,
Testing/meningioma/Te-me_234.jpg,meningioma,testing,False,26406,af3b8492373b16b0e8b588a0dce1251d,314,358,RGB,e0ceee82daaa84e0,
Testing/meningioma/Te-me_235.jpg,meningioma,testing,False,37473,698ac9e379771e54f2dd985b1d58f8dd,455,500,RGB,69e8e0e0d0e4e070,
Testing/meningioma/Te-me_236.jpg,meningioma,testing,False,15532,7c6b37c6ad1d7605ad5d2d080658f6b2,512,512,L,0271d8dcdccc71a9,
Testing/meningioma/Te-me_237.jpg,meningioma,testing,False,21861,11cbc43b4c39fa341a9f0be0f29538da,512,512,L,22d1c88cb494c868,
Testing/meningioma/Te-me_238.jpg,meningioma,testing,False,20322,ae1e051ae98f802c9e173581179a2b5a,512,512,L,b270f8ccdcdcd469,
Testing/meningioma/Te-me_239.jpg,meningioma,testing,False,21769,ee5b5033e97ed35ee6ed688ff94eb532,512,512,L,71f0c8f4c8e86878,
Testing/meningioma/Te-me_24.jpg,meningioma,testing,False,18505,32413ecd4a49730b545980cab1893e59,512,512,L,b269d4d4e8c4f0b2,
Testing/meningioma/Te-me_240.jpg,meningioma,testing,False,22641,54c15c34c2a09686fa4d14bd3db8c4c9,512,512,L,70e8ccf4e8dcf0b2,
Testing/meningioma/Te-me_241.jpg,meningioma,testing,False,13145,770772e6c518d518fc0c73b0a97cb425,206,249,RGB,e0f4b22a23a2d4f1,
Testing/meningioma/Te-me_242.jpg,meningioma,testing,False,24346,94e59cd387824b3b1081e9e43089551e,512,512,L,c100481016069e9c,
Testing/meningioma/Te-me_243.jpg,meningioma,testing,False,12919,d716d2ecb500712720e0543a99e1dab6,200,252,RGB,0870f8f8ecf8f871,
Testing/meningioma/Te-me_244.jpg,meningioma,testing,False,21297,a1f46cb9caf5a930be0c22a227988fb6,512,512,L,32f184b2b8baeafe,
Testing/meningioma/Te-me_245.jpg,meningioma,testing,False,20477,7eb2ad5cc72684f84ca57f1d48a53056,512,512,RGB,9270e8c8d0d471b2,
Testing/meningioma/Te-me_246.jpg,meningioma,testing,False,17567,e62badf1a272b7f04818ff0878168e93,512,512,RGB,b2f0e8cce8ecf0b2,
Testing/meningioma/Te-me_247.jpg,meningioma,testing,False,22610,f1ebd77cdff753e93d0e8c27069f7962,512,512,L,71c8cce8b2e8cccc,
Testing/meningioma/Te-me_248.jpg,meningioma,testing,False,19802,ea6c5f6c778375c51f39b1aeac47fdcd,512,512,L,32f9d8e0c2dce874,
Testing/meningioma/Te-me_249.jpg,meningioma,testing,False,22996,bea090ebec41130b9a45f637bf29d21d,512,512,L,71c8e8e4cccccc6c,
Testing/meningioma/Te-me_25.jpg,meningioma,testing,False,13997,85d5643128ef0dffcf159cc560ca5097,512,512,L,c4b279ecd4f8f086,
Testing/meningioma/Te-me_250.jpg,meningioma,testing,False,20687,8ce1af910dc3febedf4d14cee455e8ba,512,512,L,3360ccc8f0c0c469,
Testing/meningioma/Te-me_251.jpg,meningioma,testing,False,12130,9ee3b8c7b91fb305d13ad59e373b1beb,205,251,RGB,79e0e2e2e2b6d8e9,
Testing/meningioma/Te-me_252.jpg,meningioma,testing,False,11881,6d474f1026ba5b0ed45e03d6e3901ec0,213,237,RGB,da95c5c5c412a3d2,
Testing/meningioma/Te-me_253.jpg,meningioma,testing,False,16989,0dcc02bf2fb5ade6be4b72a0435c41f1,291,340,RGB,61ccaa69cdc92bc6,
Testing/meningioma/Te-me_254.jpg,meningioma,testing,False,20609,53deeef3904be53cd8e6b853a3adac8e,512,512,RGB,c4b2f86de4e9f284,
Testing/meningioma/Te-me_255.jpg,meningioma,testing,False,14225,6d70d19354ed8f613828290bbe1d12c2,234,216,RGB,70d28ac4b692a4e4,
Testing/meningioma/Te-me_256.jpg,meningioma,testing,False,18163,e8466fe3c369d1cd243af9b821064285,512,512,L,06e1d8e4ccd47cc9,
Testing/meningioma/Te-me_257.jpg,meningioma,testing,False,24243,825479d06b59b10cfa9619316e130f48,512,512,L,63e0b48ab894d488,
Testing/meningioma/Te-me_258.jpg,meningioma,testing,False,20678,fc2b786b8ab434cfaa3e5c17e72248b2,512,512,L,62d1e0e4dcd4e4c1,
Testing/meningioma/Te-me_259.jpg,meningioma,testing,False,14216,4c67e36324652f87288c193bab9f4ab3,217,232,RGB,7ceae5a5dd96e4cc,
Testing/meningioma/Te-me_26.jpg,meningioma,testing,False,54825,acf196902b66e660682571d9c5400a56,507,605,RGB,e194a6a22e8ecc60,
Testing/meningioma/Te-me_260.jpg,meningioma,testing,False,22858,6af12a03bdaa2d749dfa170bff46c5cc,512,512,L,63e19c92aca0d4d0,
Testing/meningioma/Te-me_261.jpg,meningioma,testing,False,17727,46d52527679789ba9af3f22a8999e498,512,512,L,b269c8d4f2d871b2,
Testing/meningioma/Te-me_262.jpg,meningioma,testing,False,62465,75bd377d32c720c13faaf976ed26f0eb,591,650,RGB,78ece8aa8cccc8f1,
Testing/meningioma/Te-me_263.jpg,meningioma,testing,False,23063,81f714b40f29ab80b8da4695f34d36cd,512,512,L,62e1a09c8caae8fc,
Testing/meningioma/Te-me_264.jpg,meningioma,testing,False,18556,2276a6a5249a57a019336854da5e05f5,512,512,L,22e1d8e4ccdc70b1,
Testing/meningioma/Te-me_265.jpg,meningioma,testing,False,7607,dd452006a5031789caa5d535362fc5c3,225,225,RGB,b268ecd8e8d471b2,
Testing/meningioma/Te-me_266.jpg,meningioma,testing,False,14670,c7f1fd0acea2454b8129cbd24d51df4a,211,239,RGB,70d4a2a4a2aadc70,
Testing/meningioma/Te-me_267.jpg,meningioma,testing,False,22648,b6d17b1223825b8afb51d277ccabfa68,512,512,L,61c0d8e6e4d9d574,
Testing/meningioma/Te-me_268.jpg,meningioma,testing,False,21078,012f96bc1709df841a7870fd18e1a442,512,512,L,8661d8d0c6ccd4f4,
Testing/meningioma/Te-me_269.jpg,meningioma,testing,False,19407,1a45468c64a3ada7ec628df185051a22,512,512,RGB,c4b269d4f4dc7092,
Testing/meningioma/Te-me_27.jpg,meningioma,testing,False,16565,a83e382c29b43ee71b64cbfed7977481,512,512,L,84f269f4e4c470b2,
Testing/meningioma/Te-me_270.jpg,meningioma,testing,False,14865,ec15943878197cdeab13e9417bead5cf,210,240,RGB,c4f4b2aa9094d4f0,
Testing/meningioma/Te-me_271.jpg,meningioma,testing,False,14273,84df430bb5b48dc568fc27fb971596cb,512,512,L,8472f9e8d4d07086,
Testing/meningioma/Te-me_272.jpg,meningioma,testing,False,67638,5658f2b2d610d7b49a822deac2fc8162,534,674,RGB,60e08282ceacc4f8,
Testing/meningioma/Te-me_273.jpg,meningioma,testing,False,21596,fc0f405e974e458327368053864c83d6,512,512,L,61d8d8e6eedacae8,
Testing/meningioma/Te-me_274.jpg,meningioma,testing,False,12843,8cc3b9ebd30f8cdbacb183b34a0969a1,201,251,RGB,71e0c8eccce8e071,
Testing/meningioma/Te-me_275.jpg,meningioma,testing,False,15908,81649ccbb42d043848c18ca869688c92,512,512,L,b270f8e0e4d878b2,
Testing/meningioma/Te-me_276.jpg,meningioma,testing,False,34945,e7f8b153d32ec0d002ef801f38708b4c,416,395,RGB,70f0f2ccc462ead8,
Testing/meningioma/Te-me_277.jpg,meningioma,testing,False,51430,547a39e07fa9106ad457297f585757ca,472,546,RGB,e8a86a6e9c9c5ab4,
Testing/meningioma/Te-me_278.jpg,meningioma,testing,False,34176,18f6a0abfb7659f5dc8906581dc6dd80,530,526,RGB,71c896be9692d664,
Testing/meningioma/Te-me_279.jpg,meningioma,testing,False,13220,6543089edbf0e3d276cbf2fcc9ba9d01,300,258,RGB,f069d8d4f4d4d870,
Testing/meningioma/Te-me_28.jpg,meningioma,testing,False,17893,201bf66f12534eb4fffb29a445c44d6b,512,512,L,b2f0d8e8cccc70b0,
Testing/meningioma/Te-me_280.jpg,meningioma,testing,False,32794,cbb2a0b8d732307329d690fc1e255ece,442,442,RGB,70f0d8ccf0b8e8e8,
Testing/meningioma/Te-me_281.jpg,meningioma,testing,False,18684,b3578fc1e8abd206052719dba0f9aa26,512,512,L,e4d0f0e4d4c4ecb0,
Testing/meningioma/Te-me_282.jpg,meningioma,testing,False,21716,4ff6fb51c156b4be2b16b4d91ca63838,512,512,L,22e1dc94ccc8d4e0,
Testing/meningioma/Te-me_283.jpg,meningioma,testing,False,15118,540fd832de383d810910fd39d5a4d75b,512,512,L,82f0e8dcf4c4e0b2,
Testing/meningioma/Te-me_284.jpg,meningioma,testing,False,22224,838413df979141eeb13956a6e96f7598,512,512,L,96f0e0c8ccb094c8,
Testing/meningioma/Te-me_285.jpg,meningioma,testing,False,121564,ec7a666f27fe1b7a979405010447309f,1149,1019,RGB,71e4b4b2bab2aac8,
Testing/meningioma/Te-me_286.jpg,meningioma,testing,False,17566,eae72b7484675ed56c6bb27e86badfcc,512,512,RGB,84f269c0d4e07092,
Testing/meningioma/Te-me_287.jpg,meningioma,testing,False,17093,b557e94e06e1300381409f77c5130e92,512,512,L,b269d8f8d4d470b2,
Testing/meningioma/Te-me_288.jpg,meningioma,testing,False,13855,d137cc89053fd2772a2055ca07bff809,239,248,RGB,38f0f0ccd4b0d0f8,
Testing/meningioma/Te-me_289.jpg,meningioma,testing,False,19819,bee2027833fddbcb8f5c4365a545018a,512,512,L,06c1c8e4ecd8c468,
Testing/meningioma/Te-me_29.jpg,meningioma,testing,False,29820,f3ba1217a76a44d1004221ca39b5359d,313,393,RGB,e1eceacccc6ab4d4,
Testing/meningioma/Te-me_290.jpg,meningioma,testing,False,14370,b3fb2d5d531a658a4b2b8cb174420d99,213,236,RGB,7068d0d8d8ccec70,
Testing/meningioma/Te-me_291.jpg,meningioma,testing,False,21607,b5bcc70f15633cbeb176f82922c75eeb,512,512,L,32e8cce8d8faec6c,
Testing/meningioma/Te-me_292.jpg,meningioma,testing,False,22437,e7d2d5b100e6bf037d19ac3c601f39f9,512,512,L,e1e4ead4f6d4d8d8,
Testing/meningioma/Te-me_293.jpg,meningioma,testing,False,14431,0f26de79b70825491dbee38f846274fd,224,219,RGB,71f4cca8f2c8c8c8,
Testing/meningioma/Te-me_294.jpg,meningioma,testing,False,13462,6f1df61d932b4ff03dacaec4d925ae7f,512,512,L,84f2e9c8f4cc7192,
Testing/meningioma/Te-me_295.jpg,meningioma,testing,False,11996,731e05a0bab32f2ba3f699627f2f5c7e,228,221,RGB,71e886b2aae0cc61,
Testing/meningioma/Te-me_296.jpg,meningioma,testing,False,25945,1b41a074438c1691ea8fccffece6858d,315,315,RGB,a2e8acac888c4d4d,
Testing/meningioma/Te-me_297.jpg,meningioma,testing,False,17413,4d9682135a9091f0e46710846b0e739d,512,512,RGB,9270d8f4d8ccf0b2,
Testing/meningioma/Te-me_3.jpg,meningioma,testing,False,25062,8cbd63f43bc28864de6b2bf80116c45f,232,261,RGB,78d89c969306c4cc,
Testing/meningioma/Te-me_30.jpg,meningioma,testing,False,27715,5beb3f5b4e35da1b2508733dd3c43f38,369,395,RGB,71ccb2b28a8eb2ce,
Testing/meningioma/Te-me_31.jpg,meningioma,testing,False,14579,0d2a156b417ad63fcdf241902ce6ff08,225,225,RGB,6970f0d4c4c8f471,
Testing/meningioma/Te-me_32.jpg,meningioma,testing,False,20049,1a313589bc6dab247063dce04c5f24d7,512,512,L,62d0ecc4d2d4d0f0,
Testing/meningioma/Te-me_33.jpg,meningioma,testing,False,16631,9c84bb5fa075f1615e9627d095e07622,512,512,RGB,9271e8c8d8cc71b2,
Testing/meningioma/Te-me_34.jpg,meningioma,testing,False,20711,2ec457655d8804b187510d81f22ba2f8,512,512,L,62d1e4d890d4d0a1,
Testing/meningioma/Te-me_35.jpg,meningioma,testing,False,16753,69ed4710b1ade126fbb9593dbd193c0c,512,512,L,b26944546469e83a,
Testing/meningioma/Te-me_36.jpg,meningioma,testing,False,19086,4f1ce2ab263221ce08b65f4051b13c04,512,512,L,02f1e4e4ccd2c8e8,
Testing/meningioma/Te-me_37.jpg,meningioma,testing,False,51353,2031c3c22938cfb34f0d30579c076baf,630,423,RGB,78d8faeadac6c8e2,
Testing/meningioma/Te-me_38.jpg,meningioma,testing,False,19810,206ae76dee6c50a55fea727c27715a10,512,512,L,9260cccce4e0d4cd,
Testing/meningioma/Te-me_39.jpg,meningioma,testing,False,18704,37839bc77d5fdbccd6af4dbcc0b7941c,286,356,RGB,f0f0f0aa8e96d6d2,
Testing/meningioma/Te-me_4.jpg,meningioma,testing,False,14807,32ba7a49f37e07b292b83a380daa18d2,201,207,RGB,d4a245c1496b550f,
Testing/meningioma/Te-me_40.jpg,meningioma,testing,False,17577,d329ab4b97e9d4053f52ec36626c6770,512,512,L,b261ccdcd0686969,
Testing/meningioma/Te-me_41.jpg,meningioma,testing,False,25787,47fd3bea75c015e610f1acadb7fe9734,512,512,RGB,f0e8ccd0f0d471b2,
Testing/meningioma/Te-me_42.jpg,meningioma,testing,False,12668,eb18a5fc3247036b45d78a653fb69416,214,235,RGB,78ece8aa8ccce8f1,
Testing/meningioma/Te-me_43.jpg,meningioma,testing,False,18092,15498664913078924a9bd70cad4428b5,512,512,L,9279c8d4f0f471b2,
Testing/meningioma/Te-me_44.jpg,meningioma,testing,False,23881,2e01288333a07b7c23ba86a2cb315ebd,512,512,L,71d4aae8bad4c8c8,
Testing/meningioma/Te-me_45.jpg,meningioma,testing,False,7624,6d6c9585464724be8ab0183e2c069635,210,240,RGB,79e8c6aaba92d474,
Testing/meningioma/Te-me_46.jpg,meningioma,testing,False,18554,0676505f97717bf144972eb1224582cf,512,512,RGB,92f1e8ccc8cc7092,
Testing/meningioma/Te-me_47.jpg,meningioma,testing,False,23931,53b4c1f39cfceb286b9d6eccf6cf17d0,512,512,RGB,90f0c4d4d0e47092,
Testing/meningioma/Te-me_48.jpg,meningioma,testing,False,21431,00069b314d25620a7683a60d84e3f695,512,512,L,23d0d4e2aaaaec7c,
Testing/meningioma/Te-me_49.jpg,meningioma,testing,False,35979,08163fcac04a6486aaa11dc51a6be9ec,343,367,RGB,7cdcf56a9eed2264,
Testing/meningioma/Te-me_5.jpg,meningioma,testing,False,15615,0534a001aafb4e76ab89a6aa6c1d102a,257,248,RGB,f1e0e2b28fcbd3c6,
Testing/meningioma/Te-me_50.jpg,meningioma,testing,False,9781,799fb19ff1a3e59118b5bc49e58fb5ce,225,225,RGB,79f8f0f0e0c8cce4,
Testing/meningioma/Te-me_51.jpg,meningioma,testing,False,19512,5b7a348e85c38fc8979fe1d99b0f6866,512,512,RGB,96b0e8d4e4c8f0b2,
Testing/meningioma/Te-me_52.jpg,meningioma,testing,False,42301,a4e82ea59005aac574de4c43eac68e17,351,398,RGB,b6b64d6969c9a996,
Testing/meningioma/Te-me_53.jpg,meningioma,testing,False,22401,e35bbd6102893c8e18c779365d10cc2c,512,512,L,0370c8dac6d9fd7c,
Testing/meningioma/Te-me_54.jpg,meningioma,testing,False,27277,120b95f9440df0c22deddca026d2e3c3,312,401,RGB,31ccccac4e8ef871,
Testing/meningioma/Te-me_55.jpg,meningioma,testing,False,16539,5d21662c80c8601ebb06f51d8eb4ee7c,512,512,L,0462e1ccdc6cb459,
Testing/meningioma/Te-me_56.jpg,meningioma,testing,False,20271,3c7b45f533cd11c1ea53300bfaef2993,512,512,L,d4f8e8f4ccead4f0,
Testing/meningioma/Te-me_57.jpg,meningioma,testing,False,20572,bfe876f0801fe08fc7c7018523161180,512,512,L,b2f0d4d4c8e0ccec,
Testing/meningioma/Te-me_58.jpg,meningioma,testing,False,16767,2df8eb7999954f12f39f9c2abbfe1052,512,512,L,94f068d4d8d87192,
Testing/meningioma/Te-me_59.jpg,meningioma,testing,False,19399,62c6f5354f6b5f6f42bfbd78b0d40974,512,512,L,71e8f8ccececf079,
Testing/meningioma/Te-me_6.jpg,meningioma,testing,False,20679,ad831ad6257f07805545b6e7bbc12240,440,278,RGB,7178706c7cccece8,
Testing/meningioma/Te-me_60.jpg,meningioma,testing,False,18293,8a27d1e1347419a1a99e5e99923c0e0d,512,512,L,86b0f0e8d4cce8d4,
Testing/meningioma/Te-me_61.jpg,meningioma,testing,False,33797,8417c2f0f4eab1abd06eb4ad05fa366f,554,554,RGB,79f8f0f0e0c8cce4,
Testing/meningioma/Te-me_62.jpg,meningioma,testing,False,17125,5330e7aae0a6daa2ffdc6460e9cd5a80,206,245,RGB,70e8ace8b2b2cccc,
Testing/meningioma/Te-me_63.jpg,meningioma,testing,False,22520,d2867131b0f2852470d4ae39949bb15b,512,512,L,71e4d4e8f4c4ccc8,
Testing/meningioma/Te-me_64.jpg,meningioma,testing,False,20039,95060a6ec2ef8e87037ad1e9fafbe4e0,512,512,L,92f1e8d4ccecf468,
Testing/meningioma/Te-me_65.jpg,meningioma,testing,False,21149,398efcc5097ff5327cf502139d815794,512,512,L,0261d8dac4dc6470,
Testing/meningioma/Te-me_66.jpg,meningioma,testing,False,17710,89aedfdaf29cdb2140125a18c968fab8,278,306,RGB,69c4e2ced072f0d0,
Testing/meningioma/Te-me_67.jpg,meningioma,testing,False,16377,dc8a2c49fa085dcebe2cd3b8c01067a6,512,512,L,b2f0ece8ecd471b2,
Testing/meningioma/Te-me_68.jpg,meningioma,testing,False,25582,ac30bec9f7484daaa312de66507111ff,512,512,RGB,32f0c894b0ecf192,
Testing/meningioma/Te-me_69.jpg,meningioma,testing,False,18366,e5833478093b36b371d38ce1230c55b9,512,512,L,8271c8c4e0dcf030,
Testing/meningioma/Te-me_7.jpg,meningioma,testing,False,20005,0b29f13dd36a395affa11e32e16b9837,512,512,L,b271f0f0cce4f4f0,
Testing/meningioma/Te-me_70.jpg,meningioma,testing,False,8737,1db456ea3c66dc2f1856226065b601e6,228,221,RGB,71e886b2aae0cc61,
Testing/meningioma/Te-me_71.jpg,meningioma,testing,False,26771,96ac987bd37f7db4655ce8c3db0fbed1,273,326,RGB,f1987a326662e4e9,
Testing/meningioma/Te-me_72.jpg,meningioma,testing,False,20675,0732ef7d252fcf6a2352c1d2c62c1505,512,512,L,22f0d4c0f4d4d0f0,
Testing/meningioma/Te-me_73.jpg,meningioma,testing,False,16112,61b5f6df57471dd3ce6f98e83248ff27,512,512,L,9271ccd8d4696161,
Testing/meningioma/Te-me_74.jpg,meningioma,testing,False,20371,e47ee4a9dd1982c8a15f22b765578446,512,512,L,71e4e4ccd4e8686c,
Testing/meningioma/Te-me_75.jpg,meningioma,testing,False,18762,aeb91bb91dcb1dd98d5d04ecb96eaff4,315,341,RGB,71f0f0c8cccccc71,
Testing/meningioma/Te-me_76.jpg,meningioma,testing,False,23281,41c55664870195838541e08ade0c32b6,512,512,L,71ccd4c8f0e8d4d4,
Testing/meningioma/Te-me_77.jpg,meningioma,testing,False,19704,f07743dc0af78afc9d34854314a4b6d3,512,512,L,32e0dcecccc8d4d9,
Testing/meningioma/Te-me_78.jpg,meningioma,testing,False,22290,d676e5354726abce4f22a596ccf1bd66,512,512,RGB,b270f4c4ccc4f0b2,
Testing/meningioma/Te-me_79.jpg,meningioma,testing,False,20929,2207817846642cffb7fbb580401f2466,512,512,L,70d4d4d2f8d0f0b2,
Testing/meningioma/Te-me_8.jpg,meningioma,testing,False,10921,2576171aacea0dd809125a0b2514e1f1,214,216,RGB,71c896be9692d674,
Testing/meningioma/Te-me_80.jpg,meningioma,testing,False,15005,fc2e69c2f4a1b55ed409a552a5c2be55,512,512,L,86f069d0586c70e4,
Testing/meningioma/Te-me_81.jpg,meningioma,testing,False,17464,b3ceadb20cb7e53195ba39e9e7c5c1f4,221,228,RGB,71d0a6aab2baaaaa,
Testing/meningioma/Te-me_82.jpg,meningioma,testing,False,7177,58a46c881aeeeb5f7e3b1433e9712df3,225,225,RGB,44b269d1d0d96900,
Testing/meningioma/Te-me_83.jpg,meningioma,testing,False,29322,ac5559fec237f9622fc183a6b4ac7ba2,369,398,RGB,f1c8aeb2b2e9dce8,
Testing/meningioma/Te-me_84.jpg,meningioma,testing,False,20727,94d174385819092fbca7f63682039ab8,512,512,L,33e0d8d0c4caf278,
Testing/meningioma/Te-me_85.jpg,meningioma,testing,False,19173,f4268a57902569931009056a303c3fd7,512,512,RGB,9268ecd8c0fc78b2,
Testing/meningioma/Te-me_86.jpg,meningioma,testing,False,17271,74c64f712a0dd6ac508946ce2679ee8c,256,256,RGB,21d0d2e49086c4e4,
Testing/meningioma/Te-me_87.jpg,meningioma,testing,False,20318,eedd323307264e66a9512575368da79f,512,512,L,32e8ece8d6f4d4cc,
Testing/meningioma/Te-me_88.jpg,meningioma,testing,False,23518,b7e4e193e6025e0a7920268b40021fae,512,512,L,72d88ccce0a8cccc,
Testing/meningioma/Te-me_89.jpg,meningioma,testing,False,18617,a258600fedb2bf186fabd68345a9ed75,512,512,L,b268dcecf0f8cce8,
Testing/meningioma/Te-me_9.jpg,meningioma,testing,False,23280,a43cfb410c4933e515ba9a424db3768a,330,355,RGB,f0b2a60f0b33614d,
Testing/meningioma/Te-me_90.jpg,meningioma,testing,False,20075,54e0392bfd8920a6632a19b74abf4d4f,512,512,L,72d9c8d0b6d0e9b2,
Testing/meningioma/Te-me_91.jpg,meningioma,testing,False,23050,d8a815bf42fec982c7ea475ab08f0d65,512,512,L,71d0ccc2d6ec6ece,
Testing/meningioma/Te-me_92.jpg,meningioma,testing,False,26658,0b352097c1877c77f03eaeffb9ad515b,512,512,L,33f0f0aab28aaab2,
Testing/meningioma/Te-me_93.jpg,meningioma,testing,False,38271,c4c46b505a3367f58d121728114bf5ac,491,624,RGB,f1c88a32d0ccfcf0,
Testing/meningioma/Te-me_94.jpg,meningioma,testing,False,12103,62b97a5456e77e07af3d431061baf922,215,234,RGB,69ccc0c4c4f4ec60,
Testing/meningioma/Te-me_95.jpg,meningioma,testing,False,13951,c3a583f2373a49b9845c19a936148800,208,243,RGB,7068e0c4d4e9d270,
Testing/meningioma/Te-me_96.jpg,meningioma,testing,False,34400,5a38672458dcff92ab3d416cf9dd4982,554,554,RGB,79f8f0f0e0c8cce4,
Testing/meningioma/Te-me_97.jpg,meningioma,testing,False,19135,5625d76e2f360a702222b476b50a9bbc,512,512,L,9271ececd4ecec74,
Testing/meningioma/Te-me_98.jpg,meningioma,testing,False,22760,ad77da976589f3266cc95090bd6d6725,512,512,L,e1d8ecc8d2d6f878,
Testing/meningioma/Te-me_99.jpg,meningioma,testing,False,19187,b278dcf714a4e3b12761486a923c4da1,512,512,L,0241f0b0c8d8cc6c,
Testing/notumor/Te-no_1.jpg,notumor,testing,False,9447,2042832b5b485a4aff45bcdc4da97779,200,252,RGB,71d8c8c8ec4caac0,
Testing/notumor/Te-no_10.jpg,notumor,testing,False,9892,0f0881b1eca15cb4235ef8a6efd5fb32,225,225,RGB,61d4f4d0e8e071b2,
Testing/notumor/Te-no_100.jpg,notumor,testing,False,17282,c48656252ade4398b218c5db87b9b726,442,442,RGB,32e1e8e8ccc4e871,
Testing/notumor/Te-no_101.jpg,notumor,testing,False,8328,ba19e6ed946fcde76ddbe2cb73275fc2,227,222,RGB,79e8c8ce8c8ccce1,
Testing/notumor/Te-no_102.jpg,notumor,testing,False,34539,d6adcf7a85a1d5d670cea2f77f4b56e6,428,417,RGB,e9cc8c8ccec8f869,
Testing/notumor/Te-no_103.jpg,notumor,testing,False,5845,4c47b2401c76339c30a05d73aa630dbc,275,183,RGB,306969e9796979b0,
Testing/notumor/Te-no_104.jpg,notumor,testing,False,8640,4e1876e6dff89de8205aa7e0eccdf21d,225,225,RGB,7969e8e8eccc7033,
Testing/notumor/Te-no_105.jpg,notumor,testing,False,8404,3a51142363109be6719682de63e0479a,232,217,RGB,007870e4ec697110,
Testing/notumor/Te-no_106.jpg,notumor,testing,False,9546,288df0396dae58adb51c65937da4f845,150,198,RGB,d4aa554d4de8b2c4,
Testing/notumor/Te-no_107.jpg,notumor,testing,False,9894,036f9b148f98cd956d2b632b475c3db2,232,217,RGB,70f8e8e8ece87831,
Testing/notumor/Te-no_108.jpg,notumor,testing,False,6117,597fb27f0146a5b98727bbff60402604,225,225,RGB,70f0ccccececf070,
Testing/notumor/Te-no_109.jpg,notumor,testing,False,25151,78bc1f2c3edeca4211fe82dc7af3ac4a,356,474,RGB,31f0e8e8e8e8e831,
Testing/notumor/Te-no_11.jpg,notumor,testing,False,13722,6953b881bdfd92f814a3ce12c3149e37,220,275,L,71f0d4d4f2b0f0f0,
Testing/notumor/Te-no_110.jpg,notumor,testing,False,6047,5f281bed65fc63ebdaa7f2c7f2043bf8,300,168,RGB,b0717168687069f0,
Testing/notumor/Te-no_111.jpg,notumor,testing,False,10311,8f132d6b40b4e84a456f6407107a65a0,420,280,RGB,3069686861696132,
Testing/notumor/Te-no_112.jpg,notumor,testing,False,8488,868351fb75f602e4613106913be869df,225,225,RGB,7170e8d4ccec7031,
Testing/notumor/Te-no_113.jpg,notumor,testing,False,9225,884825af8c26b94cc2aac6950e441b4f,225,225,RGB,70f0d4d4d4d4f070,
Testing/notumor/Te-no_114.jpg,notumor,testing,False,35594,5583e6f5b2e75b694e8dae7a693705fa,428,417,RGB,69f8c8ce8c8ccce9,
Testing/notumor/Te-no_115.jpg,notumor,testing,False,6174,3bf189d9ce6e9cc4980e6bc5dcd6a731,150,198,RGB,dcb2c94d4d558ad0,
Testing/notumor/Te-no_116.jpg,notumor,testing,False,8633,8e4f0086f906bec7f33b690117b56330,225,225,RGB,30f1e8e8c8e17000,
Testing/notumor/Te-no_117.jpg,notumor,testing,False,7868,8e84ba447f725ccd8fd1bf23f84e6746,225,225,RGB,337170f0f8e87933,
Testing/notumor/Te-no_118.jpg,notumor,testing,False,5293,8d9112356bed79e0395c01742860190d,173,201,RGB,e8e8e8e8e8d4e8f0,
Testing/notumor/Te-no_119.jpg,notumor,testing,False,30564,eba359d49796d5ae0500f9ba8c9288cb,504,540,RGB,f2e0d4ccccc8f0b2,
Testing/notumor/Te-no_12.jpg,notumor,testing,False,13537,fb5a53e61e87e7d284355d5afa157b9f,227,222,RGB,e9cc8c88cec8f869,
Testing/notumor/Te-no_120.jpg,notumor,testing,False,12785,a223a7bb7bf659de8b1e54741ba91f53,227,262,RGB,71e8e8c8ccc8e0f0,
Testing/notumor/Te-no_121.jpg,notumor,testing,False,12375,a27782854a8b969e863c7e2f6fcc9fd0,236,236,RGB,397cd0f4d8aeb4fd,
Testing/notumor/Te-no_122.jpg,notumor,testing,False,55185,afd65e8e7bcafb8f62459c10b553f8a0,680,680,RGB,62f1f8e8c8f0f061,
Testing/notumor/Te-no_123.jpg,notumor,testing,False,8161,67c1c523e5d4a983face67496b99debb,225,225,RGB,7170e8d4ccec7031,
Testing/notumor/Te-no_124.jpg,notumor,testing,False,7625,cffe474ffd726ef0c18518a152f28d17,225,225,RGB,b269f8e8e8e8cc79,
Testing/notumor/Te-no_125.jpg,notumor,testing,False,43559,688e7c76335a3fe059afbf86c636f2d0,630,630,RGB,b2e0c4c4d4d4f0b0,
Testing/notumor/Te-no_126.jpg,notumor,testing,False,5703,2323fed4f1cadbf7947c41a6e2a4d9bc,192,192,RGB,b271d0d0ccd4f170,
Testing/notumor/Te-no_127.jpg,notumor,testing,False,36174,c28927058a5925354625eb9d3245a829,428,417,RGB,69e0ec8ccececc68,
Testing/notumor/Te-no_128.jpg,notumor,testing,False,29974,508edb55ce8c4170a75b875bc25d1923,630,630,RGB,b0f0d4d4dcdcf8b0,
Testing/notumor/Te-no_129.jpg,notumor,testing,False,10789,11cedb9945428095ca752be6b30bdd6e,227,222,RGB,69e8c8ce8c8ccce9,
Testing/notumor/Te-no_13.jpg,notumor,testing,False,10445,4f073e5096637b5a7f8e9deb05151be4,225,225,RGB,71f1d4d4ccc8f173,
Testing/notumor/Te-no_130.jpg,notumor,testing,False,11251,10d27b1fb66a83c851c03eebd4bca89d,206,244,RGB,e8f4ccd4d094f0e1,
Testing/notumor/Te-no_131.jpg,notumor,testing,False,28078,9038af0459ab0c6d3ff6bb2f74b42f17,428,417,RGB,69e8c8ce8c8ccce9,
Testing/notumor/Te-no_132.jpg,notumor,testing,False,14218,6a31b328e5ee2e766abd5759ac82d208,276,326,RGB,70d092b292d6d8e8,
Testing/notumor/Te-no_133.jpg,notumor,testing,False,7144,34a8005fce80d9490c1c1bf169008a9b,228,221,RGB,79f4e0f0f4f07831,
Testing/notumor/Te-no_134.jpg,notumor,testing,False,7342,0f23f6683b937c4383092569fa16ddf9,225,225,RGB,b269e0e8e8e8cc61,
Testing/notumor/Te-no_135.jpg,notumor,testing,False,8016,d7cc6888cb82d1e67d6934bb3be7b387,232,217,RGB,107169ece4707800,
Testing/notumor/Te-no_136.jpg,notumor,testing,False,6161,1dfb1c81a572ba7c7f4623b8b0183525,150,198,RGB,f4ae554d4d48b0c4,
Testing/notumor/Te-no_137.jpg,notumor,testing,False,8742,ff64b368abbb6ffb822ca51d0d4e0ab5,215,234,RGB,f1e8caccececf0f1,
Testing/notumor/Te-no_138.jpg,notumor,testing,False,32337,7e703efd4174a8af860e4486c54b7ff7,468,444,RGB,3170e0e8e8d4d468,
Testing/notumor/Te-no_139.jpg,notumor,testing,False,7549,eb29d52b3d9c7209b78da38555921d07,173,201,RGB,f0e8d4e8e8e8e8e8,
Testing/notumor/Te-no_14.jpg,notumor,testing,False,9879,70810b450d4571cabffd1ac38ac4ca09,232,217,RGB,72e1e8c8e8e8e0f1,
Testing/notumor/Te-no_140.jpg,notumor,testing,False,9408,76a8071e71aa0fe903924fef1dfa8348,225,225,RGB,70f0d4d4d4d4f070,
Testing/notumor/Te-no_141.jpg,notumor,testing,False,7590,431c4c4feacf0069d2437d438e3cddb8,225,225,RGB,71e8c4c4e0e06960,
Testing/notumor/Te-no_142.jpg,notumor,testing,False,10057,5a2211287d27dbef023f47f87a79f087,232,217,RGB,f1e0e8e8c8e8e172,
Testing/notumor/Te-no_143.jpg,notumor,testing,False,7409,7c4df10c24595daacfb992893d642f07,236,213,RGB,7868e0e8e8707870,
Testing/notumor/Te-no_144.jpg,notumor,testing,False,49223,f1fb0628a550b34d18bf6055b24e63a9,630,630,RGB,30f0d4d4dcdc79b2,
Testing/notumor/Te-no_145.jpg,notumor,testing,False,7616,895068dffbc93fed6babf4efa1e946fe,225,225,RGB,b260f4f0f0d4e8b0,
Testing/notumor/Te-no_146.jpg,notumor,testing,False,7810,a8bcbab1653cfac4b51672392fd1fcba,300,168,RGB,f0797068697171b0,
Testing/notumor/Te-no_147.jpg,notumor,testing,False,11439,aeaa627b54fc2294c022574da69ac638,227,222,RGB,69e8c8ce8c8ccce9,
Testing/notumor/Te-no_148.jpg,notumor,testing,False,9725,51dc74e66c8a101dab6129780216e65c,207,243,RGB,f1d8c8ccc8c8c861,
Testing/notumor/Te-no_149.jpg,notumor,testing,False,4685,093b3b34c384e7d870d8d39d142a55c9,300,168,RGB,b269716969713230,
Testing/notumor/Te-no_15.jpg,notumor,testing,False,8003,f407389c1a0e11d831f946887149982f,225,225,RGB,69d4f0f4ecf87132,
Testing/notumor/Te-no_150.jpg,notumor,testing,False,13813,f512297aa5f5b355eca18914f4fd7100,236,251,RGB,3279cc96b2d8e132,
Testing/notumor/Te-no_151.jpg,notumor,testing,False,10511,9e630e2842e3c476af3321095639534c,194,259,RGB,71e0cccce8e8d879,
Testing/notumor/Te-no_152.jpg,notumor,testing,False,8137,810a5bf08e877efb933daf79356f6591,225,225,RGB,3379e8f8f0707133,
Testing/notumor/Te-no_153.jpg,notumor,testing,False,15423,c40b264047366ec614e6823e451fc0be,276,326,RGB,e8e494b6b2b6f471,
Testing/notumor/Te-no_154.jpg,notumor,testing,False,15898,86f281a7d8116b508c5b7b6ab1f7b62f,339,340,RGB,3370f0f0f0f0f133,
Testing/notumor/Te-no_155.jpg,notumor,testing,False,6988,0b1592de988dbc0fc1d9e085eeb887d5,228,221,RGB,7061f0d0f0f8d061,
Testing/notumor/Te-no_156.jpg,notumor,testing,False,10142,400fd96d00fc4d5fb4e0d7a8db9f6fbb,200,252,RGB,f8aacdc86cece471,
Testing/notumor/Te-no_157.jpg,notumor,testing,False,7858,ddf81b54dba8aea98fc2dbbd0e14ed58,225,225,RGB,b271d0f0f0d4e8f2,
Testing/notumor/Te-no_158.jpg,notumor,testing,False,5583,efb6f31c6c85e359d6adb8df6b54cb62,173,201,RGB,e8e8e8e8e8d4e8f0,
Testing/notumor/Te-no_159.jpg,notumor,testing,False,12408,dd9251c72a68ddc78a9c18e0c1135e6d,236,236,RGB,78e4e6d6a8f4d9c8,
Testing/notumor/Te-no_16.jpg,notumor,testing,False,18833,1a1e6b620b32162b71f2154fe06297be,380,530,RGB,00f8d4ded4d4f130,
Testing/notumor/Te-no_160.jpg,notumor,testing,False,17321,571b27a80412a4618a91b42af05d06d5,442,442,RGB,32e1e8e8ccc4e871,
Testing/notumor/Te-no_161.jpg,notumor,testing,False,29200,69503761278654f6717c1f52dad8266d,428,417,RGB,69e8ec8ccececc68,
Testing/notumor/Te-no_162.jpg,notumor,testing,False,29025,f0f30fd6421e85883d3c572e48f38b19,504,540,RGB,b2f0ecccccd4f8b0,
Testing/notumor/Te-no_163.jpg,notumor,testing,False,42436,84ed0911b87d5deb9ee1856a1d7bc6ff,630,630,RGB,b2f8dcdcd4d4f0b2,
Testing/notumor/Te-no_164.jpg,notumor,testing,False,18422,d729b3ae5f823eca325a44282bfa86e6,642,361,RGB,f0707169e8f169f0,
Testing/notumor/Te-no_165.jpg,notumor,testing,False,29163,4821c544b0e50f66e207e20672030b33,400,442,RGB,71e8ecc4cce87032,
Testing/notumor/Te-no_166.jpg,notumor,testing,False,36641,5eca9c793e51c7d5644fffb29481a78b,630,630,RGB,7271d4d4c4d4d471,
Testing/notumor/Te-no_167.jpg,notumor,testing,False,11110,f6a66c84d44375a05fb458bc0b450fe8,236,236,RGB,8472e9cd8c84cd61,
Testing/notumor/Te-no_168.jpg,notumor,testing,False,13129,722920a8ba3075aaab1850c67bd5dd83,227,222,RGB,68cccece8cece069,
Testing/notumor/Te-no_169.jpg,notumor,testing,False,20280,77954413718ac88c4ff55ff684d661aa,512,512,RGB,71e8dcdce8f06931,
Testing/notumor/Te-no_17.jpg,notumor,testing,False,9495,257f798750c63471a460a86c9b1f9f9f,228,221,RGB,79f4e0f0f4f078b0,
Testing/notumor/Te-no_170.jpg,notumor,testing,False,8552,3c93781bb71169e89b19d3aac73db99d,225,225,RGB,7269e0e0c4cce071,
Testing/notumor/Te-no_171.jpg,notumor,testing,False,7100,046d5492f4d9f344cdf95aac9ecd94d3,173,201,RGB,e8e8e8e8e8d4e8f0,
Testing/notumor/Te-no_172.jpg,notumor,testing,False,22547,e85b8e1a9e1596be9d1de191ecb54297,442,454,RGB,7171ececcccc7133,
Testing/notumor/Te-no_173.jpg,notumor,testing,False,9900,452f101b79c45042fe485f73655d2c02,232,217,RGB,f1e0e8e8c8e8e172,
Testing/notumor/Te-no_174.jpg,notumor,testing,False,19417,17b671d3adb4a102487c1479e148f666,441,442,RGB,71ecc8e8ccece871,
Testing/notumor/Te-no_175.jpg,notumor,testing,False,8553,95fdbba7e8af96b58abdda2029e4a4f2,227,222,RGB,68cccace8cece861,
Testing/notumor/Te-no_176.jpg,notumor,testing,False,7558,6da271e8ccda2d7957b38b3ffbdad341,218,231,RGB,61e8e8e8ccc4e8e8,
Testing/notumor/Te-no_177.jpg,notumor,testing,False,50558,31435d297a1df56024c4033a3fb27400,630,630,RGB,f0f0d4d4dcdcf8f2,
Testing/notumor/Te-no_178.jpg,notumor,testing,False,9005,25256204c5ce82f2081e7e20db962102,201,250,RGB,71d4d49696aad4e9,
Testing/notumor/Te-no_179.jpg,notumor,testing,False,9980,78564bdb73a5226fb6a651a2efa04a87,228,221,RGB,71d8e8ccc8e8e160,
Testing/notumor/Te-no_18.jpg,notumor,testing,False,8775,18679d17b65dc1b6a71d7d642d9c4322,230,282,RGB,71f4c4cccce8e833,
Testing/notumor/Te-no_180.jpg,notumor,testing,False,38379,0403829ce77f78b963d6b644f9bd0a9d,630,630,RGB,b0f0d4d4c4c4e0b2,
Testing/notumor/Te-no_181.jpg,notumor,testing,False,7750,e80c418611d194833d121aea7a423bc1,218,231,RGB,e8e8c4cce8e8e861,
Testing/notumor/Te-no_182.jpg,notumor,testing,False,9803,f21be8a602b3c452302e3819116013e1,200,252,RGB,e8ccccce8e94cce0,
Testing/notumor/Te-no_183.jpg,notumor,testing,False,8027,927b10a53cd58434435c7cb0442f7bc1,150,198,RGB,dcf2c84d4d558ad4,
Testing/notumor/Te-no_184.jpg,notumor,testing,False,12381,807ad9979619332658c608e97fde4079,201,251,RGB,f0f0b0f2d4d4f471,
Testing/notumor/Te-no_185.jpg,notumor,testing,False,21942,76193fdd074756c19a8e3d8629e417a7,428,417,RGB,69e8c8ce8c8ccce1,
Testing/notumor/Te-no_186.jpg,notumor,testing,False,8529,d98abeb9709375612c4a97c3594bc926,173,201,RGB,e8e8e8e8e8d0e8f0,
Testing/notumor/Te-no_187.jpg,notumor,testing,False,23397,b50f940af0b040e6766554de855683a3,468,444,RGB,c9d4c4a8e8e8f170,
Testing/notumor/Te-no_188.jpg,notumor,testing,False,9726,0741671357bbd3ae800b8812e0780209,206,244,RGB,e1f094d0c4ccf4f9,
Testing/notumor/Te-no_189.jpg,notumor,testing,False,9325,4c6b572abdba1355ce343486819af079,225,225,RGB,70f0d4d4d4d4f070,
Testing/notumor/Te-no_19.jpg,notumor,testing,False,4846,1706aa5c5f0c9d2dedfe59a62be046cc,192,192,RGB,3070d4ccf4747132,
Testing/notumor/Te-no_190.jpg,notumor,testing,False,7645,69f55137cf16f6a7710b3013d52ba4ba,300,168,RGB,b0717169687079f0,
Testing/notumor/Te-no_191.jpg,notumor,testing,False,22544,ffaf452c2b180e3e92505c0ad5b40b5f,642,361,RGB,7061f1e9697171f0,
Testing/notumor/Te-no_192.jpg,notumor,testing,False,10853,c050f68e2a6305217a455c66704ac5b1,215,234,RGB,f1e8c8ccece8f0f1,
Testing/notumor/Te-no_193.jpg,notumor,testing,False,7615,ee9dc312848f67650ec3f20ba1cb2058,206,244,RGB,78f0d2f4ccccd060,
Testing/notumor/Te-no_194.jpg,notumor,testing,False,10991,6c04ffe5eb7ca3e5fe6a3618f03f8925,234,224,RGB,027178e8e0e0e068,
Testing/notumor/Te-no_195.jpg,notumor,testing,False,22376,f59856b583408cc49831f901871a5a2f,428,417,RGB,69e8c8ce8c8ccce1,
Testing/notumor/Te-no_196.jpg,notumor,testing,False,6134,7f4e64b51077c89fa0d0043f3bc54acd,300,168,RGB,f069f1e8697170f0,
Testing/notumor/Te-no_197.jpg,notumor,testing,False,19807,a893c58146e9b9b4540c903ed03c236a,441,442,RGB,71e8c8ccc8ecc871,
Testing/notumor/Te-no_198.jpg,notumor,testing,False,10890,02e80027e6b31a4cb623385a6c80fee1,227,222,RGB,e9cc8c8ccec8e869,
Testing/notumor/Te-no_199.jpg,notumor,testing,False,8758,a53d23be867fbfa4509087d31820c14e,215,234,RGB,70f0c8c8c8a4e870,
Testing/notumor/Te-no_2.jpg,notumor,testing,False,9840,271fc119aec6ff45efd4e942b8fb93c9,232,217,RGB,3178e8ece8e8f870,
Testing/notumor/Te-no_20.jpg,notumor,testing,False,16648,ca909ed620cf2797e695d7b71b34fe84,393,400,RGB,71f0f0f0d4d47071,
Testing/notumor/Te-no_200.jpg,notumor,testing,False,23663,d6fb109759c3439156abd876ed9675b1,642,361,RGB,b0717169687079f0,
Testing/notumor/Te-no_201.jpg,notumor,testing,False,11738,3df6098c68e6a6d8ecf1ece3170dcc8c,227,262,RGB,71e8e8ecccecf8f0,
Testing/notumor/Te-no_202.jpg,notumor,testing,False,7970,166328f05d1fbcf37b69bf0aec339bba,225,225,RGB,337170f0f8e87933,
Testing/notumor/Te-no_203.jpg,notumor,testing,False,7606,54d0d0f1929a7f06eca204e44035c32a,225,225,RGB,b269f8e8e8e8cc79,
Testing/notumor/Te-no_204.jpg,notumor,testing,False,18895,7da28622205508b79ffd2edf649f82c2,380,530,RGB,0060d484d4d47030,
Testing/notumor/Te-no_205.jpg,notumor,testing,False,6874,0b668248e3bee4060194089811f1166d,232,217,RGB,007071f4e4707800,
Testing/notumor/Te-no_206.jpg,notumor,testing,False,24187,5a8ba4099b7d1d9cd736c760daf5bf7c,504,540,RGB,f2e0d4ccccc8f0b2,
Testing/notumor/Te-no_207.jpg,notumor,testing,False,9295,50a754556503b383b3218919204230f3,225,225,RGB,7269e0e0c4cce071,
Testing/notumor/Te-no_208.jpg,notumor,testing,False,10959,ea6446c04cbc5ece204f24ca7181c3ea,225,225,RGB,3371c8c8e8e86961,
Testing/notumor/Te-no_209.jpg,notumor,testing,False,7156,12e3942687e7bc174f7544b6780bb5ed,225,225,RGB,70f0d4d4d4d4f070,
Testing/notumor/Te-no_21.jpg,notumor,testing,False,7578,31e0ec1fb819a391d8575c399fc27f95,225,225,RGB,61cce8e8e8e069b2,
Testing/notumor/Te-no_210.jpg,notumor,testing,False,18314,b0655e97be2fb5181eb43a1c9e1596eb,642,361,RGB,f0697068687171b0,
Testing/notumor/Te-no_211.jpg,notumor,testing,False,36112,2d094f7ae366d85c7f994e75f27a10e4,428,417,RGB,68cccece8cece069,
Testing/notumor/Te-no_212.jpg,notumor,testing,False,7592,d74b59dcc3418699270b3169ff824145,225,225,RGB,79cce8e8e8f869b2,
Testing/notumor/Te-no_213.jpg,notumor,testing,False,7453,1ddeee7e546dfa3003255a800a489d63,225,225,RGB,61cce8e8e8e069b2,
Testing/notumor/Te-no_214.jpg,notumor,testing,False,11971,4b0b2425057ff2bd1e3e40cdf66f6a1b,276,326,RGB,71f4a6b2a694e4e0,
Testing/notumor/Te-no_215.jpg,notumor,testing,False,7495,e53c1890fa72bfcf22cd9252d5be4334,236,213,RGB,e1e9f8e8e8e1e1f1,
Testing/notumor/Te-no_216.jpg,notumor,testing,False,9869,f95a401781ac799b2f9d7d024b536c9d,200,252,RGB,e8c8ccce8e94cce0,
Testing/notumor/Te-no_217.jpg,notumor,testing,False,4845,59733eeb4ccf1f045d6256367a33affb,300,168,RGB,b26971696971b030,
Testing/notumor/Te-no_218.jpg,notumor,testing,False,11323,a24258e69bcf1bbbbc58a70ea7fcbe0e,206,244,RGB,e0d0ccd4f4d6f078,
Testing/notumor/Te-no_219.jpg,notumor,testing,False,10375,56c7f7efeca7648c0c36a5c3f303bed6,194,259,RGB,61e4e8e8ccccf871,
Testing/notumor/Te-no_22.jpg,notumor,testing,False,12727,9986b9ebe8b394bff641df66877e3401,235,214,RGB,f0a8c8d4d4d8e871,
Testing/notumor/Te-no_220.jpg,notumor,testing,False,17697,66111495c49b65911b1f4b4a811d9f6a,350,393,RGB,71c88aa2b2b2cc69,
Testing/notumor/Te-no_221.jpg,notumor,testing,False,19081,a25221bc74fbe6d012a516dc6f6553f1,380,530,RGB,30f1d4d4ded4f800,
Testing/notumor/Te-no_222.jpg,notumor,testing,False,9947,055fef60413800ae281f419ff64a5fa2,232,217,RGB,72e1e8c8e8e8e0f1,
Testing/notumor/Te-no_223.jpg,notumor,testing,False,41946,adf705dd8d0a87d5d756683601bf6dff,630,630,RGB,3371d4d4d4d4f071,
Testing/notumor/Te-no_224.jpg,notumor,testing,False,7992,53c9a743da19e08f7bd5f0c39d8596ce,225,225,RGB,e0d4f0b0d4d4d4c8,
Testing/notumor/Te-no_225.jpg,notumor,testing,False,24652,f88d0fa3ff45a8980af53bf252a19af2,512,512,RGB,71e0ccc4e0e06972,
Testing/notumor/Te-no_226.jpg,notumor,testing,False,9568,364bd6a0e1a073675a121bcaa7a2ef78,207,243,RGB,70e4ecccececec78,
Testing/notumor/Te-no_227.jpg,notumor,testing,False,12210,14f6efe08d3b9ad4d94f6b04e2bca7b3,225,225,RGB,3379c8c8e8e87973,
Testing/notumor/Te-no_228.jpg,notumor,testing,False,8236,77f9ff2acf02f0c527924d941f6d9b74,235,214,RGB,71e8d8d4d4c8e8f0,
Testing/notumor/Te-no_229.jpg,notumor,testing,False,8688,b555477c9362d4f3ca33a90a22c7618d,215,234,RGB,70e8a4c8c8c8f070,
Testing/notumor/Te-no_23.jpg,notumor,testing,False,4838,4be887c4526854146d8acf7ed10711ee,192,192,RGB,3071d4ccd0d071b2,
Testing/notumor/Te-no_230.jpg,notumor,testing,False,10096,2ead675cef596cea4daf77f62dfa710a,420,280,RGB,306969e9796979b0,
Testing/notumor/Te-no_231.jpg,notumor,testing,False,45834,99a7ee37a8e64129a5f8700f7d1ea9af,630,630,L,30f0d4ccd4d4f070,
Testing/notumor/Te-no_232.jpg,notumor,testing,False,23340,959e9820d8b70bc28e6fa929d5dcaea0,359,449,RGB,f0f0d2b0d4d4f071,
Testing/notumor/Te-no_233.jpg,notumor,testing,False,9868,ae6093bd71f56e20374a8ca280216ce7,201,251,RGB,f0f0b4f094d4f471,
Testing/notumor/Te-no_234.jpg,notumor,testing,False,9474,a582ea641fe855ba06c61d706ade4479,200,252,RGB,71e4ec6cc8cdaaf4,
Testing/notumor/Te-no_235.jpg,notumor,testing,False,12482,faa8d99cf064de1f4fc3abb4b312f244,227,222,RGB,68cccece8cece069,
Testing/notumor/Te-no_236.jpg,notumor,testing,False,11018,24e9fd121e9244e57a7d4f5933304b7f,225,225,RGB,3161e8e8ecec7133,
Testing/notumor/Te-no_237.jpg,notumor,testing,False,6935,7ab4dce4445ab9e4ab98175e639be57b,232,217,RGB,0060e1d8d0717000,
Testing/notumor/Te-no_238.jpg,notumor,testing,False,8577,fe5c01e28966296d5a4f1d01496ffb69,225,225,RGB,6169e8e8c8cc7133,
Testing/notumor/Te-no_239.jpg,notumor,testing,False,7317,b6fde06125916629e6db66b5b9678c01,206,244,RGB,78f0d2f4c4ccd060,
Testing/notumor/Te-no_24.jpg,notumor,testing,False,8577,05a396ae1d56301398bceac817614cfb,227,222,RGB,61e8ec8ccecacc70,
Testing/notumor/Te-no_240.jpg,notumor,testing,False,20733,c934276b7ca3276ac8db7cefa6446d19,393,400,RGB,70f1d0d4d4d4f071,
Testing/notumor/Te-no_241.jpg,notumor,testing,False,9143,67ab62e5a4ec65134bb929c16bc2bcad,232,217,RGB,79d4b0b0b2cad4c4,
Testing/notumor/Te-no_242.jpg,notumor,testing,False,8797,ab55fa6719ea8e056bf2e60463897e42,225,225,RGB,71d0d4dcd4d47131,
Testing/notumor/Te-no_243.jpg,notumor,testing,False,11193,789860409296564d02f27b5653b1fac6,227,222,RGB,68cccece8cece869,
Testing/notumor/Te-no_244.jpg,notumor,testing,False,7920,8979c0f91b4b28f4492712fab9e995bc,225,225,RGB,3271e0c8d0f0d461,
Testing/notumor/Te-no_245.jpg,notumor,testing,False,29104,03c72d7bab78c70418230106684f1ce5,400,442,RGB,32f0e8ccccc8e871,
Testing/notumor/Te-no_246.jpg,notumor,testing,False,44881,aa6da115b688a8ac8b208dc91d89776a,630,630,RGB,3171d4d4d4d4f071,
Testing/notumor/Te-no_247.jpg,notumor,testing,False,15243,5202aa0e6bfe151af63c3e3e9d0b31ff,194,259,RGB,71f8ccc8e8e8e461,
Testing/notumor/Te-no_248.jpg,notumor,testing,False,25163,8e3e7c2cb60053515fab12bd6720ef0a,630,630,L,b269e8e8ecccf1b2,
Testing/notumor/Te-no_249.jpg,notumor,testing,False,7783,293874a7364d32d1d5c86e75984cdcef,225,225,RGB,b0e8d4f0f0f460b2,
Testing/notumor/Te-no_25.jpg,notumor,testing,False,11219,88cfa1b405e0072469601186b25e90fd,227,222,RGB,e9cc8c8ccec8e869,
Testing/notumor/Te-no_250.jpg,notumor,testing,False,8005,bc1dc6695f5e54cf9a61b4edf8203376,232,217,RGB,107169c8d8e16000,
Testing/notumor/Te-no_251.jpg,notumor,testing,False,12968,60dec7adda3ca9d328ab428349604576,214,236,RGB,79f8d48ed4d4d4f0,
Testing/notumor/Te-no_252.jpg,notumor,testing,False,20998,41b4f65fd85deb967817cf5a5a15355e,442,442,RGB,31e0cccce8e8e1b2,
Testing/notumor/Te-no_253.jpg,notumor,testing,False,8624,e012842d5bbbb3fc8782013662334d45,201,251,RGB,70e8e8ed6d69aacc,
Testing/notumor/Te-no_254.jpg,notumor,testing,False,8119,b38ad0d8cf2c46f9ff6b0fc491c5a786,225,225,RGB,61d4f0d0c8e07132,
Testing/notumor/Te-no_255.jpg,notumor,testing,False,10012,e52c672c2ff7b3c701bde8a8e9cc804d,218,231,RGB,e8e8c4cce8e8e861,
Testing/notumor/Te-no_256.jpg,notumor,testing,False,29709,f2623e246fd1e1f5808f026b369549ab,630,630,RGB,b0f0d4d4dcdcf8b2,
Testing/notumor/Te-no_257.jpg,notumor,testing,False,9942,a2c9b3c85b06bdfdf8d2945af96925bd,225,225,RGB,79d4d0f4e8f871b2,
Testing/notumor/Te-no_258.jpg,notumor,testing,False,9042,45edfc28378d730f7a1dddb63424bb44,225,225,RGB,71d4d4c4d4d47172,
Testing/notumor/Te-no_259.jpg,notumor,testing,False,7097,5b7b6ffd74329ddaf2bbfb92c425f5e4,232,217,RGB,007870e4f4717000,
Testing/notumor/Te-no_26.jpg,notumor,testing,False,17141,7f96089f52715e573674d5c08964feee,442,442,RGB,71e8c4cce8e8e132,
Testing/notumor/Te-no_260.jpg,notumor,testing,False,8707,8942572b970227ab4e416d6d39168459,225,225,RGB,70f0d4d4d4d4f070,
Testing/notumor/Te-no_261.jpg,notumor,testing,False,7647,1c4f026757df66e0442aa1589a5fe424,225,225,RGB,b0e8d4f0f0f460b2,
Testing/notumor/Te-no_262.jpg,notumor,testing,False,7200,19367f7c669c639e18ab14257ab61d23,173,201,RGB,e8e8e8e8e8d4e8f0,
Testing/notumor/Te-no_263.jpg,notumor,testing,False,12447,ba6e7501ab38c4d0f551b0abf2a3bfd6,227,262,RGB,f0e0c8ccc8e8e871,
Testing/notumor/Te-no_264.jpg,notumor,testing,False,14786,ab2d5acfa60f4557dcf35ba0a9976b01,201,251,RGB,f0f0b2f2d4d4f470,
Testing/notumor/Te-no_265.jpg,notumor,testing,False,9401,9d2db0d280ef098c73ae9e421b862d00,212,238,RGB,69ccb2b2b2aee871,
Testing/notumor/Te-no_266.jpg,notumor,testing,False,9092,2d0bd78365eef52b5132fef868e57362,225,225,RGB,71d4d4dcd4d47131,
Testing/notumor/Te-no_267.jpg,notumor,testing,False,7750,59c81b7ba29b994e5b855d7f2bfc3bb5,150,198,RGB,d4ae554d4d6cb0c4,
Testing/notumor/Te-no_268.jpg,notumor,testing,False,8616,194a399bd77eba4cd2e7acef5d03654b,201,251,RGB,ccaa694948e8e8e1,
Testing/notumor/Te-no_269.jpg,notumor,testing,False,7483,a8cd00add32b5ce72d0cdf7dc2fee275,206,244,RGB,f9f4ccc4d094f0e1,
Testing/notumor/Te-no_27.jpg,notumor,testing,False,10532,7b91c39b9dad5edfc81871dc4daf4068,194,259,RGB,79d8e8e8cccce071,
Testing/notumor/Te-no_270.jpg,notumor,testing,False,15185,8ed5b1ff12a8ea493cce61d5e0cbe6f5,276,326,RGB,e8e494b6b2b6f471,
Testing/notumor/Te-no_271.jpg,notumor,testing,False,40291,8edaaea0078f0511fd48696d4983a09f,630,630,L,70f0d4d4d4d4f070,
Testing/notumor/Te-no_272.jpg,notumor,testing,False,7223,656e51cb5713aa5e5dc44c65b5e787e0,228,221,RGB,61d0f8f0d0f06170,
Testing/notumor/Te-no_273.jpg,notumor,testing,False,11934,6df3b2f5749cfab6a480fe39876b9fe2,208,242,RGB,f888ccccccecece8,
Testing/notumor/Te-no_274.jpg,notumor,testing,False,6293,27a0f32ecb31a5c7221b31d4bcd5e1bf,300,168,RGB,f069f1e8697170f0,
Testing/notumor/Te-no_275.jpg,notumor,testing,False,7113,f22c2ab34c4c31533be89a379ba42227,225,225,RGB,70f0d4d4d4d4f070,
Testing/notumor/Te-no_276.jpg,notumor,testing,False,29589,77eeda09a8046c004c960b9ab7021a83,630,630,RGB,b2e0c4c4d4d4f0b0,
Testing/notumor/Te-no_277.jpg,notumor,testing,False,7461,447e1c550e97ea74fa43d3649f10d619,177,197,RGB,71e8e8e8e8cce871,
Testing/notumor/Te-no_278.jpg,notumor,testing,False,18740,1a139439e0ffa04691902f26a61222c3,359,449,RGB,f0f0b4f094d4f071,
Testing/notumor/Te-no_279.jpg,notumor,testing,False,11535,44f82f71b39981d4af631029e58b9c84,200,252,RGB,79d8c8c8eccce8e0,
Testing/notumor/Te-no_28.jpg,notumor,testing,False,7965,75876c212e0be42d92eaa62568a40032,225,225,RGB,70f0c8c8ccccf070,
Testing/notumor/Te-no_280.jpg,notumor,testing,False,12634,36e99f6c0cd1c3987fd7a04da793e757,208,242,RGB,69c4c8ddccf0f0d0,
Testing/notumor/Te-no_281.jpg,notumor,testing,False,7468,e5680290c89bd57406e32962c7022432,206,244,RGB,60d0ccc4f4d2f078,
Testing/notumor/Te-no_282.jpg,notumor,testing,False,10827,181903128aaf7ed59dadefdec591bafa,225,225,RGB,3371ecece8e86171,
Testing/notumor/Te-no_283.jpg,notumor,testing,False,12621,3891725dec8d2288e221dc909bcbfead,201,251,RGB,f0f0b0f2d4d4f471,
Testing/notumor/Te-no_284.jpg,notumor,testing,False,10160,2f463ff1aee696458ca62edf8111d4c7,225,225,RGB,73f1c8ccd4d4f171,
Testing/notumor/Te-no_285.jpg,notumor,testing,False,6189,32708b1590ac46d85856257c7ca3c50f,225,225,RGB,b2f8dcdcd4d4f0b0,
Testing/notumor/Te-no_286.jpg,notumor,testing,False,6871,579471478aa28e928392b7176f15a7f2,232,217,RGB,007071d0d8e16000,
Testing/notumor/Te-no_287.jpg,notumor,testing,False,6543,bb9479d8dc09976c5d9d5964a87d95ac,192,192,RGB,327174f4ccd470b0,
Testing/notumor/Te-no_288.jpg,notumor,testing,False,8214,9d99ba510d3438f6eda840b1dfaf3dac,235,214,RGB,71e8e4d4d4ece8f0,
Testing/notumor/Te-no_289.jpg,notumor,testing,False,9675,71c96a400964d0a6816ac7787019bf5c,207,243,RGB,61c8c8c8ccc8d8f1,
Testing/notumor/Te-no_29.jpg,notumor,testing,False,4738,90fcd42d3a837f32e56ff239e3dc868b,300,168,RGB,30b07169697169b2,
Testing/notumor/Te-no_290.jpg,notumor,testing,False,8187,96317639fb01658fe6317fe244d56614,225,225,RGB,1361e8e0f0717133,
Testing/notumor/Te-no_291.jpg,notumor,testing,False,9000,192ca3501f1adda8e10d06a17b2b4a86,228,221,RGB,b078f0f4f0e0f479,
Testing/notumor/Te-no_292.jpg,notumor,testing,False,9077,a1332dc1c7263c4c47c94cca1a2e3a11,201,250,RGB,68d4aa9696d4d471,
Testing/notumor/Te-no_293.jpg,notumor,testing,False,42852,53c30adbc5ba86d98baee051f00e3b18,550,664,RGB,70e0c8dcd8f0cc68,
Testing/notumor/Te-no_294.jpg,notumor,testing,False,9221,5fed330cbdc0fab890a431995c01e4ec,227,262,RGB,f0e0c8ccc8e8e871,
Testing/notumor/Te-no_295.jpg,notumor,testing,False,7633,b2db7c514c34d9351f31a63c5d6f062a,228,221,RGB,60e1e8c8cce8d870,
Testing/notumor/Te-no_296.jpg,notumor,testing,False,7680,424bb26cbc0c7a9df6cf42b901cba732,173,201,RGB,f0e8d4e8e8e8e8e8,
Testing/notumor/Te-no_297.jpg,notumor,testing,False,12563,f348fdfc7366c2374c1118959f076288,200,252,RGB,e0e8ccecc8c8d879,
Testing/notumor/Te-no_298.jpg,notumor,testing,False,22495,3e80f229c024466ce6442750d921fb35,642,361,RGB,b0717169e9f16170,
Testing/notumor/Te-no_299.jpg,notumor,testing,False,7842,5be90e7a728eae19ddb597dd4e2f467b,228,221,RGB,b878e8ecccc8e471,
Testing/notumor/Te-no_3.jpg,notumor,testing,False,19367,da478b975a00ffef5546997494117463,208,242,RGB,e0ccccccccc8d8e8,
Testing/notumor/Te-no_30.jpg,notumor,testing,False,5791,c63171b97ebdc8fddb2369ed4e0f108e,300,168,RGB,b26971696971b232,
Testing/notumor/Te-no_300.jpg,notumor,testing,False,7857,3ff0ff2fe639f61540713d24834eb8c1,150,198,RGB,d48a554d4dc8f2dc,
Testing/notumor/Te-no_301.jpg,notumor,testing,False,11756,77991d8d0fa5c64b6fd2f555e45112e2,208,242,RGB,e8ececcccccc88f8,
Testing/notumor/Te-no_302.jpg,notumor,testing,False,6008,a2fbdb1c68768c0d97d0b1b18ff6dc2d,150,198,RGB,c4b24c4d4d55aef4,
Testing/notumor/Te-no_303.jpg,notumor,testing,False,8551,e03db20d5df487d520223d6a4c1b5d00,227,222,RGB,79e8c8ce8c8ccce1,
Testing/notumor/Te-no_304.jpg,notumor,testing,False,5929,d42afe27bf77aa2dbb4bd9fcbfa6e7d4,150,198,RGB,dcb2c94d4d558ad0,
Testing/notumor/Te-no_305.jpg,notumor,testing,False,8146,8052f5b49b4de2ef3b164db163b328df,225,225,RGB,69d4f0f4e8f87132,
Testing/notumor/Te-no_306.jpg,notumor,testing,False,18190,d83c7132cad32abadf99dd914c4d020a,642,361,RGB,f069f1e8697170f0,
Testing/notumor/Te-no_307.jpg,notumor,testing,False,29116,35974ccd7c3691a1256ddaa46eb71538,400,442,RGB,71e8c8cccce8f032,
Testing/notumor/Te-no_308.jpg,notumor,testing,False,11747,5306bc99aa7e67441ff55a59cedd07a5,208,242,RGB,e8ececcccccc88f8,
Testing/notumor/Te-no_309.jpg,notumor,testing,False,20298,b6c434e3ac10aff8e2eb511c990bb227,512,512,RGB,3169f0e8dcdce871,
Testing/notumor/Te-no_31.jpg,notumor,testing,False,23755,9d8929d799a4c05c7060c11e132aec2a,468,444,RGB,70f1e8e8a8c4d4c9,
Testing/notumor/Te-no_310.jpg,notumor,testing,False,31038,29cb422336a76cd92f949be508c4dc72,468,444,RGB,68d4d4e8e8e07031,
Testing/notumor/Te-no_311.jpg,notumor,testing,False,9069,a71b1bff3f25d0374c0e4c6ad03333cd,228,221,RGB,61d0f8f0d0f0e170,
Testing/notumor/Te-no_312.jpg,notumor,testing,False,8035,597f9f9757570809c016f3d8a459dffc,228,221,RGB,b878e8ecccc8e471,
Testing/notumor/Te-no_313.jpg,notumor,testing,False,11944,cabaf9584eaefeb7e4958025cdaef828,228,221,RGB,70d8ccccc8e0e160,
Testing/notumor/Te-no_314.jpg,notumor,testing,False,8100,36b20f02394e67b930802b8d3f99cf0a,225,225,RGB,3271f8ecf4f0d479,
Testing/notumor/Te-no_315.jpg,notumor,testing,False,9027,91f231be028a4fbf0e246fdba57ea727,236,236,RGB,3069e8e8dcd8e070,
Testing/notumor/Te-no_316.jpg,notumor,testing,False,30714,d94b1884c1770e7218ec26f167e82683,442,454,RGB,7161c8c8cccc7133,
Testing/notumor/Te-no_317.jpg,notumor,testing,False,9953,99018718469d3b5bb5a349befb6fb9d4,232,217,RGB,3178e8ece8e8f870,
Testing/notumor/Te-no_318.jpg,notumor,testing,False,12591,dd8ca43babe5f9ce0b5c9303fdaeb14c,227,262,RGB,f0e0c8ccc8e8e871,
Testing/notumor/Te-no_319.jpg,notumor,testing,False,7530,bd74ef77b5a77ddddd5fe2f7c4b5683c,300,168,RGB,f0717169e9f16170,
Testing/notumor/Te-no_32.jpg,notumor,testing,False,7173,b052093b3142325b6c8f2aca969a6fbc,228,221,RGB,7061f0d0f0f8d061,
Testing/notumor/Te-no_320.jpg,notumor,testing,False,9789,882a67e16c64ce8b66ca667138537843,207,243,RGB,70e4ecccececec78,
Testing/notumor/Te-no_321.jpg,notumor,testing,False,10131,d2287f359692e784685872b2d444f367,200,252,RGB,c0aa4cecc9c8d871,
Testing/notumor/Te-no_322.jpg,notumor,testing,False,19102,b64b855f9b08863368cf1de7e6f3f01c,359,449,RGB,70f0d4d4f0d2f0f0,
Testing/notumor/Te-no_323.jpg,notumor,testing,False,28647,321ba409133b50c2d4822547af160a0b,359,449,RGB,f0f0b2f2d4d4f470,
Testing/notumor/Te-no_324.jpg,notumor,testing,False,8704,4669e4e9a3f2b1e119656b1251fde0bd,201,251,RGB,e1e8e8484969aacc,
Testing/notumor/Te-no_325.jpg,notumor,testing,False,8007,793a873f7004ef17e612dcc0001eef83,228,221,RGB,70d8e8ccc8e8e160,
Testing/notumor/Te-no_326.jpg,notumor,testing,False,10680,3f11b4a966682a5b0d99696a5750fc80,225,225,RGB,3371ecece8e86171,
Testing/notumor/Te-no_327.jpg,notumor,testing,False,8246,3d27efca6b0e8aac3b04c19c8a8dd7af,227,222,RGB,60cccece8cece861,
Testing/notumor/Te-no_328.jpg,notumor,testing,False,8127,eeab1e7013fdb78e17ce9090c409d429,232,217,RGB,007870e4ec697110,
Testing/notumor/Te-no_329.jpg,notumor,testing,False,10709,720615130a7529578897212ee665b053,227,222,RGB,69e8ec8ccececc68,
Testing/notumor/Te-no_33.jpg,notumor,testing,False,7549,9b5d9d7d1bfa2e8417d7c7d6bc78bc00,225,225,RGB,b2e0c4c4d4d4f0b2,
Testing/notumor/Te-no_330.jpg,notumor,testing,False,17454,9da1d306cc6ce693011b088cf05aad1a,442,442,RGB,b278e8c8cccce871,
Testing/notumor/Te-no_331.jpg,notumor,testing,False,20729,c9c0854bf1f73dcb577d3b05cba38609,393,400,RGB,71f0d4d4d4d0f170,
Testing/notumor/Te-no_332.jpg,notumor,testing,False,9808,dda6130b780e92b11817de3cee29404d,200,252,RGB,e8cccc8c8e96ccf0,
Testing/notumor/Te-no_333.jpg,notumor,testing,False,7608,825ca1e20999b4c7a8261214613e9d63,225,225,RGB,70e0ccccece8f070,
Testing/notumor/Te-no_334.jpg,notumor,testing,False,9094,77a2812ec4098efe517db78e91f440de,225,225,RGB,70f0d4d4d4d4f070,
Testing/notumor/Te-no_335.jpg,notumor,testing,False,12301,4d1abcd1d2db4eae2d61c9924393ba3e,214,236,RGB,f0d4d4d48ed4e061,
Testing/notumor/Te-no_336.jpg,notumor,testing,False,22002,1f949d4c1669edccb9133487b629ae5e,428,417,RGB,e1cc8c8ccec8e869,
Testing/notumor/Te-no_337.jpg,notumor,testing,False,7348,602189fef9334f61bdc31615b021d466,225,225,RGB,61cce8e8e8e069b2,
Testing/notumor/Te-no_338.jpg,notumor,testing,False,23754,a9f8abb969de54e2908d44023505ed80,359,449,RGB,f0f0b0f2d4d4f071,
Testing/notumor/Te-no_339.jpg,notumor,testing,False,44029,ff912bb0c3dc7bb4696df91906b8c11b,630,630,RGB,b279dcdcd4d4f030,
Testing/notumor/Te-no_34.jpg,notumor,testing,False,27772,53e160d8dfd284743286127636d78068,400,442,RGB,71e8ecc4cce870b2,
Testing/notumor/Te-no_340.jpg,notumor,testing,False,9611,e36e0cb0906a39cdc4986a23c8deb8fc,207,243,RGB,70e4ecccececec78,
Testing/notumor/Te-no_341.jpg,notumor,testing,False,7656,902c019c63fff4b9c921455ca19c1297,177,197,RGB,71e8cce8e8e8e870,
Testing/notumor/Te-no_342.jpg,notumor,testing,False,18465,6b5e451e5f1ed86b0607ccdd07140082,642,361,RGB,b0717168687069f0,
Testing/notumor/Te-no_343.jpg,notumor,testing,False,12533,d8615b07ec3b8281d016a1354f0f3280,208,242,RGB,69c4c8ddccb0f0d0,
Testing/notumor/Te-no_344.jpg,notumor,testing,False,31155,ec5f5f4d513a3803eafc8436d0ffb988,630,630,RGB,b2f8dcdcd4d4f0b0,
Testing/notumor/Te-no_345.jpg,notumor,testing,False,10446,1d1d690ae2a7d950e3e6ff5accb0cc19,225,225,RGB,7161e8e8ecec7133,
Testing/notumor/Te-no_346.jpg,notumor,testing,False,6859,9e23d347322bfa53a609d1c659dcedac,232,217,RGB,007071d0d8e16000,
Testing/notumor/Te-no_347.jpg,notumor,testing,False,9226,fd35749ebbfebb85ef04e2514eff3c0f,212,238,RGB,71e0aeb2b2b2cc69,
Testing/notumor/Te-no_348.jpg,notumor,testing,False,10811,2fbcac3304662994d71bec1ec41b5a31,194,259,RGB,71f8cccce8e8e461,
Testing/notumor/Te-no_349.jpg,notumor,testing,False,6138,c89721074c17bb093329351d9f0463d3,300,168,RGB,f0707169e8f169f0,
Testing/notumor/Te-no_35.jpg,notumor,testing,False,13120,6f08bbc48bfbf5533cf94ccd6c386ea8,201,251,RGB,70d0d4d4b092f0f0,
Testing/notumor/Te-no_350.jpg,notumor,testing,False,9810,4512165784b5e088acb2227bbec2ec2b,207,243,RGB,61c8c8c8ccc8d8f1,
Testing/notumor/Te-no_351.jpg,notumor,testing,False,9371,e6ef7d7e5bbcaccbbac069facb211d28,225,225,RGB,70f0d4d4d4d4f070,
Testing/notumor/Te-no_352.jpg,notumor,testing,False,4845,d1a4082eccd0eb7f37aac12ea759b73a,300,168,RGB,30b07169697169b2,
Testing/notumor/Te-no_353.jpg,notumor,testing,False,19617,e5c66b576c153abacc99cd3a736e1eda,441,442,RGB,71e8c8ccc8ecc871,
Testing/notumor/Te-no_354.jpg,notumor,testing,False,11802,bf134f48020426a8b725c2b6e8d832d9,276,326,RGB,70d092b29ad6d8e8,
Testing/notumor/Te-no_355.jpg,notumor,testing,False,13013,d7cf8d341776113158f564d7194aa3b1,420,280,RGB,b2696868616961b2,
Testing/notumor/Te-no_356.jpg,notumor,testing,False,12382,4a80a5d85befd67d3fe65f5e1a415d3d,208,242,RGB,d0f0b0ccddc8c469,
Testing/notumor/Te-no_357.jpg,notumor,testing,False,35462,7b512ae15e893fbc4935f2631f052b8a,428,417,RGB,69e0ec8ccececc68,
Testing/notumor/Te-no_358.jpg,notumor,testing,False,9589,750d24e9f377aa76af8ecd0a09146ae1,201,251,RGB,71f4d494f0b4f0f0,
Testing/notumor/Te-no_359.jpg,notumor,testing,False,15345,a63ac9a31d3f25a8ba1506f9cbbc027e,207,243,RGB,70e4ecccececec78,
Testing/notumor/Te-no_36.jpg,notumor,testing,False,9423,5d7cc6fd2e69bc5943b31c8ef7346fa5,227,262,RGB,71e8e8ecccecf8f0,
Testing/notumor/Te-no_360.jpg,notumor,testing,False,7327,ddc2a8023409cc1ea1183d7ab4c2abd6,173,201,RGB,f0e8d4e8e8e8e8e8,
Testing/notumor/Te-no_361.jpg,notumor,testing,False,5902,57ee32ae9425c74d760e6799f981c110,275,183,RGB,3069686861696132,
Testing/notumor/Te-no_362.jpg,notumor,testing,False,8928,6e8101776a26a739f7a91e151205502f,201,251,RGB,ccaa696dede8e870,
Testing/notumor/Te-no_363.jpg,notumor,testing,False,20984,64f9aa8ade741831a1658b2914c19c19,442,442,L,70f0e8eccccce070,
Testing/notumor/Te-no_364.jpg,notumor,testing,False,7988,8a1010ecb6249dddb33d610e5d3ae41d,228,221,RGB,71e4c8ccece878b8,
Testing/notumor/Te-no_365.jpg,notumor,testing,False,13999,ea51c1673cf167e8a4013683f4733b52,235,233,RGB,69e888f0f8f0d469,
Testing/notumor/Te-no_366.jpg,notumor,testing,False,8603,21544a89d2e3bdb6c7561dab4645f23c,215,234,RGB,f1e8caccececf0f1,
Testing/notumor/Te-no_367.jpg,notumor,testing,False,8833,bc8bac09dc50487854c0fb64a6e04e78,275,183,RGB,30696864606961b2,
Testing/notumor/Te-no_368.jpg,notumor,testing,False,7705,1873622a744c055655c961251ebb9694,218,231,RGB,e8e8c4cce8e8e861,
Testing/notumor/Te-no_369.jpg,notumor,testing,False,24313,5f5ee3bafde2d405383ac5139468f5f2,359,449,RGB,f0f0d2b0d4d4f071,
Testing/notumor/Te-no_37.jpg,notumor,testing,False,7585,d792ef10b28b662d7ccb250119abc4ac,150,198,RGB,c4b0cc4d4d55aed4,
Testing/notumor/Te-no_370.jpg,notumor,testing,False,8412,bf3baa247db216aedca63c2dbd1b3999,215,234,RGB,70f0c8c8c8a4e870,
Testing/notumor/Te-no_371.jpg,notumor,testing,False,29046,5aa6cabab77a9c8ab1b1bf53b4cce6f3,504,540,RGB,b2f0c8ccccd4e0f2,
Testing/notumor/Te-no_372.jpg,notumor,testing,False,41805,22c050252442286ffba7618e42863453,630,630,RGB,b2f8dcdcd4d4f0b2,
Testing/notumor/Te-no_373.jpg,notumor,testing,False,4851,d56919f70cd881345bc0221a487eb78e,192,192,RGB,b271d0d0ccd47130,
Testing/notumor/Te-no_374.jpg,notumor,testing,False,7464,36a2e14fe1c73f7eb2ead5501377cad0,225,225,RGB,b269f8e8e8e8cc79,
Testing/notumor/Te-no_375.jpg,notumor,testing,False,10844,f8a6de26a77dec86b6437970dd4ba335,214,236,RGB,61c492aed4d4d4f0,
Testing/notumor/Te-no_376.jpg,notumor,testing,False,8482,7c7d49d6d5625a862e13ad2b32ac2986,225,225,RGB,3070e8e8ec78f100,
Testing/notumor/Te-no_377.jpg,notumor,testing,False,30523,33959e0a1d434cb2e8e7460bf34861b5,442,454,RGB,3371ccccecec7171,
Testing/notumor/Te-no_378.jpg,notumor,testing,False,8350,ef20b56a08d099c96091a85b7403fbf2,235,214,RGB,f0e8c8d4d4d8e871,
Testing/notumor/Te-no_379.jpg,notumor,testing,False,6235,b2aa473c68f6162961f970171594530f,225,225,RGB,b2f0d4d4c4c460b2,
Testing/notumor/Te-no_38.jpg,notumor,testing,False,4731,ec2ffd80cb4c73034f428aa035b8e3c0,300,168,RGB,30327169697169b2,
Testing/notumor/Te-no_380.jpg,notumor,testing,False,15299,c23f32eb398023363eabc5dad3a45e05,276,326,RGB,e8d8d692b292d070,
Testing/notumor/Te-no_381.jpg,notumor,testing,False,11924,b55a4315c1b7b6756a6c21f1d205b988,208,242,RGB,e0ceccccccc8c8e0,
Testing/notumor/Te-no_382.jpg,notumor,testing,False,8056,f5da905ea09ceb8602918982b3288a75,225,225,RGB,337170f0f8e87933,
Testing/notumor/Te-no_383.jpg,notumor,testing,False,11414,33db3edcd8744888895c0ae5b7f79c79,201,251,RGB,71d0d4d4b092f0f0,
Testing/notumor/Te-no_384.jpg,notumor,testing,False,5839,bb54d485ac68461366392c13d8a7e3dd,275,183,RGB,b0796979e9696930,
Testing/notumor/Te-no_385.jpg,notumor,testing,False,10166,5819cde96124d65fc5536cff43dfbe69,200,252,RGB,f0cc968e8cccece8,
Testing/notumor/Te-no_386.jpg,notumor,testing,False,8224,add51c610a02a4a73f2f40e7d75fc78d,225,225,RGB,e8d4f0b0d4d4d4c8,
Testing/notumor/Te-no_387.jpg,notumor,testing,False,7680,1a0975b8a2f38499b32a068f0d1f6acd,218,231,RGB,61e8e8e8ccc4e8e8,
Testing/notumor/Te-no_388.jpg,notumor,testing,False,8851,31b011827c127f074cc0c3e6ee9d7851,225,225,RGB,70f0d4d4d4d4f070,
Testing/notumor/Te-no_389.jpg,notumor,testing,False,10847,e352d2343897b0ac66ff7d000b1d3646,196,257,RGB,e8d496d4f6f4e0f0,
Testing/notumor/Te-no_39.jpg,notumor,testing,False,14993,eb6c20896a20a37db3ff1129cba76517,232,217,RGB,5cd4acb2f2f2d461,
Testing/notumor/Te-no_390.jpg,notumor,testing,False,8128,7ce94731a86ec8f14a9ffd6286982fe6,225,225,RGB,3271e0c8d0f0d461,
Testing/notumor/Te-no_391.jpg,notumor,testing,False,8323,15e3be54b956a62fc9559bdbcfaed75b,225,225,RGB,b2f8dcdcd4d4f0b2,
Testing/notumor/Te-no_392.jpg,notumor,testing,False,13048,37093c43fe483f747604245cbc29e69c,201,251,RGB,f0f0b2b0d4d4d070,
Testing/notumor/Te-no_393.jpg,notumor,testing,False,10588,260e23c50bad1475349801b8fe6d7a74,194,259,RGB,71e0cccce8e8d879,
Testing/notumor/Te-no_394.jpg,notumor,testing,False,7686,1563f06a8d31132002402ef97ddd8c28,218,231,RGB,e8e8dccce8e8e879,
Testing/notumor/Te-no_395.jpg,notumor,testing,False,10546,9196508eb4743f8c5dd7a9b41ba8fef7,227,222,RGB,69e8c8ce8c8ccce9,
Testing/notumor/Te-no_396.jpg,notumor,testing,False,8047,f3658e1fb7408254336fed1150bab528,227,222,RGB,61e8ec8ccecacc68,
Testing/notumor/Te-no_397.jpg,notumor,testing,False,7665,e051344fb60ad03aea52097c9ce0eecf,173,201,RGB,e8e8e8e8e8d4e8f0,
Testing/notumor/Te-no_398.jpg,notumor,testing,False,22098,93205f9f8772c90916153c243390be61,442,454,RGB,3371ccccecec7171,
Testing/notumor/Te-no_399.jpg,notumor,testing,False,12172,e8ac157f9dc8b433b60a93e038831276,227,262,RGB,71e8e8c8ccc8e0f0,
Testing/notumor/Te-no_4.jpg,notumor,testing,False,19016,e05e440b4e32a76d80eebfe95a27926f,359,449,RGB,71f0d494f0b4f0f0,
Testing/notumor/Te-no_40.jpg,notumor,testing,False,12071,221f54464e4e24083b95bde0e1ffae56,225,225,RGB,b0e8d4f0f0d460b2,
Testing/notumor/Te-no_400.jpg,notumor,testing,False,29955,eae2c593c8e485563b5f2b5b416e07a4,468,444,RGB,70f1e8e8e8d4e4e9,
Testing/notumor/Te-no_41.jpg,notumor,testing,False,12008,c431d818c590db15720136d501a20112,200,252,RGB,e8c8ccce8e96cce0,
Testing/notumor/Te-no_42.jpg,notumor,testing,False,7564,fd9de4c6f6a7a3e835819ed355758328,225,225,RGB,71e8c4c4e0e06960,
Testing/notumor/Te-no_43.jpg,notumor,testing,False,10177,cda155da819704627c5b56273a2934ac,200,252,RGB,e0cc948ececcc8e8,
Testing/notumor/Te-no_44.jpg,notumor,testing,False,7115,601b706311864e5da18ec6c3fad933f9,173,201,RGB,e8e8e8e8e8d4e8f0,
Testing/notumor/Te-no_45.jpg,notumor,testing,False,9054,ee0bd7f554952f12a5150ab18723ee7e,206,244,RGB,60d0ccd4f4d6f078,
Testing/notumor/Te-no_46.jpg,notumor,testing,False,6213,16675ee8858186475e7be1124e152080,225,225,RGB,b260c4c4d4d4f0b2,
Testing/notumor/Te-no_47.jpg,notumor,testing,False,8513,6d556e699110e6c6f56f7ea5bef9ad75,225,225,RGB,0070e1c8e8e8f130,
Testing/notumor/Te-no_48.jpg,notumor,testing,False,30479,45d74521f842013c8d898d6cc3305ec0,504,540,RGB,b0f8d4ccccecf0b2,
Testing/notumor/Te-no_49.jpg,notumor,testing,False,20092,1b89505b8c8468c49bf54cc7c649cd89,630,630,L,b261e8e8ecccf1b2,
Testing/notumor/Te-no_5.jpg,notumor,testing,False,18972,11c02b86d9947217ab47b8b5bc3b2ee7,380,530,RGB,00f8d4ded4d4f130,
Testing/notumor/Te-no_50.jpg,notumor,testing,False,19156,51cb9a93ee2bc8e05884c4b05b522e87,380,530,RGB,0060d484d4d47030,
Testing/notumor/Te-no_51.jpg,notumor,testing,False,8363,db3f1d56aba0672693b5519771fef394,235,214,RGB,f0e8ecd4d4e4e871,
Testing/notumor/Te-no_52.jpg,notumor,testing,False,11962,342a164cea95748cb5452234337bec36,230,282,RGB,33e8e8ccccc4f471,
Testing/notumor/Te-no_53.jpg,notumor,testing,False,9181,2cadbc87a6a215ed64aa969820d73002,206,244,RGB,f9f4ccc4d094f0e1,
Testing/notumor/Te-no_54.jpg,notumor,testing,False,10421,7f2614fe6c118d8bf7d3c6e04ac452af,215,234,RGB,70f0e8c8ccece870,
Testing/notumor/Te-no_55.jpg,notumor,testing,False,9282,362a0eec7ad6aac064e247ee1d25c28e,227,262,RGB,f0f8ecccece8e871,
Testing/notumor/Te-no_56.jpg,notumor,testing,False,9856,3207ab6a24bda5a4799bc6c754bf9479,228,221,RGB,b978e8eccce8e471,
Testing/notumor/Te-no_57.jpg,notumor,testing,False,10790,289c253a59fb9c6be6dc5b2284f5e28a,225,225,RGB,3371ecece8e86171,
Testing/notumor/Te-no_58.jpg,notumor,testing,False,7528,c20c8440c94831de12643cd0407e4552,225,225,RGB,b269e0e8e8e8cc61,
Testing/notumor/Te-no_59.jpg,notumor,testing,False,44271,419c0d5a4b827d4302b4206f8d93c70f,630,630,RGB,3371d4d4d4d4f071,
Testing/notumor/Te-no_6.jpg,notumor,testing,False,5857,ba2bf29637bb0f154275738a36e82218,275,183,RGB,b0796979e9696930,
Testing/notumor/Te-no_60.jpg,notumor,testing,False,6902,f501dfbad5aef84739d981fb635a296e,228,221,RGB,79f4e0f0f4f07831,
Testing/notumor/Te-no_61.jpg,notumor,testing,False,9913,be0d17bda868f6b6e6e09820590b51b5,201,251,RGB,70d0d4d6b0d2f0f0,
Testing/notumor/Te-no_62.jpg,notumor,testing,False,9998,11ddd61c54cd6eb95967d4a87d172932,201,251,RGB,f0f092b0d6d4d070,
Testing/notumor/Te-no_63.jpg,notumor,testing,False,9572,104b9786487274e5598f1061b5d49eea,200,252,RGB,71d8c8c9ec4caac0,
Testing/notumor/Te-no_64.jpg,notumor,testing,False,10413,6f1f2d8025598b75f2b3302030b6e0de,194,259,RGB,79d8e8e8cccce071,
Testing/notumor/Te-no_65.jpg,notumor,testing,False,9380,b3b4670287b410a0acfac2fe139d9562,208,248,RGB,f0f8d4eccccce0e8,
Testing/notumor/Te-no_66.jpg,notumor,testing,False,18347,98aec4f381b4d8c940d9f3a223312f88,642,361,RGB,f0707169e8f169f0,
Testing/notumor/Te-no_67.jpg,notumor,testing,False,55195,3e1cc603519a4a9da1ef43ec0472204e,680,680,RGB,61f0f0c8e8f8f162,
Testing/notumor/Te-no_68.jpg,notumor,testing,False,15398,0024f3b93b100e6e322989276150906c,201,251,RGB,f0b0b2f2d4d4f470,
Testing/notumor/Te-no_69.jpg,notumor,testing,False,24430,f0e8c203237c89a4c18f758b6699d0a3,504,540,RGB,b0f8d4ccccecf0b0,
Testing/notumor/Te-no_7.jpg,notumor,testing,False,7611,8358721eda6be5431b9c877bcc23861b,218,231,RGB,e8e8dccce8e8e879,
Testing/notumor/Te-no_70.jpg,notumor,testing,False,7890,6ae86ffc17074023178758827fa0c8f1,225,225,RGB,f2e8d4f0f0d071b2,
Testing/notumor/Te-no_71.jpg,notumor,testing,False,11419,3b5379023a89901373b66bbf8acf6160,227,222,RGB,61e8ec8ccececc68,
Testing/notumor/Te-no_72.jpg,notumor,testing,False,30044,401d57697c78a5cca6aacb664acd5640,630,630,RGB,b0f0d4d4c4c4e0b2,
Testing/notumor/Te-no_73.jpg,notumor,testing,False,7531,a457b1d46fcf6d08c8779304f2ec5f76,150,198,RGB,c4b0cc4d4d55aed4,
Testing/notumor/Te-no_74.jpg,notumor,testing,False,8789,7944fbb7dd13e851b687b90e230a2976,225,225,RGB,7271d4d4c4d4d471,
Testing/notumor/Te-no_75.jpg,notumor,testing,False,7673,6a0ca2e365a7d69ca0c9aea15a82e65f,225,225,RGB,b271d0f0f0d4e8f2,
Testing/notumor/Te-no_76.jpg,notumor,testing,False,7185,f63774ac0a08ecd609e1109381dcb407,225,225,RGB,70f0ececcccce070,
Testing/notumor/Te-no_77.jpg,notumor,testing,False,16364,91d6d24a1a59351d45c0080930062574,236,280,RGB,70f0c8c8cc6aaa8e,
Testing/notumor/Te-no_78.jpg,notumor,testing,False,16651,501b9a2d7d3c59adc53dabf321733dd8,393,400,RGB,7170d4d4f0f0f071,
Testing/notumor/Te-no_79.jpg,notumor,testing,False,7134,5a9fd4d5402135f7b076edcf8758cc04,228,221,RGB,61d0f8f0d0f06170,
Testing/notumor/Te-no_8.jpg,notumor,testing,False,10039,26795e0b1653202deba6f2685a0e9c45,420,280,RGB,3261696168686930,
Testing/notumor/Te-no_80.jpg,notumor,testing,False,5817,fce1bd4720398fe26c9b653790262067,275,183,RGB,3069686861696132,
Testing/notumor/Te-no_81.jpg,notumor,testing,False,27936,997daa1a6cc946ef9bdbb04667bbad26,400,442,RGB,3270e8ccc4ece871,
Testing/notumor/Te-no_82.jpg,notumor,testing,False,8466,b9892aec5d33df27ad7449fb2020322f,225,225,RGB,3170ecccd4e87071,
Testing/notumor/Te-no_83.jpg,notumor,testing,False,22829,160ccf3ec3f133b4a627bdc40ab5067e,642,361,RGB,f0797068697171b0,
Testing/notumor/Te-no_84.jpg,notumor,testing,False,9175,ed664114053bf250e74531079a30359d,225,225,RGB,71e8ccdcf8f86931,
Testing/notumor/Te-no_85.jpg,notumor,testing,False,28148,7c7ac657140316c93e71b01396fb6b3a,428,417,RGB,e9cc8c8ccec8e869,
Testing/notumor/Te-no_86.jpg,notumor,testing,False,42529,06f45b13ad2b776f95d1f659af31e895,680,680,RGB,b170e0e8ecf0f069,
Testing/notumor/Te-no_87.jpg,notumor,testing,False,8803,5a04fed3ebafc103918e2144c20c03ea,201,250,RGB,68d4aa9696d4d471,
Testing/notumor/Te-no_88.jpg,notumor,testing,False,41794,301cd1d3804b5f5668366e645ad0f17b,630,630,RGB,b0f0d4d4c4c4e0b2,
Testing/notumor/Te-no_89.jpg,notumor,testing,False,8622,1610f15947ba4e14b8ac322877d5637c,227,222,RGB,79e8c8ce8c8ccce1,
Testing/notumor/Te-no_9.jpg,notumor,testing,False,7347,f6413f8a15c11082d9d1d67a2643c6d8,259,194,RGB,f07169696971f04c,
Testing/notumor/Te-no_90.jpg,notumor,testing,False,11344,ff3aefe42df9fb333f8c2ce0b17e27a5,227,222,RGB,e9cc8c8ccec8e869,
Testing/notumor/Te-no_91.jpg,notumor,testing,False,8403,89575389489241d6181d21c0436efca8,215,234,RGB,f1e8caccececf0f1,
Testing/notumor/Te-no_92.jpg,notumor,testing,False,21099,452575a847b9814148933342f47a4a90,236,270,RGB,38f89f696cb9cc84,
Testing/notumor/Te-no_93.jpg,notumor,testing,False,6012,5422880f6901bb8cfcd9b6f61fa995e4,192,192,RGB,b271d0d0ccd47172,
Testing/notumor/Te-no_94.jpg,notumor,testing,False,8224,70fae62f9fe55188ea842cb8eaf35830,225,225,RGB,e0d4b0f2d4d4d4ec,
Testing/notumor/Te-no_95.jpg,notumor,testing,False,9286,1ea5582430513379203070b07ce90b81,225,225,RGB,3169f8f8dccce871,
Testing/notumor/Te-no_96.jpg,notumor,testing,False,11025,b00cf1a49702ae4ed32a4d858e5935c2,212,238,RGB,69ccb2babaaee071,
Testing/notumor/Te-no_97.jpg,notumor,testing,False,7468,22585444511f94a755842dc081293ab5,177,197,RGB,70e8e8e8e8cce871,
Testing/notumor/Te-no_98.jpg,notumor,testing,False,8233,5458772da45542ac291734bd637b444f,235,214,RGB,f0e8c8d4d4d8e871,
Testing/notumor/Te-no_99.jpg,notumor,testing,False,8040,774ed316f67cf0dab1d3aa6709d74926,150,198,RGB,d48a554d4dc8f2dc,
Testing/pituitary/Te-pi_1.jpg,pituitary,testing,False,26572,1f88b711ae1045e18668777b8786a90a,512,512,L,32e9ccb0a488ecd4,
Testing/pituitary/Te-pi_10.jpg,pituitary,testing,False,25683,eba611b97eed65084bbe602d4a220826,512,512,L,e1c880849296d4cb,
Testing/pituitary/Te-pi_100.jpg,pituitary,testing,False,28464,11e76105c41ec4264697cc5f1b12cb6e,512,512,L,c1b4e296db96ded8,
Testing/pituitary/Te-pi_101.jpg,pituitary,testing,False,34026,47e978374252ed34566a8c1f34a7bfcd,512,512,RGB,71c8a4a8f490ccd0,
Testing/pituitary/Te-pi_102.jpg,pituitary,testing,False,35147,a83f45b8d412f67c49595df622769d44,512,512,L,d8e8e8c4ccaabaf8,
Testing/pituitary/Te-pi_103.jpg,pituitary,testing,False,27062,78cc608a04fc55143a22f52e8d4d2253,512,512,L,e3c8244a1a96d6dc,
Testing/pituitary/Te-pi_104.jpg,pituitary,testing,False,11452,221f5877ee40e36331df16016ac812c3,256,256,L,71e8e8e8d0a8aaf0,
Testing/pituitary/Te-pi_105.jpg,pituitary,testing,False,21409,41fc4679a821dbd32439b8384f70a055,512,512,L,e8dcf4b2e8ccf070,
Testing/pituitary/Te-pi_106.jpg,pituitary,testing,False,25452,c7a13a9367b45f17ece68151526b21b7,512,512,L,71e88a96d4c8ec71,
Testing/pituitary/Te-pi_107.jpg,pituitary,testing,False,26661,ced8f7062a78c1a4673a3376b3eba3e8,512,512,L,71e8eab2b2aaa6c6,
Testing/pituitary/Te-pi_108.jpg,pituitary,testing,False,21921,b0c3d7c6f53ca5bc5db91547cfbeb960,512,512,L,71e8ba92ecd4d471,
Testing/pituitary/Te-pi_109.jpg,pituitary,testing,False,29724,80534302e6798d141faf57257fbf1738,512,512,L,c1b048c842a4dcd8,
Testing/pituitary/Te-pi_11.jpg,pituitary,testing,False,21235,ed2b6a2b11547b0062e5434ecf400b8d,512,512,L,71e8acb2aaaaf471,
Testing/pituitary/Te-pi_110.jpg,pituitary,testing,False,29954,199ca65700ecb7a57a6b22864f68ea97,512,512,L,f18c60881a0694cc,
Testing/pituitary/Te-pi_111.jpg,pituitary,testing,False,26069,0b57ee8da6d7ef3c601e86d82ca23a21,512,512,L,e1cca29944b6968d,
Testing/pituitary/Te-pi_112.jpg,pituitary,testing,False,28718,200c286515fcfed1b3f6dfa79d4c0f7d,512,512,L,f0906d46124aaaef,
Testing/pituitary/Te-pi_113.jpg,pituitary,testing,False,23965,e199097724831726be93c52ea1a2a5c8,512,512,L,c8a4ca95ce96cfcc,
Testing/pituitary/Te-pi_114.jpg,pituitary,testing,False,24877,e989f68cfcb6e92765adf783d9bc7817,512,512,L,f1d8a89ab49ece6c,
Testing/pituitary/Te-pi_115.jpg,pituitary,testing,False,30878,da7cd186874f4cf1c35762fceda40b82,512,512,RGB,71e8aa96cce8c871,
Testing/pituitary/Te-pi_116.jpg,pituitary,testing,False,21164,a22d588e22f89b4d6dc7343ad3efc16e,512,512,L,70e8cce2a8e0c070,
Testing/pituitary/Te-pi_117.jpg,pituitary,testing,False,31464,51daebbd29b907c558a0ce5a58d17f5d,512,512,RGB,d4a88a8a928894d4,
Testing/pituitary/Te-pi_118.jpg,pituitary,testing,False,30590,a31ab9f92afbaa4543084c7b12151283,512,512,RGB,71e8a296e8c0f471,
Testing/pituitary/Te-pi_119.jpg,pituitary,testing,False,21563,950aeb329dcc5ce877b0b4a5e1570774,512,512,L,70ecdcd4cce8e070,
Testing/pituitary/Te-pi_12.jpg,pituitary,testing,False,27186,c1fe871b84d7713a2f8f972a64868682,512,512,L,71cce8e8d292aae8,
Testing/pituitary/Te-pi_120.jpg,pituitary,testing,False,18511,d9313b865aacc305d2dfab3b31f64ba9,512,512,L,b0e4c4b2f2dcf0b2,
Testing/pituitary/Te-pi_121.jpg,pituitary,testing,False,23270,c9186cdaaca5bec7fc578eb54497df8d,512,512,L,70f0ccd4b2f0e471,
Testing/pituitary/Te-pi_122.jpg,pituitary,testing,False,31005,1a2fe4fdab5d0499f9206453e6eb151b,512,512,L,c1b04872421adce8,
Testing/pituitary/Te-pi_123.jpg,pituitary,testing,False,28561,c20ecb3527b5a3e7ed19198df9bb5877,512,512,L,33e8e8a8b28aaeb2,
Testing/pituitary/Te-pi_124.jpg,pituitary,testing,False,24932,89de6099210fad2ab0992ff7698fefa4,512,512,L,61c4a295c9b2dac4,
Testing/pituitary/Te-pi_125.jpg,pituitary,testing,False,26865,55f108642fe5e85f9df48676b49e6315,512,512,L,68c4eae8b2eac8cc,
Testing/pituitary/Te-pi_126.jpg,pituitary,testing,False,23145,87a8e71b43f68dfd559ad8128a53daef,512,512,L,98548882562c9880,
Testing/pituitary/Te-pi_127.jpg,pituitary,testing,False,33928,6078a37d0e605b0880a35c6518422e5c,512,512,RGB,69c8aaaaaae8f0f0,
Testing/pituitary/Te-pi_128.jpg,pituitary,testing,False,24217,bd4c7233df10a2c3645de08d2411ea26,512,512,L,c8848a89ea96cecc,
Testing/pituitary/Te-pi_129.jpg,pituitary,testing,False,26196,945ab5d05c3127cb32ea375cf16cc80a,512,512,L,69c8c8b2e6e8f070,
Testing/pituitary/Te-pi_13.jpg,pituitary,testing,False,27416,f5d263da27d91a5cc03758f87f288060,512,512,L,69c8e8aaf2ccc8cc,
Testing/pituitary/Te-pi_130.jpg,pituitary,testing,False,26858,2490f13abe047c832cca7b00e85b5242,512,512,L,71cc8eaab2b69e8a,
Testing/pituitary/Te-pi_131.jpg,pituitary,testing,False,22994,e54ad64f02824f4b880f2d2005d145fc,512,512,L,a9c488c88ca6b084,
Testing/pituitary/Te-pi_132.jpg,pituitary,testing,False,24085,9d77dc725f62f2d261c9a6df5c7bc2d5,512,512,L,63c8b0c8c2929490,
Testing/pituitary/Te-pi_133.jpg,pituitary,testing,False,27056,a3f889d6f82bc52a9f95828fb265893e,512,512,L,e1cc928c44b6968c,
Testing/pituitary/Te-pi_134.jpg,pituitary,testing,False,17140,049039a1201d5fc88edd0600bd27fdeb,512,512,L,b0e8e8e8e8d4e070,
Testing/pituitary/Te-pi_135.jpg,pituitary,testing,False,24289,449b792d2bbd815ea9ad0107994ff02a,512,512,L,71c4a2d489b69688,
Testing/pituitary/Te-pi_136.jpg,pituitary,testing,False,26095,0bacd5f11a3f68cea590ce6a5eb338a8,512,512,L,c1ac42424e16aae8,
Testing/pituitary/Te-pi_137.jpg,pituitary,testing,False,24617,4ca4301ea29609faeb943ff494d609ec,512,512,L,d030c8a256ded8dc,
Testing/pituitary/Te-pi_138.jpg,pituitary,testing,False,26599,aa8014eb76bf69ffb043dea610d9e4db,512,512,L,71eceaaaba928a9c,
Testing/pituitary/Te-pi_139.jpg,pituitary,testing,False,31915,a8cbbb4223c55bb9e1a05ac07634d95c,512,512,RGB,71e8aab28eaa92e4,
Testing/pituitary/Te-pi_14.jpg,pituitary,testing,False,24993,55e2db5fadaf31e5e857f8a881ee2059,512,512,L,ccc285148a968482,
Testing/pituitary/Te-pi_140.jpg,pituitary,testing,False,26463,baff496ebb8766c3dca916e2704b2065,512,512,L,71c8ecb2ac9696cc,
Testing/pituitary/Te-pi_141.jpg,pituitary,testing,False,32517,3326fd02a76cf696c9679794f3aaf14b,512,512,RGB,f1c88c968cd8d4f0,
Testing/pituitary/Te-pi_142.jpg,pituitary,testing,False,27741,b7c70f6c92c9328da168ab33c1008ae7,512,512,L,d1409020041298e8,
Testing/pituitary/Te-pi_143.jpg,pituitary,testing,False,25819,404ee2907370bb20d02c5b6d54db89bd,512,512,L,73c8e8e8e88e8ef2,
Testing/pituitary/Te-pi_144.jpg,pituitary,testing,False,24857,4b0f102c406ca23056b1deb574c4da84,512,512,L,70e8aab2e8a8f071,
Testing/pituitary/Te-pi_145.jpg,pituitary,testing,False,27660,a5637d24ba4cd4c84c8ef26de03baeb9,512,512,L,c8ac0e1a0216d6ee,
Testing/pituitary/Te-pi_146.jpg,pituitary,testing,False,26741,b6354ea6c32c624acedbb91e0f15a328,512,512,L,69d4eab28eaab2d4,
Testing/pituitary/Te-pi_147.jpg,pituitary,testing,False,26812,0d9ff7ea1d311df72760381356ba7fbc,512,512,L,e8e8ac96aaae8280,
Testing/pituitary/Te-pi_148.jpg,pituitary,testing,False,30892,7f2b42c0cc40763b3758d9b2606d48db,512,512,L,c870d946069ecccc,
Testing/pituitary/Te-pi_149.jpg,pituitary,testing,False,19165,3b315127ad0e9c644b51e6155275f3cc,512,512,L,e068ccd4ead4e8b2,
Testing/pituitary/Te-pi_15.jpg,pituitary,testing,False,26321,06667ca4bdd357090a42acdfe470e9b1,512,512,L,31e8cca8a89ec8c8,
Testing/pituitary/Te-pi_150.jpg,pituitary,testing,False,25978,342e359eb0356b22f13baa39029f9020,512,512,L,c0b6ecd452969c98,
Testing/pituitary/Te-pi_151.jpg,pituitary,testing,False,20157,51fd15609e3f9aadc7ffe61a0c63e051,512,512,L,b0e8ccd2eaf0e030,
Testing/pituitary/Te-pi_152.jpg,pituitary,testing,False,29931,dcdab27e802838f5229a39372f03d6f6,512,512,L,e0b4a0a4aad6cecc,
Testing/pituitary/Te-pi_153.jpg,pituitary,testing,False,27140,fe24172df727472dbf312c6685ae5dba,512,512,L,f0b44c004a169ee4,
Testing/pituitary/Te-pi_154.jpg,pituitary,testing,False,24023,300182c362b7a5abbebbafb9586b142c,512,512,L,e3c8b088dab49498,
Testing/pituitary/Te-pi_155.jpg,pituitary,testing,False,25387,5c2687b1b7b65d5f993d2995139e1b89,512,512,L,71ecd8e8f0e6ecf0,
Testing/pituitary/Te-pi_156.jpg,pituitary,testing,False,28707,d6bb4b5c6e13a28cf235280d056e2280,512,512,L,f3a830424e9796cc,
Testing/pituitary/Te-pi_157.jpg,pituitary,testing,False,22183,4184a08142dd15e0508851c77559bcab,512,512,L,f0ec8ed2a8d4f8b2,
Testing/pituitary/Te-pi_158.jpg,pituitary,testing,False,31403,2bb809e7ef036a66a67d3fc94729c2c4,512,512,RGB,71e8cab2a8aad071,
Testing/pituitary/Te-pi_159.jpg,pituitary,testing,False,26227,1ebe622ac872d47937e734f4d889ec49,512,512,L,31f8ecaab6b2aab2,
Testing/pituitary/Te-pi_16.jpg,pituitary,testing,False,24201,e6c50feaad6b291f2f123fcbbfc52501,512,512,L,c184a28aea94d8c9,
Testing/pituitary/Te-pi_160.jpg,pituitary,testing,False,26379,d2f64b757d308f1c859bde21b2943b3d,512,512,L,71e8aaa6d4aad471,
Testing/pituitary/Te-pi_161.jpg,pituitary,testing,False,27505,13f671bacd6cedcb3dece5e5f8944ffb,512,512,L,71e0ace8aea8dcc4,
Testing/pituitary/Te-pi_162.jpg,pituitary,testing,False,22739,0562ababca283ce9ee10a7e51f640322,512,512,L,69c8aab2aae8f2f0,
Testing/pituitary/Te-pi_163.jpg,pituitary,testing,False,23015,2898ae4b5454fb6d9eee97759330c54f,512,512,L,31e0848c90b296c8,
Testing/pituitary/Te-pi_164.jpg,pituitary,testing,False,28294,847cf564cc444114edc472f750d3d2d6,512,512,L,c9a44824b696dcdc,
Testing/pituitary/Te-pi_165.jpg,pituitary,testing,False,25689,3970071f63e17ae841d4ef6a85611261,512,512,L,70e8aacae8b8d071,
Testing/pituitary/Te-pi_166.jpg,pituitary,testing,False,32128,59ad8d8c8b15edcd776a4a5076f95329,512,512,RGB,f1e8aa968eb2d071,
Testing/pituitary/Te-pi_167.jpg,pituitary,testing,False,22461,470d7af6a33ebe3ed30b3b89aead50c0,512,512,L,70e8ccd4f0e0f0b2,
Testing/pituitary/Te-pi_168.jpg,pituitary,testing,False,34743,684f3a8c6a38c754af74fe7d91396131,512,512,RGB,71cc86a2aaaaaae0,
Testing/pituitary/Te-pi_169.jpg,pituitary,testing,False,30804,1d179a5cef8710e3994d1713eebc1f36,512,512,L,ccacacb29accdaee,
Testing/pituitary/Te-pi_17.jpg,pituitary,testing,False,25481,2b6b0df937c83c072e2c645b212420e6,512,512,L,e9cce8b6b2e8c869,
Testing/pituitary/Te-pi_170.jpg,pituitary,testing,False,31656,3cf014dafce3221534705f4633bbdd0d,512,512,RGB,79cca856acb21444,
Testing/pituitary/Te-pi_171.jpg,pituitary,testing,False,22476,f0d37aea494379b05c31ccbbfd9d0922,512,512,L,63c8a4b4b4a2d688,
Testing/pituitary/Te-pi_172.jpg,pituitary,testing,False,28505,85fc5f4ff3c43b6158f34d48ce430ee5,512,512,L,c8604c12861eccd8,
Testing/pituitary/Te-pi_173.jpg,pituitary,testing,False,23678,eea72cf1a21cd07bb6afdc1e9e0de050,512,512,L,c194a28ac29490c8,
Testing/pituitary/Te-pi_174.jpg,pituitary,testing,False,29974,b69dbd2efd2e99ba54804f08c139ed3b,512,512,RGB,e0e0ccecf0e0c871,
Testing/pituitary/Te-pi_175.jpg,pituitary,testing,False,26833,4f515a3828a230c5e443a7a6a005bdea,512,512,L,e1bc4e021a149ed8,
Testing/pituitary/Te-pi_176.jpg,pituitary,testing,False,31192,d33c174ae090371f4c1e9d09c598d02a,512,512,RGB,f0eccccee2a8d471,
Testing/pituitary/Te-pi_177.jpg,pituitary,testing,False,28591,61a5c8e576afb81edd65922692c52913,512,512,L,e1b0e890a2b2cfe6,
Testing/pituitary/Te-pi_178.jpg,pituitary,testing,False,24812,885b1a108637b3408c2414cf343b46a9,512,512,RGB,f06cc4d4e8d4d071,
Testing/pituitary/Te-pi_179.jpg,pituitary,testing,False,26695,6464c16d6bb53879fc6701f1c69a8275,512,512,L,71cceaaa9292a8aa,
Testing/pituitary/Te-pi_18.jpg,pituitary,testing,False,24326,01a7fede3ec016d67345c8c0af0a0da7,512,512,L,61c4a2d481b296c8,
Testing/pituitary/Te-pi_180.jpg,pituitary,testing,False,24276,5576617ab233dc3f840a27cc57dcaa37,512,512,L,c198a4c8c894c0c9,
Testing/pituitary/Te-pi_181.jpg,pituitary,testing,False,29935,d54a6e38d93f7a5f297a047d28a73649,512,512,L,c8644c12864ccccc,
Testing/pituitary/Te-pi_182.jpg,pituitary,testing,False,27367,11e5e9c730ef5ffd4a5dd1691acb0d10,512,512,L,71cc8eaab2aaaae8,
Testing/pituitary/Te-pi_183.jpg,pituitary,testing,False,24212,2cc4916a8a712390d6b3624ecfe3c267,512,512,L,72f0a8b6b0e8d071,
Testing/pituitary/Te-pi_184.jpg,pituitary,testing,False,27347,dfa1a9a25d8b380fa4b54d4a2593d420,512,512,L,f3c824424686d6cc,
Testing/pituitary/Te-pi_185.jpg,pituitary,testing,False,27908,3f6b1cde0844d6edce2f24d31f28fe69,512,512,L,d0e8aeb2eaa2f471,
Testing/pituitary/Te-pi_186.jpg,pituitary,testing,False,28898,0b09caa0fbd3cc55eba640c8c49b2010,512,512,RGB,fcb2ecd4b096d6ec,
Testing/pituitary/Te-pi_187.jpg,pituitary,testing,False,26835,9556f4817dc71a39043aec30e506fc77,512,512,L,71e8c8b2b2aacccc,
Testing/pituitary/Te-pi_188.jpg,pituitary,testing,False,29009,6d1b2b951733b48cd456bdb2a560eb9f,512,512,L,f1a850908a56dca8,
Testing/pituitary/Te-pi_189.jpg,pituitary,testing,False,33506,6b5b8df1a76e61e38dccfbd03d5bbc8e,512,512,RGB,f4c49692cce8f0f0,
Testing/pituitary/Te-pi_19.jpg,pituitary,testing,False,25173,3a80192cf7306c7d0ec03643c567dd28,512,512,L,c1a04844429694dc,
Testing/pituitary/Te-pi_190.jpg,pituitary,testing,False,23734,c4b72424eacd1bd479fae33990d10898,512,512,L,63c0a0ccdab28498,
Testing/pituitary/Te-pi_191.jpg,pituitary,testing,False,26878,41e4a2869875edcce4682cb477a883fa,512,512,L,71ccb260a8b292c8,
Testing/pituitary/Te-pi_192.jpg,pituitary,testing,False,19896,12b5f557831841726b41d1caf08ce024,512,512,L,b278ccd4d0d461b2,
Testing/pituitary/Te-pi_193.jpg,pituitary,testing,False,27107,318932ea5aa71e9f88b3b5c9625fa498,512,512,L,31e8e8a8b2aaaaa2,
Testing/pituitary/Te-pi_194.jpg,pituitary,testing,False,28579,9f3c3a832ca73e9403032313e92f27c3,512,512,L,c1b86046b4b48cda,
Testing/pituitary/Te-pi_195.jpg,pituitary,testing,False,23123,148435dc344694f1be00ff52952ab9e2,512,512,L,e190a8cc988e96cc,
Testing/pituitary/Te-pi_196.jpg,pituitary,testing,False,19532,23ccd596a13e038553cfd71def7eeea2,512,512,L,72d8d4b6bac8d470,
Testing/pituitary/Te-pi_197.jpg,pituitary,testing,False,22969,d864c9d8d8e3e1fa77aa7ccf62a8aabd,512,512,L,61c0a2d492b694c8,
Testing/pituitary/Te-pi_198.jpg,pituitary,testing,False,27756,16f9b10a3868753af264caa8eacee248,512,512,L,c8e4da52caceecee,
Testing/pituitary/Te-pi_199.jpg,pituitary,testing,False,34504,aa8620ea068d9fd3ecff97a292d5d439,512,512,RGB,31e8ccea92aac8d0,
Testing/pituitary/Te-pi_2.jpg,pituitary,testing,False,26927,af400abcb33c1d5c68bbfdc75666aa3f,512,512,RGB,60ecd2d0e8a2f071,
Testing/pituitary/Te-pi_20.jpg,pituitary,testing,False,25585,b5405c0b0b3bd22e2345fab9d3ba18c2,512,512,L,63c894c658969492,
Testing/pituitary/Te-pi_200.jpg,pituitary,testing,False,27625,5710a535e3194d0cdf3f1c4ebe3212ab,512,512,L,71e0c8f0d6e8e8c8,
Testing/pituitary/Te-pi_201.jpg,pituitary,testing,False,26585,433f6cdc94cff6893c7bae881c1daa41,512,512,L,71ccb2d449928ac0,
Testing/pituitary/Te-pi_202.jpg,pituitary,testing,False,26823,f540c327135895062eeb1f90e82db494,512,512,L,70e8aab2caaad4d4,
Testing/pituitary/Te-pi_203.jpg,pituitary,testing,False,33772,07ffca9340985690872d43cb2a896320,512,512,RGB,71e8cce892aae8f0,
Testing/pituitary/Te-pi_204.jpg,pituitary,testing,False,25370,814a3eee8a0ddc8e400b563ad814979c,512,512,L,71e4d6b2bac4cc71,
Testing/pituitary/Te-pi_205.jpg,pituitary,testing,False,25227,61392aa2649c58ccecec16220fae3ddd,512,512,L,31e8c8b292aeaab2,
Testing/pituitary/Te-pi_206.jpg,pituitary,testing,False,29974,06edcef76180576d33fa3412c021efe2,512,512,RGB,b2e8c0d4c4ccd469,
Testing/pituitary/Te-pi_207.jpg,pituitary,testing,False,25428,97cbde6bff699dff7e3de3e0b711af8b,512,512,L,71c4e8a892c8e8e8,
Testing/pituitary/Te-pi_208.jpg,pituitary,testing,False,22984,0462881863b996202f9979e7836dddb6,512,512,L,31e8c8e8b28ee8d4,
Testing/pituitary/Te-pi_209.jpg,pituitary,testing,False,22520,76ce83d0626ee703b5b629125fa9c467,512,512,L,63c0e0d8c49292d8,
Testing/pituitary/Te-pi_21.jpg,pituitary,testing,False,20365,446245f7c288dfe74b89d38e483016a8,512,512,L,f0f8d4d4e8d4e8b2,
Testing/pituitary/Te-pi_210.jpg,pituitary,testing,False,24488,92ecc6458c32e4b9fcf3e08794a74a7e,512,512,L,71cca2b4a8b696c8,
Testing/pituitary/Te-pi_211.jpg,pituitary,testing,False,26005,3d60fa58bf3786a4e98c39746d3b9e8d,512,512,L,33e0e8a8b28aaab2,
Testing/pituitary/Te-pi_212.jpg,pituitary,testing,False,28608,de2f660f34afe960e558ce2916da8899,512,512,RGB,70e8ccd4f0e8f0b2,
Testing/pituitary/Te-pi_213.jpg,pituitary,testing,False,23903,6107456486fc97d613da139ebff9308c,512,512,L,71e8a886e8e8f471,
Testing/pituitary/Te-pi_214.jpg,pituitary,testing,False,27635,7c3634a40649e1a34dc467ae9fad8c6e,512,512,L,e1b44e96581698d8,
Testing/pituitary/Te-pi_215.jpg,pituitary,testing,False,25047,002269b84698c2985741797afb2fff97,512,512,L,61c8b0c4d29696c8,
Testing/pituitary/Te-pi_216.jpg,pituitary,testing,False,24310,b62a2844b367029f67de11d466f787c7,512,512,L,c18ce2d9588e9298,
Testing/pituitary/Te-pi_217.jpg,pituitary,testing,False,10819,21107ddf46c4531becb79407411bf952,256,256,L,61e8e8e8e8b0cae8,
Testing/pituitary/Te-pi_218.jpg,pituitary,testing,False,23787,a01750be9a23d9b33bf40becb5b21a2f,512,512,L,61e4aac4aa92d7c8,
Testing/pituitary/Te-pi_219.jpg,pituitary,testing,False,21070,3c5de77522510a6741c620d8b4d04e75,512,512,L,f9c8b4f4e8aaf071,
Testing/pituitary/Te-pi_22.jpg,pituitary,testing,False,24628,ae0e931ce58f705b48c232f8f65313d0,512,512,L,62c994c490d294d8,
Testing/pituitary/Te-pi_220.jpg,pituitary,testing,False,24413,560e4b48a6c0cd06244c610068a1b714,512,512,L,61c8b2a2aab696cc,
Testing/pituitary/Te-pi_221.jpg,pituitary,testing,False,27009,f6a7eb60eb82064d033b3bbdf984ea19,512,512,L,63c8a46844a686d8,
Testing/pituitary/Te-pi_222.jpg,pituitary,testing,False,22081,9e300450f1d05ccea878d6ab81f05de3,512,512,L,71e0e892ecd4d471,
Testing/pituitary/Te-pi_223.jpg,pituitary,testing,False,28438,e9a1ed8c4a70eb8a4138c3538e4baf68,512,512,L,e8cceaaaaaeaeae0,
Testing/pituitary/Te-pi_224.jpg,pituitary,testing,False,24979,79f03f9d35fed198c625fc7cfe4c38b5,512,512,L,62c8b4cc909294d2,
Testing/pituitary/Te-pi_225.jpg,pituitary,testing,False,24974,24d422c66572480e2536861645d5c955,512,512,L,63c884ca91d294d2,
Testing/pituitary/Te-pi_226.jpg,pituitary,testing,False,31676,4494e679f0cf5ce5369f2a34179dddb1,512,512,RGB,31e8c4ead2aec8d0,
Testing/pituitary/Te-pi_227.jpg,pituitary,testing,False,24768,468a4a239c19277e873df0cb2859f0dc,512,512,L,e1c8a0ca9a9694c8,
Testing/pituitary/Te-pi_228.jpg,pituitary,testing,False,29010,cd98e7fec9766b7eaeb99c67de7cdd9f,512,512,L,71ccaaaab2aaaaca,
Testing/pituitary/Te-pi_229.jpg,pituitary,testing,False,34172,a28c0aaf1e5ee802731aef2571094300,512,512,RGB,71e8a8b2b2aa9a9c,
Testing/pituitary/Te-pi_23.jpg,pituitary,testing,False,26124,c096e3572118c04424b5866d20d03542,512,512,L,71e8e8a8b2aaecf0,
Testing/pituitary/Te-pi_230.jpg,pituitary,testing,False,28398,e0927ee5fede33a445824be10ce35d27,512,512,L,68e8aaa88aaaf0e4,
Testing/pituitary/Te-pi_231.jpg,pituitary,testing,False,24531,2360802bbdb3079e35f5c003a6457d1b,512,512,L,71c88cb280e0d4c9,
Testing/pituitary/Te-pi_232.jpg,pituitary,testing,False,24107,31b6c12a0a4032180c8b6b9932e4530e,512,512,L,71e8aa96cce8e471,
Testing/pituitary/Te-pi_233.jpg,pituitary,testing,False,31511,445c5badf9e21bd6493d80256ea459aa,512,512,RGB,71ecaaaee8f0f071,
Testing/pituitary/Te-pi_234.jpg,pituitary,testing,False,28274,4ebe0a81704c5d7d91e1142c0316c086,512,512,L,71e8e8eab2aae8f0,
Testing/pituitary/Te-pi_235.jpg,pituitary,testing,False,41161,32090537558a95377797cb0b67de2845,512,512,RGB,e8e8c8d4d48aa2e0,
Testing/pituitary/Te-pi_236.jpg,pituitary,testing,False,24611,85054111780f86e449a87bfe73f5da7d,512,512,L,71c88a8ae8f0f071,
Testing/pituitary/Te-pi_237.jpg,pituitary,testing,False,20009,b35adf1698723c58aa42bdded7147255,512,512,L,f0e8e8e0f2e8f0b2,
Testing/pituitary/Te-pi_238.jpg,pituitary,testing,False,29521,88b7b803be91e57e07572e226807cfa3,512,512,L,c1a058524616dccc,
Testing/pituitary/Te-pi_239.jpg,pituitary,testing,False,23093,b8aaf0c12aad492ecf4bf50e3532cd92,512,512,L,63c8a0c8da9292d8,
Testing/pituitary/Te-pi_24.jpg,pituitary,testing,False,25777,66d90f14b362670abba578d7d3f89fc1,512,512,L,71cce8a8a8c8c869,
Testing/pituitary/Te-pi_240.jpg,pituitary,testing,False,32607,8dd635f27b0ca302f0e9712d77bafb22,512,512,RGB,71d894b2a2c4cc71,
Testing/pituitary/Te-pi_241.jpg,pituitary,testing,False,26887,963bbd0526e49dae288de2be938b8876,512,512,L,f3c054504ad2e6ec,
Testing/pituitary/Te-pi_242.jpg,pituitary,testing,False,23600,f1226a140bbf756325dc937ba7cbcf62,512,512,L,89649048cc8c9010,
Testing/pituitary/Te-pi_243.jpg,pituitary,testing,False,26016,6e0ba03bdc5750a61f59df3f2481db57,512,512,L,70f8aa9ecc8ebac4,
Testing/pituitary/Te-pi_244.jpg,pituitary,testing,False,25650,5697b4f55a6119d2595cec89b6a14836,512,512,L,70e8cccec4ccd8f0,
Testing/pituitary/Te-pi_245.jpg,pituitary,testing,False,37364,6b8c0f0745bdb74d2d2e4280d687bf19,512,512,RGB,71ccaaaab2aa8aac,
Testing/pituitary/Te-pi_246.jpg,pituitary,testing,False,27579,b5d721d7c0b74a91d50e42224fef374d,512,512,L,d4d49292cce8f0f0,
Testing/pituitary/Te-pi_247.jpg,pituitary,testing,False,28243,474d2c5602f61c35b590354cb7954c59,512,512,L,31e8eaaabacaaab2,
Testing/pituitary/Te-pi_248.jpg,pituitary,testing,False,34159,b1e55673779c2c3cebbe8cf7c903d790,512,512,RGB,3368ccea92aec8d4,
Testing/pituitary/Te-pi_249.jpg,pituitary,testing,False,29166,a966290ca4bd98319ddb41607d37fbbb,512,512,RGB,69ccd6aaaad4f0b2,
Testing/pituitary/Te-pi_25.jpg,pituitary,testing,False,24617,57be97a0b7898da65fc8217168e10d9d,512,512,L,60ecaa92ccaad470,
Testing/pituitary/Te-pi_250.jpg,pituitary,testing,False,29644,ffe1407dd854f14af0051954da5aef82,512,512,L,e88a7006461787cd,
Testing/pituitary/Te-pi_251.jpg,pituitary,testing,False,26328,081e64cf823c6bb66b64d8d87a8e7b99,512,512,L,d8ec8ab2b2e0dc70,
Testing/pituitary/Te-pi_252.jpg,pituitary,testing,False,26522,dee28b36f4d9f2026f44697daf838de8,512,512,L,71e4aaaabaaaaab0,
Testing/pituitary/Te-pi_253.jpg,pituitary,testing,False,22975,8e221bfe0c4800581c5e134d33eb9ea0,512,512,L,31e084869ab296d8,
Testing/pituitary/Te-pi_254.jpg,pituitary,testing,False,29213,2ee214bc52625bd8c3332e926c931246,512,512,RGB,32e8cca8aa86d694,
Testing/pituitary/Te-pi_255.jpg,pituitary,testing,False,24674,46af31cd560f30f580a0704b03fa06f8,512,512,L,68cce8e8b2cce8cc,
Testing/pituitary/Te-pi_256.jpg,pituitary,testing,False,28913,f54529ed0782aa41e9e56a8f691b5da3,512,512,L,e8cceaaab2eaeaec,
Testing/pituitary/Te-pi_257.jpg,pituitary,testing,False,23075,c52e29ddc6a43a214527772d2761b77d,512,512,L,63c0c0d8c49892d8,
Testing/pituitary/Te-pi_258.jpg,pituitary,testing,False,21431,a1ae86764b0d04426fa157e0327022cf,512,512,L,70ecccd2a4f0e070,
Testing/pituitary/Te-pi_259.jpg,pituitary,testing,False,23279,29ce0e50c11877773bba827cebac5525,512,512,L,70f0ccb2b2d0c870,
Testing/pituitary/Te-pi_26.jpg,pituitary,testing,False,24930,469a2a1634c3c9343b4a8608aa3745b2,512,512,L,71cca896bcdce4e4,
Testing/pituitary/Te-pi_260.jpg,pituitary,testing,False,24461,2f833e3c5859856aa33a7d79fdc6e634,512,512,L,61c8a088d2a69490,
Testing/pituitary/Te-pi_261.jpg,pituitary,testing,False,11505,c7cefead0adff13a04a983a8f6e3e7b1,256,256,L,61e8e8e8e8f0ccaa,
Testing/pituitary/Te-pi_262.jpg,pituitary,testing,False,25121,cbf6b69a3fcf5c817783b550027adb2b,512,512,L,e1b8cc88c2bc88e1,
Testing/pituitary/Te-pi_263.jpg,pituitary,testing,False,26692,ca25901aa793f68b6c7c87609a853293,512,512,L,c8a4e2c4d0969488,
Testing/pituitary/Te-pi_264.jpg,pituitary,testing,False,33642,56f3aecb5e0e036585d1742211214e09,512,512,RGB,f0cca6968e92d4e1,
Testing/pituitary/Te-pi_265.jpg,pituitary,testing,False,23365,c02ade5f2693a93ec8c36ae39e87c9ed,512,512,L,63c0e0c8dab28498,
Testing/pituitary/Te-pi_266.jpg,pituitary,testing,False,25522,c257d5c468ffc8eba7d9c60061a5bad6,512,512,RGB,60eccce4e8e8d471,
Testing/pituitary/Te-pi_267.jpg,pituitary,testing,False,29033,6d71e313e139338dd5e79e7dd40392f0,512,512,L,c8b44e1b2216d7c6,
Testing/pituitary/Te-pi_268.jpg,pituitary,testing,False,29516,ade8f71d1984ccb522ebbade5396fb2b,512,512,RGB,78c8cea6a8d0e471,
Testing/pituitary/Te-pi_269.jpg,pituitary,testing,False,26496,bb22ec53522184a1069da721984e6b57,512,512,L,c1a0484846a694c8,
Testing/pituitary/Te-pi_27.jpg,pituitary,testing,False,23670,e5ca3462e1e04a3643f944ab4d009d0f,512,512,L,71e084868ab696d8,
Testing/pituitary/Te-pi_270.jpg,pituitary,testing,False,23625,fa4ee22df57caf82369b2910ba6daa9b,512,512,L,61c0a0c4d0b29688,
Testing/pituitary/Te-pi_271.jpg,pituitary,testing,False,29534,c2f402ae605115be8889341130affd20,512,512,L,c1b0c8c84296dcdc,
Testing/pituitary/Te-pi_272.jpg,pituitary,testing,False,27980,a386778ca5b15b0d60bf54fc08e9cb3e,512,512,L,70ec8e8a92e8f0e8,
Testing/pituitary/Te-pi_273.jpg,pituitary,testing,False,25538,f59c5038c9cec828010eb7b7725769c3,512,512,RGB,1378ccb2eedadea4,
Testing/pituitary/Te-pi_274.jpg,pituitary,testing,False,22405,8151f16021e3a47c31c6408e72f7490f,512,512,L,70e4c8d6f2d4e870,
Testing/pituitary/Te-pi_275.jpg,pituitary,testing,False,19879,8ff4deec22e5ca25eb70d49b43e2e1a2,512,512,L,70e8c8d0c8f0e871,
Testing/pituitary/Te-pi_276.jpg,pituitary,testing,False,20446,d555d0ac15b95e500f40336179840346,512,512,L,68ccd4f0e8f0e0f0,
Testing/pituitary/Te-pi_277.jpg,pituitary,testing,False,28005,6ad70b532cb2cc245bce4417bea8d11c,512,512,RGB,71e8a29288d4d471,
Testing/pituitary/Te-pi_278.jpg,pituitary,testing,False,25999,20a41950c0e95c22b7d7772c57e18b67,512,512,L,c1b060084aa69cd8,
Testing/pituitary/Te-pi_279.jpg,pituitary,testing,False,21371,eed6515b22e7f572822d00ec56ddffff,512,512,L,70e8c8d0e2f0e871,
Testing/pituitary/Te-pi_28.jpg,pituitary,testing,False,37810,708b5a91fb311d91634f459794a110d4,512,512,RGB,71cc8aaa92b6aeae,
Testing/pituitary/Te-pi_280.jpg,pituitary,testing,False,29468,8beaefe472e145d0d4f793f1e8829479,512,512,L,e0cce8aaaae2d696,
Testing/pituitary/Te-pi_281.jpg,pituitary,testing,False,25813,3f5e60fdd0a275d709212d25f0202577,512,512,L,c184eaccd1969c88,
Testing/pituitary/Te-pi_282.jpg,pituitary,testing,False,26864,4f1468a8a21471c4e2d331d828c4a2cb,512,512,L,e9c8aab2b2aae8cc,
Testing/pituitary/Te-pi_283.jpg,pituitary,testing,False,26483,fb7bd2d26e3b86081aab6431641d803b,512,512,L,31e8cce896aae8f0,
Testing/pituitary/Te-pi_284.jpg,pituitary,testing,False,22890,e8780d8fbad71361b2d2ef20f2bb361c,512,512,L,70e8aa968ebaf471,
Testing/pituitary/Te-pi_285.jpg,pituitary,testing,False,29365,784ece2b3ed569312db95c83e31b3c03,512,512,L,e8ccaaaab2ececcc,
Testing/pituitary/Te-pi_286.jpg,pituitary,testing,False,24606,1ae51d9bd101c23ecd39bd4fb34da2af,512,512,RGB,70c8d4f0ccd4f830,
Testing/pituitary/Te-pi_287.jpg,pituitary,testing,False,26573,93779e8a03784e6d1c13be2c422d06b0,512,512,L,71e8aeb2cce8e0f8,
Testing/pituitary/Te-pi_288.jpg,pituitary,testing,False,24952,05c3c2cfe861be0f6bad8a8e7a9b3f63,512,512,L,71e8a896c8c8e8e8,
Testing/pituitary/Te-pi_289.jpg,pituitary,testing,False,23327,02b6f06f232a5e03f3b9b521193b0932,512,512,L,b2e8c4d4c8c4f068,
Testing/pituitary/Te-pi_29.jpg,pituitary,testing,False,24831,0cd4076fdef2e3e7a9fbbf941866b0ba,512,512,L,61c0a0c4d0b2d6cc,
Testing/pituitary/Te-pi_290.jpg,pituitary,testing,False,24158,02363fdcbfd3bdbcd5da46b59f887b31,512,512,L,61c8a0c482b292d8,
Testing/pituitary/Te-pi_291.jpg,pituitary,testing,False,22490,68ca3e2f642c9f9c22564c5d16d5a94e,512,512,L,63c0c0d8cab290d8,
Testing/pituitary/Te-pi_292.jpg,pituitary,testing,False,29559,66c2844783534571f929cbfe3cd821a2,512,512,L,d0644a245416dccd,
Testing/pituitary/Te-pi_293.jpg,pituitary,testing,False,27698,615c4044557b6b0913234e1e58e0bd7f,512,512,L,e1a448405296dcf8,
Testing/pituitary/Te-pi_294.jpg,pituitary,testing,False,22697,71a840a023738a2e7a86bf1fa0cee44e,512,512,L,3368cceaaa9e94d4,
Testing/pituitary/Te-pi_295.jpg,pituitary,testing,False,25565,38e5f59da97e78cdb2aed02f61d7c1ea,512,512,L,79c8eae8b2aaecb2,
Testing/pituitary/Te-pi_296.jpg,pituitary,testing,False,26020,b5c8f040e2655d4f1cff011434c2e334,512,512,L,71e8ccb296a8a8e8,
Testing/pituitary/Te-pi_297.jpg,pituitary,testing,False,28685,e2c809d7063d8643d62d325ecb5276a2,512,512,L,61ccaaaaaaaaeaaa,
Testing/pituitary/Te-pi_298.jpg,pituitary,testing,False,36127,584ca4664acb9536e369e49eb98239ad,512,512,RGB,79ccaaa8b2b6c484,
Testing/pituitary/Te-pi_299.jpg,pituitary,testing,False,27181,7c5e64b2d6f0ab11c686a6f4ce13bf36,512,512,L,71ccb254699294c8,
Testing/pituitary/Te-pi_3.jpg,pituitary,testing,False,32638,6a60c4903b6518ab0a94985ca5a205bd,512,512,RGB,71e8ac96d4ccc871,
Testing/pituitary/Te-pi_30.jpg,pituitary,testing,False,26429,db7a363aa91dfc89d516eee5e8ac67d1,512,512,RGB,b0f0ccd4b0f4ecb0,
Testing/pituitary/Te-pi_300.jpg,pituitary,testing,False,25555,d967c497561b64c2cbdeebbdb26b1ccd,512,512,L,e1cca08416b296cc,
Testing/pituitary/Te-pi_301.jpg,pituitary,testing,False,33398,21fd69e01d027e69ab1163a49d30020a,512,512,RGB,71e8aab6ecf2f431,
Testing/pituitary/Te-pi_302.jpg,pituitary,testing,False,28619,80c382f02b14db32f8e3aa884136b3cf,512,512,L,32f0e8aab28caab2,
Testing/pituitary/Te-pi_303.jpg,pituitary,testing,False,22226,fc1bc5020ba3d5ec3740a829b800b682,512,512,L,f8e8b4b2b2b2e471,
Testing/pituitary/Te-pi_304.jpg,pituitary,testing,False,23548,ad1cafc8c208edf77ff6d89d9e9ca6a5,512,512,L,e1b8ecd0a294d1c0,
Testing/pituitary/Te-pi_305.jpg,pituitary,testing,False,29185,344dbd95818521736ea239bc6a024a41,512,512,L,e8d4aab2aaaaeae0,
Testing/pituitary/Te-pi_306.jpg,pituitary,testing,False,21717,76af3847733c22d500295da246361747,512,512,L,70d0cc9ab2d0d470,
Testing/pituitary/Te-pi_307.jpg,pituitary,testing,False,23748,a6fde5f511a3f4db64e675918e03be64,512,512,L,c8a4ca95aa96decc,
Testing/pituitary/Te-pi_308.jpg,pituitary,testing,False,31417,c498adbb77a2bee57baef968d71230f4,512,512,RGB,fcb2c8d4b0d6c6f6,
Testing/pituitary/Te-pi_309.jpg,pituitary,testing,False,29269,66d5b88a9b6f7450dbacddbc4dbb7249,512,512,L,c4fae8eab2a8b4f4,
Testing/pituitary/Te-pi_31.jpg,pituitary,testing,False,28562,a865024f77922f56c14ca307e147540e,512,512,RGB,b2e8cc94e8f0e8f0,
Testing/pituitary/Te-pi_310.jpg,pituitary,testing,False,27382,1749e6c78d7e72014a2783dfa6ebb6b8,512,512,L,71e8c8b29a8aa8e8,
Testing/pituitary/Te-pi_311.jpg,pituitary,testing,False,26301,6831486232cd5e4481fff6e2cde0b275,512,512,L,f0e8a8a4b2eeec82,
Testing/pituitary/Te-pi_312.jpg,pituitary,testing,False,27354,1de580d40fbd496f238a0d75b32ee17b,512,512,L,c1a4489042629fcc,
Testing/pituitary/Te-pi_313.jpg,pituitary,testing,False,22911,3e063fdc025ebf9d1e6a799852809501,512,512,L,70e8c8d4d4cce069,
Testing/pituitary/Te-pi_314.jpg,pituitary,testing,False,26257,c8402e3bc54914097b4e20546cb96c7c,512,512,L,d0cc8eb686b2d478,
Testing/pituitary/Te-pi_315.jpg,pituitary,testing,False,27362,9ba82556b17e2fd1853d0dd694f416e0,512,512,RGB,68c4d0b2e8ccf0f0,
Testing/pituitary/Te-pi_316.jpg,pituitary,testing,False,23571,a71ab89df76217ed256f2d89bdd8a4c8,512,512,L,c4b2cdd4aa968783,
Testing/pituitary/Te-pi_317.jpg,pituitary,testing,False,29058,1bb8265861476e4cea27f1cbe1c2f612,512,512,L,c040c8b252d6d9d8,
Testing/pituitary/Te-pi_318.jpg,pituitary,testing,False,11417,03344d1aa78b0987c14e31b0a821c6cb,256,256,L,f0e8aaf0f0f0f0f0,
Testing/pituitary/Te-pi_319.jpg,pituitary,testing,False,31807,8062a9486a64a44e4990c2d909a835be,512,512,L,d860ccc6869ecccc,
Testing/pituitary/Te-pi_32.jpg,pituitary,testing,False,26035,1c52d7faab6fcad59961092f268da857,512,512,L,63e094e289969491,
Testing/pituitary/Te-pi_320.jpg,pituitary,testing,False,22473,a317fe485813cc3c5740ce31e7c249d9,512,512,L,61e4ea84889296e8,
Testing/pituitary/Te-pi_321.jpg,pituitary,testing,False,14496,acd5c66b67e3b7e7ac4726af7a56f3c5,256,256,RGB,f0e8a8d0cce8e8f0,
Testing/pituitary/Te-pi_322.jpg,pituitary,testing,False,27830,b2cdd6ff0f4b5903e0e2369afa2af7db,512,512,L,e8a44ac616d6dccc,
Testing/pituitary/Te-pi_323.jpg,pituitary,testing,False,25566,12b9470e4517fcfdbe2ad6cd0d0fcc80,512,512,L,71d8a88abcdce5e6,
Testing/pituitary/Te-pi_324.jpg,pituitary,testing,False,23022,9dfaae50a9a7cc2fad496239d0b5c6dc,512,512,L,31e0a4a080a696cc,
Testing/pituitary/Te-pi_325.jpg,pituitary,testing,False,31370,78b19f8ea147029725212a8ebd01630b,512,512,RGB,39fcd8aca49adee6,
Testing/pituitary/Te-pi_326.jpg,pituitary,testing,False,25648,97b7de83612d941c2b9869e9d5c1392a,512,512,L,71e8aab2e2e8f073,
Testing/pituitary/Te-pi_327.jpg,pituitary,testing,False,26083,2a6bda149da46090a120c9f9841a3a2b,512,512,L,d0c8e8b2b2aaf0ec,
Testing/pituitary/Te-pi_328.jpg,pituitary,testing,False,28401,25a6207c8fce407681292274016619a7,512,512,RGB,f0e8c4b0e8f0fc71,
Testing/pituitary/Te-pi_329.jpg,pituitary,testing,False,24836,96bbe7f49a02c16aa9e810957816499f,512,512,L,e1d4c08c809686e8,
Testing/pituitary/Te-pi_33.jpg,pituitary,testing,False,24439,b52c8518293113004756f5f232f53255,512,512,L,70e8aab2a8aad471,
Testing/pituitary/Te-pi_330.jpg,pituitary,testing,False,23495,4b2688341200ec37afe085784db56391,512,512,L,a840c8482c889010,
Testing/pituitary/Te-pi_331.jpg,pituitary,testing,False,23447,3aa6591448b37cea7e7377c9b6641476,512,512,L,d1a0e0b0a4a49090,
Testing/pituitary/Te-pi_332.jpg,pituitary,testing,False,27183,0222c1544b04311cc1885a543e51aa40,512,512,L,79e8e8aaaaaaeaf0,
Testing/pituitary/Te-pi_333.jpg,pituitary,testing,False,24312,33d9cac51d5514596f99de4253e3c139,512,512,L,61c0a4c2daa68498,
Testing/pituitary/Te-pi_334.jpg,pituitary,testing,False,20520,0466f9fe2f19cbefbdeaec975276f6c3,512,512,L,70ecd4f0e8d4c470,
Testing/pituitary/Te-pi_335.jpg,pituitary,testing,False,24041,801b6526f16b1f4f82c8dc0e84d197c6,512,512,L,63c8a4a8e0b696c8,
Testing/pituitary/Te-pi_336.jpg,pituitary,testing,False,36066,5d5051712e6ea14e445e2511342ee602,512,512,RGB,f4e88ab2a8bad071,
Testing/pituitary/Te-pi_337.jpg,pituitary,testing,False,25530,b2c1b9dcb00ba84789f0510eda17d980,512,512,L,63c8b0da429294e0,
Testing/pituitary/Te-pi_338.jpg,pituitary,testing,False,26288,88fbf263862acac51af33b5d2f081257,512,512,L,33e0a4aab2aaaab2,
Testing/pituitary/Te-pi_339.jpg,pituitary,testing,False,27309,f48d963614630533250e5418c9bef642,512,512,L,3368e8b28eaae8c4,
Testing/pituitary/Te-pi_34.jpg,pituitary,testing,False,28066,d112a88f707e8c5874e2b7ac642ee663,512,512,L,71ece8d2aaaaf2f0,
Testing/pituitary/Te-pi_340.jpg,pituitary,testing,False,23302,22e3ba50b95b70e83a97aca2dd476d67,512,512,L,f2f0c8dce8f0d070,
Testing/pituitary/Te-pi_341.jpg,pituitary,testing,False,25349,ee13139c33cf0e5cb5c9cff170979738,512,512,L,63c894c2919694d2,
Testing/pituitary/Te-pi_342.jpg,pituitary,testing,False,32306,d8cb1517b9ce63976399d055101efc7c,512,512,RGB,71f8ca96ccccf0e0,
Testing/pituitary/Te-pi_343.jpg,pituitary,testing,False,29059,0545ea47d9c1780c26050eee98e5baa8,512,512,L,f18468425616caee,
Testing/pituitary/Te-pi_344.jpg,pituitary,testing,False,28139,b26290d084ad962eb18b729042fe2ce6,512,512,L,70ecaaaa8e8ca2d4,
Testing/pituitary/Te-pi_345.jpg,pituitary,testing,False,28486,5f7a79b3e1e75b1ca8e8f406e5009f05,512,512,RGB,69e8b2b2e8c8d071,
Testing/pituitary/Te-pi_346.jpg,pituitary,testing,False,26936,664c7c56e40ab5e7ef75a0ebdbf5b54b,512,512,L,e3c874525ad6d6fc,
Testing/pituitary/Te-pi_347.jpg,pituitary,testing,False,22542,1983e8c342851b900a773a88cf1d5e1f,512,512,L,63c8a4c8da929498,
Testing/pituitary/Te-pi_348.jpg,pituitary,testing,False,27247,8edf1feebc74aeba25948964518483fb,512,512,L,c1bc686212169ede,
Testing/pituitary/Te-pi_349.jpg,pituitary,testing,False,31793,12a9577ace77b7efa96ead3088ade68f,512,512,L,c1409068442c88cc,
Testing/pituitary/Te-pi_35.jpg,pituitary,testing,False,24200,ef11ef132520968e3ed003a2c3451613,512,512,L,c8b4aad9aa96cecc,
Testing/pituitary/Te-pi_350.jpg,pituitary,testing,False,22281,5360631e788dc2638c15fc9c36d66729,512,512,L,70c89cf4e8d0e4b1,
Testing/pituitary/Te-pi_351.jpg,pituitary,testing,False,10928,77d4c667f3fd91a8449fa1e563764845,256,256,L,71e8e8e8e8b0aae8,
Testing/pituitary/Te-pi_352.jpg,pituitary,testing,False,25085,907a6e387043eb19a3de4974ec5be1a0,512,512,L,71e8aa928eaeb2e8,
Testing/pituitary/Te-pi_353.jpg,pituitary,testing,False,29811,a2ea88cface01a349f38a465b41c51cb,512,512,L,c8e04a0acad5cee6,
Testing/pituitary/Te-pi_354.jpg,pituitary,testing,False,27105,48f464727746ac900d46c1ffc8523bc2,512,512,L,71e8cce8cadaccf0,
Testing/pituitary/Te-pi_355.jpg,pituitary,testing,False,26851,a35735e6a04c054395bbeb7ef192cf7f,512,512,L,71e8b6a8b29aa8b6,
Testing/pituitary/Te-pi_356.jpg,pituitary,testing,False,26863,669562a698a0159bde95c5e3bee8077d,512,512,RGB,70e8ccd0ead4dc70,
Testing/pituitary/Te-pi_357.jpg,pituitary,testing,False,29485,32b06d83cab643e4cf1d4d0538be514c,512,512,L,f19048889a47deb8,
Testing/pituitary/Te-pi_358.jpg,pituitary,testing,False,30204,f7cc7ec4dfd7e93f2013f7dc65b4631c,512,512,L,71c8e8d0b2e8cccc,
Testing/pituitary/Te-pi_359.jpg,pituitary,testing,False,30799,2881778da851c3c4bfcd5173ba2b51f4,512,512,L,e8e0eceab6aeaaa2,
Testing/pituitary/Te-pi_36.jpg,pituitary,testing,False,24771,6f9a2b75549544a5f3f3accb524f5331,512,512,L,63c8a0c8c09a98c0,
Testing/pituitary/Te-pi_360.jpg,pituitary,testing,False,23721,83141a768e97b62b3257c4b89ba6edea,512,512,L,70e89a92e8f8d071,
Testing/pituitary/Te-pi_361.jpg,pituitary,testing,False,27392,44f3a0cfff5eecfffd132c006e6c378b,512,512,RGB,70c8ccb4caf0f871,
Testing/pituitary/Te-pi_362.jpg,pituitary,testing,False,23103,428f0c0efe952f7952648703424734ca,512,512,L,63c8a0c4b0a2d690,
Testing/pituitary/Te-pi_363.jpg,pituitary,testing,False,25735,ee3e67b37f4687eb034553dc97876fad,512,512,L,61c8b4da40b69698,
Testing/pituitary/Te-pi_364.jpg,pituitary,testing,False,34067,4a635105c0349a17f04856bd15fe9313,512,512,RGB,b368c4f2daeec8c4,
Testing/pituitary/Te-pi_365.jpg,pituitary,testing,False,30661,cc2647b399acd502fafd6232175295f2,512,512,L,8860cc16061edccc,
Testing/pituitary/Te-pi_366.jpg,pituitary,testing,False,25317,78ea4ff74859f16b277f57cb8f35cb20,512,512,L,71c4a285d2969498,
Testing/pituitary/Te-pi_367.jpg,pituitary,testing,False,24172,817fed1a9ef646d9764f043c7b089ee5,512,512,L,e180e0d8ceac99a1,
Testing/pituitary/Te-pi_368.jpg,pituitary,testing,False,24892,2325a02c31eebda43f1596fc04fa2e78,512,512,L,63c8a088529a9cc0,
Testing/pituitary/Te-pi_369.jpg,pituitary,testing,False,29119,f4d21e08e2166d7d3384fa0e20434389,512,512,L,e1846296d896d6f8,
Testing/pituitary/Te-pi_37.jpg,pituitary,testing,False,22976,a986733e5f66b3c556712cafbfdf4d1d,512,512,L,c8a4ca89ea96cfcc,
Testing/pituitary/Te-pi_370.jpg,pituitary,testing,False,26676,ca0954b820327d67beb1ee2478c1df0e,512,512,L,71f8e8f2b2b2aaa8,
Testing/pituitary/Te-pi_371.jpg,pituitary,testing,False,27619,d349e210e90c275ed195228776a0ba64,512,512,L,69c8e8b2d6e8f0f0,
Testing/pituitary/Te-pi_372.jpg,pituitary,testing,False,26203,2e8c1f26dfc93760d1c8e1de8268afff,512,512,L,71e8e8aab2e8f0f0,
Testing/pituitary/Te-pi_373.jpg,pituitary,testing,False,26919,c78d2383c6863f4291353dde1adb4db8,512,512,L,71e8ecaab2a2c8c8,
Testing/pituitary/Te-pi_374.jpg,pituitary,testing,False,19418,3af7f87a722f6fbf8ab67adaf99c5051,512,512,L,f0c8dcd4e8d4f471,
Testing/pituitary/Te-pi_375.jpg,pituitary,testing,False,24202,5612687fff4f6ca1c958a3cee050f34a,512,512,L,f1cca888aaf4c44d,
Testing/pituitary/Te-pi_376.jpg,pituitary,testing,False,24575,6183316cf46c1b02878ed97700ac6674,512,512,L,f0e8aad4ccccd0e0,
Testing/pituitary/Te-pi_377.jpg,pituitary,testing,False,23745,40161982dbb34830219e3be86dda944b,512,512,L,71cca8aaaae2ccdc,
Testing/pituitary/Te-pi_378.jpg,pituitary,testing,False,30330,56c0242d5b11bf67cde5f94d7900f2cb,512,512,L,71e8c8aab2aeae8a,
Testing/pituitary/Te-pi_379.jpg,pituitary,testing,False,30654,9e3b13a414d09f1bf442aea5d8e2ec68,512,512,RGB,61e8ccdcccccf0f0,
Testing/pituitary/Te-pi_38.jpg,pituitary,testing,False,29584,746ce47791d6346776bc57c049bc390c,512,512,L,71c8aaeaaaaaaaba,
Testing/pituitary/Te-pi_380.jpg,pituitary,testing,False,30252,d869ccce8f18aca2074a67adf3790a72,512,512,L,f194629a9a469f98,
Testing/pituitary/Te-pi_381.jpg,pituitary,testing,False,24605,63b4abb52f5aea16d1d73eaa54db3dd6,512,512,L,61c8a488d2b69488,
Testing/pituitary/Te-pi_382.jpg,pituitary,testing,False,32359,7bb26652d30534af24598bc80ffd3e92,512,512,RGB,71ec8eb2d0e8e0e0,
Testing/pituitary/Te-pi_383.jpg,pituitary,testing,False,35758,cda8f5722b11f3f05d8e25b6f5920486,512,512,RGB,78daedfdb596c4c0,
Testing/pituitary/Te-pi_384.jpg,pituitary,testing,False,23360,2fe344197e740b6936250d28a39c3ca2,512,512,L,63c080c8dad29498,
Testing/pituitary/Te-pi_385.jpg,pituitary,testing,False,22067,1be1d494186020875e70d82b48a4e932,512,512,L,31e0848490b296c8,
Testing/pituitary/Te-pi_386.jpg,pituitary,testing,False,26334,586cb423a7ebf79f6f492c3b2eb1f7da,512,512,L,d4c8b2b2aafad471,
Testing/pituitary/Te-pi_387.jpg,pituitary,testing,False,22768,1eb6131c0b40feec1c82185e1b77311e,512,512,L,61e892b2ecc8d071,
Testing/pituitary/Te-pi_388.jpg,pituitary,testing,False,21198,424626083183d0a7128bc50319400b96,512,512,L,b2e8d4d2e8f0e870,
Testing/pituitary/Te-pi_389.jpg,pituitary,testing,False,25029,0c233cf95bafc9f2a1b1bcde9819cd24,512,512,L,c194ea8ac294a9c8,
Testing/pituitary/Te-pi_39.jpg,pituitary,testing,False,25849,8853bec44c8aea54ffb4bed5df0073ed,512,512,L,71f48a928eaad470,
Testing/pituitary/Te-pi_390.jpg,pituitary,testing,False,28511,c5ba23c022a3c776c6de93aa07362f92,512,512,RGB,f0c8ccd4e8a2d471,
Testing/pituitary/Te-pi_391.jpg,pituitary,testing,False,34260,dcda7b4aff07b4a934d2035756b4b6a6,512,512,RGB,f0e88cb2b0e0c071,
Testing/pituitary/Te-pi_392.jpg,pituitary,testing,False,28427,69fd3ff4ce6409027ece800f34b4c85e,512,512,L,a1ac4c12b68a98b0,
Testing/pituitary/Te-pi_393.jpg,pituitary,testing,False,24402,bde174a8ef4bdfcac01608e4e88f0fb8,512,512,RGB,72d89480b4c4f0b2,
Testing/pituitary/Te-pi_394.jpg,pituitary,testing,False,23027,8952926b4cddbe5790c235a66c6a8d02,512,512,L,60ec8c92e8d4d070,
Testing/pituitary/Te-pi_395.jpg,pituitary,testing,False,25182,49a0f6ee8e17eb2e2a3a8d612231f74a,512,512,RGB,70d8dcb2b0c4f0b2,
Testing/pituitary/Te-pi_396.jpg,pituitary,testing,False,29103,da6fabf55fbbf31e5e3db6d44c7ea323,512,512,L,61ccaaeab2aaaaba,
Testing/pituitary/Te-pi_397.jpg,pituitary,testing,False,28676,b3b68dd5e8ece23e1ba16fae58e51e51,512,512,L,c1b0c8084296d4d8,
Testing/pituitary/Te-pi_398.jpg,pituitary,testing,False,28613,e9b9025c49ff3ac8466cdda2c9044ff8,512,512,L,31f0e8a8b6aaaaaa,
Testing/pituitary/Te-pi_399.jpg,pituitary,testing,False,27940,a4f8f2e6e04d7c2797eeefb21e1a5331,512,512,L,69cceabab2eacccc,
Testing/pituitary/Te-pi_4.jpg,pituitary,testing,False,29070,9267e8617cf829a7006008416af883e4,512,512,L,f19448881a46dcd8,
Testing/pituitary/Te-pi_40.jpg,pituitary,testing,False,30193,4df776f30414209faa0fad77707710fb,512,512,RGB,f0e8c4aaaad4f0b2,
Testing/pituitary/Te-pi_400.jpg,pituitary,testing,False,26266,169a83f12c84c3823bc698d35f99dbaa,512,512,L,71e4aab2b2aaacf0,
Testing/pituitary/Te-pi_41.jpg,pituitary,testing,False,27728,6d5248ab892b0d59e9e7910d25fd4e58,512,512,L,71c8ece8f0d6ecc8,
Testing/pituitary/Te-pi_42.jpg,pituitary,testing,False,26607,82456526142f35eaf49cd801727f8160,512,512,RGB,70e8ccd4ccd0f871,
Testing/pituitary/Te-pi_43.jpg,pituitary,testing,False,31698,f107bba7c1528e70e68dd45a7798e960,512,512,RGB,f0e8aad4ccccf0f0,
Testing/pituitary/Te-pi_44.jpg,pituitary,testing,False,26497,0117e485280fb0801a7c1f11e7bc4445,512,512,L,71e8e8b2a6e8e0e8,
Testing/pituitary/Te-pi_45.jpg,pituitary,testing,False,24049,092148b0f63c81874e2b4c1096b4f1c9,512,512,L,e198ce88c29489e0,
Testing/pituitary/Te-pi_46.jpg,pituitary,testing,False,21908,9f414bb3e3c055b58649fb4f82178e00,512,512,L,e1c4d092cacc8c98,
Testing/pituitary/Te-pi_47.jpg,pituitary,testing,False,28441,2df48b3c4f9382478703319854f592f1,512,512,L,e8ccaaaab2e8e8ec,
Testing/pituitary/Te-pi_48.jpg,pituitary,testing,False,26118,fe5cd10f16c712ef50626f9ab3116063,512,512,L,b2f0e8aaaa8caab2,
Testing/pituitary/Te-pi_49.jpg,pituitary,testing,False,25981,ebd8b1bd13930659e06d649c88bffdc4,512,512,RGB,60e8c8d4f0f4e8b2,
Testing/pituitary/Te-pi_5.jpg,pituitary,testing,False,24107,72a1d7dd063866243e12488fa6e51ba1,512,512,L,61c0a0c8d0a2c6c8,
Testing/pituitary/Te-pi_50.jpg,pituitary,testing,False,25024,954fccd78916fb88aec5e0479a9cc811,512,512,L,89d49c80b69690b0,
Testing/pituitary/Te-pi_51.jpg,pituitary,testing,False,26539,6ef1deede2089262da9aacd0d55babec,512,512,L,70ecce96cce2d470,
Testing/pituitary/Te-pi_52.jpg,pituitary,testing,False,23498,92133c0c999aed664bdd47ab51611046,512,512,L,63c8a0c8d4a6d6c8,
Testing/pituitary/Te-pi_53.jpg,pituitary,testing,False,25790,55ceccddda5b9150c89a4f371ebb8ae8,512,512,L,61d0e0d0a0b296cc,
Testing/pituitary/Te-pi_54.jpg,pituitary,testing,False,31591,5294069cdd3163729ceb365757d777e9,512,512,RGB,71ecceb2c6f0d468,
Testing/pituitary/Te-pi_55.jpg,pituitary,testing,False,28523,b62958aab92a20249974a0d56b405f38,512,512,RGB,60ecece4f8e4d872,
Testing/pituitary/Te-pi_56.jpg,pituitary,testing,False,23167,36bf5bcb46d972e4a394d1ad7528d02f,512,512,L,63c8b498eda6c688,
Testing/pituitary/Te-pi_57.jpg,pituitary,testing,False,23246,9d990ce57d0b6785caf5661012228138,512,512,L,63c8a4d8d4a6d688,
Testing/pituitary/Te-pi_58.jpg,pituitary,testing,False,23766,9a9416d6f2c11ac15106904215981886,512,512,L,70e8dc8aaad4f0b2,
Testing/pituitary/Te-pi_59.jpg,pituitary,testing,False,13672,9ae884ec71a5524912616d4da030aea5,256,256,L,e19c72e086b6ac9b,
Testing/pituitary/Te-pi_6.jpg,pituitary,testing,False,29553,2a3a24d7a90e9626449a03f22c308694,512,512,L,78ece8cab8c8ecc9,
Testing/pituitary/Te-pi_60.jpg,pituitary,testing,False,28809,e9f0befcdfe716517a72bc29c37a80e4,512,512,L,c1409820662498cc,
Testing/pituitary/Te-pi_61.jpg,pituitary,testing,False,22904,4e93c14f30c073dc41d088c4c1218ab9,512,512,L,c884ca95aa9cdccc,
Testing/pituitary/Te-pi_62.jpg,pituitary,testing,False,24751,e94975a120062943d3cf9cd4a0b2348f,512,512,L,70e8e8b6eaacf471,
Testing/pituitary/Te-pi_63.jpg,pituitary,testing,False,27810,fcec9af63211c895904bc6091ea4cdce,512,512,L,d0a4c4d6b696dadc,
Testing/pituitary/Te-pi_64.jpg,pituitary,testing,False,18547,9e22ea0ad27bc243bbcfe10e5692399a,512,512,L,82f0d4d6f0d4d4b0,
Testing/pituitary/Te-pi_65.jpg,pituitary,testing,False,23450,9c39401a0acd07d4310d110ccfde498c,512,512,L,61d0a0d490b696cc,
Testing/pituitary/Te-pi_66.jpg,pituitary,testing,False,23406,630b9f90b60bb5b46d1fa4d1779aeb27,512,512,L,70e8ec86cccad4f0,
Testing/pituitary/Te-pi_67.jpg,pituitary,testing,False,28238,24226e8dd747e75d81fa72e027b317de,512,512,L,c4e8e8d2aae8d4f4,
Testing/pituitary/Te-pi_68.jpg,pituitary,testing,False,28866,ebe30e95d680eebb6c4ee65c89024e0a,512,512,L,3170ccd0a2ecc0e8,
Testing/pituitary/Te-pi_69.jpg,pituitary,testing,False,28585,1b303c883b74b6ed806585286a53e769,512,512,L,e3c82c4862b6d6dc,
Testing/pituitary/Te-pi_7.jpg,pituitary,testing,False,21310,2339c0a3ead88f39cb2f751c31d43aca,512,512,L,63c0c0c8d09898d8,
Testing/pituitary/Te-pi_70.jpg,pituitary,testing,False,30146,707c59da9558e18aab9abcb13c0407b5,512,512,L,d1589088642c88ec,
Testing/pituitary/Te-pi_71.jpg,pituitary,testing,False,24364,25edfde03bdf69db7654f1be885112da,512,512,L,71c8b6aaa8b696d0,
Testing/pituitary/Te-pi_72.jpg,pituitary,testing,False,36929,294dd6b701e5d6e546bdc87820a23172,512,512,RGB,71ecaaaab2a6aaa8,
Testing/pituitary/Te-pi_73.jpg,pituitary,testing,False,20926,5cfbb399c696562cf60b26e3badbd5dc,512,512,L,78c8c8f0e8ead471,
Testing/pituitary/Te-pi_74.jpg,pituitary,testing,False,26598,cf5e2dc5e2ce2231ab6db04b8ad4a027,512,512,RGB,71e8aa92acd4ec71,
Testing/pituitary/Te-pi_75.jpg,pituitary,testing,False,24758,3300cd44de4d8712335f8312c6b3e542,512,512,L,61c0a0c4d0b2d6c8,
Testing/pituitary/Te-pi_76.jpg,pituitary,testing,False,25612,bfe1a1b9eb4332447d96895ae79f0f14,512,512,L,c8ccaaaab2ccc4c4,
Testing/pituitary/Te-pi_77.jpg,pituitary,testing,False,28776,855b440dc7f16ab97812804e68909891,512,512,L,61d4a8b296aaaed6,
Testing/pituitary/Te-pi_78.jpg,pituitary,testing,False,23442,0679074489672077245880de25de0469,512,512,L,c8ccb2b28e96d670,
Testing/pituitary/Te-pi_79.jpg,pituitary,testing,False,23037,e3e378c6d3b4b443251469cd13b5d4e1,512,512,L,61c4a2c5cbb28ac8,
Testing/pituitary/Te-pi_8.jpg,pituitary,testing,False,24899,70dcff3f12be3d0e595b33385709dfde,512,512,RGB,82f8c494b2d4e8f2,
Testing/pituitary/Te-pi_80.jpg,pituitary,testing,False,28343,a0154e876a81334eadd5942ef24ea7b1,512,512,RGB,e0c8d2b2b2b2d871,
Testing/pituitary/Te-pi_81.jpg,pituitary,testing,False,19714,bbecea972bae10be4b196834feb090f1,512,512,L,22e1cca6b0a6d6da,
Testing/pituitary/Te-pi_82.jpg,pituitary,testing,False,26833,3840f646569848919dd7b9cadc5f5578,512,512,L,70ccaaa8ba928e8a,
Testing/pituitary/Te-pi_83.jpg,pituitary,testing,False,31902,c563a28d0933bcf01137d1465438c34f,512,512,RGB,f1e8caa68caad4d0,
Testing/pituitary/Te-pi_84.jpg,pituitary,testing,False,23017,1033a6b749ca998f25a880bed4dfea57,512,512,L,e3e0e0c89a929498,
Testing/pituitary/Te-pi_85.jpg,pituitary,testing,False,24050,e407bd467ec12ad1244da3469e12c774,512,512,L,62e194c890c29cc8,
Testing/pituitary/Te-pi_86.jpg,pituitary,testing,False,20693,774bcb1029329ce691cf256c1f434cb4,512,512,L,71e8aab2c8d4c871,
Testing/pituitary/Te-pi_87.jpg,pituitary,testing,False,24976,717cc6de7dcc394f14d8b5370d8544bc,512,512,L,f0ecccdaf0bad461,
Testing/pituitary/Te-pi_88.jpg,pituitary,testing,False,28508,39f3003356a45fb1b363efae7346bc7c,512,512,RGB,f0c88cb4ead4e0b0,
Testing/pituitary/Te-pi_89.jpg,pituitary,testing,False,26142,66c75b6f0f44cf5fd92940189e90b61c,512,512,RGB,68ccd4f0e8f0f0f0,
Testing/pituitary/Te-pi_9.jpg,pituitary,testing,False,28574,b0d06ad32347ac522bc5ecbbf4c51373,512,512,L,e8e4a8e8b2e8e8cc,
Testing/pituitary/Te-pi_90.jpg,pituitary,testing,False,29430,279cba9380ca5df6261838706c5f1e19,512,512,L,f3c8644842b6d6cc,
Testing/pituitary/Te-pi_91.jpg,pituitary,testing,False,24470,d521e81271e5d58f3e66d63f3920ef6e,512,512,L,d4eaae8eb6eed6d4,
Testing/pituitary/Te-pi_92.jpg,pituitary,testing,False,27862,1df49b4072f2bfa7afaa0c1cc6783681,512,512,RGB,70e0ec84e8d4d470,
Testing/pituitary/Te-pi_93.jpg,pituitary,testing,False,31366,8bf5bf6f8321f9d17fff9d3aed937c6a,512,512,RGB,f1cc8eb2acaad471,
Testing/pituitary/Te-pi_94.jpg,pituitary,testing,False,22936,260388b60e3073a63f4da11f5a3865ec,512,512,L,60cc94aaaad4f0b2,
Testing/pituitary/Te-pi_95.jpg,pituitary,testing,False,33171,32df1d85b60fd7224c1f509c8871f4a0,512,512,RGB,f0c88c948cc8e8f0,
Testing/pituitary/Te-pi_96.jpg,pituitary,testing,False,11810,ab0245ebc7f402f7fad50ef0b9373a48,256,256,L,71e8e8e8eca8eaf0,
Testing/pituitary/Te-pi_97.jpg,pituitary,testing,False,22806,134e6b7bbae9e0f7f31e73ad25b3d6ef,512,512,L,71e8c8c4c4ecf070,
Testing/pituitary/Te-pi_98.jpg,pituitary,testing,False,27933,e637298432e95bdd29a7e24ad1577bee,512,512,L,d14098202614d8c8,
Testing/pituitary/Te-pi_99.jpg,pituitary,testing,False,29627,d9859496ba9e86fd4e83a44d92913a4d,512,512,RGB,b0f0ecc4e0f0f0f1,
Training/glioma/Tr-gl_1.jpg,glioma,training,False,20892,9609f833ab5eaafb467f96521a8957da,512,512,L,70d8d4a4b0e8cccc,
Training/glioma/Tr-gl_10.jpg,glioma,training,False,26456,3284bf3d5c27d6877020381a9c7fa8c9,512,512,L,61dcb0a8b6d4d080,
Training/glioma/Tr-gl_100.jpg,glioma,training,False,20150,8b18dbadbcf736badd7726203dc9dbd3,512,512,L,02f1d8e4ccf0d4d0,
Training/glioma/Tr-gl_1000.jpg,glioma,training,False,24892,9119e893f98b5c37041123300fdca487,512,512,L,61d4a2e4a2929230,
Training/glioma/Tr-gl_1001.jpg,glioma,training,False,14756,41d9e2084b3eb0848b388e9239c17ba0,512,512,L,b270e8c8d8f87192,
Training/glioma/Tr-gl_1002.jpg,glioma,training,False,14106,694b3b871069bfa8ca361482aeb16c93,512,512,L,82f0e8d4d4dcf0b2,
Training/glioma/Tr-gl_1003.jpg,glioma,training,False,20203,082d72b80d71ee60939e2f474fc01bcb,512,512,L,32f0cce8d4fcec68,
Training/glioma/Tr-gl_1004.jpg,glioma,training,False,19251,d128069c3610887a4af19a85b5357e4e,512,512,RGB,b6f0e8d4d8c860b2,
Training/glioma/Tr-gl_1005.jpg,glioma,training,False,13430,198b6db1eefbc29fc70917d7cfff4a7b,512,512,L,9472c9d4d4c870b2,
Training/glioma/Tr-gl_1006.jpg,glioma,training,False,20486,185c3ccb856b3b7f2bc907e219601b88,512,512,L,b270ccc894e8ece8,
Training/glioma/Tr-gl_1007.jpg,glioma,training,False,15202,ee57cec0673539f2215dc16a4fbd2109,512,512,L,b261ccd4d0d470b2,
Training/glioma/Tr-gl_1008.jpg,glioma,training,False,14606,2dfd98a077d127fb8c7e9f07e3408da7,512,512,L,92f069f0e87469b2,
Training/glioma/Tr-gl_1009.jpg,glioma,training,False,21477,d11522582974a55bf24d6de79e8b9b15,512,512,L,61d4a6f2ac92c644,
Training/glioma/Tr-gl_101.jpg,glioma,training,False,18493,29ff351bcc1ea9fbe733565b2d2feefa,512,512,L,8270ccd4e8f0d8cc,
Training/glioma/Tr-gl_1010.jpg,glioma,training,False,18662,525b2260f83e57472dbc9e7ecc9bcb2c,512,512,L,b2f0c4f0d4c8f4d4,
Training/glioma/Tr-gl_1011.jpg,glioma,training,False,22545,eabfd68dbc44e7e465d0b2617db85e01,512,512,L,62c994c8e494c0c0,
Training/glioma/Tr-gl_1012.jpg,glioma,training,False,24402,77cbdd9527d1c2c176a2b41106eb564b,512,512,L,e194a26092929898,
Training/glioma/Tr-gl_1013.jpg,glioma,training,False,15806,56a463f09fd9a98b96ea8f0370a19e17,512,512,L,b078ecc4cce070b2,
Training/glioma/Tr-gl_1014.jpg,glioma,training,False,24275,84d314e4daedc8484b6dc95ed387609b,512,512,RGB,71d4cce8f0ecec70,
Training/glioma/Tr-gl_1015.jpg,glioma,training,False,24851,07599cd91695c63b1d4007b63f2e8fea,512,512,L,e18cb8e2b49ab2e0,
Training/glioma/Tr-gl_1016.jpg,glioma,training,False,16768,365b0703c49421f1febb36607c4d76e8,512,512,L,b068d4d8c4dc71b2,
Training/glioma/Tr-gl_1017.jpg,glioma,training,False,13217,8a3cdc6cc01bd40723b949aa0c1efed9,512,512,L,84f269c4d4e8f084,
Training/glioma/Tr-gl_1018.jpg,glioma,training,False,29988,14e659ab7f050c2c268017ae65948300,512,512,RGB,72c8d8d8e0e8c8cc,
Training/glioma/Tr-gl_1019.jpg,glioma,training,False,17227,205a1c226ada39501c49deb747bafb54,512,512,L,b078f0e8c4e870b2,
Training/glioma/Tr-gl_102.jpg,glioma,training,False,18765,83b5cfe3380cb9e161cad633c1d6d7f1,512,512,L,26e1d0e8d4d86061,
Training/glioma/Tr-gl_1020.jpg,glioma,training,False,23107,1e6a4c07c297b43bff682cfb5adf0878,512,512,L,61c4aaa4b6d498a0,
Training/glioma/Tr-gl_1021.jpg,glioma,training,False,17698,87e7b17f46b7695f4f45178db424679c,512,512,L,31f0c4c8c4dccc68,
Training/glioma/Tr-gl_1022.jpg,glioma,training,False,19521,e780db312c2fd2f4e030f631936e137d,512,512,L,70d4d4e8f2e8e8f0,
Training/glioma/Tr-gl_1023.jpg,glioma,training,False,25812,e0506c8d097328761030745e41fb7f21,512,512,L,e1d0acc4b494d8f0,
Training/glioma/Tr-gl_1024.jpg,glioma,training,False,17942,59c9b75e9268faf773b3406a2d716bf6,512,512,L,b271ccd0ccccd4c4,
Training/glioma/Tr-gl_1025.jpg,glioma,training,False,14068,415b9e8a84644c84677ce8714191d271,512,512,L,8470d9d4d4cc7192,
Training/glioma/Tr-gl_1026.jpg,glioma,training,False,17163,ad687fcbab904759e88c6385e4b0fd51,512,512,L,0463d9e4ecd8d461,
Training/glioma/Tr-gl_1027.jpg,glioma,training,False,14442,f37728d66b36de1edc4b46f4b765e3ae,512,512,L,84b069d4f4dc71b2,
Training/glioma/Tr-gl_1028.jpg,glioma,training,False,17634,796c9bf7045723582316978af6a1c395,512,512,L,b271e4dcccc8f0e8,
Training/glioma/Tr-gl_1029.jpg,glioma,training,False,20132,bee359ea4d6e7bfb72cf1e24307c3f6b,512,512,L,8461c8a4b6acd064,
Training/glioma/Tr-gl_103.jpg,glioma,training,False,16475,02f595c9a0613273773fcb167a17e5df,512,512,L,b270d4cce8d470b2,
Training/glioma/Tr-gl_1030.jpg,glioma,training,False,24726,4bb4ae13ef152e84c2ae9ed2416411cf,512,512,RGB,33e8dcd8e8e86961,
Training/glioma/Tr-gl_1031.jpg,glioma,training,False,17140,b97ce25bfccdd7f21426d538ea486cf5,512,512,L,a868dcdcd4d4f032,
Training/glioma/Tr-gl_1032.jpg,glioma,training,False,19277,024e9173b80634bb38138258fbe90c08,512,512,L,b271ececd4d4f0fc,
Training/glioma/Tr-gl_1033.jpg,glioma,training,False,27253,84325250a00cbea06375139b46e93616,512,512,RGB,b2f8cce0dcd4ece8,
Training/glioma/Tr-gl_1034.jpg,glioma,training,False,12988,888b3d251473dfa83982123d411932e4,512,512,L,b2f0f8d4d4c870b2,
Training/glioma/Tr-gl_1035.jpg,glioma,training,False,22687,dd996457e60badbeeaea2dfc57bdf88b,512,512,L,f0d8d4f0aaaccccc,
Training/glioma/Tr-gl_1036.jpg,glioma,training,False,21408,6d5f60d8603024d508baacc864dea41a,512,512,L,b271c4d0ccccccc8,
Training/glioma/Tr-gl_1037.jpg,glioma,training,False,19919,a3dff825bd5ffbdb767786c467d6622c,512,512,L,71ccd0d4f0ccc849,
Training/glioma/Tr-gl_1038.jpg,glioma,training,False,22410,7cb79a014aed05a6e36abc57eceb5b1b,512,512,RGB,92f0ecd4ccf4d454,
Training/glioma/Tr-gl_1039.jpg,glioma,training,False,13842,f357dfc89db2393ee5428849e0b51fc6,512,512,L,92f068d4d4c470b2,
Training/glioma/Tr-gl_104.jpg,glioma,training,False,26989,1b8a5e8d1cdf553f8cb1a8b9384a228f,512,512,RGB,71c4c0c8f0cce0c8,
Training/glioma/Tr-gl_1040.jpg,glioma,training,False,12516,71b76a3aeec3f825ce3addbd514cb086,512,512,L,b260d8d4d4cc7092,
Training/glioma/Tr-gl_1041.jpg,glioma,training,False,14638,4179c312aa4f2fd4dd538001180b3689,512,512,L,b260c8d4f4d4f132,
Training/glioma/Tr-gl_1042.jpg,glioma,training,False,19340,5eff39bd3672bdc771e9adee9d867afe,512,512,L,b2f0dcd8d8e8d454,
Training/glioma/Tr-gl_1043.jpg,glioma,training,False,23917,51b3ce16e0aa971bffc0e2d05b8cea26,512,512,L,61d4aaf4a4d2d2a0,
Training/glioma/Tr-gl_1044.jpg,glioma,training,False,25002,9aa9729f4a7bfcd7752b8017ec207383,512,512,L,61c8b4b294d0e4f0,
Training/glioma/Tr-gl_1045.jpg,glioma,training,False,19903,a9c105bf220365475b2ef87f93feb136,512,512,L,b2e8dcd4d4c8dcc8,
Training/glioma/Tr-gl_1046.jpg,glioma,training,False,14292,237773fdecf882ee1efa92be0d80bd06,512,512,L,b070d4d4d4cc70b2,
Training/glioma/Tr-gl_1047.jpg,glioma,training,False,20323,cc44fe89be414705faa116481dd71338,512,512,L,71ecdcf4e0c8d8c8,
Training/glioma/Tr-gl_1048.jpg,glioma,training,False,15246,b270008f2e98d8b374bb1400b9c02e51,512,512,L,b068c8d4d4dcf1b2,
Training/glioma/Tr-gl_1049.jpg,glioma,training,False,17040,83ee3739cf0f6559983df2cc258fbae1,512,512,L,b078dcc8dcd4f070,
Training/glioma/Tr-gl_105.jpg,glioma,training,False,18056,4463f384f1e3a5b4185abf696cb3c6b8,512,512,L,86f0e8d4d4d4d9f0,
Training/glioma/Tr-gl_1050.jpg,glioma,training,False,20875,12d8b3299be4c1f15fba701520670a68,512,512,L,b2e8d4d4d4ccf1b2,
Training/glioma/Tr-gl_1051.jpg,glioma,training,False,19522,2b9ac51441d71267c14483f85ec99ca0,512,512,L,0661c098b4c8d064,
Training/glioma/Tr-gl_1052.jpg,glioma,training,False,23311,b4c8d98192db55a8d945ac89a81b074f,512,512,L,f1d4f2f492d0f0a0,
Training/glioma/Tr-gl_1053.jpg,glioma,training,False,25022,1aa7a239a97dd8f9d79a7a3528b27691,512,512,L,e1e094d28cdad2f2,
Training/glioma/Tr-gl_1054.jpg,glioma,training,False,17920,244fa762d090502f3250537dc0ccb351,512,512,L,9260ecd4b4d0e0b2,
Training/glioma/Tr-gl_1055.jpg,glioma,training,False,18653,2c8d44372b4661841a1464018bcca72e,512,512,L,84b268d4f8d4ccd4,
Training/glioma/Tr-gl_1056.jpg,glioma,training,False,17420,f9e24a20af085257c6bda86e7ddd64d9,512,512,L,72e8d4f0b0e8e9f0,
Training/glioma/Tr-gl_1057.jpg,glioma,training,False,26019,10f4540429c9b593ec3323fd045553e2,512,512,RGB,71c8c4d0e8ece46c,
Training/glioma/Tr-gl_1058.jpg,glioma,training,False,15766,6f9ca5af68945c2690996119adfa32d1,512,512,L,8270e8d4d4797169,
Training/glioma/Tr-gl_1059.jpg,glioma,training,False,27596,12be804e544f87ab977106d6f5b0f8ad,512,512,L,61ccb2a49ada6aa0,
Training/glioma/Tr-gl_106.jpg,glioma,training,False,16280,4b088c3ba03e9a9a3e38381fcc83c2d3,512,512,L,f2e9e4dcd8e87082,
Training/glioma/Tr-gl_1060.jpg,glioma,training,False,19941,ed2ac35a67afe4858ba330ec5a4651dc,512,512,L,71e8d4d4e869c8d8,
Training/glioma/Tr-gl_1061.jpg,glioma,training,False,21317,f7d4cbadbc674f8278656a7526306ada,512,512,L,63c094a2b4d2d8d0,
Training/glioma/Tr-gl_1062.jpg,glioma,training,False,20808,91f2ad07d2eea2b7d726e9cf3bdde846,512,512,L,8270d8b4dcccdcd4,
Training/glioma/Tr-gl_1063.jpg,glioma,training,False,18593,1505a5ca0888a8a3dcb9b21052bf13dc,512,512,L,72c8d4f0f8ecccc4,
Training/glioma/Tr-gl_1064.jpg,glioma,training,False,21960,5d4db510d896a09cec1f182ff96ca665,512,512,L,71ccd4d4e8c8c8e9,
Training/glioma/Tr-gl_1065.jpg,glioma,training,False,25334,1cb3c7164f45e71a7b872534ea039d4c,512,512,RGB,b269ececd4cccc69,
Training/glioma/Tr-gl_1066.jpg,glioma,training,False,14953,ed486c609060743782b4424523f7dea7,512,512,L,b261d8dcd4dc70b2,
Training/glioma/Tr-gl_1067.jpg,glioma,training,False,22739,c56ede565f8fde811e4e17a24024e5dd,512,512,L,71d884a092ca64f2,
Training/glioma/Tr-gl_1068.jpg,glioma,training,False,21437,f3aceb5493367d8ebc9984677d0c379f,512,512,L,71e8d4d4f4dcc8c1,
Training/glioma/Tr-gl_1069.jpg,glioma,training,False,19938,7ed70b21713463d6ac1312ebb014a0db,512,512,L,b260dc94949692d6,
Training/glioma/Tr-gl_107.jpg,glioma,training,False,27066,6dff7dfebc3da48b65a287808a2c49cc,512,512,RGB,b260d4d0d4c4e86c,
Training/glioma/Tr-gl_1070.jpg,glioma,training,False,13287,0206271cee6e82789d02bd7992e858e8,512,512,L,84f068d4d4d87082,
Training/glioma/Tr-gl_1071.jpg,glioma,training,False,20119,110474902aede8cc1598e508208c2305,512,512,RGB,f068e4f4d0d4f0b2,
Training/glioma/Tr-gl_1072.jpg,glioma,training,False,21998,80431606ae5a64bb6e1a9f25dbd38218,512,512,L,62c188e4acb0a4b0,
Training/glioma/Tr-gl_1073.jpg,glioma,training,False,24635,6ae287f61efa5ae1e0eca5fdede5507a,512,512,L,62c19cb4ac98d464,
Training/glioma/Tr-gl_1074.jpg,glioma,training,False,18472,e06dffde343eaa3f4728c0231071873e,512,512,L,33e8dcccf0f0ecf4,
Training/glioma/Tr-gl_1075.jpg,glioma,training,False,20012,a28023be64c910f4cb2e92bbbdcde6ee,512,512,L,71ecd4d4e8e868e9,
Training/glioma/Tr-gl_1076.jpg,glioma,training,False,14965,078917a6805f26b3fc8aa88cfae7e077,512,512,L,b660c8d4d4e87082,
Training/glioma/Tr-gl_1077.jpg,glioma,training,False,14338,0504208b6f587ad88d8db7fc56e8e2fd,512,512,L,9270d9d4d4cc7192,
Training/glioma/Tr-gl_1078.jpg,glioma,training,False,29064,33fb7f248c83a87f39c3a53642120ea0,512,512,RGB,78d4d894dacce4f6,
Training/glioma/Tr-gl_1079.jpg,glioma,training,False,15150,7d2cb9f6844bc015d1ca9d01d558101a,512,512,L,c4b269d4d0d4d4d4,
Training/glioma/Tr-gl_108.jpg,glioma,training,False,16343,b087afb6b705a1a7052046d1e1c62c41,512,512,L,b268f8dce4e87092,
Training/glioma/Tr-gl_1080.jpg,glioma,training,False,21797,e6281ab182d92e3da6a64567b2f18e7e,512,512,L,62c0b4a0b2d4d8cc,
Training/glioma/Tr-gl_1081.jpg,glioma,training,False,20852,16768c16fd7b553a1dd920fb7e4cc725,512,512,L,30f0dca4b4a8b0c8,
Training/glioma/Tr-gl_1082.jpg,glioma,training,False,14365,e74e447804d1e84c2a497e8b15cc970c,512,512,L,9472d9d4d468f082,
Training/glioma/Tr-gl_1083.jpg,glioma,training,False,26040,5134f3a19edb84c450e74242fa45cc2f,512,512,RGB,b2f0d4f0d4d0e0f0,
Training/glioma/Tr-gl_1084.jpg,glioma,training,False,20723,f750b8a047b36b80bfc2b66717fbec0c,512,512,RGB,b2e8e0c0d8c87092,
Training/glioma/Tr-gl_1085.jpg,glioma,training,False,13663,bbc661b6d3d07719e545f06a6566ad30,512,512,L,7261d4d4d4cc70b2,
Training/glioma/Tr-gl_1086.jpg,glioma,training,False,18313,4b7fdb47e5177e7bb4b65ceb5b0c2dd8,512,512,L,b268e4ecf0d4cc69,
Training/glioma/Tr-gl_1087.jpg,glioma,training,False,20854,a827fd56ffc26afa39eb7613680aaff1,512,512,L,b1e0d4f0b4ac8c9e,
Training/glioma/Tr-gl_1088.jpg,glioma,training,False,28508,8489b1cc9ad7e360afa8777771f015fb,512,512,RGB,39f8cc96b2ccd44c,
Training/glioma/Tr-gl_1089.jpg,glioma,training,False,13745,931ef1f90e2ebd143e54c7b16bcbcdaf,512,512,L,90f068d4e4d870b2,
Training/glioma/Tr-gl_109.jpg,glioma,training,False,14984,c2f7a019e5ced546b6e0e816fcff1a48,512,512,L,9670d8dcece8f086,
Training/glioma/Tr-gl_1090.jpg,glioma,training,False,17333,9446de46943621a8238045be3b9f580b,512,512,L,72e8e4d4f0e8e868,
Training/glioma/Tr-gl_1091.jpg,glioma,training,False,19830,0cf14e390cc3211f9212c2efb64cb535,512,512,L,8670e8d4f8f0c8c8,
Training/glioma/Tr-gl_1092.jpg,glioma,training,False,14385,4435c186fc3e3ce2bc4ebed70469f5bd,512,512,L,84b2f96868d45471,
Training/glioma/Tr-gl_1093.jpg,glioma,training,False,20019,19703bc7c25321434c37edbb9914b8b4,512,512,L,31ecd4f8d4ccdcd8,
Training/glioma/Tr-gl_1094.jpg,glioma,training,False,15788,24d0b94dc745046c102df1e62fc2cc54,512,512,L,b269ccd4f0e87092,
Training/glioma/Tr-gl_1095.jpg,glioma,training,False,18993,af5cb45df5072bae0aa9ea5391eee99d,512,512,L,0462d9a49c94e461,
Training/glioma/Tr-gl_1096.jpg,glioma,training,False,13065,abc55d1a910f16863eef57eaba230560,512,512,L,b470c9d4d4e8f082,
Training/glioma/Tr-gl_1097.jpg,glioma,training,False,17606,60af150adbf5164fb54afcf8e19dd691,512,512,L,b270d4d4e0d4f0b2,
Training/glioma/Tr-gl_1098.jpg,glioma,training,False,14961,e3191f2fbd4438f80a6b6d5f7a70b96b,512,512,L,7269ccd4d4d479b2,
Training/glioma/Tr-gl_1099.jpg,glioma,training,False,16331,9a6652a31c1c25953260bd3c1173532c,512,512,L,b271ccd4f4d478b0,
Training/glioma/Tr-gl_11.jpg,glioma,training,False,18371,a4c1cf51dd705cdbed36df063e1c8eb0,512,512,L,0271c4e4ecd4d0e8,
Training/glioma/Tr-gl_110.jpg,glioma,training,False,18872,27b9289f930ee009fdfd0fae2ab7412a,512,512,L,30e8d4ccf0cc6869,
Training/glioma/Tr-gl_1100.jpg,glioma,training,False,15383,9063a7ae7e34cd0ea3152bbd24acae9e,512,512,L,b2f0d4f4d86879f8,
Training/glioma/Tr-gl_1101.jpg,glioma,training,False,22694,3f83baa0fda78bfd057fc6bba17284d0,512,512,RGB,b269ccd4b0d468b2,
Training/glioma/Tr-gl_1102.jpg,glioma,training,False,16492,412254ac9f69feafe239fae88dc51ab7,512,512,L,b279d4d4597160e1,
Training/glioma/Tr-gl_1103.jpg,glioma,training,False,15543,367f714faf81c46897e6b9899a1bebb1,512,512,L,84b271f0c8d4d469,
Training/glioma/Tr-gl_1104.jpg,glioma,training,False,19487,df5cdb1616c71165a20c38f38bab6790,512,512,L,22e1d4b2a298ccc0,
Training/glioma/Tr-gl_1105.jpg,glioma,training,False,21332,8ed9a65ceab792971998265a4d7071f7,512,512,L,71d4e0d0e8d8d8d9,
Training/glioma/Tr-gl_1106.jpg,glioma,training,False,21754,2aacf3fac40c57e0de3fa8d1739e43bf,512,512,L,0271d4c2d4d4d2e8,
Training/glioma/Tr-gl_1107.jpg,glioma,training,False,24258,64900706d83fce09c66c0bb1ed495114,512,512,L,d0d4e6f6d4d4d0a1,
Training/glioma/Tr-gl_1108.jpg,glioma,training,False,18660,86bf090bd8d71e3d68d2abcf060a29e6,512,512,L,f068d4d2f0f470b2,
Training/glioma/Tr-gl_1109.jpg,glioma,training,False,20860,1e79235ec195f3a32588c37ea04e0a81,512,512,L,71e8ccc8d4c8f4d0,
Training/glioma/Tr-gl_111.jpg,glioma,training,False,18916,9c7275c7ed6848a7c1c27b6f574500d8,512,512,L,70f0d4d4f0ec6869,
Training/glioma/Tr-gl_1110.jpg,glioma,training,False,17891,d079a570963a23f138cebb8cdc7dd339,512,512,RGB,b270e8d4d0c47092,
Training/glioma/Tr-gl_1111.jpg,glioma,training,False,23428,ff66cac896e883a03043b35c14c5cab7,512,512,L,61d8a4e6acb2c6d0,
Training/glioma/Tr-gl_1112.jpg,glioma,training,False,16569,c245eaa9cf980085a04513977a7ff801,512,512,L,84b2f0d4dcd4d455,
Training/glioma/Tr-gl_1113.jpg,glioma,training,False,16950,7f3d9646f2ea2b52717f235b2f5fc4ec,512,512,L,b279e8d4d8ec78b2,
Training/glioma/Tr-gl_1114.jpg,glioma,training,False,21056,9adac23295ac52027507ba3a454dc66c,512,512,L,62d1a4a49ccce963,
Training/glioma/Tr-gl_1115.jpg,glioma,training,False,25303,8f76f6de87248914de65d2875c0db38d,512,512,RGB,71e0c8e8d0ece4f4,
Training/glioma/Tr-gl_1116.jpg,glioma,training,False,14676,e4c342966c6c3bc6ae1ef8d36e869882,512,512,L,0563c0d494dc6069,
Training/glioma/Tr-gl_1117.jpg,glioma,training,False,25919,b3bdb0d65c9772407ba8eb2d25289f41,512,512,L,71d4a2b4a2d6c8f8,
Training/glioma/Tr-gl_1118.jpg,glioma,training,False,20501,9103a8cbb9a009fa26758797e971a9c9,512,512,L,61c8d4e4b4d0c0c0,
Training/glioma/Tr-gl_1119.jpg,glioma,training,False,17279,13b0d8a3e213bdaebb2ff6f36494a763,512,512,L,b0e8e8d4ccd471b2,
Training/glioma/Tr-gl_112.jpg,glioma,training,False,19669,d29f4887fe50215d36757e2eed8df0ba,512,512,L,71c8d4f4b4ccc8f2,
Training/glioma/Tr-gl_1120.jpg,glioma,training,False,19057,823f7b371a16fcbff84090617c3b015e,512,512,L,b2f9dcd4d0f4e8b2,
Training/glioma/Tr-gl_1121.jpg,glioma,training,False,15169,f38b9715fda3a3d1ffb5609d684ad7e2,512,512,L,8463c0d4d4dc64b1,
Training/glioma/Tr-gl_1122.jpg,glioma,training,False,20594,041bb5122e78cc3cc319ba98a9c08b86,512,512,L,b0f4ccb6f4d4e1a2,
Training/glioma/Tr-gl_1123.jpg,glioma,training,False,23198,c9ab745131b20d719dde7ca4c00675e0,512,512,RGB,32e8dcd8d4ccd1f0,
Training/glioma/Tr-gl_1124.jpg,glioma,training,False,21418,fff92119a7316ca2e06dc7acd30e6a30,512,512,L,32d8d4e8d2cae8d8,
Training/glioma/Tr-gl_1125.jpg,glioma,training,False,13540,8d59034c6dbc46da979ef34e9c618ff4,512,512,L,92f060f8f0e870b2,
Training/glioma/Tr-gl_1126.jpg,glioma,training,False,17077,8788e912668ea5bf3ee090780479190c,512,512,L,b269dcf0e0c4f072,
Training/glioma/Tr-gl_1127.jpg,glioma,training,False,22251,2cd0ae11df61a9e02d8bc6297e1562d1,512,512,L,71d4b2b2f2b69498,
Training/glioma/Tr-gl_1128.jpg,glioma,training,False,31714,67f5082715032d03f0cc4a41e9abc0f9,512,512,RGB,39f0cadcd0bad2d4,
Training/glioma/Tr-gl_1129.jpg,glioma,training,False,17086,0011137bca554550c9417eaab125e210,512,512,L,92f9e4ccccdc7192,
Training/glioma/Tr-gl_113.jpg,glioma,training,False,19492,064a5d15b173c07d08d57d37297dc5ab,512,512,L,b270c4c4d8d0d4cc,
Training/glioma/Tr-gl_1130.jpg,glioma,training,False,26314,8748f871f8ebd483b1c87ae8a789a2e7,512,512,RGB,71ccd0d4ece86cec,
Training/glioma/Tr-gl_1131.jpg,glioma,training,False,22576,d27448e3c2c57f039eefbafb05fb77a8,512,512,L,e0d8f4f0b2f4cccc,
Training/glioma/Tr-gl_1132.jpg,glioma,training,False,16431,0a9891f53875f777abd87636c568a0c2,512,512,L,b074d4a4e8f4e0b2,
Training/glioma/Tr-gl_1133.jpg,glioma,training,False,14374,f8bad9fc610683b156907420321f16c6,512,512,L,b2f168ecc4e87082,
Training/glioma/Tr-gl_1134.jpg,glioma,training,False,29123,c75e211fbe69428951f75084def66329,512,512,RGB,79ccb2c899cac6f6,
Training/glioma/Tr-gl_1135.jpg,glioma,training,False,18194,34c75e70dfce1261ed38730c73a58d17,512,512,L,86f0e8ccf0ecf0b2,
Training/glioma/Tr-gl_1136.jpg,glioma,training,False,17393,fcb1e5534634d9ac3e747ec1756ce14b,512,512,L,b260d8f4dcd4dc69,
Training/glioma/Tr-gl_1137.jpg,glioma,training,False,12998,dbb6deb64d78ee6d7a4eeece70dee0f9,512,512,L,c2b06944d468b0c4,
Training/glioma/Tr-gl_1138.jpg,glioma,training,False,16032,8f1b7fe467d49a84b1e08d57f4b830d9,512,512,RGB,b270c0d4c4c870b2,
Training/glioma/Tr-gl_1139.jpg,glioma,training,False,25702,1d20042d770d0dd58a78ddd678a3eb6d,512,512,L,61d4a0e2e6ac9490,
Training/glioma/Tr-gl_114.jpg,glioma,training,False,17375,6d8e37951d4da5b3ed9c56c414e8a784,512,512,L,71dcd4e8f0f0ccec,
Training/glioma/Tr-gl_1140.jpg,glioma,training,False,17393,ca2ee2a6f9a96e31c6fc7cf9eff0545f,512,512,L,b269d4d4d87960d9,
Training/glioma/Tr-gl_1141.jpg,glioma,training,False,15031,84ceaa8389845d7bbaa2e2b1134d7b6c,512,512,L,72e9d4d4d4d479b2,
Training/glioma/Tr-gl_1142.jpg,glioma,training,False,20017,6fd2f726b2e8b0bc3e7ba77e3c608702,512,512,L,70e8d4b4b0cccccc,
Training/glioma/Tr-gl_1143.jpg,glioma,training,False,23500,e1270080501a1a3011da8c4524e4814b,512,512,L,e1d0acb284b2d0d2,
Training/glioma/Tr-gl_1144.jpg,glioma,training,False,24010,d1e4a41add8733e3b15b8db9a12497fd,512,512,RGB,9271ece4ccccf061,
Training/glioma/Tr-gl_1145.jpg,glioma,training,False,17652,16ae66fda9f017cbbac1c3d253cf2bf6,512,512,L,b270d4f0f4cce9f0,
Training/glioma/Tr-gl_1146.jpg,glioma,training,False,18779,edaad3d57c32239d429c169c38f7d699,512,512,L,b270c8ccd4d4f1b2,
Training/glioma/Tr-gl_1147.jpg,glioma,training,False,23127,8af18ac382030f4e1a749aed13452a61,512,512,RGB,92f0e8e4ccd464e8,
Training/glioma/Tr-gl_1148.jpg,glioma,training,False,24732,ea7f452721c0c28b6020a68b199400f3,512,512,L,63d0acc6c6e6bcb4,
Training/glioma/Tr-gl_1149.jpg,glioma,training,False,18405,544abcb622b873e978ff1add4e792faf,512,512,L,86f0e8ccccd4d4d4,
Training/glioma/Tr-gl_115.jpg,glioma,training,False,29197,c36648f5ab8377b78f258fb07b3febd7,512,512,RGB,386cdadaeeb2dcf4,
Training/glioma/Tr-gl_1150.jpg,glioma,training,False,17469,cb258005d71a3615a5da2bb2e0c7b9a8,512,512,L,84b2e8d4ccd4d474,
Training/glioma/Tr-gl_1151.jpg,glioma,training,False,26438,b77e046fcd5abcf411dd91cf091ae38d,512,512,RGB,71d4d4f0d0c8c8e0,
Training/glioma/Tr-gl_1152.jpg,glioma,training,False,19327,c58bc6923702736d0bc353d2d1f09e08,512,512,L,b269ccd4d4e8e9e0,
Training/glioma/Tr-gl_1153.jpg,glioma,training,False,13055,50e0cdf4676e0deaca54a27d4bf746c1,512,512,L,8261d4d4d469b284,
Training/glioma/Tr-gl_1154.jpg,glioma,training,False,13552,fcf910dc73dc79af39163e5c1a59f954,512,512,L,b270fcd4dcfc7092,
Training/glioma/Tr-gl_1155.jpg,glioma,training,False,22359,5be586ad149a6777b14f4abad022faf7,512,512,L,e1d4c6d2a69ad0c2,
Training/glioma/Tr-gl_1156.jpg,glioma,training,False,15837,f86f127862e8232a1f276a5d4e399b11,512,512,L,b270d4d8f0f470b2,
Training/glioma/Tr-gl_1157.jpg,glioma,training,False,14641,3deb04da174ee97fbf1bac8e184e12b0,512,512,L,9270d8d4f4d470b2,
Training/glioma/Tr-gl_1158.jpg,glioma,training,False,13601,12bb24f696aeebc791da35fff292cb2b,512,512,L,8470d8d4f4cc7192,
Training/glioma/Tr-gl_1159.jpg,glioma,training,False,14916,d5e56ec12c0b1d3829bf579b39730e39,512,512,L,0d62f1d8d474b112,
Training/glioma/Tr-gl_116.jpg,glioma,training,False,19250,4281b03a021f288c44a936ced545b840,512,512,L,22e1d8e4d8d4e0c1,
Training/glioma/Tr-gl_1160.jpg,glioma,training,False,16968,d9225ea92ae86111f8b9471551713878,512,512,L,b268d8d4e8dce032,
Training/glioma/Tr-gl_1161.jpg,glioma,training,False,21009,367adb8e2e7df2374683138e466154d5,512,512,L,61e0dcd4d4746468,
Training/glioma/Tr-gl_1162.jpg,glioma,training,False,17720,5d45c7d25b878062813be28999ea7056,512,512,L,68e9d4d4f4d4f032,
Training/glioma/Tr-gl_1163.jpg,glioma,training,False,22689,99c5bb752eedfd551de2b788cb6dbfec,512,512,L,63d8e4e28cd2d4a9,
Training/glioma/Tr-gl_1164.jpg,glioma,training,False,14779,04518ed13cbd7cf4edb407cde063ace7,512,512,L,b070ccccd4d4f032,
Training/glioma/Tr-gl_1165.jpg,glioma,training,False,22219,53362d2e942dc084bf9b237cdfd52a12,512,512,RGB,b268e4d0d4f4c962,
Training/glioma/Tr-gl_1166.jpg,glioma,training,False,16013,65cb540db04b594c5d2036e9a0ec1da8,512,512,L,b270d0d0f4cc70b2,
Training/glioma/Tr-gl_1167.jpg,glioma,training,False,21961,e0450c41f98d2a38895bad6d598dc7f0,512,512,L,61d0cce494f2d461,
Training/glioma/Tr-gl_1168.jpg,glioma,training,False,20901,e8440c00860cfa3bf4be21f6f0ed5d92,512,512,RGB,b0f0ccccd4d4d062,
Training/glioma/Tr-gl_1169.jpg,glioma,training,False,18558,38856ac9f0383a560e00f7d49c5dffa0,512,512,L,b2e8ccd4ccc8f478,
Training/glioma/Tr-gl_117.jpg,glioma,training,False,15494,050f57fe301dbbd21b756461ecd83c34,512,512,L,72e9d8d4f4d4e932,
Training/glioma/Tr-gl_1170.jpg,glioma,training,False,24888,131f273f088d24b370af2eed4c6b72d5,512,512,RGB,b2e8c4f0d4cce869,
Training/glioma/Tr-gl_1171.jpg,glioma,training,False,11976,368f8d430e06ebd2f03552efd0dc1bd0,512,512,L,84f269d0d4f17284,
Training/glioma/Tr-gl_1172.jpg,glioma,training,False,21344,8e96e62b61ec311f753cbf84e7af09ff,512,512,L,62c1ace0a4b4d0e1,
Training/glioma/Tr-gl_1173.jpg,glioma,training,False,22261,bcf7a06755149b50a859e1dbaba7a9f8,512,512,L,71e4d2d4d6ce6ccc,
Training/glioma/Tr-gl_1174.jpg,glioma,training,False,27392,95b9555d3c6f41283680a7d278e564ec,512,512,RGB,9b70e4d8c4c4796c,
Training/glioma/Tr-gl_1175.jpg,glioma,training,False,18883,95970335755f7907c074a46bfd1748f8,512,512,L,22e1c8d4d4d86192,
Training/glioma/Tr-gl_1176.jpg,glioma,training,False,33642,00d71e8d260e68e6e177d0417a86814b,512,512,RGB,79cca2d292d4f67a,
Training/glioma/Tr-gl_1177.jpg,glioma,training,False,28416,7afa61bc3738e77353cb8cef79d3e3ee,512,512,L,e1d0acc8b4949490,
Training/glioma/Tr-gl_1178.jpg,glioma,training,False,20871,190cc4b8e832f9ea225726d186c8c36d,512,512,L,66c1b1b4dce4e9e2,
Training/glioma/Tr-gl_1179.jpg,glioma,training,False,20457,1d287609c73b16e66059e44dbb4ea522,512,512,L,32e8dcc8d0c8f8f8,
Training/glioma/Tr-gl_118.jpg,glioma,training,False,18151,2b2f4427147c25896a54817c074e48ea,512,512,L,33e8d4e4ece86179,
Training/glioma/Tr-gl_1180.jpg,glioma,training,False,19322,dd98e0cc29432ecd45c8197c79c3eeaf,512,512,L,1261c0f0c0d0d0d0,
Training/glioma/Tr-gl_1181.jpg,glioma,training,False,18800,fdbe2ae2ea2fcdbd6b3cb6f90db879d1,512,512,L,b1ecd4ecd4cc6878,
Training/glioma/Tr-gl_1182.jpg,glioma,training,False,18731,2e02cc29eb443328f4c120212a427b2b,512,512,L,9270d8dcd4d4d469,
Training/glioma/Tr-gl_1183.jpg,glioma,training,False,14554,1e0ec51723c260a8b11677d4e3a259bd,512,512,L,b260e9ccf4d4f132,
Training/glioma/Tr-gl_1184.jpg,glioma,training,False,20435,94eb3e0f352b464545be95ed8a9bf059,512,512,L,b2e8ccb4bce8f0d0,
Training/glioma/Tr-gl_1185.jpg,glioma,training,False,25298,f1544d73a1fa0430d75ac695a7018763,512,512,L,62c98cc8a4949490,
Training/glioma/Tr-gl_1186.jpg,glioma,training,False,18029,3aad0e17f78800f4353bae6ca485d51e,512,512,L,b269ccd4f2d469b2,
Training/glioma/Tr-gl_1187.jpg,glioma,training,False,14447,1df546c581453a113e4cfd01e8403882,512,512,L,84b269dcd4e8f082,
Training/glioma/Tr-gl_1188.jpg,glioma,training,False,21672,7da540281a96fbda9faf7078cb4f8043,512,512,L,70e8e8ccdcc8e1f9,
Training/glioma/Tr-gl_1189.jpg,glioma,training,False,16793,d5af32eb1d19b5df01d73cbf9ccf5c22,512,512,L,b270c8d4d4e4f0f0,
Training/glioma/Tr-gl_119.jpg,glioma,training,False,16418,8095fd3967a83f0893d8add14ce07ac5,512,512,L,8670c8d4c8d4d461,
Training/glioma/Tr-gl_1190.jpg,glioma,training,False,26512,9116e817666822876a47733171d85bb0,512,512,L,61ccd2e092d6c8c0,
Training/glioma/Tr-gl_1191.jpg,glioma,training,False,18712,bb851716cea976e438a0dc8936ed5557,512,512,L,26e1d8c4ec94e461,
Training/glioma/Tr-gl_1192.jpg,glioma,training,False,29053,61b5a31d21ef9541a7da878caa4beef0,512,512,RGB,396cd6acd8d6fcfc,
Training/glioma/Tr-gl_1193.jpg,glioma,training,False,32511,e395ef092fe60f0ff96805a4a307f087,512,512,RGB,396ccaecda96d6f6,
Training/glioma/Tr-gl_1194.jpg,glioma,training,False,25105,aad2b6a1ff1e602a0c889cc1099c50ea,512,512,L,e1dca6cad4a48cc8,
Training/glioma/Tr-gl_1195.jpg,glioma,training,False,20605,d44dd76e27cc77f8d2ef1c3dda34393e,512,512,L,63c8e4f0a4d4d8c0,
Training/glioma/Tr-gl_1196.jpg,glioma,training,False,14717,6af921a7fe7e15212639438203663191,512,512,L,b270f8f4e8e879b2,
Training/glioma/Tr-gl_1197.jpg,glioma,training,False,22461,6b9bc0fd81bf6ab44f37867aad96ec1d,512,512,L,72e8d4c4f4e8f0e8,
Training/glioma/Tr-gl_1198.jpg,glioma,training,False,20190,63aa248cf0f59e97bf9359662e8d6538,512,512,L,22e1d4e0ac94b4d4,
Training/glioma/Tr-gl_1199.jpg,glioma,training,False,22250,19330ae2b64457dc8eab1e01e8ed56db,512,512,L,22e1d8a49c94e461,
Training/glioma/Tr-gl_12.jpg,glioma,training,False,22444,8d39f2a9c25a3041eb65acae4a1bce59,512,512,L,22e1c4d890b4d4d8,
Training/glioma/Tr-gl_120.jpg,glioma,training,False,23421,32b6136841d775fdacbb513eca71b8ce,512,512,L,e1c8d4d4b4dcd0a0,
Training/glioma/Tr-gl_1200.jpg,glioma,training,False,22215,80c5e8d0700d566a609365414c7dbc3f,512,512,L,69c490e0e4d0d0c0,
Training/glioma/Tr-gl_1201.jpg,glioma,training,False,20256,6db18d97975ac5621bad5b72015b1bba,512,512,L,71c8d4e4b2ccccd2,
Training/glioma/Tr-gl_1202.jpg,glioma,training,False,21106,8fa586cbbc7f503bd2d39f6fe0643c6d,512,512,L,70f8d4acb2e4cccc,
Training/glioma/Tr-gl_1203.jpg,glioma,training,False,20951,fdebb7a26881d5724c01b5275857c9ad,512,512,L,32e0ccecd8b0c4c0,
Training/glioma/Tr-gl_1204.jpg,glioma,training,False,28264,30662e869360c0982ca3dbfcc6c4c977,512,512,RGB,397cdad2cae8f47c,
Training/glioma/Tr-gl_1205.jpg,glioma,training,False,19657,8768e2d1dcfa8515cdf0a1106121a263,512,512,L,9271ccf0ccc8ccd4,
Training/glioma/Tr-gl_1206.jpg,glioma,training,False,24808,40b40208ddeac66543572e3fa246e045,512,512,L,62d1b4f6ac9ab4a4,
Training/glioma/Tr-gl_1207.jpg,glioma,training,False,20233,6d3f84c7005a14ca8163aa29173b9384,512,512,L,70e8d4d4d4ccc8d0,
Training/glioma/Tr-gl_1208.jpg,glioma,training,False,14940,b43433569302452119526b2eef4b1b6a,512,512,L,c4b268d4d4d470b2,
Training/glioma/Tr-gl_1209.jpg,glioma,training,False,33745,c7286161ab4d3224a45383e0edac715a,512,512,RGB,78ccdab0d2d4e4ec,
Training/glioma/Tr-gl_121.jpg,glioma,training,False,13215,19309822fbe589eb12ce2a059b088da7,512,512,L,b2f0e8d4d4ccf0b2,
Training/glioma/Tr-gl_1210.jpg,glioma,training,False,21340,89e1d0318eb7d45c5070a0cf768c49bf,512,512,L,62c1aca0a48cd899,
Training/glioma/Tr-gl_1211.jpg,glioma,training,False,13734,a281d8ebc216ebddfa5424ee7c93dc7b,512,512,L,c4b269ccd468b2c4,
Training/glioma/Tr-gl_1212.jpg,glioma,training,False,23980,941f8c2f141ffdd074f78c464e15c4bb,512,512,L,61dca4d2a2b4b4a0,
Training/glioma/Tr-gl_1213.jpg,glioma,training,False,11482,95f63d594138fa63f35ae8e32b049b53,512,512,L,9270e8e4d4f470b2,
Training/glioma/Tr-gl_1214.jpg,glioma,training,False,13992,ed80a8f1dd86022db1e40c7cf027016d,512,512,L,84f269dcd4c97094,
Training/glioma/Tr-gl_1215.jpg,glioma,training,False,25309,2cee414d39dca89a5a18389964fb7c68,512,512,RGB,71c8c4d4b0c4ec68,
Training/glioma/Tr-gl_1216.jpg,glioma,training,False,23657,968e524c69223d0a83c7a27a62d0051f,512,512,L,61dcb2a29cc8c0e0,
Training/glioma/Tr-gl_1217.jpg,glioma,training,False,14927,5e94397f004b4a7a948e4d605aef5378,512,512,L,b070c8d4d4cc7192,
Training/glioma/Tr-gl_1218.jpg,glioma,training,False,15891,7ca97e505b5abb783fe7fd0be6560f11,512,512,L,b271ecc4d4d4f1b2,
Training/glioma/Tr-gl_1219.jpg,glioma,training,False,18386,3624c64991e2471a319c8466eee2d35a,512,512,L,b270c8d8c8c8dc22,
Training/glioma/Tr-gl_122.jpg,glioma,training,False,18228,b90810b451fa99ad330d5e7a2e1e335d,512,512,L,b269dcc4e8f471b2,
Training/glioma/Tr-gl_1220.jpg,glioma,training,False,24966,e4b93234e6ac39a2ae14d3b93d0a23bf,512,512,L,62d1b4f0ae9af4e4,
Training/glioma/Tr-gl_1221.jpg,glioma,training,False,26350,ff04cb3f67c352727217d7619ed66228,512,512,RGB,b2e8ece8c4ccd4f9,
Training/glioma/Tr-gl_1222.jpg,glioma,training,False,13172,8747bec4ece26be86a7ed0cb354ef07c,512,512,L,b270c8d4f4ccf1b2,
Training/glioma/Tr-gl_1223.jpg,glioma,training,False,21072,903ca7ce94f5a2e8f4ad116f209863fa,512,512,L,72e8d4ecf4ecd4e8,
Training/glioma/Tr-gl_1224.jpg,glioma,training,False,16174,5e65aaff0a83bae5c1a08bd4ccbbb8f0,512,512,L,b068cce2d4e8f082,
Training/glioma/Tr-gl_1225.jpg,glioma,training,False,16031,df640b0ddcca12cf28668c418bed33aa,512,512,L,f0f8d4d4d4d4f0b2,
Training/glioma/Tr-gl_1226.jpg,glioma,training,False,20482,153499cf7c35ede8f764f12f086e6336,512,512,L,62c1a8e49c94f474,
Training/glioma/Tr-gl_1227.jpg,glioma,training,False,26505,0040cdb1fcacbc875732842826875882,512,512,RGB,193864f8e6486cb8,
Training/glioma/Tr-gl_1228.jpg,glioma,training,False,13880,ba157a160e8034a11e432253a27d0bc2,512,512,L,b270e4d8f4d470b2,
Training/glioma/Tr-gl_1229.jpg,glioma,training,False,25153,0d9c31695fc6819a54acd68393e2399a,512,512,RGB,b2e8ecd0b0d470b2,
Training/glioma/Tr-gl_123.jpg,glioma,training,False,26950,68327b400f68fb967d4fcdfd64c00242,512,512,L,e1d4a4aa94b8a4b0,
Training/glioma/Tr-gl_1230.jpg,glioma,training,False,16317,0def0cedf3ac4eca6de916cd3db7a374,512,512,L,b270e8d4d4ccf0b2,
Training/glioma/Tr-gl_1231.jpg,glioma,training,False,20212,807f61382121e1fcb33f6fc0675fa3f0,512,512,RGB,b069d4ecd0d470b2,
Training/glioma/Tr-gl_1232.jpg,glioma,training,False,25934,7aa92122509cd90544c5be070a226a56,512,512,L,e3d4a4e2acb2f2b0,
Training/glioma/Tr-gl_1233.jpg,glioma,training,False,14311,f341e2c3addfffaf7f11e7b0016c96f9,512,512,L,70f0cce8e8d4f0b2,
Training/glioma/Tr-gl_1234.jpg,glioma,training,False,19471,2dd256f1d8cda4d010df6feff92db7ec,512,512,L,0463c8e4d8dcd0e4,
Training/glioma/Tr-gl_1235.jpg,glioma,training,False,20353,09b8cabc5358f78de59673158d63b221,512,512,L,b2f0d4f0d4f4f8f0,
Training/glioma/Tr-gl_1236.jpg,glioma,training,False,29544,2f5af1082ec513b990154be6c0b90f09,512,512,RGB,3864d2cae6d8da78,
Training/glioma/Tr-gl_1237.jpg,glioma,training,False,17365,1cb6827c27dc1d49ed246b768d2de83b,512,512,L,b260d8d8d4d470b2,
Training/glioma/Tr-gl_1238.jpg,glioma,training,False,24669,05b79713b516f29cc8f2e295a35e54e4,512,512,RGB,71c8d4e0f0ccc8c0,
Training/glioma/Tr-gl_1239.jpg,glioma,training,False,17903,8929596deaa5bbc5339455de832eeddd,512,512,L,30e8ccd4f0d4e8b0,
Training/glioma/Tr-gl_124.jpg,glioma,training,False,17207,2af254ec034d326afbb592a442df9b4f,512,512,L,c4b260d4cccccc68,
Training/glioma/Tr-gl_1240.jpg,glioma,training,False,18236,57df7baf18653176b65b8717300fe73d,512,512,L,86b0e8d4f0f0c8c8,
Training/glioma/Tr-gl_1241.jpg,glioma,training,False,14957,9c509dce3fc9fba98267affc85a2bfc1,512,512,L,c4b269d4d4ecf182,
Training/glioma/Tr-gl_1242.jpg,glioma,training,False,18492,74787bf423492d767fde078b2d5f103d,512,512,L,9269ccd8d8ccc8d0,
Training/glioma/Tr-gl_1243.jpg,glioma,training,False,25114,c718e113722965ba7f5eb82b937886fd,512,512,RGB,71c4d4e8a8cccce4,
Training/glioma/Tr-gl_1244.jpg,glioma,training,False,25572,f18972032d2f453e3d664b59391970aa,512,512,L,61e0d0ec9094d0c0,
Training/glioma/Tr-gl_1245.jpg,glioma,training,False,18859,6abe7dd9649dbbb06a849db1e63e77b4,512,512,L,70e8d4d4d46869e9,
Training/glioma/Tr-gl_1246.jpg,glioma,training,False,15665,9819c45a67c3817ef643366244333807,512,512,L,72e1d8d4f0d4f932,
Training/glioma/Tr-gl_1247.jpg,glioma,training,False,20594,a1dcee6ea46d5b6e081f72a7b3901ad7,512,512,L,61d8a4e0b0f8c0e0,
Training/glioma/Tr-gl_1248.jpg,glioma,training,False,22628,aa3ade292dfdf3f2ff15b98fcc8e4edc,512,512,L,71ccd4f4b4e4cc8e,
Training/glioma/Tr-gl_1249.jpg,glioma,training,False,21627,525e322ce9051c864c78abfb9671fa6d,512,512,L,66d19ca48adad278,
Training/glioma/Tr-gl_125.jpg,glioma,training,False,14276,bb2b57f6db4fa02c75be67184245173d,512,512,L,b068cce8d0d471b2,
Training/glioma/Tr-gl_1250.jpg,glioma,training,False,13947,bfd2ea2c91425392a09030f25f8f3d8d,512,512,L,92f0f8e8e8e8f092,
Training/glioma/Tr-gl_1251.jpg,glioma,training,False,22621,e9da529e389aca0a674b976e4d025818,512,512,L,e1cca4b2a498d2c0,
Training/glioma/Tr-gl_1252.jpg,glioma,training,False,15907,f7a6c829875ea6a5ec56e39f1e8dcb3f,512,512,L,b261d8d4d4ec70b2,
Training/glioma/Tr-gl_1253.jpg,glioma,training,False,25595,3393d299cf9f8311eb7edb9b08e23ea4,512,512,L,e1d4a2e284ac8cd8,
Training/glioma/Tr-gl_1254.jpg,glioma,training,False,16669,7a370efec7e8892da5d0c2be9a149ad1,512,512,RGB,94f069e0f0e860b2,
Training/glioma/Tr-gl_1255.jpg,glioma,training,False,25493,f1263d37e12176b82ab37eea16f5f5e5,512,512,RGB,b2e1cce8d4b0cccc,
Training/glioma/Tr-gl_1256.jpg,glioma,training,False,18988,f306d63f533131c801961168c99ea02d,512,512,RGB,9270d8d4f4d4e070,
Training/glioma/Tr-gl_1257.jpg,glioma,training,False,25881,4cef6bb560c79d728e5ebf1ae4deee7c,512,512,RGB,9260c4f0cccef46c,
Training/glioma/Tr-gl_1258.jpg,glioma,training,False,22899,73d2c626e48b0ca9a57d13ab9a6fe8ea,512,512,RGB,9260cce0e0c4ecec,
Training/glioma/Tr-gl_1259.jpg,glioma,training,False,15001,9c577c82a52864f87cb286d8762ba4e3,512,512,L,8470c9d4d4d4f1b2,
Training/glioma/Tr-gl_126.jpg,glioma,training,False,13365,cb994e7c375b19da10a901aecb62ee94,512,512,L,b270dcd4d4f470b2,
Training/glioma/Tr-gl_1260.jpg,glioma,training,False,18684,bd75b58d3c9bc94c1e0732b1313bb977,512,512,L,9271ccd4d4e8e868,
Training/glioma/Tr-gl_1261.jpg,glioma,training,False,24539,6e83ad58d11b822f3ec07e9158edaaf9,512,512,L,62c1e4b094d4d4d1,
Training/glioma/Tr-gl_1262.jpg,glioma,training,False,22667,5b01ca6e34dcbdae5c29605914c9782e,512,512,L,62c1a8e48cb4f4cc,
Training/glioma/Tr-gl_1263.jpg,glioma,training,False,13933,942754f6aa4c589caa1834b1a03708d9,512,512,L,c4b271dcd4ec7082,
Training/glioma/Tr-gl_1264.jpg,glioma,training,False,18826,1bdbb6d2532fa72fcb11f8da0420f212,512,512,L,b2e8d4f0d4ece879,
Training/glioma/Tr-gl_1265.jpg,glioma,training,False,15751,9ec06c99a95215d28608ba17866bb195,512,512,L,84f068ccc8dc71b2,
Training/glioma/Tr-gl_1266.jpg,glioma,training,False,28876,50e8176886d6f71b33de294ba35590da,512,512,RGB,71d8b4d494e0c1c4,
Training/glioma/Tr-gl_1267.jpg,glioma,training,False,20339,cac98190701c6d9424ab748a12f99cef,512,512,L,71c8c4d4d4cce870,
Training/glioma/Tr-gl_1268.jpg,glioma,training,False,17230,ecfefffaa4137d2837de8c509abef528,512,512,L,b078d8f4e8e870b2,
Training/glioma/Tr-gl_1269.jpg,glioma,training,False,14158,45d41eed9746d4599955e870b9695bfe,512,512,L,96f078c8e8e8f092,
Training/glioma/Tr-gl_127.jpg,glioma,training,False,14326,639f2e91a4420469392a9e1628336d2d,512,512,L,10f168d4f4d4f0b2,
Training/glioma/Tr-gl_1270.jpg,glioma,training,False,13956,859f6f8373e56c0884af564020eee096,512,512,L,b261d4d4d4c8f082,
Training/glioma/Tr-gl_1271.jpg,glioma,training,False,25499,828976a28283eecb6c678b9a692d1a77,512,512,RGB,b271e8d4dcc8ece0,
Training/glioma/Tr-gl_1272.jpg,glioma,training,False,16028,83380b6468696faacfb022ad46e8b6c2,512,512,L,b070dcf4d0d4f032,
Training/glioma/Tr-gl_1273.jpg,glioma,training,False,27128,c295da728731eac042fee8b4d23a0bca,512,512,RGB,3974c0d8ccc4c070,
Training/glioma/Tr-gl_1274.jpg,glioma,training,False,12705,85240b868b1ae8dbe92198fc097f8768,512,512,L,ccb260c8d469b2c4,
Training/glioma/Tr-gl_1275.jpg,glioma,training,False,15293,3f079bb38371da9389d41017ef0308ef,512,512,RGB,c4f269d4d4e9f284,
Training/glioma/Tr-gl_1276.jpg,glioma,training,False,19802,6c94e9dbfe32e869c80f4714d153cc77,512,512,RGB,9271ccd4d4e869e9,
Training/glioma/Tr-gl_1277.jpg,glioma,training,False,23363,214c762806a5f0275da99a60462bd56e,512,512,RGB,32f0ccecd0d0c46c,
Training/glioma/Tr-gl_1278.jpg,glioma,training,False,13072,dd95a1b2a04fb5b508ecb65354a2a6fe,512,512,L,b070ccccd4e8f082,
Training/glioma/Tr-gl_1279.jpg,glioma,training,False,20256,ddfe8c58f26a41f7dbb62a17de85944c,512,512,L,b271c4ccd4d4cccc,
Training/glioma/Tr-gl_128.jpg,glioma,training,False,20796,20cf94bd0a699697cede2a05c4a5f75e,512,512,RGB,9268cce4e0d4ccec,
Training/glioma/Tr-gl_1280.jpg,glioma,training,False,17412,1c7eaea9b2d0f5bf45d87b2a529ad153,512,512,L,b260d8d8eccc70b2,
Training/glioma/Tr-gl_1281.jpg,glioma,training,False,19131,f876a32df6e40522c3ac4bb1e818da38,512,512,L,b261c8ccdccce869,
Training/glioma/Tr-gl_1282.jpg,glioma,training,False,21168,40008d1aee2a38d8f36ee0e3b2a98be3,512,512,RGB,b0f0d4ccd0d4f0b2,
Training/glioma/Tr-gl_1283.jpg,glioma,training,False,20094,b346ebc68d5f1f74e929e1f5e307a659,512,512,L,62e1cce49cd8c4c1,
Training/glioma/Tr-gl_1284.jpg,glioma,training,False,16207,2e46fb3f8043d7242e8d4c3f4f6ef9e3,512,512,L,b268e8d0e0d4f0b2,
Training/glioma/Tr-gl_1285.jpg,glioma,training,False,21912,45cb25c76f8a584ea1b81261bfc8ea96,512,512,L,71d0ece4d0ccf0ec,
Training/glioma/Tr-gl_1286.jpg,glioma,training,False,19698,4c064d29058742a91ffb49a2599b948b,512,512,L,62c1dcc4dc98e4e1,
Training/glioma/Tr-gl_1287.jpg,glioma,training,False,25635,426e8fbd99fa8edf04be091811366559,512,512,RGB,8279ecca90cae4d9,
Training/glioma/Tr-gl_1288.jpg,glioma,training,False,23222,600d1dbf2744f0fda73fc176c831f2cc,512,512,L,61c8a4b2dce468e1,
Training/glioma/Tr-gl_1289.jpg,glioma,training,False,18827,0db153318c440a02e5fec74dd0bea5c3,512,512,L,70c8f4d0e8e869c8,
Training/glioma/Tr-gl_129.jpg,glioma,training,False,21801,37d009d8e3169dda4c9d047e32515de1,512,512,RGB,92f0ecd4ccd4d469,
Training/glioma/Tr-gl_1290.jpg,glioma,training,False,16428,85e231ac0e10d6d6ed89ec6be755de66,512,512,L,84f0e8e0ccd461b2,
Training/glioma/Tr-gl_1291.jpg,glioma,training,False,12055,a5e37bea38038a0b0d52619d049a9379,512,512,L,c8b670c9d4e8b0c4,
Training/glioma/Tr-gl_1292.jpg,glioma,training,False,16944,cfdf1fcb16ff24a550aa90d70bf2c79f,512,512,L,04f0ccd4d0f0e8cc,
Training/glioma/Tr-gl_1293.jpg,glioma,training,False,15939,7a3ed938815f1ad39db8fd8dfc290e1d,512,512,L,b270f8e8e8e8f0b2,
Training/glioma/Tr-gl_1294.jpg,glioma,training,False,17533,67f62118546b15292331ffc826a68709,512,512,L,71e0d4e8d4e8c8c8,
Training/glioma/Tr-gl_1295.jpg,glioma,training,False,14605,f74c1f95ef7c8b0fa548ce3dfcfe33ec,512,512,L,9270e8ccdcd4e0b2,
Training/glioma/Tr-gl_1296.jpg,glioma,training,False,12289,753ae7a81d034c0cca7ac0f2b3cee107,512,512,L,9270e8e8d4dc70b2,
Training/glioma/Tr-gl_1297.jpg,glioma,training,False,27407,783b2dcfc8a9d3b3c20f2ad8b1d8c946,512,512,RGB,b1e8c4d4f2e0d4cc,
Training/glioma/Tr-gl_1298.jpg,glioma,training,False,21085,0d125671166f0cefa4f7fdc8b79e9cfc,512,512,L,b2f0dce8b4c8e8e8,
Training/glioma/Tr-gl_1299.jpg,glioma,training,False,25629,4fbc7e2f019aed6376623be142cb0647,512,512,L,e1e490c0ee88d8d0,
Training/glioma/Tr-gl_13.jpg,glioma,training,False,15131,c75a99282c6561bfc2375838d3ff87d6,512,512,L,b260e0f8e8e870b2,
Training/glioma/Tr-gl_130.jpg,glioma,training,False,19291,109d87a327fafbdc031e03bd3551b915,512,512,L,3261d8f0dcd464e1,
Training/glioma/Tr-gl_1300.jpg,glioma,training,False,21150,8ef6b3f5160ef787948291242690e4f5,512,512,RGB,b2e9c4c8d0c4e8b2,
Training/glioma/Tr-gl_1301.jpg,glioma,training,False,20528,db4bd91a0d4cd6779f46ce41cdb6f90d,512,512,L,62c1d8ecdcd46461,
Training/glioma/Tr-gl_1302.jpg,glioma,training,False,27898,d752643ab3521b6db2f56bd94833219f,512,512,RGB,8279cc92f2d2d8e8,
Training/glioma/Tr-gl_1303.jpg,glioma,training,False,24727,1e0a20b970070b2195233e0ca08505a6,512,512,L,63c9a4a292d8d0d0,
Training/glioma/Tr-gl_1304.jpg,glioma,training,False,16621,34fb59ada9675a98073755b65a4e45c1,512,512,L,b268ccd4f0d471b2,
Training/glioma/Tr-gl_1305.jpg,glioma,training,False,24453,1caf2d454f259af9ed2449c08714a3c5,512,512,RGB,8270e0c4d4f0c868,
Training/glioma/Tr-gl_1306.jpg,glioma,training,False,13926,c4d09f486bb315548f0867e6748d0ece,512,512,L,84f2f9d4d4f47182,
Training/glioma/Tr-gl_1307.jpg,glioma,training,False,16060,da1c66d5c8ba61811f257657ab8cb229,512,512,L,b2f0d4c8c8d4f0b0,
Training/glioma/Tr-gl_1308.jpg,glioma,training,False,24824,ac99e8993a7b4408d61d4101b40859bf,512,512,L,71c4b4eae4b2d2d2,
Training/glioma/Tr-gl_1309.jpg,glioma,training,False,11901,de357db126c2562c76eecf14a2324038,512,512,L,c4b271dcd4f17284,
Training/glioma/Tr-gl_131.jpg,glioma,training,False,24920,66d0f5cdef4d2b26da69f679f88e8569,512,512,L,71d4acb4a8d2d2c0,
Training/glioma/Tr-gl_1310.jpg,glioma,training,False,13223,b9e15def954a04f4399c9e2227411a47,512,512,L,8892f06868747032,
Training/glioma/Tr-gl_1311.jpg,glioma,training,False,14285,b2b2ba3ec72a4549b6d050b3f17da93b,512,512,L,b260d8dcd8d470b2,
Training/glioma/Tr-gl_1312.jpg,glioma,training,False,25942,eab104bdc1621ea0ce2450ae22a25d85,512,512,L,c0dce6f4d4d490b0,
Training/glioma/Tr-gl_1313.jpg,glioma,training,False,22135,5dcbcca48fa8ce5ed87b4ce10a910029,512,512,L,71d4f4e0b0ccec68,
Training/glioma/Tr-gl_1314.jpg,glioma,training,False,27477,1ba7a2ca4051b379c50cc45d82deaa7f,512,512,RGB,b268d4d2f2b08c8c,
Training/glioma/Tr-gl_1315.jpg,glioma,training,False,22293,5b4b23d3e93716622adb5dd8bdaa479c,512,512,RGB,b268e4d0d4f0c960,
Training/glioma/Tr-gl_1316.jpg,glioma,training,False,20879,8e97f16b088be045a1961b323d6d9132,512,512,L,62d1e4e4dcd2d0c1,
Training/glioma/Tr-gl_1317.jpg,glioma,training,False,13620,71b4b1300ddb325c891b8acd57f6297c,512,512,L,b270f8ccd4ccf0b2,
Training/glioma/Tr-gl_1318.jpg,glioma,training,False,13921,1e2140eb3c0ae0a043269ac9eb0f7d5f,512,512,L,b270e9c4d4dcf132,
Training/glioma/Tr-gl_1319.jpg,glioma,training,False,18673,69408b64c194e6ac4b9cbe67abcbbf74,512,512,L,b0f8f4d8dccc71b2,
Training/glioma/Tr-gl_132.jpg,glioma,training,False,24751,a3cb9306a0e02d77b75dbd8cf9a8f84c,512,512,L,e1c4a4c4a4c6d880,
Training/glioma/Tr-gl_1320.jpg,glioma,training,False,14758,f69d301f9a712c0357ff43025504bac8,512,512,L,71e0ccd4d4ec7869,
Training/glioma/Tr-gl_1321.jpg,glioma,training,False,21569,d9cffa704c87db2761e26ef71454c980,512,512,L,02e1dce48c9af468,
Training/glioma/Tr-gl_1322.jpg,glioma,training,False,19146,b750ca3968a5b2d68439cc40839e6d59,512,512,L,b0e8d0d4d4e8f1b2,
Training/glioma/Tr-gl_1323.jpg,glioma,training,False,22553,d0f25b6b8b859104c76f0c9e033d8282,512,512,RGB,b260c4e4d4ecc4ec,
Training/glioma/Tr-gl_1324.jpg,glioma,training,False,27834,3acb80068c5a574a01342ead79a42bcc,512,512,RGB,b97cd2daced4d879,
Training/glioma/Tr-gl_1325.jpg,glioma,training,False,13947,5d822d1e578088ec6da8ae70d59d17bb,512,512,L,b270d0dcece4f0b2,
Training/glioma/Tr-gl_1326.jpg,glioma,training,False,15688,969350a5215f5ac542895d071985f036,512,512,L,9279c4d4d4c4e9b2,
Training/glioma/Tr-gl_1327.jpg,glioma,training,False,19769,d5025de976642a9783a0cc99d5bf599d,512,512,L,0661c0849cd46479,
Training/glioma/Tr-gl_1328.jpg,glioma,training,False,15921,f06277fd7bab4096abff8b5a4c8485d0,512,512,L,70e8dcd4d4d4f032,
Training/glioma/Tr-gl_1329.jpg,glioma,training,False,24112,f4e2f84b7cc08ac7a804376ffbaa9ba8,512,512,L,61dca6a4b6d6c6c4,
Training/glioma/Tr-gl_133.jpg,glioma,training,False,29696,50f5b3aeb49c7cc0dfae43c89174ff40,512,512,RGB,b874d6ccaaa694c1,
Training/glioma/Tr-gl_1330.jpg,glioma,training,False,16816,609a73a8fb8c93d7cb2b353a5a165c21,512,512,L,70f1d4f0e86971e8,
Training/glioma/Tr-gl_1331.jpg,glioma,training,False,18474,d9575c8be1e26b781f1d797f2224c954,512,512,L,24e2d9e090cd69a2,
Training/glioma/Tr-gl_1332.jpg,glioma,training,False,21542,951a6f31fd7e0e0ff7e5d4a5274fe313,512,512,L,71c496aac29696da,
Training/glioma/Tr-gl_1333.jpg,glioma,training,False,14891,3ae604e9967d997a8c3b20b38a0fb3a5,512,512,L,b268d0e4d4dcf1b2,
Training/glioma/Tr-gl_1334.jpg,glioma,training,False,16812,b0f49f9d979ab9c7c3b09dcce737fe65,512,512,L,b269d4f4f4d868b2,
Training/glioma/Tr-gl_1335.jpg,glioma,training,False,20598,c206891dc27d96d0ace77ce4714b7187,512,512,L,71ecdce8d4e868f0,
Training/glioma/Tr-gl_1336.jpg,glioma,training,False,12286,58acdf9a2291765ec0c73c918d795d35,512,512,L,b270f8dcc4f07082,
Training/glioma/Tr-gl_1337.jpg,glioma,training,False,15756,d80004ed97bbfb5e71d327a0a258f55a,512,512,L,b269e4ece8ec7182,
Training/glioma/Tr-gl_1338.jpg,glioma,training,False,21186,4bfbabe6de1430d2a0252e04db662011,512,512,L,71ecccdcf0c8c8d8,
Training/glioma/Tr-gl_1339.jpg,glioma,training,False,12016,27742d339d19821fd00cc5953bebd120,512,512,L,c4b279e8d4f1b2c4,
Training/glioma/Tr-gl_134.jpg,glioma,training,False,21922,d83a7284c900e17366a2eb77c176b5c5,512,512,RGB,9268c0d0d8dcf0b0,
Training/glioma/Tr-gl_1340.jpg,glioma,training,False,16278,4ecd2111ff544dbfc6f66e3581e33bdc,512,512,L,b278ecd0f0f0e870,
Training/glioma/Tr-gl_1341.jpg,glioma,training,False,14005,74c58acd1903c6104b267ae56e15cbfc,512,512,L,8cb270e8e8dcdc31,
Training/glioma/Tr-gl_1342.jpg,glioma,training,False,19931,1b5d52a9578ec0f931854f164ba99390,512,512,RGB,b068f8e4e0e8e0b2,
Training/glioma/Tr-gl_1343.jpg,glioma,training,False,17366,574a309da446b9d33553f0927a17867e,512,512,L,32d8dce8d2e8d4ec,
Training/glioma/Tr-gl_1344.jpg,glioma,training,False,19225,51ad04072e5f94ec9fee3af2f42cc9ab,512,512,RGB,b269c4c0d0d460b2,
Training/glioma/Tr-gl_1345.jpg,glioma,training,False,25639,fbb86336b528d5186f8b752d9a1c89ca,512,512,RGB,71e8ccc8f0e8d4c9,
Training/glioma/Tr-gl_1346.jpg,glioma,training,False,33255,a27b66489cc420514adca119ad907d23,512,512,RGB,79f4d0daf2d6f4f8,
Training/glioma/Tr-gl_1347.jpg,glioma,training,False,21458,10761aa29dcd68cd82dfd1a12d64a844,512,512,L,32e8d4b4b0d2cece,
Training/glioma/Tr-gl_1348.jpg,glioma,training,False,22869,b23cdbe82f63fc7ecdeac5774c2de12e,512,512,RGB,92f0e8d4ccccd4dc,
Training/glioma/Tr-gl_1349.jpg,glioma,training,False,16926,2ffdb605078ce21ae10c6950f14ab5a6,512,512,L,b271f4d4d0f069b2,
Training/glioma/Tr-gl_135.jpg,glioma,training,False,19596,e1aaaf38cbf00c1d3cb0d21cf3e0fcb8,512,512,L,72e8d4d4f0e8ccf8,
Training/glioma/Tr-gl_1350.jpg,glioma,training,False,20295,91695480c4bc3f3358ba1b31574aad8a,512,512,RGB,b0e0c4ccd4d470b0,
Training/glioma/Tr-gl_1351.jpg,glioma,training,False,17559,b726430a21a07672193ca6d48ec6fda3,512,512,L,c4b260dcecd4ecb9,
Training/glioma/Tr-gl_1352.jpg,glioma,training,False,17331,05763989c547e1e3b130dbdaa677bace,512,512,L,72e8d4e0b0c8c8f0,
Training/glioma/Tr-gl_1353.jpg,glioma,training,False,23992,1f1023b7d2d35070e8e37ffa9fa16292,512,512,L,61c4a8e48cdac2e6,
Training/glioma/Tr-gl_1354.jpg,glioma,training,False,20160,53526f319bc43a316005c76164e8d460,512,512,L,32e0cce8d4d4e8f0,
Training/glioma/Tr-gl_1355.jpg,glioma,training,False,15702,36059d7e66789e9e3618309ca3710916,512,512,L,b260e0d0e8e870b2,
Training/glioma/Tr-gl_1356.jpg,glioma,training,False,20086,58738efa051c9cb95eee861ace2da861,512,512,L,b268c8e8d4c4e8f8,
Training/glioma/Tr-gl_1357.jpg,glioma,training,False,19691,4688285ce34277b656b7459e6eaaf8e0,512,512,L,62d1d0e4ecdae268,
Training/glioma/Tr-gl_1358.jpg,glioma,training,False,19801,1195b2d0897ef32e53f0d7e09bd23b63,512,512,L,62c08c36f2a4d4d4,
Training/glioma/Tr-gl_1359.jpg,glioma,training,False,22313,41681b5358f7d85342a552582b4f302f,512,512,L,62c194a4acd4f032,
Training/glioma/Tr-gl_136.jpg,glioma,training,False,16711,5762b5e10b32a855423c3a705673c97b,512,512,L,b268dce4f4dce8b2,
Training/glioma/Tr-gl_1360.jpg,glioma,training,False,18312,fb67f621b3dd86370d79ac496c1ea34e,512,512,L,8463d9dcdcd46461,
Training/glioma/Tr-gl_1361.jpg,glioma,training,False,13342,bc645ce629ccbf1666287065466fb1d4,512,512,L,d2b078d4d4f8f082,
Training/glioma/Tr-gl_1362.jpg,glioma,training,False,18416,f4697c7efd6a161d8d1118d324cbae58,512,512,L,61c4d2f2b4d2d2d0,
Training/glioma/Tr-gl_1363.jpg,glioma,training,False,17957,1b6ec8ac8b7a30df3cc0fc1de35fc934,512,512,L,b278d8d8d8d4e8b2,
Training/glioma/Tr-gl_1364.jpg,glioma,training,False,12934,4c93c5c42960dcb86cac073d272ce763,512,512,L,94f058d4d4d07092,
Training/glioma/Tr-gl_1365.jpg,glioma,training,False,11147,b44b29ddd91cef7a63498a3257eef51b,512,512,L,84f261f4d4ec7092,
Training/glioma/Tr-gl_1366.jpg,glioma,training,False,17901,e5034edff4416d5e7c959f44ede969df,512,512,RGB,b0f0e4f4d4e0f092,
Training/glioma/Tr-gl_1367.jpg,glioma,training,False,18357,eadffa3e04f3e4c658fdd1d72c9dd1f5,512,512,RGB,b270e8ccc4d4f8b2,
Training/glioma/Tr-gl_1368.jpg,glioma,training,False,23175,b9349277a127ca65900e37e3d5cccbd8,512,512,L,62c198a49cb4ccc1,
Training/glioma/Tr-gl_1369.jpg,glioma,training,False,32086,0702639f65505176d2392029e91036b1,512,512,RGB,71d48ad2eab4b4fc,
Training/glioma/Tr-gl_137.jpg,glioma,training,False,16645,9863c2b2c53058d4c621a97b5988e934,512,512,RGB,b270c8d4d4dc70b2,
Training/glioma/Tr-gl_1370.jpg,glioma,training,False,12362,6af93e4332b92712d6e7b514a81faaf0,512,512,L,c4b069d4d468b0c4,
Training/glioma/Tr-gl_1371.jpg,glioma,training,False,19024,96825c41e1c0416ad87b1617c9a90330,512,512,L,b260d8f8d4ccf054,
Training/glioma/Tr-gl_1372.jpg,glioma,training,False,19543,71637f203b3e58c97d3cfecfcd1e2a49,512,512,L,30e8c4f4f2e86069,
Training/glioma/Tr-gl_1373.jpg,glioma,training,False,24611,9d5d9028122defa6bf4e4150291f8e4b,512,512,L,62c9acc8b4b4d0c0,
Training/glioma/Tr-gl_1374.jpg,glioma,training,False,19545,09c3f35fc757127eca81a04aba967153,512,512,L,3261dce4dc706461,
Training/glioma/Tr-gl_1375.jpg,glioma,training,False,17486,077abdf3f6517fd372374c844409a79d,512,512,L,b260c8d4ccd0d444,
Training/glioma/Tr-gl_1376.jpg,glioma,training,False,13114,f720184a2ee549681bbc41f7d3c2e68d,512,512,L,92f060f8e8e870b2,
Training/glioma/Tr-gl_1377.jpg,glioma,training,False,15864,889641765b4541f97e12cc8f4c7ffff5,512,512,L,b270e4d4f0e869b2,
Training/glioma/Tr-gl_1378.jpg,glioma,training,False,12974,2a124d08d275c54506a10c3534982747,512,512,L,92f0e8d4d4e8f082,
Training/glioma/Tr-gl_1379.jpg,glioma,training,False,22098,c2d0b18d98e816d3d4ed71c3f8295bd5,512,512,L,63f0ccc4f0d8e870,
Training/glioma/Tr-gl_138.jpg,glioma,training,False,22743,b56c75d1a67f7049c8dfa8afeac94a8e,512,512,L,61c8a4b2acb8a4a4,
Training/glioma/Tr-gl_1380.jpg,glioma,training,False,23819,36a2874a8686da345c25f938b9b21052,512,512,RGB,86f068d4ccd4d449,
Training/glioma/Tr-gl_1381.jpg,glioma,training,False,26625,8e66c50ebc59516607be85d2a819b674,512,512,L,61ccb2a49cd268b0,
Training/glioma/Tr-gl_1382.jpg,glioma,training,False,26166,d40757ff7be6e584ab10a3415aa5f80b,512,512,L,c194b2f2bca890e4,
Training/glioma/Tr-gl_1383.jpg,glioma,training,False,28600,ea76d798639f3b4b1fd1ce1c973fd316,512,512,RGB,68dcf4f0d8b4f4fc,
Training/glioma/Tr-gl_1384.jpg,glioma,training,False,20338,7a77d839f2d7789cd5e44c8447267c08,512,512,L,b268c4e8e8b2cccc,
Training/glioma/Tr-gl_1385.jpg,glioma,training,False,24613,693276d63ae65f1ef6e0dd3b8b97a7e9,512,512,L,63c0acc4f482b4d4,
Training/glioma/Tr-gl_1386.jpg,glioma,training,False,19267,92b19ed22571d803ab3c04500daf3476,512,512,L,a070d0b4f2d0f0b2,
Training/glioma/Tr-gl_1387.jpg,glioma,training,False,26864,b73e37d87d6209df304e84ab36ac24a0,512,512,L,e1c4b2e8b094d8f0,
Training/glioma/Tr-gl_1388.jpg,glioma,training,False,18085,d6bbd6db71646ac28cc9ef282301ff75,512,512,L,b2f0d0f8d4ccf871,
Training/glioma/Tr-gl_1389.jpg,glioma,training,False,17164,f704d56c2edc3439d5eddee7e3b080cb,512,512,L,8270e8d4d4d0d870,
Training/glioma/Tr-gl_139.jpg,glioma,training,False,16178,5d86e238baf37178543ac98f5b1d058f,512,512,L,b271dccce4d4f1b2,
Training/glioma/Tr-gl_1390.jpg,glioma,training,False,19555,dc76deea21b8fd587606eb50ba4d4fd4,512,512,L,63d8d4f6dcda6cec,
Training/glioma/Tr-gl_1391.jpg,glioma,training,False,23511,7c13a92e9876865fb421275c22a2fd52,512,512,L,71d8e6f2acd2f4a0,
Training/glioma/Tr-gl_1392.jpg,glioma,training,False,17164,1fb19ef6cc5ff88d18b2645914217302,512,512,L,9271e8d4dcd0d45c,
Training/glioma/Tr-gl_1393.jpg,glioma,training,False,18989,0c4bc7c0227b9b1aaca456ea7ef16772,512,512,L,72e8cce8f4ccd4c8,
Training/glioma/Tr-gl_1394.jpg,glioma,training,False,16713,18b0ed4b7c87dd4dc4ef727aff63dd3a,512,512,L,02f0ececcce8e869,
Training/glioma/Tr-gl_1395.jpg,glioma,training,False,22601,3b32ae80dc3fffa02e6f694a7d929aec,512,512,L,71c0e4e4acc8d2a0,
Training/glioma/Tr-gl_1396.jpg,glioma,training,False,13874,5a04b7dc423268daf9d422c8d7febed6,512,512,L,b2f0c8d4d4e87092,
Training/glioma/Tr-gl_1397.jpg,glioma,training,False,14218,6ff2a61b3a89dc5e878e36f8aa10d208,512,512,L,8462d9d0e8e8f084,
Training/glioma/Tr-gl_1398.jpg,glioma,training,False,13364,64759e1e174090ecc6426c181a767eee,512,512,L,b074dcc4a4f4e082,
Training/glioma/Tr-gl_1399.jpg,glioma,training,False,20714,2fa998b747083aef4ca5c966624c199b,512,512,L,62c1d4c4e8d8ea68,
Training/glioma/Tr-gl_14.jpg,glioma,training,False,21158,273d6df213a902c35acd85542ba9008d,512,512,L,22f1d8e4dcd861c9,
Training/glioma/Tr-gl_140.jpg,glioma,training,False,25668,724e7331ec439982410b68c84aee5f3a,512,512,L,e3d8b4f28ca8a4a4,
Training/glioma/Tr-gl_1400.jpg,glioma,training,False,19356,921ad7dd102eb36e974b9f54034e15fa,512,512,L,71e8ccd4d4ccf068,
Training/glioma/Tr-gl_141.jpg,glioma,training,False,14562,4a507b6f4ee30c7dc3a5ccb2866c27e0,512,512,L,b261d8d4f4d4f132,
Training/glioma/Tr-gl_142.jpg,glioma,training,False,18663,c6ff7bb54d283a6bf2023947483c6884,512,512,L,30e8c8d4f0d460b2,
Training/glioma/Tr-gl_143.jpg,glioma,training,False,22440,3af0f313de57e41472d05f39654ecf07,512,512,L,71ccdcf4f0e8cc8a,
Training/glioma/Tr-gl_144.jpg,glioma,training,False,20125,4583a3b977f682fcbc32ef89d9b48fa6,512,512,L,63d0e4e4d4d2c0c0,
Training/glioma/Tr-gl_145.jpg,glioma,training,False,20312,912cccfd2d9df2dbf7d3c14550c542fa,512,512,L,71ecdcd0e8ece869,
Training/glioma/Tr-gl_146.jpg,glioma,training,False,20840,7ad7603f27e6bdf667c6ec1e4dabebcc,512,512,L,71ccd4e8d2c8e86c,
Training/glioma/Tr-gl_147.jpg,glioma,training,False,17122,533ee743b999e38aec9f57777cf8933f,512,512,L,b269dcd4f2e870b2,
Training/glioma/Tr-gl_148.jpg,glioma,training,False,13811,21a2a3700ea10e330da3e212b5feb29a,512,512,L,b270d8d4f0ccf1b2,
Training/glioma/Tr-gl_149.jpg,glioma,training,False,23615,ae2c3214d92c71f1ab8d2b16ac25a6d1,512,512,L,70e8d8dce8c8c8d9,
Training/glioma/Tr-gl_15.jpg,glioma,training,False,23577,6e682d643b361f0fb64bf4e3d3a6342c,512,512,L,d1895414269acdcc,
Training/glioma/Tr-gl_150.jpg,glioma,training,False,11972,689a6f2585d3230733ea81d75c87733b,512,512,L,c4b269d8d8f1f2c4,
Training/glioma/Tr-gl_151.jpg,glioma,training,False,20360,2c007ed05f20da8e7eb51bf63edb6cd6,512,512,L,b0e8d4d8d4cad0c8,
Training/glioma/Tr-gl_152.jpg,glioma,training,False,18960,3de6ae9714aa2f99aecd051e0d1a15e3,512,512,L,86b0e8d4f0d4d4d8,
Training/glioma/Tr-gl_153.jpg,glioma,training,False,21003,5249c47d0ffcc5960c2b8c7f4df114bf,512,512,RGB,a0e8c4ecc4d470b0,
Training/glioma/Tr-gl_154.jpg,glioma,training,False,17753,7b770766b44cd7106c0cb4985e23daf1,512,512,L,84e2d8d0c4d4d068,
Training/glioma/Tr-gl_155.jpg,glioma,training,False,14471,0cabe731b954062c03bd257517477026,512,512,L,b269d0d4ecd4f032,
Training/glioma/Tr-gl_156.jpg,glioma,training,False,23553,4990777e0d5c238e09503a9eaa02baf4,512,512,L,73e0d4e4a4e8d2d4,
Training/glioma/Tr-gl_157.jpg,glioma,training,False,17490,bd645eb0df0000d8def23b69882efa3a,512,512,L,71f8ccd4f2e8ec68,
Training/glioma/Tr-gl_158.jpg,glioma,training,False,13371,2af8ff8fae7e652f26f44d8d27d1eb99,512,512,L,b070ececd4c87082,
Training/glioma/Tr-gl_159.jpg,glioma,training,False,12965,bfaea9f848c09324e86fe63bd28624ba,512,512,L,92f078d4d4ec7092,
Training/glioma/Tr-gl_16.jpg,glioma,training,False,13096,dd00fb26e6e10f907c94cc1a19c4c765,512,512,L,b2f0d8d4f4e8f082,
Training/glioma/Tr-gl_160.jpg,glioma,training,False,21534,acea6363f4c5bf73c2d1b0dc6d69a7f2,512,512,L,62d1ece08cd46c69,
Training/glioma/Tr-gl_161.jpg,glioma,training,False,22806,77b501c8f8412d4d2a00596b8a8603db,512,512,RGB,b271ccccd4ccccd4,
Training/glioma/Tr-gl_162.jpg,glioma,training,False,16141,ee9fc86baae4b272ef1b2bb4f4c739b3,512,512,L,9269c8d4d0cc70b2,
Training/glioma/Tr-gl_163.jpg,glioma,training,False,16887,79e90bfd484ada4ced3494d0e23c462f,512,512,L,92f9e4ecd8d471b2,
Training/glioma/Tr-gl_164.jpg,glioma,training,False,17191,fb493b89af38a609d8b301f61fa162b5,512,512,L,33e8d4e4ecf069b0,
Training/glioma/Tr-gl_165.jpg,glioma,training,False,15905,a162187cd72e813cf49cc877ca5834a6,512,512,L,96f0e8dcdcf8f192,
Training/glioma/Tr-gl_166.jpg,glioma,training,False,18209,d99ef9d7d166c503396e0315b042a189,512,512,L,84f2e9d4ccd4d4cc,
Training/glioma/Tr-gl_167.jpg,glioma,training,False,21849,5cc3eb4dcfe35e5e07dc82c49c4cd121,512,512,L,71d4e0d4d0d2d8d9,
Training/glioma/Tr-gl_168.jpg,glioma,training,False,18132,3d74f885c4e90a9b3ebd3a11d84d2109,512,512,L,b2e8c4e4d4cc7470,
Training/glioma/Tr-gl_169.jpg,glioma,training,False,22462,c495c54981f24f2ca50f2294b23de974,512,512,L,72c8c4d4f2f4ec68,
Training/glioma/Tr-gl_17.jpg,glioma,training,False,21931,07339f1e688eceebd317b0831e9e184d,512,512,L,02f1c4eadae4d4d8,
Training/glioma/Tr-gl_170.jpg,glioma,training,False,16893,e2d5fcf92383c9f39f6a37bae03bc6af,512,512,RGB,b470c9c4d4c87084,
Training/glioma/Tr-gl_171.jpg,glioma,training,False,23519,21d001e8427a1e9415661f07541288ae,512,512,L,61e8ccd4f4d8e2e0,
Training/glioma/Tr-gl_172.jpg,glioma,training,False,21120,44d7258311d8042eae27eb761b537450,512,512,RGB,8660c8e4e4ccecd4,
Training/glioma/Tr-gl_173.jpg,glioma,training,False,19759,dfa2a60968d4387019650b1c13754600,512,512,L,b2e9c8d4d2d869b2,
Training/glioma/Tr-gl_174.jpg,glioma,training,False,14268,8bf10cf6cace1ab8343e789d320900b5,512,512,L,c4b271f8ece8f084,
Training/glioma/Tr-gl_175.jpg,glioma,training,False,18919,4254d56afb0e5f818999bb71a6d69425,512,512,L,71f0d4c8d0dcd069,
Training/glioma/Tr-gl_176.jpg,glioma,training,False,18317,e43e4c3c634ff49654526c6b154c6275,512,512,L,f068c8e8ececf0b2,
Training/glioma/Tr-gl_177.jpg,glioma,training,False,24171,2c37034bedc6428140254b404a92521c,512,512,RGB,8670ccd4c8b0d4cc,
Training/glioma/Tr-gl_178.jpg,glioma,training,False,21234,479653edf4f4242ddfc7c8bb047fc36c,512,512,L,92e0ccf8c4d4c8e8,
Training/glioma/Tr-gl_179.jpg,glioma,training,False,28826,bd4b9eb42418a1da0c25e23e4774ce28,512,512,RGB,b1ecd4d4b0d0c869,
Training/glioma/Tr-gl_18.jpg,glioma,training,False,14255,aedb4ea4fc41a3ebf46031fe0d10c58e,512,512,L,b470d8d0e8e87096,
Training/glioma/Tr-gl_180.jpg,glioma,training,False,17056,6dc0fa41cfba44d64ddd2d13e3951c99,512,512,L,70c8d4f0e8d4f0b0,
Training/glioma/Tr-gl_181.jpg,glioma,training,False,26114,a78da7fb60c1decbbacae8bcdd819787,512,512,RGB,8271e4d8c8e0d474,
Training/glioma/Tr-gl_182.jpg,glioma,training,False,17800,aaee59a36d7a8eb209951c6c6bf9da5a,512,512,L,b260d4d4cccad04c,
Training/glioma/Tr-gl_183.jpg,glioma,training,False,15305,97dd87b2f1cf7399799fd44b910698b0,512,512,L,84f269d4d4cc7182,
Training/glioma/Tr-gl_184.jpg,glioma,training,False,13637,46643324ff1943ad373a92c25c82eb92,512,512,L,9470c8d4d4d4f1b2,
Training/glioma/Tr-gl_185.jpg,glioma,training,False,22812,5fbf9a806629309fb97e380f4ad15dc8,512,512,RGB,b270ccf4ccccd4cc,
Training/glioma/Tr-gl_186.jpg,glioma,training,False,19475,0328fba2bf22c5e89699fc6ed2245f67,512,512,L,86f0e8d4ccd4d4c4,
Training/glioma/Tr-gl_187.jpg,glioma,training,False,23695,fcfe18379e3bb34a26cfc667bf60bb6a,512,512,L,b1ecc4c4e8a8e8ec,
Training/glioma/Tr-gl_188.jpg,glioma,training,False,20969,8e2894eec1b4572e6fbe1991145fa099,512,512,L,71ecdce8e8e8ec6c,
Training/glioma/Tr-gl_189.jpg,glioma,training,False,13674,226be032ec599c2518847e73e44eb4aa,512,512,RGB,94f069d4d4f07084,
Training/glioma/Tr-gl_19.jpg,glioma,training,False,19435,301b242b5e4190c52a9dc5ace4cafe7a,512,512,RGB,b279ccd8d0d470b2,
Training/glioma/Tr-gl_190.jpg,glioma,training,False,22852,32d03099cd2a1f63871701f760f8620b,512,512,L,61d4a6cae68c90a0,
Training/glioma/Tr-gl_191.jpg,glioma,training,False,22777,2073e70102ff1fbfeaccba90783b340e,512,512,L,71d4f0d4d8d2d8d9,
Training/glioma/Tr-gl_192.jpg,glioma,training,False,20367,846a6f49563642bf634230d81f17ab15,512,512,L,b269dcf0cc8cd0c9,
Training/glioma/Tr-gl_193.jpg,glioma,training,False,12892,7640e892f613b0b131fa9f7948bbddd9,512,512,L,92f068d4d4c87092,
Training/glioma/Tr-gl_194.jpg,glioma,training,False,18701,90f2c26e668b9575ce62f2399d696b85,512,512,RGB,b070e4d2d0d470b2,
Training/glioma/Tr-gl_195.jpg,glioma,training,False,16642,e75c237d4f4bdfcdfb75f457290c0eb7,512,512,L,70f0d4d0e0d4f0b2,
Training/glioma/Tr-gl_196.jpg,glioma,training,False,14451,163c3bc3f2341808fc389d7d2d45263e,512,512,L,b270f4d8e4d470b2,
Training/glioma/Tr-gl_197.jpg,glioma,training,False,19065,2d6cef7318c9baaabb37d18155e54e87,512,512,L,8270ccd4e4b2d4cc,
Training/glioma/Tr-gl_198.jpg,glioma,training,False,18508,38c02b5c551a4b61921b6359b435b5db,512,512,L,8670f8e8d4ccd070,
Training/glioma/Tr-gl_199.jpg,glioma,training,False,14237,8a13959353ee6cc59aa2f69fee45edef,512,512,L,b261d4d4d4c471b2,
Training/glioma/Tr-gl_2.jpg,glioma,training,False,29283,d1addeaffa72f328d83313c8de992dec,512,512,RGB,39f4d8b4caf2fcdc,
Training/glioma/Tr-gl_20.jpg,glioma,training,False,19694,481f18d7d3eb1bfc3b90978ed7406bba,512,512,L,0271c4e4dcc86979,
Training/glioma/Tr-gl_200.jpg,glioma,training,False,14600,ee6517ecc56bdfc791504a82bc95b836,512,512,L,c89271d4d0d45468,
Training/glioma/Tr-gl_201.jpg,glioma,training,False,14122,44b0136a3c129e3acba3c8ab0ffcff05,512,512,L,b271ccc4d44470b9,
Training/glioma/Tr-gl_202.jpg,glioma,training,False,13186,80f968c208e7a197554d70e9bc1346cb,512,512,L,c4b268dcd468b0c4,
Training/glioma/Tr-gl_203.jpg,glioma,training,False,18606,a270fe6308298a91577912d0840cfd6d,512,512,L,22e9c4d4dc6431b3,
Training/glioma/Tr-gl_204.jpg,glioma,training,False,15808,1d64106abec76a7f95b236cb969f2763,512,512,L,f269e0d8f8e879b2,
Training/glioma/Tr-gl_205.jpg,glioma,training,False,20238,3d51c4580050468395ccecbf84b80e3b,512,512,L,8661d8a496dc6469,
Training/glioma/Tr-gl_206.jpg,glioma,training,False,23154,c69739980c01ff71a99f34bb181b9710,512,512,L,71e0c8d2d6d968c8,
Training/glioma/Tr-gl_207.jpg,glioma,training,False,18738,67c16c59a9691ee4ac1f6b4692da3923,512,512,L,b260d8e8d4ccf0f0,
Training/glioma/Tr-gl_208.jpg,glioma,training,False,22732,beb3c97b16c2e8f39eeb8b3199475f84,512,512,L,61c0a0c8f0c0d8d0,
Training/glioma/Tr-gl_209.jpg,glioma,training,False,16612,9fbdd388ba1f84313728d3503d2d61f3,512,512,L,b2f0dcc8f0d4f0b0,
Training/glioma/Tr-gl_21.jpg,glioma,training,False,16217,7e451cfd4e4324aabb960c877efce642,512,512,L,b279d8d4f4f0e970,
Training/glioma/Tr-gl_210.jpg,glioma,training,False,15865,824c9ad70e81c7f22388147f0b6f6a9e,512,512,L,b270e8e8e8e8f0b2,
Training/glioma/Tr-gl_211.jpg,glioma,training,False,22600,1485df7e5b2087be7adea288fc4f122f,512,512,L,0271c4e8d0d6dcd0,
Training/glioma/Tr-gl_212.jpg,glioma,training,False,18379,e5bee365c8a1670630c5f3dcc4361e39,512,512,L,b2e9ccd4f0dc78b2,
Training/glioma/Tr-gl_213.jpg,glioma,training,False,21223,f9f8f1519c286066261b12ea2d7a0b88,512,512,RGB,b270d0d4f4f069b2,
Training/glioma/Tr-gl_214.jpg,glioma,training,False,16116,c0c91ee4d826ba681ed096c843281746,512,512,L,f2e8d8d4d4d470b2,
Training/glioma/Tr-gl_215.jpg,glioma,training,False,20612,a33e1d283ac2608e659f362ec808e019,512,512,L,b268c8e8dcccd460,
Training/glioma/Tr-gl_216.jpg,glioma,training,False,19276,ba18ca32fbda7798675fcd65ac09f913,512,512,L,b270ccc8d4d4e8f1,
Training/glioma/Tr-gl_217.jpg,glioma,training,False,27678,ac1853404f3a7c03ac70bf9f006af9e7,512,512,RGB,3974c8f8ced4c969,
Training/glioma/Tr-gl_218.jpg,glioma,training,False,25950,2bf456b556f685d114328dab7fc5a1da,512,512,L,e18ce266da928cca,
Training/glioma/Tr-gl_219.jpg,glioma,training,False,19305,380d70567640fb7c7a272b987e0d43c9,512,512,L,b260d4d0f4c8c9f0,
Training/glioma/Tr-gl_22.jpg,glioma,training,False,20419,dd6e27960d17b3a9bcd887731f7242be,512,512,L,33f8dce8c8e8ec60,
Training/glioma/Tr-gl_220.jpg,glioma,training,False,26727,e0899a5f9770bbf1afb1d32f5ed7bd48,512,512,RGB,397cd8e4a4c4ecec,
Training/glioma/Tr-gl_221.jpg,glioma,training,False,20564,1b51b4b891dc858aece8cb6f84d880a6,512,512,L,71ccccccb0c8ccc8,
Training/glioma/Tr-gl_222.jpg,glioma,training,False,20247,dc03245580a2971e1c538133243bb839,512,512,L,b270ccf4d0e8cccc,
Training/glioma/Tr-gl_223.jpg,glioma,training,False,23232,32e98968639e718db496ee398b2d33d2,512,512,L,62e1d8d4cce8e4e1,
Training/glioma/Tr-gl_224.jpg,glioma,training,False,20630,dce226e9ac9ff58847e1be3efaae8e64,512,512,L,0261ccb4b6b4d2d2,
Training/glioma/Tr-gl_225.jpg,glioma,training,False,19872,443befb2d0db95584d40fcb64084ee2d,512,512,RGB,b270c8ccd0d470b2,
Training/glioma/Tr-gl_226.jpg,glioma,training,False,20743,3aa27680ef833bd0037f326ab8c56cdf,512,512,L,32e8dce8b4f4c4cc,
Training/glioma/Tr-gl_227.jpg,glioma,training,False,22410,12de1cf81baff27873b396af4df38e47,512,512,L,06e1c8b0a8b4dcd0,
Training/glioma/Tr-gl_228.jpg,glioma,training,False,16229,c8d0f3ccff6af6953865e6941cb3eaac,512,512,L,b269d4ccc4d4e0b2,
Training/glioma/Tr-gl_229.jpg,glioma,training,False,14214,de100c8947945279018fce75cf69bb4f,512,512,L,84f0f8d4d4dc7192,
Training/glioma/Tr-gl_23.jpg,glioma,training,False,20423,a84abf449a504a69c98ace228937cf4b,512,512,L,26e1c0b4908cc4c9,
Training/glioma/Tr-gl_230.jpg,glioma,training,False,18754,868bd5afa2c833f857c382b6b9cac918,512,512,L,62d9aca4b48cd080,
Training/glioma/Tr-gl_231.jpg,glioma,training,False,21278,4fd87d8bc47fdc3126a2c12fab67a320,512,512,L,b2e8c4f8b4a49c9e,
Training/glioma/Tr-gl_232.jpg,glioma,training,False,15957,298d833525a2653c127bbd8d59326472,512,512,L,70e8d8d0f4d470b2,
Training/glioma/Tr-gl_233.jpg,glioma,training,False,12229,6efeeb94f5faf256dd37e9fe42606691,512,512,L,b270c8d4d4cc7192,
Training/glioma/Tr-gl_234.jpg,glioma,training,False,16875,3763e86ffcaa5c90a7e3742e7d0948d0,512,512,L,70f0d4d4d0ec6869,
Training/glioma/Tr-gl_235.jpg,glioma,training,False,16958,e599f689b8b9f9c0f80d9d59362bda9d,512,512,L,71e8d4d4c4e8e9e9,
Training/glioma/Tr-gl_236.jpg,glioma,training,False,18409,ac065240d1c32dfea064142bbfcaa2b7,512,512,L,b0e8cce8d4c8f8d5,
Training/glioma/Tr-gl_237.jpg,glioma,training,False,16124,d23a8e837df991a67fc07abbda39f2b9,512,512,L,b270e8d4d0e8f0b2,
Training/glioma/Tr-gl_238.jpg,glioma,training,False,16238,d598ba44b824538a50ffb5d189cb6848,512,512,L,b068ccf8f0e860b2,
Training/glioma/Tr-gl_239.jpg,glioma,training,False,11876,2e32c1e1d4cdf250709f351420688996,512,512,L,82b070e8f0f070b2,
Training/glioma/Tr-gl_24.jpg,glioma,training,False,20426,404d8d0d30c763ba60cf1d749a07fac1,512,512,RGB,b260d4c4ccd478b2,
Training/glioma/Tr-gl_240.jpg,glioma,training,False,18255,452d1a4baf02c50532e8a6addb317c2f,512,512,L,8462d9e8ecdcf461,
Training/glioma/Tr-gl_241.jpg,glioma,training,False,19255,410d883e6015f22fbf8285edbfc2f838,512,512,L,04e1d0e4ccd4f471,
Training/glioma/Tr-gl_242.jpg,glioma,training,False,17277,77fe9647a1d0f8eb9a87ec78f8916312,512,512,L,92e8fcf4e4c4f072,
Training/glioma/Tr-gl_243.jpg,glioma,training,False,22955,b6236dc6ceb95930f2c2fe1505ade989,512,512,L,22e1dce4dcd4c4d1,
Training/glioma/Tr-gl_244.jpg,glioma,training,False,13606,d08d4ca11c053e66fffe87f4905bbf3c,512,512,L,b270e8d0c4e97084,
Training/glioma/Tr-gl_245.jpg,glioma,training,False,20101,a50330b720fc2024eecef9a28a2c6019,512,512,L,3360e4eace6a72d0,
Training/glioma/Tr-gl_246.jpg,glioma,training,False,18353,11011440fe8a7310444ed8d3ce880131,512,512,L,04e1ccc4c8d474b1,
Training/glioma/Tr-gl_247.jpg,glioma,training,False,18115,d62a361cccf65af8c41b5f612ceb0842,512,512,L,b271dcd0ccccd4d4,
Training/glioma/Tr-gl_248.jpg,glioma,training,False,19069,55bd8ad0b52b0c76f7d39db2f6fd842a,512,512,L,b268dce8d4e8d468,
Training/glioma/Tr-gl_249.jpg,glioma,training,False,17596,a49ba7cff28af0a2c9166203128b8cd3,512,512,L,b270ccd8ccdcd474,
Training/glioma/Tr-gl_25.jpg,glioma,training,False,18277,0150f9b9e02667976e51ef8d6495b9dd,512,512,L,b270ccdcccd4d474,
Training/glioma/Tr-gl_250.jpg,glioma,training,False,28309,385fbcf667cab44a5ce1861818333006,512,512,L,63c4b4fae0b2c9c2,
Training/glioma/Tr-gl_251.jpg,glioma,training,False,16901,c6db1ad3ba3f5ae6c12e12849abdc0e9,512,512,L,84f2e8d4c8dcd4cc,
Training/glioma/Tr-gl_252.jpg,glioma,training,False,22544,ce11513d7dfb1c4310eaac31e0af24f7,512,512,L,32f1c4e0f4e4e8e0,
Training/glioma/Tr-gl_253.jpg,glioma,training,False,25831,3b59d768b46199a08676f81b29982585,512,512,L,61ccb6f4b696c000,
Training/glioma/Tr-gl_254.jpg,glioma,training,False,14406,1cd581b1e7c591a97ddeca15277174cd,512,512,L,b260e8c4d4d478b0,
Training/glioma/Tr-gl_255.jpg,glioma,training,False,18830,55d07d01ccdebd786d9ef140783788ef,512,512,L,33e0dcccdc746460,
Training/glioma/Tr-gl_256.jpg,glioma,training,False,20897,a0d851d0e0114ee9612db966d4b93720,512,512,L,71ecd4d4c8e8e8c9,
Training/glioma/Tr-gl_257.jpg,glioma,training,False,23732,f70cf7c0fcd9d0657cc0b15d9fb1a42f,512,512,L,f399e0e482bbadde,
Training/glioma/Tr-gl_258.jpg,glioma,training,False,17309,5c1ecb66d936331bbdf762b1eec36296,512,512,RGB,92f168dcd4c470b0,
Training/glioma/Tr-gl_259.jpg,glioma,training,False,25911,289f7254eaecf0b2b16b1f9c6c41caa6,512,512,RGB,33f0e4dac8acc8c1,
Training/glioma/Tr-gl_26.jpg,glioma,training,False,21837,c6d79ff1ed6783f79b029dfa96d64389,512,512,L,63c098a4aca0ecc1,
Training/glioma/Tr-gl_260.jpg,glioma,training,False,16750,ecb81671c0bcf33205f726cc4b1f2bbb,512,512,L,26e198a4dce46932,
Training/glioma/Tr-gl_261.jpg,glioma,training,False,19384,1e719631205a7e5695df603289750745,512,512,L,72e0ece8f4c8c8f0,
Training/glioma/Tr-gl_262.jpg,glioma,training,False,20832,a2930f54095efa5cff67e2db9b4db90f,512,512,L,84f0c8f4f0d0f1b2,
Training/glioma/Tr-gl_263.jpg,glioma,training,False,11157,823a2c1494b8d622432720a60bdf8291,512,512,L,c4b269d8d468b2c4,
Training/glioma/Tr-gl_264.jpg,glioma,training,False,23937,30ab227e06e39644f1f4534a67c22b46,512,512,RGB,86f0e0d4d4d4ccf0,
Training/glioma/Tr-gl_265.jpg,glioma,training,False,20121,556ccc254add713472b3eefbb2357bd4,512,512,L,02e1c898b4d4d2f4,
Training/glioma/Tr-gl_266.jpg,glioma,training,False,16854,0497de1102ab6a0eff55e69d0102d937,512,512,L,32e8d4b0e0c4e8b0,
Training/glioma/Tr-gl_267.jpg,glioma,training,False,21922,7279c5d423161c71aeaed538a49c115e,512,512,L,71ccfcf4e8c8c8c8,
Training/glioma/Tr-gl_268.jpg,glioma,training,False,22158,f61b0d23ae22acdad0b49da79a9fde9c,512,512,RGB,b271e0d0c4d4c469,
Training/glioma/Tr-gl_269.jpg,glioma,training,False,15048,b545db7d0ce53ecf72b8a1aca814f2d3,512,512,L,96b068d4e4ec7192,
Training/glioma/Tr-gl_27.jpg,glioma,training,False,30695,83f95429b37aa9fe70a65c661fe73eed,512,512,RGB,39f8e8e8f2d6d4f4,
Training/glioma/Tr-gl_270.jpg,glioma,training,False,19431,5171285f680beeb4da9b8b48ba150a6b,512,512,L,32f1c4e4d8c86169,
Training/glioma/Tr-gl_271.jpg,glioma,training,False,19845,62bd99fed476540904cdb2206cd5ce06,512,512,L,b261c8c8d4cccc69,
Training/glioma/Tr-gl_272.jpg,glioma,training,False,20031,20b4426293bde8fc2ccbbb87e3b83c4a,512,512,L,b269ccccf0e0d8e9,
Training/glioma/Tr-gl_273.jpg,glioma,training,False,17513,c44e524cf53fac4faf57637f4fd55db6,512,512,L,84f2e8d4ccd4d4d4,
Training/glioma/Tr-gl_274.jpg,glioma,training,False,26307,0eee59ac75907760b8290542d807654d,512,512,L,e1cca4f2b4d4c8c8,
Training/glioma/Tr-gl_275.jpg,glioma,training,False,20079,f8a78ca7ff7fead06a041dd0b34c1768,512,512,L,b268c4e8c4e2cccc,
Training/glioma/Tr-gl_276.jpg,glioma,training,False,19229,d6e26a5a54936811a39dd2621a636c2e,512,512,L,2271d8d4ce7a3050,
Training/glioma/Tr-gl_277.jpg,glioma,training,False,18641,8b1bbf4d78dd751f8f3d876471b4b510,512,512,L,b268ccd4f4dc70b2,
Training/glioma/Tr-gl_278.jpg,glioma,training,False,15935,8ace098f11dde313edcf2ce1b31bcd96,512,512,RGB,92f0e8d4d4e87084,
Training/glioma/Tr-gl_279.jpg,glioma,training,False,20923,088ef286380c133738564ede5d3d71bd,512,512,L,72d8d4d4b0c4ec68,
Training/glioma/Tr-gl_28.jpg,glioma,training,False,25793,38dffcf0d02da8777f6cf5695c1329be,512,512,RGB,32f0cce8d4c0c8e9,
Training/glioma/Tr-gl_280.jpg,glioma,training,False,17922,d18fa01ce0e6af63ca5b684dcbb60135,512,512,L,84b2e8d4dcd4d4d4,
Training/glioma/Tr-gl_281.jpg,glioma,training,False,19623,29fb6344cffe194a97002a00c67d82e9,512,512,L,2661c8b4b4dce971,
Training/glioma/Tr-gl_282.jpg,glioma,training,False,26028,773fafb4b069ecffa9069ad454c1b742,512,512,RGB,b2e8c4f0d2d0f0f0,
Training/glioma/Tr-gl_283.jpg,glioma,training,False,14937,9018c43adee3e5bd7313754283984b52,512,512,L,f068d4d4d4d470b2,
Training/glioma/Tr-gl_284.jpg,glioma,training,False,13561,04a1cde5c594ded62c3056873c36548d,512,512,L,92f069f8e0e878b2,
Training/glioma/Tr-gl_285.jpg,glioma,training,False,25062,d3aeedd68e87be3fac52b46258afa344,512,512,RGB,71d4d4e8b0e0e8f0,
Training/glioma/Tr-gl_286.jpg,glioma,training,False,17871,c856ab37460d4455267d094219674df8,512,512,L,b270ccccd4ccccd4,
Training/glioma/Tr-gl_287.jpg,glioma,training,False,18115,7f209a50a848b7931afacffa10eada34,512,512,L,22f0c8d4b2d470b2,
Training/glioma/Tr-gl_288.jpg,glioma,training,False,12341,3eaa0fb7e8280d6dbece7daedfd9ad13,512,512,L,b260ccd4d4cc7192,
Training/glioma/Tr-gl_289.jpg,glioma,training,False,25240,a3540eb78be6fa3716e5063c30492aaa,512,512,L,e18caa60b29adac0,
Training/glioma/Tr-gl_29.jpg,glioma,training,False,14993,ab70490ea72451f229179f95148e11c8,512,512,L,b279d0dcd4e87092,
Training/glioma/Tr-gl_290.jpg,glioma,training,False,14771,a32b7907583b7c755f1e75cacc4e7c6d,512,512,L,84b2786cccd45471,
Training/glioma/Tr-gl_291.jpg,glioma,training,False,22362,6400780dc4354d9741e617580e68e883,512,512,L,3261ccecded8e46c,
Training/glioma/Tr-gl_292.jpg,glioma,training,False,23478,464be8c40c607ab45ec79c9a57fc96c7,512,512,L,62d0d4d09cd060d1,
Training/glioma/Tr-gl_293.jpg,glioma,training,False,16676,9134870bd7b59a6993a153235f41ce58,512,512,L,b269ccd4c8c8f032,
Training/glioma/Tr-gl_294.jpg,glioma,training,False,16947,fe4332eb8fe796dd7b57ac0fb141c0ac,512,512,L,61d4e4d0f4d4d8d9,
Training/glioma/Tr-gl_295.jpg,glioma,training,False,14779,a728f00cc8b65bb6a32f72ea5d3bb5a2,512,512,L,82b064dcdcd47070,
Training/glioma/Tr-gl_296.jpg,glioma,training,False,17912,8508067294a1c793b28e63e9aa7ca0bb,512,512,L,9269ccd4d4cce9e2,
Training/glioma/Tr-gl_297.jpg,glioma,training,False,17685,f7b9496832e5d5b0f7ded7ed3bf674eb,512,512,RGB,86f0e8d4d4c470b2,
Training/glioma/Tr-gl_298.jpg,glioma,training,False,19837,b2ae73784e887ebc5e520210c7925c7c,512,512,L,71ecdcd0f0ccc869,
Training/glioma/Tr-gl_299.jpg,glioma,training,False,20440,c1c66dd349da9e05beb346dd5c40eb8b,512,512,L,32e8c4d4d4cc6870,
Training/glioma/Tr-gl_3.jpg,glioma,training,False,16313,ea97acad8061a02613a60424a7440efa,512,512,L,70f0d4f8e0dce8b2,
Training/glioma/Tr-gl_30.jpg,glioma,training,False,19607,924e4f2c34d43ad46a70a1058026258f,512,512,L,70e8d4d4f0ece878,
Training/glioma/Tr-gl_300.jpg,glioma,training,False,16404,08056e32c95e3725407696a6756b8621,512,512,L,c8b270d8cccc6ce8,
Training/glioma/Tr-gl_301.jpg,glioma,training,False,20406,9510c8d602f507d3c9f23ef9f6e36bed,512,512,L,71d4d4f0d0f8ecec,
Training/glioma/Tr-gl_302.jpg,glioma,training,False,24309,5737b87c294f712c6b6cf66a20af35fa,512,512,L,e0dcb2d492d2d023,
Training/glioma/Tr-gl_303.jpg,glioma,training,False,18496,c59a51180d4313aa20ea04063c08abe9,512,512,L,22e1c4f8dad4ec68,
Training/glioma/Tr-gl_304.jpg,glioma,training,False,12602,c8990e7bdedac0244b1d03a05e74b92c,512,512,L,86f060f46c69b0b8,
Training/glioma/Tr-gl_305.jpg,glioma,training,False,21421,054943ac83cb2ae80b39e1f8f7021d2a,512,512,L,22e1d4b0a4848cd0,
Training/glioma/Tr-gl_306.jpg,glioma,training,False,16944,5ddfd22fd648821633b4706be9b090c0,512,512,L,b268d0d4e0dce032,
Training/glioma/Tr-gl_307.jpg,glioma,training,False,32235,a435d401bf01748ce5406e7b25037f29,512,512,RGB,706ef09b9b868c58,
Training/glioma/Tr-gl_308.jpg,glioma,training,False,22370,4187fb8624704e65cc892a4c447f9ffd,512,512,L,71e4d2d6ccf87cdc,
Training/glioma/Tr-gl_309.jpg,glioma,training,False,19178,4fa449877206ab9a273abb1a0279d6d4,512,512,L,9271e8d4d4c8d4fc,
Training/glioma/Tr-gl_31.jpg,glioma,training,False,19156,639df0951433f6e6c9e8457de07c3305,512,512,L,b260d8e8d4ccf0d0,
Training/glioma/Tr-gl_310.jpg,glioma,training,False,13722,ba3c3fe82edaa128da3a45c56811f35f,512,512,L,82f068d4d4e87082,
Training/glioma/Tr-gl_311.jpg,glioma,training,False,23365,ff57a73e103bbfdf34236d77f1079d2d,512,512,RGB,b2e0d8c8d0d0cc69,
Training/glioma/Tr-gl_312.jpg,glioma,training,False,22782,0d0741f4afc31e6f1d9772e766e01ad6,512,512,L,e1c8d4e490ccc8c0,
Training/glioma/Tr-gl_313.jpg,glioma,training,False,25591,f8d858405aa30b2f9ca80c35c6e753e0,512,512,RGB,71ccd4d0f2c8ccae,
Training/glioma/Tr-gl_314.jpg,glioma,training,False,14852,783bbf7471422925bb81ffcd5a0e59c7,512,512,L,b2f0d0b4d4d470b2,
Training/glioma/Tr-gl_315.jpg,glioma,training,False,13255,e1106dc3c4f1dee71173e11819858d59,512,512,L,92f0ecd4d4c4f0b2,
Training/glioma/Tr-gl_316.jpg,glioma,training,False,22127,6e90002a5b3f9856742fee6d39a143bf,512,512,L,62e18c1ad2a4c4c8,
Training/glioma/Tr-gl_317.jpg,glioma,training,False,20505,d629102fe6e924e16e5fd2e770412c1d,512,512,L,71d8f4f4cce8f0f8,
Training/glioma/Tr-gl_318.jpg,glioma,training,False,19932,1bf3741b13da10c0a635dcc6c78d9efa,512,512,RGB,84f069c4ccc470b2,
Training/glioma/Tr-gl_319.jpg,glioma,training,False,23434,9f80e112fe6790a4f51c62b98692ad47,512,512,RGB,9268cce4e4c4ecf4,
Training/glioma/Tr-gl_32.jpg,glioma,training,False,16206,ec563656d1c702dfc7aebc513b1b5619,512,512,L,84f2e8d0c8d4e822,
Training/glioma/Tr-gl_320.jpg,glioma,training,False,17138,28b3a5c367e93ba9e80b2faf773f2f41,512,512,L,32e9d4e0f0cc68b0,
Training/glioma/Tr-gl_321.jpg,glioma,training,False,24176,1a0aacfcd821eb11096027e12ec93af9,512,512,L,61ccb0a0acdad4e0,
Training/glioma/Tr-gl_322.jpg,glioma,training,False,16349,a575bf67d192ed3ecca97a2e28885a81,512,512,L,8270c8d4d4687961,
Training/glioma/Tr-gl_323.jpg,glioma,training,False,23696,1c7bdee510dccaea20552554d8f2bfac,512,512,L,e9c4d4d0d0d4d8c0,
Training/glioma/Tr-gl_324.jpg,glioma,training,False,19891,d3292a7c6d0a98080f376d6d56c5956a,512,512,L,b270e8c4d4ecd4d4,
Training/glioma/Tr-gl_325.jpg,glioma,training,False,20355,0e16c9155b8dcb3e07f9a9fffbf43edd,512,512,L,02e1c8e4ccd8f464,
Training/glioma/Tr-gl_326.jpg,glioma,training,False,21506,5604069e39088506844e3ff66dd75fde,512,512,RGB,72e0d4d4d4d468b0,
Training/glioma/Tr-gl_327.jpg,glioma,training,False,15894,40032468995442f800a5f1dab61c8cf1,512,512,L,b078d4d4f4d4e932,
Training/glioma/Tr-gl_328.jpg,glioma,training,False,18529,6e3e64e05fb6547bf6efd7137672e005,512,512,L,32e8d4f0d4e8e8f0,
Training/glioma/Tr-gl_329.jpg,glioma,training,False,24311,a2d1c8de1b6ac81cefc36d18585ebcb8,512,512,RGB,b270ccccf0f0ccd4,
Training/glioma/Tr-gl_33.jpg,glioma,training,False,28715,672d9fced922fb2641792536b4efcfb5,512,512,RGB,70e4e2d8cee0e286,
Training/glioma/Tr-gl_330.jpg,glioma,training,False,19720,d1086641843d874e55d4ae8833ee69cd,512,512,L,32f0ccd8d4d4c8d9,
Training/glioma/Tr-gl_331.jpg,glioma,training,False,18858,e18f0d53a42f084be05b45dd8267a91c,512,512,L,92f0e8f4d8dc60b2,
Training/glioma/Tr-gl_332.jpg,glioma,training,False,16301,d345d379fcec655263e5a9d604e33bdb,512,512,L,9278c4d4d4d4e9b2,
Training/glioma/Tr-gl_333.jpg,glioma,training,False,25088,c55f36317b53547a4b2597c5ff3e0d8a,512,512,RGB,9279e4e4ccccf061,
Training/glioma/Tr-gl_334.jpg,glioma,training,False,19178,711a5404bf73eab70fcd2e7f91be86c4,512,512,L,26e1c8e4dcd4e4c1,
Training/glioma/Tr-gl_335.jpg,glioma,training,False,27300,f6f16986d3809e21c957b87c2e1cd92c,512,512,RGB,32e8dce0d2dac686,
Training/glioma/Tr-gl_336.jpg,glioma,training,False,18021,25f030e0ad33e4298930a2e87eff8d6d,512,512,L,b269ccd4b4dc69b2,
Training/glioma/Tr-gl_337.jpg,glioma,training,False,24788,41f32dca8637b99f5012ea331c4844a9,512,512,L,71d8a4b2aed6dc9c,
Training/glioma/Tr-gl_338.jpg,glioma,training,False,18327,68c7757b1be076301e5b4dc943d13dc1,512,512,L,b068cce8d4ccd4dd,
Training/glioma/Tr-gl_339.jpg,glioma,training,False,17347,b702e51dc0f8bfa239963721e8412df7,512,512,L,b279e8d0d0ec78b2,
Training/glioma/Tr-gl_34.jpg,glioma,training,False,20461,abe04980a16109ad2c10ac800d1751dd,512,512,L,06e1d4a4b8a4d4d0,
Training/glioma/Tr-gl_340.jpg,glioma,training,False,18510,89f72a9e980cda547c38bc083be4a0ff,512,512,L,71ccd0d8d4c8c8c9,
Training/glioma/Tr-gl_341.jpg,glioma,training,False,24965,64404917fdf81ededd6ce4031f5021c7,512,512,L,e1dcc29286dae2e4,
Training/glioma/Tr-gl_342.jpg,glioma,training,False,18120,3af33ff7429104da252b4ff6b9e60567,512,512,L,84b2e8d4d0d4c8e8,
Training/glioma/Tr-gl_343.jpg,glioma,training,False,13309,6af3fdabc13651afce9e694106649601,512,512,L,90f060f8e8e870b2,
Training/glioma/Tr-gl_344.jpg,glioma,training,False,18304,3681bc3e12c91bccda031df46ce6ac53,512,512,L,b269d4d4d4cce9e0,
Training/glioma/Tr-gl_345.jpg,glioma,training,False,14209,155811abdfffcc1b2ce9ad5ec9129e27,512,512,L,b270e4d0d4c4f0b2,
Training/glioma/Tr-gl_346.jpg,glioma,training,False,22423,f12137444182917c0477373d914c7165,512,512,L,70c8d4ecd4e8e8d0,
Training/glioma/Tr-gl_347.jpg,glioma,training,False,19688,bcbf26dd790690dc87198a7f156ecb5f,512,512,RGB,94f069c4d468f084,
Training/glioma/Tr-gl_348.jpg,glioma,training,False,17266,e7cddf8bad7c6995fdcd04d61d74f917,512,512,L,70e9f4e8c8e87092,
Training/glioma/Tr-gl_349.jpg,glioma,training,False,23317,283477d7f7105d55b167250e03979955,512,512,L,71d4ececf0ecf878,
Training/glioma/Tr-gl_35.jpg,glioma,training,False,13547,09ca2fbbcaee6bc7358cb93548c944bb,512,512,L,b2f0e8e8f0e87092,
Training/glioma/Tr-gl_350.jpg,glioma,training,False,21903,1a1afa5da3cf242a83acf3f28a39b173,512,512,L,62c1a0e49cb2b4b0,
Training/glioma/Tr-gl_351.jpg,glioma,training,False,20945,c2fa4d8591488c623b048237b8fceed3,512,512,L,71ccf4f0c8e8e8e9,
Training/glioma/Tr-gl_352.jpg,glioma,training,False,16822,a294924aa8ce485db06c12f92ba9518b,512,512,L,f0e9e4c8cce87092,
Training/glioma/Tr-gl_353.jpg,glioma,training,False,19383,842f70d6342e1c3ec373bdfed0ed42e8,512,512,L,32e8dcc8d0e8d0f4,
Training/glioma/Tr-gl_354.jpg,glioma,training,False,16697,b6c703bfa02205fcca776f2582ac61b0,512,512,L,e068dcc8dcd4f032,
Training/glioma/Tr-gl_355.jpg,glioma,training,False,15781,689d6670508891f31fab3749cc07becb,512,512,L,b270e8d4d4e870b2,
Training/glioma/Tr-gl_356.jpg,glioma,training,False,19713,4edd3133490c10fe2466825425dbd706,512,512,RGB,b2f0d4e8f4d4f0b2,
Training/glioma/Tr-gl_357.jpg,glioma,training,False,14258,45ed58b58c9c13ef4cd0f752f1834c0c,512,512,L,9278e8ccdcd4e0b2,
Training/glioma/Tr-gl_358.jpg,glioma,training,False,18062,e6d23aa286ee92eff4fef4b7deb2c252,512,512,L,9279ccd8f8ccc8c8,
Training/glioma/Tr-gl_359.jpg,glioma,training,False,22216,4f7f67010ca15652079dc969e6dcdd16,512,512,L,0261ccb2b6dcc4c8,
Training/glioma/Tr-gl_36.jpg,glioma,training,False,21878,37ae69bd1e01ff098c0c778655e23208,512,512,L,70c8d4e4b4e8e8f8,
Training/glioma/Tr-gl_360.jpg,glioma,training,False,16316,806f2ab14da83093e9c49069a3bfe611,512,512,RGB,c4b068d4d4e8f0c4,
Training/glioma/Tr-gl_361.jpg,glioma,training,False,25981,446179184ae62d9609f3d95de9b2f759,512,512,RGB,70e8d4d4d4ccecf4,
Training/glioma/Tr-gl_362.jpg,glioma,training,False,15995,22aaf89cfb869c55b3b8d57962668082,512,512,L,8cb2e0c8ccd4d469,
Training/glioma/Tr-gl_363.jpg,glioma,training,False,19565,be774a8a61c18b511c4794a3527999ef,512,512,L,70e8c8c8dcf0e0f9,
Training/glioma/Tr-gl_364.jpg,glioma,training,False,25758,987ced7cff4b38f06570b5668d8f96e8,512,512,RGB,b2f0e4d0d2e8d0f0,
Training/glioma/Tr-gl_365.jpg,glioma,training,False,14792,c7b81293757b3ae08a90537c1d3d4158,512,512,L,b868ccc8d4d471b2,
Training/glioma/Tr-gl_366.jpg,glioma,training,False,19668,778c52d7d11bbdbfaa3b9f3ec35b8615,512,512,L,32e8ccecf0e86971,
Training/glioma/Tr-gl_367.jpg,glioma,training,False,25102,66d49abde1c10364f06d75dcf564165a,512,512,L,61d4aab4b2d2b0a0,
Training/glioma/Tr-gl_368.jpg,glioma,training,False,20890,1eb74f66266770c2d58be6aa26ee6b64,512,512,L,61c0a0daf8d4f0e0,
Training/glioma/Tr-gl_369.jpg,glioma,training,False,27019,b5faf302cf4a0b13f43a48548dce6d17,512,512,RGB,9278c4d2d4ca86d4,
Training/glioma/Tr-gl_37.jpg,glioma,training,False,21932,30b3c3cf17479966811dffc382791f86,512,512,RGB,b0e0ccd0f4e8e9e9,
Training/glioma/Tr-gl_370.jpg,glioma,training,False,18346,0f5116223b6ef790999852cb41ae38a3,512,512,L,70f0d4e8d4ccd0f1,
Training/glioma/Tr-gl_371.jpg,glioma,training,False,22197,f3df88e6ade1aac411df124b842bb776,512,512,L,63e0cc96b2ccd4cd,
Training/glioma/Tr-gl_372.jpg,glioma,training,False,15174,30ddce07f26673deea776b8e6d654a45,512,512,L,b2e9d8ecf4d06092,
Training/glioma/Tr-gl_373.jpg,glioma,training,False,19017,5f4584866c1cb8845aea93c36dd43185,512,512,L,62e1e4e4ccd460b1,
Training/glioma/Tr-gl_374.jpg,glioma,training,False,12253,61ead754dd0ad8e0341e6a280e31f6ac,512,512,L,92b069f4c4c87082,
Training/glioma/Tr-gl_375.jpg,glioma,training,False,21543,a6bcc4d6ef62501b202cd702337f5045,512,512,L,62c188a4a492a4d0,
Training/glioma/Tr-gl_376.jpg,glioma,training,False,21074,2f627ddbbf93468ba5904fdcdb831b06,512,512,L,62e0dce0ccd0d4b1,
Training/glioma/Tr-gl_377.jpg,glioma,training,False,19816,27e5f391d72a7b5a0bdeedaa586021fb,512,512,RGB,b271e4c4d8e87092,
Training/glioma/Tr-gl_378.jpg,glioma,training,False,11391,d9635df5d3ff5aa7a2d0d438eef40021,512,512,L,9270e9d8d0e9f284,
Training/glioma/Tr-gl_379.jpg,glioma,training,False,17960,c893a63c178b38639ff233ec9b2bbea0,512,512,L,30ecd4d4f0d4e8b0,
Training/glioma/Tr-gl_38.jpg,glioma,training,False,16661,b20d0ccd38992bca4af1508808474489,512,512,L,b064ccd4f8f0d470,
Training/glioma/Tr-gl_380.jpg,glioma,training,False,26134,b8ccbe37e35a24c90a757c246c6d1077,512,512,L,e1ccacb6b4a490c0,
Training/glioma/Tr-gl_381.jpg,glioma,training,False,15600,135ac65f52dfa623de1edd2922c26c3e,512,512,L,04e2d1a49cd47130,
Training/glioma/Tr-gl_382.jpg,glioma,training,False,15205,8e337ab28d3569b9738db0cfd741ec56,512,512,L,b269d4d4f4e87092,
Training/glioma/Tr-gl_383.jpg,glioma,training,False,24356,def7744140230bbc93f6fb3b713bba5f,512,512,RGB,b2f0e8e4ccd0e468,
Training/glioma/Tr-gl_384.jpg,glioma,training,False,25016,a7b00541b31b4817dd44da65aaea7ea3,512,512,RGB,b271ccf0ccc8c8c4,
Training/glioma/Tr-gl_385.jpg,glioma,training,False,16338,5ff632fa64209712da7b1f99bf0b16ae,512,512,L,b87cc4a4f4f4e0b2,
Training/glioma/Tr-gl_386.jpg,glioma,training,False,17170,0cda52f4c6c167f78326cacd34ce8974,512,512,L,f2e1c4c4d0f464b0,
Training/glioma/Tr-gl_387.jpg,glioma,training,False,14687,0f592923c27ac44995ab7f7dbad18e46,512,512,L,b270d8dce4e87082,
Training/glioma/Tr-gl_388.jpg,glioma,training,False,24549,d5ac00e60c72ef35b0df790e2812dce5,512,512,RGB,32e8c4e8d2ecc4c4,
Training/glioma/Tr-gl_389.jpg,glioma,training,False,21962,0285e982c40248a99280748bc1c99ab5,512,512,L,0261ccb4b0b4e4e8,
Training/glioma/Tr-gl_39.jpg,glioma,training,False,15064,06c373a48a8f88a888b833827224679f,512,512,L,b260c8d4d4f87192,
Training/glioma/Tr-gl_390.jpg,glioma,training,False,20492,6d716aa630f6470f118e5511ee84a80d,512,512,L,62c1d4a2b4f2d0c4,
Training/glioma/Tr-gl_391.jpg,glioma,training,False,19836,0d4c4cae1509562110fa881885766d46,512,512,L,71e8d4d4f0d0c8c9,
Training/glioma/Tr-gl_392.jpg,glioma,training,False,26215,5c88435acf720ca6e2d4ac0e52eb4e99,512,512,RGB,32f8d4c4e8e8c9e9,
Training/glioma/Tr-gl_393.jpg,glioma,training,False,19925,2ce7c246614f43956020079e43f810ae,512,512,L,b271e8d4c4ecc8f8,
Training/glioma/Tr-gl_394.jpg,glioma,training,False,12650,9e295d806b37355883bc4c8de26f6b82,512,512,L,b270d8d4d4f07092,
Training/glioma/Tr-gl_395.jpg,glioma,training,False,25021,f56106d2622db45e54201223b8d844e8,512,512,L,61dcb0a0b4dad0c0,
Training/glioma/Tr-gl_396.jpg,glioma,training,False,22392,f9dc49815708d859b4aadcc3704516dc,512,512,RGB,b2e9c4d8d0d4e8b2,
Training/glioma/Tr-gl_397.jpg,glioma,training,False,17665,b6c5baabb322d9cf6fde2e2b88be659e,512,512,L,b270ccdcd4d469f0,
Training/glioma/Tr-gl_398.jpg,glioma,training,False,13770,37f4af41942823021b9fc6170004848d,512,512,L,b270f8d0d4f07092,
Training/glioma/Tr-gl_399.jpg,glioma,training,False,26404,c500f35a6dfb18573a28dd7e20ef70a4,512,512,RGB,b0e0d4d4d2d2e8e0,
Training/glioma/Tr-gl_4.jpg,glioma,training,False,26166,d76f62067a34d450620f9b989408a9a6,512,512,RGB,71d4d4f0d4e0c8c8,
Training/glioma/Tr-gl_40.jpg,glioma,training,False,20332,35bcc470ccaa812512befb068bffddb0,512,512,RGB,b271c8ccd0d470b2,
Training/glioma/Tr-gl_400.jpg,glioma,training,False,16912,e34e4c59dc6fe71fce64483fb11953ee,512,512,L,b068d4e8f4d4f0b2,
Training/glioma/Tr-gl_401.jpg,glioma,training,False,20198,1f83046b7659968913da453b146f9e9e,512,512,L,61d0d2e296dad8c2,
Training/glioma/Tr-gl_402.jpg,glioma,training,False,18783,2df273e036d3cfceb3d32d4673d22eda,512,512,L,8670fcd4f0e4e8c9,
Training/glioma/Tr-gl_403.jpg,glioma,training,False,22812,464ebdff8e99c9d43f1c8a4f7edd4455,512,512,L,02e1ccb2b6acc4b0,
Training/glioma/Tr-gl_404.jpg,glioma,training,False,18230,ef55b337fabd7d66f2ceb3acb477d003,512,512,L,71e4d4e8e8e8ccc8,
Training/glioma/Tr-gl_405.jpg,glioma,training,False,25531,9587be29144857fa8aa2f8d2329418ff,512,512,L,61c8f2e2b4d4caca,
Training/glioma/Tr-gl_406.jpg,glioma,training,False,21216,f3b3970e073b4598c91eba226af68e5b,512,512,RGB,b269c4c8d0d460b2,
Training/glioma/Tr-gl_407.jpg,glioma,training,False,18884,7f5d34872c9b907304e382f08fa813ab,512,512,L,8271c8d4d4e2e869,
Training/glioma/Tr-gl_408.jpg,glioma,training,False,20277,fa7404ce00fe4026cb58fa727c456a4d,512,512,L,72f8d4f4b2e8ccec,
Training/glioma/Tr-gl_409.jpg,glioma,training,False,16294,a8cbe09900ddbc0481298fa2ce536163,512,512,L,84b279f0ccd4dc69,
Training/glioma/Tr-gl_41.jpg,glioma,training,False,20443,be10ffd473ed3baae7578d4b32aeacd8,512,512,L,32e8d4f0d0ccd869,
Training/glioma/Tr-gl_410.jpg,glioma,training,False,17706,777a0b88eb69393f7e510868b6e1daba,512,512,L,8269ecd8d8c8c8d0,
Training/glioma/Tr-gl_411.jpg,glioma,training,False,18620,a626f45fb3608f37ba49a412f2cf668e,512,512,L,8670ecd4e8f0e8c9,
Training/glioma/Tr-gl_412.jpg,glioma,training,False,19726,d983a8eaf4e4ef349bdb65189a6d800f,512,512,L,70e8d4f0d4ecfc6c,
Training/glioma/Tr-gl_413.jpg,glioma,training,False,30318,72cafd905228998db6c0f02e98909507,512,512,RGB,396cce9ad6d8fc74,
Training/glioma/Tr-gl_414.jpg,glioma,training,False,13940,634e608c06e99af114ed53945add032a,512,512,L,b068ecdcd4ec7192,
Training/glioma/Tr-gl_415.jpg,glioma,training,False,19634,ae29c6c6f4f27ec09910cdd2b873cc14,512,512,L,1261c4e6f0c4d8f0,
Training/glioma/Tr-gl_416.jpg,glioma,training,False,18669,0c517c00fed0a87e77dd197613190f18,512,512,L,b271c8d4dcc8d44c,
Training/glioma/Tr-gl_417.jpg,glioma,training,False,24470,320218c8740b11f8bf763595075c9cf2,512,512,RGB,71ccd4d4e8686ce4,
Training/glioma/Tr-gl_418.jpg,glioma,training,False,22905,4818ac17e6308d1b48626b98608194e8,512,512,L,73c8b4a48ca0e4de,
Training/glioma/Tr-gl_419.jpg,glioma,training,False,14282,9529b72b41293173ae0f08ed43c27727,512,512,L,f2f0d8d0d4f87092,
Training/glioma/Tr-gl_42.jpg,glioma,training,False,12567,1a2336af6a21369b4f86c637da5d5f61,512,512,L,b270d8d4f4f070b2,
Training/glioma/Tr-gl_420.jpg,glioma,training,False,27448,02e150917124d875d0d324717b63234d,512,512,RGB,70e8d4d4d0c4ec7c,
Training/glioma/Tr-gl_421.jpg,glioma,training,False,17545,a17216ff6748592f0be4fdd43191db0d,512,512,L,b268d8f0d4d06cb9,
Training/glioma/Tr-gl_422.jpg,glioma,training,False,18767,a845a7cb9594a699fe6de27f7e05d1c1,512,512,L,63c0d4b094dcd8c8,
Training/glioma/Tr-gl_423.jpg,glioma,training,False,19654,bb605640eb5e33946ac32af7b3390355,512,512,RGB,b268c8d0f0d47092,
Training/glioma/Tr-gl_424.jpg,glioma,training,False,28692,ad59fa0962833c09b8b2de817b495650,512,512,RGB,f1ecd4c8d4e8e8f0,
Training/glioma/Tr-gl_425.jpg,glioma,training,False,19210,3e36a8c5c2b227b2a3520bdb746460fb,512,512,L,b259d4d4ccd4e471,
Training/glioma/Tr-gl_426.jpg,glioma,training,False,16807,0127d010f9e2e1caf0d0f249ae22226c,512,512,L,62c190ace49292c0,
Training/glioma/Tr-gl_427.jpg,glioma,training,False,18095,78d5b9cf36c0ba68a72c6163990351b1,512,512,L,b06cccd2f2f470b2,
Training/glioma/Tr-gl_428.jpg,glioma,training,False,15689,b5ae1dab8799c6e32cb637afd747fe72,512,512,L,b270f8f0d0d4f0b2,
Training/glioma/Tr-gl_429.jpg,glioma,training,False,25931,b6ba78827f5f77e17692a045dfabda2d,512,512,RGB,b270ccecd4e8c8e8,
Training/glioma/Tr-gl_43.jpg,glioma,training,False,12941,25f30981f66982d22d8943f7a645e65d,512,512,L,84b269dcd4e8f084,
Training/glioma/Tr-gl_430.jpg,glioma,training,False,18087,df45a6b013ed5a32b257cce01428e0a3,512,512,L,30e8dcdcf0c8cc68,
Training/glioma/Tr-gl_431.jpg,glioma,training,False,18126,358e5b5e02c9a45c83f544a40ecc256c,512,512,L,b2e0ccd4d4cc6870,
Training/glioma/Tr-gl_432.jpg,glioma,training,False,23000,2e69abebd1a487bd8bdebb80191dcb51,512,512,RGB,b260ece4d4ecc4a8,
Training/glioma/Tr-gl_433.jpg,glioma,training,False,22467,1ed11ac36bacf7e0c3956dbb7fc9672c,512,512,L,9360c4f4f2deec6c,
Training/glioma/Tr-gl_434.jpg,glioma,training,False,20545,974bae6de8a10576424f3d05c901b2cc,512,512,L,30f8d4a8b4a8e8e8,
Training/glioma/Tr-gl_435.jpg,glioma,training,False,21843,23ba488fcd897bc3f193976025805ef7,512,512,L,61d8a4a4d0d2f8d8,
Training/glioma/Tr-gl_436.jpg,glioma,training,False,14861,ed340abc48a92b026eba8a11364f2ba3,512,512,L,b270e8d0c8e870b2,
Training/glioma/Tr-gl_437.jpg,glioma,training,False,15252,1076de103f7f1242be3e6ca5d74efda9,512,512,L,b270e8c8d4e871b2,
Training/glioma/Tr-gl_438.jpg,glioma,training,False,12509,c6b7d8b9d443778ea9c08e20605178cf,512,512,L,84f0e8ccd4cc70b2,
Training/glioma/Tr-gl_439.jpg,glioma,training,False,18548,adda5e4fd6cd9b3f8d310ac3f3ea56bb,512,512,L,22c1d4e4cc6a3031,
Training/glioma/Tr-gl_44.jpg,glioma,training,False,18606,506123a87656c66ef8ec90154a3e251e,512,512,L,b270e8f8cce8f0e9,
Training/glioma/Tr-gl_440.jpg,glioma,training,False,19847,3033bdfd0adbd67555749a420f242bf8,512,512,L,8663c8d4e4dcd06c,
Training/glioma/Tr-gl_441.jpg,glioma,training,False,28410,96bb3ce431a6728e3b36e403d945ca54,512,512,RGB,71ccd4e8f0e8cc86,
Training/glioma/Tr-gl_442.jpg,glioma,training,False,20389,e2078f1e52b7216e431dddc5e0536588,512,512,L,71ecd4d0f0c8c868,
Training/glioma/Tr-gl_443.jpg,glioma,training,False,20084,03b4852c3db9b34b4a375bf718bd16bc,512,512,L,71e8ccd0d4ccf868,
Training/glioma/Tr-gl_444.jpg,glioma,training,False,21718,c4bac9fcaec2bc7978e1cfd39237ca68,512,512,L,e1c0d0d0a4d4d0c0,
Training/glioma/Tr-gl_445.jpg,glioma,training,False,22878,344c99914b844888bab5af0c6b5d8b21,512,512,L,63d0a4d2acb0c0c4,
Training/glioma/Tr-gl_446.jpg,glioma,training,False,17410,e8979f6806dca61aaa95169f0c48a699,512,512,L,70d0d4d0e8e869c8,
Training/glioma/Tr-gl_447.jpg,glioma,training,False,21108,69c0b4f6e68a719dc0a9b92964b1753c,512,512,RGB,84b0e8d4e4d0ccec,
Training/glioma/Tr-gl_448.jpg,glioma,training,False,13815,aa354dbbd0a20c91633d3f2fd7b782d5,512,512,L,9270c8d4f4d47092,
Training/glioma/Tr-gl_449.jpg,glioma,training,False,19012,86234ed8ae4864cf5838ee278ab02e4c,512,512,L,f068d4d4f961f0c8,
Training/glioma/Tr-gl_45.jpg,glioma,training,False,21717,00fc27e7b228658a16307ff0802e4511,512,512,L,71ccd4c8d2c8c878,
Training/glioma/Tr-gl_450.jpg,glioma,training,False,19063,868e1cf9c2f7a892762c026cf5ed5f1f,512,512,L,71d4ccc8f0c8c8f1,
Training/glioma/Tr-gl_451.jpg,glioma,training,False,25905,0168f21a29b0241f37628f6f05195c11,512,512,L,61c0f0a4b094d0e0,
Training/glioma/Tr-gl_452.jpg,glioma,training,False,18563,814cd3caeb600b847ce76fd07ff7323c,512,512,RGB,62e9ccecd4d470b2,
Training/glioma/Tr-gl_453.jpg,glioma,training,False,15103,0252b519888de9be022789c89fc23d1b,512,512,L,82f068d4d4c470b2,
Training/glioma/Tr-gl_454.jpg,glioma,training,False,19469,55a14e952acd475386a2a2d61675e071,512,512,L,62c1bca49cd46922,
Training/glioma/Tr-gl_455.jpg,glioma,training,False,17740,9b05661101b3f67bb1c91ec3c2144e29,512,512,L,b070d4f0d4e0f082,
Training/glioma/Tr-gl_456.jpg,glioma,training,False,18118,578f5db9948738974fe19431b32a4b8b,512,512,L,b270e4d4dcdcf0b2,
Training/glioma/Tr-gl_457.jpg,glioma,training,False,17218,3ceffa1e96f56fe5841a69f99bb59c7d,512,512,RGB,b270d8e4d0d470b2,
Training/glioma/Tr-gl_458.jpg,glioma,training,False,25742,2104f9e1cb99d0e9c9a893b974097ca8,512,512,L,61c4d2f0b6d6cac2,
Training/glioma/Tr-gl_459.jpg,glioma,training,False,16996,b12c9fac78717704fe4c12ca9eb84faa,512,512,L,2261d0e4ccd4309b,
Training/glioma/Tr-gl_46.jpg,glioma,training,False,16907,abc6bb80da34f030b88ab470e7e358b7,512,512,L,f269c8d4f0e878b2,
Training/glioma/Tr-gl_460.jpg,glioma,training,False,28076,89933b4fec05ed14a278ead865295507,512,512,L,e1c4b8a6b4b49898,
Training/glioma/Tr-gl_461.jpg,glioma,training,False,14916,1573315680c694992a08c8b682aecb9f,512,512,L,9270e8ecd4d4f0b2,
Training/glioma/Tr-gl_462.jpg,glioma,training,False,15734,0754887ba7fc5ecb43bc635f5e596878,512,512,L,f069d4d0b0d471b2,
Training/glioma/Tr-gl_463.jpg,glioma,training,False,17531,061d85aae9bf11fcc368152ea9b7925e,512,512,L,b268d0f4d4f064f9,
Training/glioma/Tr-gl_464.jpg,glioma,training,False,12578,f89db17e42333d0a882c714d60603f1b,512,512,L,b2f078d0d4f47092,
Training/glioma/Tr-gl_465.jpg,glioma,training,False,15645,ae607b45dbbfbc9f2f342c54411b8233,512,512,L,b268d4e4f4d4f0b2,
Training/glioma/Tr-gl_466.jpg,glioma,training,False,12704,4a46f76bd2fe9883020154cf977bc094,512,512,L,84b2f17868d47431,
Training/glioma/Tr-gl_467.jpg,glioma,training,False,18353,9e79c0720f004baa79959b9dcfeb0d37,512,512,L,f2e0d4c4d8f470b0,
Training/glioma/Tr-gl_468.jpg,glioma,training,False,23466,d6d5ecd9f5a9475a046f8f0b0fdbceca,512,512,L,b0ece4e4f8e8e8cc,
Training/glioma/Tr-gl_469.jpg,glioma,training,False,16180,8d7496655ad939a2ca422924672076a9,512,512,L,71ccd4d4d4ec7868,
Training/glioma/Tr-gl_47.jpg,glioma,training,False,20158,34e25a9190108c2663c45170bf4c0545,512,512,L,72e8d4d0d0ecec74,
Training/glioma/Tr-gl_470.jpg,glioma,training,False,21736,c68c0952e00e4f65d8d65bc3829329b5,512,512,L,92e0cccce8e8f086,
Training/glioma/Tr-gl_471.jpg,glioma,training,False,15827,f29ace4c6e89633aaa5f6ba736d6f1b9,512,512,L,b270d8dce4e87092,
Training/glioma/Tr-gl_472.jpg,glioma,training,False,14016,c2c276afd1a3902a38ba7bb00994459c,512,512,L,b270ccccd4d4f032,
Training/glioma/Tr-gl_473.jpg,glioma,training,False,21645,244ab63d9b25cd61543e196ec0527085,512,512,RGB,b269e8e0d8c8e0b2,
Training/glioma/Tr-gl_474.jpg,glioma,training,False,16497,69ee37c245651a4c27d3a7b37e5a415e,512,512,L,72f0d4d0e8d470b0,
Training/glioma/Tr-gl_475.jpg,glioma,training,False,17592,40687e2f9c008d842b8b7d43737ffbc6,512,512,L,8670e8d4ccd4cc69,
Training/glioma/Tr-gl_476.jpg,glioma,training,False,21196,c377b50d902ddb7d721103c7405b2733,512,512,L,71ccd4d4b4e4cc8e,
Training/glioma/Tr-gl_477.jpg,glioma,training,False,18530,5b47c77b198ef25ce9e27ae65f97ec1c,512,512,L,b270e0f8ccd4d061,
Training/glioma/Tr-gl_478.jpg,glioma,training,False,24705,542987abaa56f76fe135de0789c31e48,512,512,L,63d08c96f2e4b8b0,
Training/glioma/Tr-gl_479.jpg,glioma,training,False,28661,386c8f320b4e7c89a405734282f863cb,512,512,RGB,38f4d8b4cad2f4f4,
Training/glioma/Tr-gl_48.jpg,glioma,training,False,26330,df7ed796de43d8c43061496d742eb74a,512,512,RGB,71ccd4c4b0ecccc8,
Training/glioma/Tr-gl_480.jpg,glioma,training,False,17174,b92c40e6a76f7cbea12721f4f94e999e,512,512,L,b268d4d4f0d4e832,
Training/glioma/Tr-gl_481.jpg,glioma,training,False,18871,c3f2e98e230cb2740e612c476f99363d,512,512,L,b268d4c4d4d4c8f0,
Training/glioma/Tr-gl_482.jpg,glioma,training,False,16684,37d539307ff1d8c64ecc8865fdfabf8f,512,512,L,82f071f4ccd4dc71,
Training/glioma/Tr-gl_483.jpg,glioma,training,False,20698,78dc9099184acf0fa192716d97112f10,512,512,L,32e0d4ec9ecce464,
Training/glioma/Tr-gl_484.jpg,glioma,training,False,18106,fbba47cf4459658808fd36afb448380b,512,512,L,71e4d4d4e8e86969,
Training/glioma/Tr-gl_485.jpg,glioma,training,False,19225,d9fcafafe3d6e3c7a45c55825161c6d6,512,512,L,32e8d4ccf0f0ccc8,
Training/glioma/Tr-gl_486.jpg,glioma,training,False,20117,c9e5ae4e713a16ec6fec70abdb0a8727,512,512,L,32e8d4c892fac86c,
Training/glioma/Tr-gl_487.jpg,glioma,training,False,17148,612c729a3a0e09216be357bf513bb17e,512,512,L,62e8ccecd092dad0,
Training/glioma/Tr-gl_488.jpg,glioma,training,False,16395,998b069c97d3bc6fb6f9cb877d65c648,512,512,L,9269ccd8f8d4ccc8,
Training/glioma/Tr-gl_489.jpg,glioma,training,False,15264,6f71a0a2b29327ea28a0a73c9aaecbf7,512,512,L,82b068dce8d4f469,
Training/glioma/Tr-gl_49.jpg,glioma,training,False,24372,a926245325befe1eb61552593b76128e,512,512,RGB,b270ccd8d0a8ccc9,
Training/glioma/Tr-gl_490.jpg,glioma,training,False,18909,66a84b1fdc26644e262ee3b574f89547,512,512,L,32f8d4f0d4c8c8c8,
Training/glioma/Tr-gl_491.jpg,glioma,training,False,22659,d8b35e09ba112639e0bf90297d359e70,512,512,L,61c0ecc2b4dcd0a0,
Training/glioma/Tr-gl_492.jpg,glioma,training,False,16761,972cdaed100c7eae12ac609300345bf9,512,512,L,32e9d4e8f0d4e8b0,
Training/glioma/Tr-gl_493.jpg,glioma,training,False,18019,a727f5ca916d9cf8305c88789d2d577b,512,512,L,9270e8d4ccc8d444,
Training/glioma/Tr-gl_494.jpg,glioma,training,False,20352,f63129b0f07c84004e1a3da911c93215,512,512,L,72d8d4f0e8e8cccc,
Training/glioma/Tr-gl_495.jpg,glioma,training,False,18701,a902e08efba2222689c50d47a52aa602,512,512,L,b270f4dcf8e870b2,
Training/glioma/Tr-gl_496.jpg,glioma,training,False,18760,31d706c92ec197b36e105e20b505bb88,512,512,L,61d0a4e0b0dcd0c0,
Training/glioma/Tr-gl_497.jpg,glioma,training,False,14656,bedf6c0c2102f9e904275d67fb62cb95,512,512,L,20e9d4f4f4d07092,
Training/glioma/Tr-gl_498.jpg,glioma,training,False,22244,6d7f39c87a8eb5bfedb34cf22d6c94f7,512,512,RGB,30e8d4c0f4e86cf0,
Training/glioma/Tr-gl_499.jpg,glioma,training,False,17240,0177523fb2d33ca0833074da946904fc,512,512,L,b270c8f4e8cce070,
Training/glioma/Tr-gl_5.jpg,glioma,training,False,21641,a9868de7a08e9b43ff64a9bd14fc195b,512,512,L,63d0d4e6ccd864c1,
Training/glioma/Tr-gl_50.jpg,glioma,training,False,30449,4edd04b662312704dc1727ac497d7436,512,512,RGB,68dcd4e4b4d4e4fc,
Training/glioma/Tr-gl_500.jpg,glioma,training,False,17543,786f5cc8af001a818bfe743227662b81,512,512,L,68e9d4d2e2f4f0b2,
Training/glioma/Tr-gl_501.jpg,glioma,training,False,20387,dfcff800d5b47b397f6610ec93381bae,512,512,L,72d8d4f0f8e8cccc,
Training/glioma/Tr-gl_502.jpg,glioma,training,False,21355,eafd7b23dd504aab8eab53f3be8b9880,512,512,L,0661d8d4dcd4e4e9,
Training/glioma/Tr-gl_503.jpg,glioma,training,False,17409,ed1f548e8f149d4aaf365e6871a1cd19,512,512,L,b270d4f8ccccd871,
Training/glioma/Tr-gl_504.jpg,glioma,training,False,13136,210b3d4bace23696f7f503b8112d549b,512,512,L,84b271696864e892,
Training/glioma/Tr-gl_505.jpg,glioma,training,False,13268,fd34b3e99ce6b4db25abb23284afb5dc,512,512,L,94f069d4d46c7182,
Training/glioma/Tr-gl_506.jpg,glioma,training,False,18096,c257a1edb4bb86ab54560093fad4b8b7,512,512,L,b868d4d8f0dc71b2,
Training/glioma/Tr-gl_507.jpg,glioma,training,False,21215,b5d7db0784d7bc46d525c5d17f5a29e0,512,512,L,71ecd4d4e4c8c9e9,
Training/glioma/Tr-gl_508.jpg,glioma,training,False,21494,05f8fd85c0462b898f83012c93908614,512,512,RGB,71c4d0f4d0d4e464,
Training/glioma/Tr-gl_509.jpg,glioma,training,False,18149,64380c57440ccd137c6030a2d2804755,512,512,L,8462d9c4ecd87471,
Training/glioma/Tr-gl_51.jpg,glioma,training,False,24894,83d3f45ce3aa66793159fe843428cfdb,512,512,RGB,b270dcdce4f4d4cc,
Training/glioma/Tr-gl_510.jpg,glioma,training,False,15026,320fae9ab99d2594410dd97ef594572e,512,512,L,9270e4d4d0d4f070,
Training/glioma/Tr-gl_511.jpg,glioma,training,False,21786,e841e96479361f5046c86174d8fa98c1,512,512,L,61d094e6acd8d4d4,
Training/glioma/Tr-gl_512.jpg,glioma,training,False,23759,baccdd9d1978bbad46b13a43fbbe9cc0,512,512,RGB,9978dce0a4d4c869,
Training/glioma/Tr-gl_513.jpg,glioma,training,False,17479,395d0e38581162b9ff8ae6a1b95aaca5,512,512,L,b87cd4b8e8f4f0b2,
Training/glioma/Tr-gl_514.jpg,glioma,training,False,16666,5a054a86328a686e5868df183c0fc9b3,512,512,L,b2f0d4d4d0e86969,
Training/glioma/Tr-gl_515.jpg,glioma,training,False,16489,4b908221216c7f8b4a1ca5cdd7859d65,512,512,L,b261d8dcd4dc70b2,
Training/glioma/Tr-gl_516.jpg,glioma,training,False,28998,522e195701b09ee78ecd7d21ec286767,512,512,RGB,70e4d0f0b2d0ccc4,
Training/glioma/Tr-gl_517.jpg,glioma,training,False,16773,b38d5ade9789414eb824150f922435ba,512,512,L,70e4ccc8d4c8ccf0,
Training/glioma/Tr-gl_518.jpg,glioma,training,False,22994,1991dc3045bf999de88c5eaf2388f731,512,512,L,e1c9b4a498e4a4e1,
Training/glioma/Tr-gl_519.jpg,glioma,training,False,20429,06a1fc423d9b24873251dfd2ff3920a9,512,512,L,30e8d4e8d6ccf8f0,
Training/glioma/Tr-gl_52.jpg,glioma,training,False,19763,ae243aed30bf5e5d68ca4948003709c6,512,512,L,62d1a0c49498d0e0,
Training/glioma/Tr-gl_520.jpg,glioma,training,False,13482,3052ad5f4bfbd9ad57a3110994a5bc0d,512,512,L,84f2e9d4d4cc7182,
Training/glioma/Tr-gl_521.jpg,glioma,training,False,17512,f389bd7de17398d43090a8bc17a93a49,512,512,L,b271dcf4cce8d4dc,
Training/glioma/Tr-gl_522.jpg,glioma,training,False,23518,66f361de481d8e90b6323be16f546a3b,512,512,L,70e8e8dcd8c8f1f1,
Training/glioma/Tr-gl_523.jpg,glioma,training,False,21106,04c4eb47a6f8f606b9ed98509c6b25e5,512,512,L,62d0e4d08cc8c8c9,
Training/glioma/Tr-gl_524.jpg,glioma,training,False,18893,bb6a0675cadbf4dd6b1af609b85f097a,512,512,L,9271c8d8ccccf079,
Training/glioma/Tr-gl_525.jpg,glioma,training,False,19708,bbc7b44ea8df1e71340542da16a1f6cf,512,512,L,71ccd4e8e8ccccd0,
Training/glioma/Tr-gl_526.jpg,glioma,training,False,21903,30ad59af6b969316223579fc99e5571a,512,512,L,63c0f4c2b4d0d0a0,
Training/glioma/Tr-gl_527.jpg,glioma,training,False,18912,b91eb0ca957b04298ee4394ffab19b51,512,512,L,b268dce8d4ccdc68,
Training/glioma/Tr-gl_528.jpg,glioma,training,False,15027,760b5adc5034de4893accb904b13a6e8,512,512,L,b268ccd0f0d4f8b2,
Training/glioma/Tr-gl_529.jpg,glioma,training,False,19368,beafc76a6285b044b8c429c98b462a9f,512,512,L,9271ece8c8cce8d4,
Training/glioma/Tr-gl_53.jpg,glioma,training,False,20891,3eb7d1fd59fc768177a3023b21fb120e,512,512,L,22c194a4ccd07431,
Training/glioma/Tr-gl_530.jpg,glioma,training,False,20595,124fda5cb51c8b416ec14539361f7089,512,512,L,22e1c898b4b4d0d0,
Training/glioma/Tr-gl_531.jpg,glioma,training,False,18209,160cd905d76540d903678fdfb84c44da,512,512,L,70ecd4d4e8ccc869,
Training/glioma/Tr-gl_532.jpg,glioma,training,False,19113,c3fd836a2f7d5472bf5f05714bdfc5bc,512,512,L,92f8ece8d0d470b2,
Training/glioma/Tr-gl_533.jpg,glioma,training,False,19447,229473c7363882e431450930bbb25b04,512,512,L,61ccd0d0d4c8c8c9,
Training/glioma/Tr-gl_534.jpg,glioma,training,False,17114,cfe922ed0744e514af74fde30c748ea3,512,512,L,b270e8c8dcd469b2,
Training/glioma/Tr-gl_535.jpg,glioma,training,False,18413,9fdde3bbecc79cd1c55d9473a96c6308,512,512,L,b2f8d4f4d4f87c69,
Training/glioma/Tr-gl_536.jpg,glioma,training,False,21935,e1270ec629cfc0f4a7e68f085fd9a744,512,512,L,b0e8d4ecd2d2cce8,
Training/glioma/Tr-gl_537.jpg,glioma,training,False,16484,5dc31bf4935e0593ebd4831ce1bbf9ea,512,512,L,b270e8c4d8d4e0b2,
Training/glioma/Tr-gl_538.jpg,glioma,training,False,15693,ee8911aa78d15294501a2fc20569f843,512,512,L,b270d8f0c4d46cb0,
Training/glioma/Tr-gl_539.jpg,glioma,training,False,21025,ee27da38d5dfe88848d74af0581bd6cb,512,512,L,71dcececd0c8f86c,
Training/glioma/Tr-gl_54.jpg,glioma,training,False,18336,2b2ff83cc8339458899e8994faa549a3,512,512,L,71d4d8d0d0e86978,
Training/glioma/Tr-gl_540.jpg,glioma,training,False,14266,241066edcc412c584125805db7db713a,512,512,L,94f0c8d4d4d87082,
Training/glioma/Tr-gl_541.jpg,glioma,training,False,17183,64d02030ebd80b5c5309d5bdc73855fa,512,512,L,84b2e8d4d0d4f4d4,
Training/glioma/Tr-gl_542.jpg,glioma,training,False,22876,b7627e12764100dfdb5ee38f4df94738,512,512,L,62d1b4a4ac9ca4ac,
Training/glioma/Tr-gl_543.jpg,glioma,training,False,26619,dbe819ac5ba9a9461535e3e7d5f5b1af,512,512,RGB,71c8d4d0ece8e86c,
Training/glioma/Tr-gl_544.jpg,glioma,training,False,16407,b8afea48912f1a18538f99d2f7903ff5,512,512,L,70e8d4d0e8d4f0b0,
Training/glioma/Tr-gl_545.jpg,glioma,training,False,23649,e13a2df27314fb1a24b7f9a767ea8950,512,512,RGB,b270e8e0cce8f068,
Training/glioma/Tr-gl_546.jpg,glioma,training,False,21337,d8f62914fb6c636edbe887d361a47142,512,512,L,b0f4ccece4d0e1a2,
Training/glioma/Tr-gl_547.jpg,glioma,training,False,13651,4b739acce930eaaf5cea64d72bae6c2b,512,512,L,c4b261ccd4c47192,
Training/glioma/Tr-gl_548.jpg,glioma,training,False,20966,d6ac2688b570475bbdac94f6f240ab81,512,512,L,22f1d4e6dc4870d1,
Training/glioma/Tr-gl_549.jpg,glioma,training,False,19835,004a443b3551d474cccc050afc0d8f60,512,512,L,22e1d8e4ccd0e4c1,
Training/glioma/Tr-gl_55.jpg,glioma,training,False,19129,bd3bb7bb800dc35f653fcc5faef6a8b4,512,512,L,71e8d4ccd4cce869,
Training/glioma/Tr-gl_550.jpg,glioma,training,False,21186,fcee3731d8b91ef8e06fd1690a61b960,512,512,L,b260dc9494ac9ed4,
Training/glioma/Tr-gl_551.jpg,glioma,training,False,19221,cafedb198a3139e018f9095153cb70d0,512,512,L,30e8dce8b4c8dcdc,
Training/glioma/Tr-gl_552.jpg,glioma,training,False,16763,7090c46484cde24e5029bde13e3efbb6,512,512,L,b068ccf8f0f471b2,
Training/glioma/Tr-gl_553.jpg,glioma,training,False,14887,3547d58e2df17d633e5740405dee11e9,512,512,RGB,92f0e0e8d0c070b2,
Training/glioma/Tr-gl_554.jpg,glioma,training,False,13098,a1e99bdafdfa01a153097758ce4544e7,512,512,L,b078d4f4f0c87002,
Training/glioma/Tr-gl_555.jpg,glioma,training,False,14568,516d75458d50f3bc9fe9723613562a88,512,512,L,c4b079d8ece8f086,
Training/glioma/Tr-gl_556.jpg,glioma,training,False,24431,458416a66babb6e7b033ab208cbd52a0,512,512,L,f1a874242496cdc6,
Training/glioma/Tr-gl_557.jpg,glioma,training,False,22449,716f8107c593ca86a61768ed7bcdb83e,512,512,L,63e09c9294c8c0f4,
Training/glioma/Tr-gl_558.jpg,glioma,training,False,16775,94ee439b3f8509e898a3cd2c992565cb,512,512,L,84b268d4ccd4cc69,
Training/glioma/Tr-gl_559.jpg,glioma,training,False,19191,3e44a76eaea8aef155d75338e9b67b3c,512,512,L,9261dcd0d4c8e879,
Training/glioma/Tr-gl_56.jpg,glioma,training,False,15730,81948b6dfb3fc04ad98959da42cb3162,512,512,L,b270f8f0ecd468b2,
Training/glioma/Tr-gl_560.jpg,glioma,training,False,15736,93e91e2d2a26c38d7179672caf3e16e9,512,512,L,9271ccd4d4e86968,
Training/glioma/Tr-gl_561.jpg,glioma,training,False,20138,dc380d9c621d4df6ed43db29e38f6ecc,512,512,L,32e0d8d4b4e8f0f0,
Training/glioma/Tr-gl_562.jpg,glioma,training,False,13901,d97c58e3ba4a5866be69df92156d5b21,512,512,L,b868dcc8dcf47092,
Training/glioma/Tr-gl_563.jpg,glioma,training,False,18549,1d6114bce805c9dc047ecbac114cf876,512,512,RGB,b078e4d4d4d470b2,
Training/glioma/Tr-gl_564.jpg,glioma,training,False,15422,3a0d34453927708a3f026b93df411204,512,512,L,b269f8dcd4cc7092,
Training/glioma/Tr-gl_565.jpg,glioma,training,False,19468,c524faa16bb2217746955c35f1ecdd20,512,512,L,26e1d0b4acd8d461,
Training/glioma/Tr-gl_566.jpg,glioma,training,False,14473,5e757c841db25ecb74577ab6e86e96c8,512,512,L,b270c8c8d4d4f032,
Training/glioma/Tr-gl_567.jpg,glioma,training,False,14549,0c784a57aa85d5d2d26e9f954358c2f0,512,512,L,86f0e8d4d4cc7092,
Training/glioma/Tr-gl_568.jpg,glioma,training,False,16833,a78dd426631f9f7be3d4b1526456f9bb,512,512,L,71e4d4d0d4e87868,
Training/glioma/Tr-gl_569.jpg,glioma,training,False,14993,e809907ca0770fadf3a5a58969ebf8cd,512,512,L,b270d894d4cc70b2,
Training/glioma/Tr-gl_57.jpg,glioma,training,False,20527,1d676fcead28c5262678b6c833368d06,512,512,L,63d0e4e48cd06461,
Training/glioma/Tr-gl_570.jpg,glioma,training,False,23864,ebb26da59a85bda7e9d336a574c29653,512,512,L,72c1acd08cb8e8e0,
Training/glioma/Tr-gl_571.jpg,glioma,training,False,24247,d669ac22f6425feb5df4264a95bb28fe,512,512,L,22e1d49090b4d4d8,
Training/glioma/Tr-gl_572.jpg,glioma,training,False,17652,c4d87678a9b0fcf36ea4fe6437209dc0,512,512,L,b278dcd4ccccd448,
Training/glioma/Tr-gl_573.jpg,glioma,training,False,20903,653618dfd7dccf9f7f88769f4e706808,512,512,L,22e1dca4c8d6e4c1,
Training/glioma/Tr-gl_574.jpg,glioma,training,False,18345,462ac68a47cea7a483a460445b558f72,512,512,L,02f0ccd4d0f0e8ec,
Training/glioma/Tr-gl_575.jpg,glioma,training,False,16313,e19e775c6fbf5198cbbbc6f596faa3d5,512,512,L,84f068d8dce8f192,
Training/glioma/Tr-gl_576.jpg,glioma,training,False,23735,59ed2b9eef9e853ae1bee13cd4c9ac29,512,512,RGB,b0e4d4d0e0c8c8dc,
Training/glioma/Tr-gl_577.jpg,glioma,training,False,15608,cddf9a9bdcd8dfb44a547829ae90526d,512,512,L,9271e8d0e8c470b2,
Training/glioma/Tr-gl_578.jpg,glioma,training,False,25316,64f4eb6768b06ec175705feaedb7bb19,512,512,RGB,32f0c4e4d4e8c9f1,
Training/glioma/Tr-gl_579.jpg,glioma,training,False,22383,a918c9a0bf1685702268c71d8ca0a607,512,512,L,63d0a4d2acb4d0d0,
Training/glioma/Tr-gl_58.jpg,glioma,training,False,14831,f9deb3298662f35186a8f3c6044ca360,512,512,L,72f0d4b4a4d470b2,
Training/glioma/Tr-gl_580.jpg,glioma,training,False,17800,4679b4470d0ae4410c51efabfdd4e1cc,512,512,RGB,b270ccdcd4dcd162,
Training/glioma/Tr-gl_581.jpg,glioma,training,False,22698,3e9c13b57c7935a4c786494f94c84b1f,512,512,L,61d4a4a4aabacac8,
Training/glioma/Tr-gl_582.jpg,glioma,training,False,13656,307b8f2911cbb17752ee53dcb3d18765,512,512,L,b270ccccdcd4f032,
Training/glioma/Tr-gl_583.jpg,glioma,training,False,18250,0ac0daabbcef4ef985709989f2440058,512,512,L,9670e8d8ccd4d868,
Training/glioma/Tr-gl_584.jpg,glioma,training,False,17919,aa62da2a440d80ce2601ee830bf70f5d,512,512,RGB,b270e4c4e4d4f0b2,
Training/glioma/Tr-gl_585.jpg,glioma,training,False,28618,9625b4f65df7e20c471aa7a0287623fc,512,512,RGB,3974d8b4a4ccf8cc,
Training/glioma/Tr-gl_586.jpg,glioma,training,False,18634,e82e86e94a965b81c6a4c11d1d34a7a0,512,512,L,9271c8d0ccc8d071,
Training/glioma/Tr-gl_587.jpg,glioma,training,False,18770,2ef052df74100331a63d82122e11dcca,512,512,L,62e1d0e4ccda6430,
Training/glioma/Tr-gl_588.jpg,glioma,training,False,12979,4671f160696bc18cbe8c091d64d9b997,512,512,L,c4b269cccc69b2c4,
Training/glioma/Tr-gl_589.jpg,glioma,training,False,19850,52b0f688d7ff6bb1b7965775b8e69937,512,512,L,b268e8d4b2e870b2,
Training/glioma/Tr-gl_59.jpg,glioma,training,False,18632,2824238a9e76d945b74666c937c34768,512,512,RGB,b271c4d8d0d4f0b2,
Training/glioma/Tr-gl_590.jpg,glioma,training,False,20342,e205d1260a19db108f1e43d24d207100,512,512,L,b260d4ecb4acb4dc,
Training/glioma/Tr-gl_591.jpg,glioma,training,False,12727,80b9d4b9bebd5a65729c6765288e3bbc,512,512,L,82f060e8f0f070b2,
Training/glioma/Tr-gl_592.jpg,glioma,training,False,14070,dd19ea2087e82d8c03bbf953127b7a71,512,512,L,b070f0d0f0d471b2,
Training/glioma/Tr-gl_593.jpg,glioma,training,False,21060,f73049f8ccb7051247a758e26257c90c,512,512,L,64c2b1a49cd4d461,
Training/glioma/Tr-gl_594.jpg,glioma,training,False,17528,66d3ef94c5b46c49a84743e404c2bd3e,512,512,L,b0ecdc90e8d0e0b2,
Training/glioma/Tr-gl_595.jpg,glioma,training,False,22967,86a91fc13a290538c39ccce0b62088c4,512,512,L,62c9b4b49ce8e0c1,
Training/glioma/Tr-gl_596.jpg,glioma,training,False,16882,27f0ad11ffded4ec0ac8729480489a70,512,512,L,06f0f8d4f0f4e8c9,
Training/glioma/Tr-gl_597.jpg,glioma,training,False,13647,1a6b5da9fd487918a233507f1b8dad75,512,512,L,b270e8e0e0f470b2,
Training/glioma/Tr-gl_598.jpg,glioma,training,False,20622,b0e0a720e50a710eb3157861d4f79b79,512,512,L,71ccd4d4c8e8c9c8,
Training/glioma/Tr-gl_599.jpg,glioma,training,False,17608,ac5b7229b5db68aa56df4e39e9b1e161,512,512,L,b268d4f4d4d4e4e8,
Training/glioma/Tr-gl_6.jpg,glioma,training,False,17408,b564701dea08992f299ee0bd473c9ae2,512,512,L,b0e8c8d8d4f460b2,
Training/glioma/Tr-gl_60.jpg,glioma,training,False,15929,21138193142f10b3040f29957410697f,512,512,L,b070dcf0f0d4f032,
Training/glioma/Tr-gl_600.jpg,glioma,training,False,18608,aa8a9021b6b7be2d68dc6f7eceff15b1,512,512,L,8270d8dcf0b4c8e8,
Training/glioma/Tr-gl_601.jpg,glioma,training,False,25684,7de08ef698d7733186b4fce7f067149a,512,512,L,61dcaca4b2b4c6e0,
Training/glioma/Tr-gl_602.jpg,glioma,training,False,17517,115fa6d3b895649eaa61e9f3f742acfa,512,512,L,b270e4dcdcd4f0b2,
Training/glioma/Tr-gl_603.jpg,glioma,training,False,17107,2bbe3f4aebd49c6fb0e7731af37bee3c,512,512,L,9270c8d4ccd4d469,
Training/glioma/Tr-gl_604.jpg,glioma,training,False,22136,08625c9ac1dd2286c82f4c4dc24c9bb4,512,512,L,b2f8dce8d2e8d8ec,
Training/glioma/Tr-gl_605.jpg,glioma,training,False,19997,4fed17e709820666e38fa94f8d55a7d2,512,512,L,30e8d4d4d4ccd069,
Training/glioma/Tr-gl_606.jpg,glioma,training,False,26109,9a292cee63ac2bdb13cac1f668c8e3bd,512,512,L,61c4bab4b6d490a0,
Training/glioma/Tr-gl_607.jpg,glioma,training,False,18421,a39eb24cb10bae7905242006b79d649f,512,512,L,72e0ccccd0d4e0b0,
Training/glioma/Tr-gl_608.jpg,glioma,training,False,23876,e06f8340ddfabefd009181700ff687e5,512,512,RGB,84b2e8d4f0d4ccd4,
Training/glioma/Tr-gl_609.jpg,glioma,training,False,16671,4d92fb6effe5907ccf8230b7ddfee7e3,512,512,L,b268d4e4f4d471b2,
Training/glioma/Tr-gl_61.jpg,glioma,training,False,24067,3d9dc7c1a1d24e0d278b1346f31a1c0d,512,512,L,61d4f2f0a4f2f6b0,
Training/glioma/Tr-gl_610.jpg,glioma,training,False,20500,5d95e35a46828eb9d97f43a5185fa886,512,512,L,71d8d4d4f8f4ec68,
Training/glioma/Tr-gl_611.jpg,glioma,training,False,21856,49a2651c714689be7f32e777e399783e,512,512,L,61c894f4e4d2d4e1,
Training/glioma/Tr-gl_612.jpg,glioma,training,False,16357,b55616604ecc21cc4814c4879dfb0634,512,512,L,b268d4ccf4c87092,
Training/glioma/Tr-gl_613.jpg,glioma,training,False,18150,4d835918ed402d5bb1a51d3d006e7086,512,512,L,b278f4f8d8ccf0b2,
Training/glioma/Tr-gl_614.jpg,glioma,training,False,17599,92f8c8df61a5063beca97e98f4cb1026,512,512,L,b269d4d4f4dc69b2,
Training/glioma/Tr-gl_615.jpg,glioma,training,False,20986,8c3b11ee012500129d92e2598d95c7d1,512,512,RGB,82f1ecd4ecd4d469,
Training/glioma/Tr-gl_616.jpg,glioma,training,False,14703,f79fcd993b602411a56f939d691c30fb,512,512,L,92f068d4d4d47192,
Training/glioma/Tr-gl_617.jpg,glioma,training,False,17138,7d4bbcafb76fa13873753a131de4f0f4,512,512,L,32f8c8f4d0e86868,
Training/glioma/Tr-gl_618.jpg,glioma,training,False,16712,09493a2724e58b8f92c06e24730186f3,512,512,L,b260e4d0d4fcf0b2,
Training/glioma/Tr-gl_619.jpg,glioma,training,False,20932,ad51ed0dd64869f8176032acf89aa587,512,512,L,62c1e0d8dadcc8c8,
Training/glioma/Tr-gl_62.jpg,glioma,training,False,24053,f8423de0aa4910d78c04820947d6c967,512,512,L,61d4a2f4aca2b220,
Training/glioma/Tr-gl_620.jpg,glioma,training,False,22579,77a288a5380f0cd984ad81fd8658ddb2,512,512,L,71ccd4e8b6d4cc96,
Training/glioma/Tr-gl_621.jpg,glioma,training,False,22824,9dd3afc0e4dff31e5dab4fcc707b42c8,512,512,L,71dca2b2b4c0d0b1,
Training/glioma/Tr-gl_622.jpg,glioma,training,False,20242,a5282c030be02a6081095b71565f0522,512,512,L,b2e8ccd4e4c4e0b2,
Training/glioma/Tr-gl_623.jpg,glioma,training,False,18974,260f3d404a72dfbeb7730303cae923d5,512,512,L,3268d4ccd0c8e869,
Training/glioma/Tr-gl_624.jpg,glioma,training,False,21326,68002f496717563e1c8508244c31b503,512,512,L,e3c0b4e2bcd080e1,
Training/glioma/Tr-gl_625.jpg,glioma,training,False,26311,307c9dddf968cdf121293ab388ef3603,512,512,RGB,71e0ccccb0e0c869,
Training/glioma/Tr-gl_626.jpg,glioma,training,False,21356,4dbdd3a1dd48f9471a9286e07aa234ec,512,512,L,79d4ccccb2c8c8c8,
Training/glioma/Tr-gl_627.jpg,glioma,training,False,20573,ab6affba327cc9d05b9f958aed704d9b,512,512,L,71f4d4ccd0cce869,
Training/glioma/Tr-gl_628.jpg,glioma,training,False,12513,3b53dcbf01d24eabae0bde1e2d903a92,512,512,L,b260e8e4f4f470b2,
Training/glioma/Tr-gl_629.jpg,glioma,training,False,17014,dbbd05a5942d3b8bcf3c2fe6f77a693c,512,512,L,b078d4d4d4d4e972,
Training/glioma/Tr-gl_63.jpg,glioma,training,False,17147,287b053c9ff68e910d12b8febe4281a1,512,512,L,b270e8d4d4c8e0b2,
Training/glioma/Tr-gl_630.jpg,glioma,training,False,16131,fa5221ec785acf4a653b77ea48609fd8,512,512,L,f069d4c8f4d471b2,
Training/glioma/Tr-gl_631.jpg,glioma,training,False,23951,a87e66728823bb120ee181242e7a1de5,512,512,RGB,84b2e8d4f0ccccf4,
Training/glioma/Tr-gl_632.jpg,glioma,training,False,24335,8cf91e71e39d017746a0ab926ee276c4,512,512,L,e1cca4b0b292d2a0,
Training/glioma/Tr-gl_633.jpg,glioma,training,False,16841,e56d467db50569c2a899bed62cddbeeb,512,512,L,b270e8d4d4c8e0b0,
Training/glioma/Tr-gl_634.jpg,glioma,training,False,14915,1778e50cbd86c50909ceb53de9ad30b8,512,512,L,b271c4d4d0d470b0,
Training/glioma/Tr-gl_635.jpg,glioma,training,False,18010,dc09c45f9f2fe668446698d02070409e,512,512,L,84b2e8d4d4ccc8f0,
Training/glioma/Tr-gl_636.jpg,glioma,training,False,17018,9698d84a795c7f5c258d65273a93b453,512,512,RGB,92f1e8f4dc68f082,
Training/glioma/Tr-gl_637.jpg,glioma,training,False,25832,6e1dbd82c3c22a93b1d0ba13c6d4dfdb,512,512,L,61dcb2a2b2d6dac4,
Training/glioma/Tr-gl_638.jpg,glioma,training,False,15488,9c4c6059b63700b713fcb27194250940,512,512,L,20e9dc94d4c87092,
Training/glioma/Tr-gl_639.jpg,glioma,training,False,19804,53d01e530faa0807d05d74ef37ee391c,512,512,L,b064d4d8f8d4dc71,
Training/glioma/Tr-gl_64.jpg,glioma,training,False,23550,3cc951fff3fc1918c6b216f10f6bec60,512,512,L,b0ecd4ecfafac8ec,
Training/glioma/Tr-gl_640.jpg,glioma,training,False,18938,8bf1c529fcd37cf35334f6830b5420d6,512,512,L,9271ccd4cce8d0f8,
Training/glioma/Tr-gl_641.jpg,glioma,training,False,14946,6ae2c707dd020bd5b6896f241a43fe6f,512,512,L,b070c4d4f4fc7082,
Training/glioma/Tr-gl_642.jpg,glioma,training,False,25518,7de28ddd175ce8e2f73abca0f949ba3c,512,512,RGB,b261cce8ccb4ccd4,
Training/glioma/Tr-gl_643.jpg,glioma,training,False,21508,6387646a7c4c4abf0e9a5c63338cc0b6,512,512,L,61c8b0e4c8da62bc,
Training/glioma/Tr-gl_644.jpg,glioma,training,False,21781,49212881af9d8b5c983ee6aa07ea2b00,512,512,L,02e1c8d894b4ccc8,
Training/glioma/Tr-gl_645.jpg,glioma,training,False,18658,5e9e817e097601bbff4805611824815d,512,512,L,70e8d4f4f0e8e9e0,
Training/glioma/Tr-gl_646.jpg,glioma,training,False,32219,82b9f20d86c1b2a21506594e7ef5b0c2,512,512,RGB,78f8d6b4cea4b4b0,
Training/glioma/Tr-gl_647.jpg,glioma,training,False,16815,03fc4997b56f4bcf104da56973d0aa66,512,512,L,72f0ccc8d4d470b0,
Training/glioma/Tr-gl_648.jpg,glioma,training,False,16791,7f34d26d9d2624538565e12e8e5a83f4,512,512,L,20e9c8d4d4c87092,
Training/glioma/Tr-gl_649.jpg,glioma,training,False,18831,bf2f8c4935b5374b9e64d71c3efb7c8e,512,512,L,8671e8c4dcccf4f0,
Training/glioma/Tr-gl_65.jpg,glioma,training,False,16094,c9eec0ed1265314e5ec3876858ec09ae,512,512,L,b270e8c4d4d4f0b2,
Training/glioma/Tr-gl_650.jpg,glioma,training,False,16306,68e5753a075416e59b4e41b9200c198f,512,512,L,9270f8dcdcdcf1b2,
Training/glioma/Tr-gl_651.jpg,glioma,training,False,21267,58f36c5a17a96618e8afef02c717e7b2,512,512,L,63c8b4a6acfac4c0,
Training/glioma/Tr-gl_652.jpg,glioma,training,False,16755,d968953a206cf82e26408ebff5f98fac,512,512,L,32f0d4ccd4d470b0,
Training/glioma/Tr-gl_653.jpg,glioma,training,False,13294,b772861ffc8fdb0a255eb81abc56a41f,512,512,L,92f0e8d4d4cc70b2,
Training/glioma/Tr-gl_654.jpg,glioma,training,False,27768,66033aade58fc367fab8fc23ffdbe1eb,512,512,RGB,f0e8ece8ccccd4f0,
Training/glioma/Tr-gl_655.jpg,glioma,training,False,20617,5831cbec4d76481e95e4c6fc85c5042d,512,512,L,b260c4fcb4b4949e,
Training/glioma/Tr-gl_656.jpg,glioma,training,False,23556,91535c43ea84393d91269c672267db46,512,512,RGB,b260d4d0d4e0c060,
Training/glioma/Tr-gl_657.jpg,glioma,training,False,16518,80a26f1964fd633f4b0edd123b225fdd,512,512,L,72f0ccc8d4d4f4b8,
Training/glioma/Tr-gl_658.jpg,glioma,training,False,17657,4feea5b500b9f8c52ee6e1643a606d68,512,512,L,62e1ccd0d29ce869,
Training/glioma/Tr-gl_659.jpg,glioma,training,False,14103,8c7f90b0bceaf49001a8c12176b0f404,512,512,L,b270c9d4d4dc71b2,
Training/glioma/Tr-gl_66.jpg,glioma,training,False,16237,519675fda27bffdd7348b9b3bdf4eaac,512,512,L,92f0e8d4c8d4d469,
Training/glioma/Tr-gl_660.jpg,glioma,training,False,19754,1776fcead93ab7ca56ade07eaa5b0e56,512,512,L,9261d8d8ccccf079,
Training/glioma/Tr-gl_661.jpg,glioma,training,False,15690,0564fc37bd52b5d06d0de28973b4552a,512,512,L,86b2f8f0c4dcd469,
Training/glioma/Tr-gl_662.jpg,glioma,training,False,16765,6c5adae0e07db98eee06c9c77877911e,512,512,L,b068ccd4e8c8f0b2,
Training/glioma/Tr-gl_663.jpg,glioma,training,False,19150,63510690dedd2215b146dcdfd33672d1,512,512,L,8670c8d4d4f4c8e8,
Training/glioma/Tr-gl_664.jpg,glioma,training,False,26907,81e9fc06819cbb7248933c472b802280,512,512,RGB,b1e8d4c8d0c8d0e8,
Training/glioma/Tr-gl_665.jpg,glioma,training,False,19855,ddf5025a1480a87c6d8ae7d71a18fd9a,512,512,L,b2f8dcd0dcd8d069,
Training/glioma/Tr-gl_666.jpg,glioma,training,False,19534,4be69c4c78de1d1bbffbd31ac8d251ef,512,512,L,b260ccdcd4e86868,
Training/glioma/Tr-gl_667.jpg,glioma,training,False,22474,eca977163cf264858263f93b2958f40a,512,512,L,61d4fad094f2f4f4,
Training/glioma/Tr-gl_668.jpg,glioma,training,False,23988,0ad45157a9825c38b6360edde5c9bb47,512,512,L,61e0e0e8b094d4d0,
Training/glioma/Tr-gl_669.jpg,glioma,training,False,14110,daa7fb083d4fe03e063fbf880fb99af7,512,512,L,22e0ccc0cc92d2d1,
Training/glioma/Tr-gl_67.jpg,glioma,training,False,18191,5b97cb315b983e3cc4774632ea5e9ff6,512,512,L,8660d8d0d4d4d869,
Training/glioma/Tr-gl_670.jpg,glioma,training,False,21436,9433d5c0128eff59347c21e764fb2402,512,512,L,71d4d4f0d4cce8fc,
Training/glioma/Tr-gl_671.jpg,glioma,training,False,27104,d7e5c8ce57868d46ea5c5fb69511bcc6,512,512,L,63c4b8eac096c3c8,
Training/glioma/Tr-gl_672.jpg,glioma,training,False,17222,4c291fd7779b8a3f9815294da8297615,512,512,L,b268ccd4f0f471b2,
Training/glioma/Tr-gl_673.jpg,glioma,training,False,25299,4075e16d119630822e97e0462cf29abc,512,512,RGB,b268d4cce0f8ec64,
Training/glioma/Tr-gl_674.jpg,glioma,training,False,17131,7a4f39b295031208e20c9362c015d8b8,512,512,L,b270dcc8d4d4f032,
Training/glioma/Tr-gl_675.jpg,glioma,training,False,15725,8613aba074a6c366c4a02d0c6c08a23b,512,512,L,b269d4f4f4c470b2,
Training/glioma/Tr-gl_676.jpg,glioma,training,False,26724,7c1b28459f3c60083c4b502777f2763a,512,512,L,e1d4a4c0b4c4d8d0,
Training/glioma/Tr-gl_677.jpg,glioma,training,False,33025,f7411a359d59b5a346e465704184a9d2,512,512,RGB,78d8f6f488eae4f4,
Training/glioma/Tr-gl_678.jpg,glioma,training,False,16855,ccc771113b20172212376e2884440c72,512,512,L,30e8d4e8d4ccd0f1,
Training/glioma/Tr-gl_679.jpg,glioma,training,False,21409,473f42113dd735b74cfce2f376370f1c,512,512,L,70d8f4f0d0c8d8d8,
Training/glioma/Tr-gl_68.jpg,glioma,training,False,11290,ca0d6da297cfc274f7aef2ee475f0806,512,512,L,82f069d4d470b082,
Training/glioma/Tr-gl_680.jpg,glioma,training,False,15059,4183033dc7c9a925581163c35d36b016,512,512,L,86b0f8ccecd4e8e9,
Training/glioma/Tr-gl_681.jpg,glioma,training,False,17713,bd065d667e04492364c5b85e354da8c8,512,512,L,86f069d0c8d4d862,
Training/glioma/Tr-gl_682.jpg,glioma,training,False,18802,89ba23fe41dfa273a04a251a89cd7a52,512,512,L,b0e8d4e0d4cac8c4,
Training/glioma/Tr-gl_683.jpg,glioma,training,False,25211,162c28a823a5477a94ff99181d77dd0d,512,512,RGB,b271e8d4d4c8d4d4,
Training/glioma/Tr-gl_684.jpg,glioma,training,False,18101,58290d074b9772bc7ad54b4931dda423,512,512,L,82f168ecd4cce870,
Training/glioma/Tr-gl_685.jpg,glioma,training,False,20176,f3b2d5414ab865abe927878166b5cedf,512,512,L,62c1dce4dcd8c4c9,
Training/glioma/Tr-gl_686.jpg,glioma,training,False,16144,b0046a0582bb23eee9392157aec56043,512,512,L,f279d4d8f0e878b2,
Training/glioma/Tr-gl_687.jpg,glioma,training,False,36656,af2e028de16e3aa5172e27f1036ed7f3,512,512,RGB,78c6b2d8b092ccec,
Training/glioma/Tr-gl_688.jpg,glioma,training,False,25365,22e2a516a1ff86b23eff48c6b06e2a56,512,512,L,e3c0a4aaa8b4d4c0,
Training/glioma/Tr-gl_689.jpg,glioma,training,False,17534,d857ae841f5ca6b68a6b4c3f3af611bc,512,512,L,b269cccaf2e4f0b2,
Training/glioma/Tr-gl_69.jpg,glioma,training,False,23411,3d588df88b7884de29c9ba9bfea9772e,512,512,L,71c494eae6b29ac8,
Training/glioma/Tr-gl_690.jpg,glioma,training,False,23823,86a35fd1c4c78d1aeb02efb20504dc6e,512,512,L,62c1c0f4ccc46469,
Training/glioma/Tr-gl_691.jpg,glioma,training,False,23515,b4cad0f3f314a07673d15272fe02cd97,512,512,L,63c98ca694e4c0d0,
Training/glioma/Tr-gl_692.jpg,glioma,training,False,21274,26bd9272fda0655e506d15344b897444,512,512,L,32f9d4f0d4d4e0c9,
Training/glioma/Tr-gl_693.jpg,glioma,training,False,17834,413fd786fbc8ac5f8ba5679742f54b3a,512,512,L,483261c4b2a4a8b2,
Training/glioma/Tr-gl_694.jpg,glioma,training,False,14026,6ee9a4ede9268d3458c907efee136fb9,512,512,L,92704dd4497170d9,
Training/glioma/Tr-gl_695.jpg,glioma,training,False,15983,dd4e329c8e317ae22be23f255ad9999f,512,512,L,b2f0d0c8ccd470b2,
Training/glioma/Tr-gl_696.jpg,glioma,training,False,28172,d83372a9fc9f10a01b8db6337f98e4fc,512,512,RGB,92f0c4d2d4c8a4d4,
Training/glioma/Tr-gl_697.jpg,glioma,training,False,19399,14fbeefc32e6ec24062e8ed3e340daa9,512,512,L,32e8c4e4e8e86969,
Training/glioma/Tr-gl_698.jpg,glioma,training,False,16331,8c87b3e5ae3a10e1f4d8b1fd3adf419d,512,512,L,62c19094c49498c8,
Training/glioma/Tr-gl_699.jpg,glioma,training,False,19776,3f792368ccbbe6efba94412408127b53,512,512,L,70d8ece8f4c8d8d0,
Training/glioma/Tr-gl_7.jpg,glioma,training,False,17069,7fa0d59bc49f8014f3e8a17721d5e61d,512,512,L,92f0e8d4ccd4d469,
Training/glioma/Tr-gl_70.jpg,glioma,training,False,16182,fd3303aef1586194904306672bc42d95,512,512,L,b060d4e8e4d4f032,
Training/glioma/Tr-gl_700.jpg,glioma,training,False,15617,3c7c5f31b6f2a0afb81d39716bf5b82f,512,512,L,b270d8d8e4e87092,
Training/glioma/Tr-gl_701.jpg,glioma,training,False,18940,0a95cdaf8fea811b575359b57c6588f2,512,512,L,72e0dcc8d0e8c454,
Training/glioma/Tr-gl_702.jpg,glioma,training,False,17490,e7c911268d48c6538a3f543bd8f7b3ad,512,512,RGB,b2f0e4d4d4e8f092,
Training/glioma/Tr-gl_703.jpg,glioma,training,False,15118,3bc668a772d84c03194c6e395f23fb0e,512,512,L,92e0e8c4d4cc78b0,
Training/glioma/Tr-gl_704.jpg,glioma,training,False,18324,9932387a7271a5dae468881afaffd45c,512,512,L,b2f0ccc8d4d4f1b2,
Training/glioma/Tr-gl_705.jpg,glioma,training,False,16112,54aeb69aeac8a86a8d4eee43172ef363,512,512,L,71e0ccd4d4ec7868,
Training/glioma/Tr-gl_706.jpg,glioma,training,False,21658,317f91a1f4e40efd51619f8c031ffbf9,512,512,RGB,b269d4d4f0d468b2,
Training/glioma/Tr-gl_707.jpg,glioma,training,False,15026,24058d91614884d998c1afc1c1b02e17,512,512,L,b269dcccd4d471b2,
Training/glioma/Tr-gl_708.jpg,glioma,training,False,18001,76f39b6a958e60cac40377b2bb576ff8,512,512,L,b070ccf4f0d4e872,
Training/glioma/Tr-gl_709.jpg,glioma,training,False,13837,d048af0d1178eecb14d2e4899521ee11,512,512,L,92b16cd4d468f082,
Training/glioma/Tr-gl_71.jpg,glioma,training,False,23552,4f220d99b8449978416f08991a26d07f,512,512,L,71ccd4e8b2d4dc96,
Training/glioma/Tr-gl_710.jpg,glioma,training,False,20888,bce53b2bfee388abf2ea58d70d1e1ace,512,512,L,71ccccccb0d8ccf8,
Training/glioma/Tr-gl_711.jpg,glioma,training,False,11028,5e3d548f792371054b141ab4528aac27,512,512,L,9270d8d4d4f87082,
Training/glioma/Tr-gl_712.jpg,glioma,training,False,18364,742b39c931a375a3b56a778f6c33aca0,512,512,L,9271c8d4ccd4d46c,
Training/glioma/Tr-gl_713.jpg,glioma,training,False,25969,3bae9562b51d795c89ce929089fe5846,512,512,L,63c984e8a4949088,
Training/glioma/Tr-gl_714.jpg,glioma,training,False,15707,fe1aec32510c44c40283c2c4f0bbddb4,512,512,L,b068ccc8d0d471b2,
Training/glioma/Tr-gl_715.jpg,glioma,training,False,17285,1bf51772a5326f521311eb453a184445,512,512,L,b270e0d4dcd4f0b2,
Training/glioma/Tr-gl_716.jpg,glioma,training,False,15625,6549c7ef372b971f4b68f18d873c08e2,512,512,L,9269ecf4f0c47092,
Training/glioma/Tr-gl_717.jpg,glioma,training,False,15427,1c6dcbbdbea0a5780b8b8509418b09f8,512,512,L,c4b269d4d4c47192,
Training/glioma/Tr-gl_718.jpg,glioma,training,False,20533,e57b3a19f63eb2e03f4ec0c478b2be28,512,512,L,b2e0d4dce8e86c68,
Training/glioma/Tr-gl_719.jpg,glioma,training,False,16081,357400aba8fa5dfdcc3095e406e6195d,512,512,L,b270d8e8e8e870b2,
Training/glioma/Tr-gl_72.jpg,glioma,training,False,18574,376d9e80980171bf6b0b86c8f376cf4b,512,512,L,86f0e8c4dce8f0d4,
Training/glioma/Tr-gl_720.jpg,glioma,training,False,29150,04479415c6e15c3efc43026253453db7,512,512,RGB,79d4d298aaaab4fc,
Training/glioma/Tr-gl_721.jpg,glioma,training,False,29820,8fc35082e01f14c577eb68f3336b4ec8,512,512,RGB,396cdadacef2dc74,
Training/glioma/Tr-gl_722.jpg,glioma,training,False,16648,5a0a2611a23abe3972e56abe4ec98ddb,512,512,L,8270d8dcf4b0cce9,
Training/glioma/Tr-gl_723.jpg,glioma,training,False,22135,de93c79e40d3265c49aa78362c4c38df,512,512,L,71ccd4f4f0e8cc8e,
Training/glioma/Tr-gl_724.jpg,glioma,training,False,14770,664248ccd51c9e3e82f7b86a9e1a5122,512,512,L,8cb270c8c8d4d469,
Training/glioma/Tr-gl_725.jpg,glioma,training,False,22007,3cc58d926b7dc6b94a2e82ca5afe4f7a,512,512,RGB,0978e4d2c6d4d0f2,
Training/glioma/Tr-gl_726.jpg,glioma,training,False,19016,02b75b946ab30111002e52c2570d6736,512,512,L,71d0d4d4f0ccec79,
Training/glioma/Tr-gl_727.jpg,glioma,training,False,15453,60e72395e6f60f4f73df057bd7519f71,512,512,L,7269dcdcd4d479b2,
Training/glioma/Tr-gl_728.jpg,glioma,training,False,19776,143148ed6d625c2f99e280a774bf9944,512,512,L,b271dcf4ccccd0c0,
Training/glioma/Tr-gl_729.jpg,glioma,training,False,18383,8c895e1b0ee6e544b6cb005eea00939b,512,512,L,22e1c8d4c4cc7461,
Training/glioma/Tr-gl_73.jpg,glioma,training,False,16487,e11f4f03979f9b6f8b509d0d4877a0f3,512,512,L,b268d4d4d4d4d4fc,
Training/glioma/Tr-gl_730.jpg,glioma,training,False,16549,33ec647ad18383eb27639ebbe0ebc188,512,512,L,b271e8d4f4ec71b2,
Training/glioma/Tr-gl_731.jpg,glioma,training,False,23765,1eb74672542a70c5d2057c27ef13366c,512,512,L,61c48cf6b0acc0c0,
Training/glioma/Tr-gl_732.jpg,glioma,training,False,20257,3090d83a99e08bf14c568f547f6550b7,512,512,L,b268cce8e8f2d4d4,
Training/glioma/Tr-gl_733.jpg,glioma,training,False,18835,07d9cdcfd8cd2efb8bc41015f4188fc3,512,512,L,b270ccd4ccd4d478,
Training/glioma/Tr-gl_734.jpg,glioma,training,False,24388,821d28091781dcfceee4b5a005ac2806,512,512,RGB,b2e0ecd0d0d479b2,
Training/glioma/Tr-gl_735.jpg,glioma,training,False,17303,b7aec4ac0eafa67a488e04c257d09395,512,512,L,f069d4d4c0fc7092,
Training/glioma/Tr-gl_736.jpg,glioma,training,False,16561,292f0197ef5e24617f6f00e2a729bd4e,512,512,L,b268d4d4dc6868c9,
Training/glioma/Tr-gl_737.jpg,glioma,training,False,18732,7cfac01181875d27050a700d8fcf380c,512,512,L,2261c4f0b294d440,
Training/glioma/Tr-gl_738.jpg,glioma,training,False,19943,a12c393562829ea13e650d24fe8dda14,512,512,L,70e8ccd4dcc8f069,
Training/glioma/Tr-gl_739.jpg,glioma,training,False,16933,b68d74631eccb114f0408916252aba95,512,512,L,b269d4d4f4dc69b2,
Training/glioma/Tr-gl_74.jpg,glioma,training,False,19855,20e3be76b083bcadf7381ae693d95fff,512,512,L,8270e8d4ccc4f4e8,
Training/glioma/Tr-gl_740.jpg,glioma,training,False,18578,ad0dbfa4512e7e3c69975fc1b8540ba7,512,512,RGB,84b2e1c8ccd4d470,
Training/glioma/Tr-gl_741.jpg,glioma,training,False,19216,8a23676aa4bb8f5f72d7f9334307853c,512,512,L,b270e8d8ccf4d8e8,
Training/glioma/Tr-gl_742.jpg,glioma,training,False,26320,b21fa327319e03aa25863f2b8c87c6ab,512,512,RGB,71e0d4d4e0c0c861,
Training/glioma/Tr-gl_743.jpg,glioma,training,False,28492,3fee261120a228a78372cc573d234605,512,512,L,e1d0b0ecb2b4ccd0,
Training/glioma/Tr-gl_744.jpg,glioma,training,False,19279,30098901b369f6eac1f2648d416e3f19,512,512,L,70ecd4f8d0ccecfc,
Training/glioma/Tr-gl_745.jpg,glioma,training,False,21071,554ef94643c8842fa5972111c3c11a05,512,512,L,32e8dcd8b2e8e8f8,
Training/glioma/Tr-gl_746.jpg,glioma,training,False,20394,7f9b1705bd70097b93356381a113807e,512,512,L,4c22e1d4a2a0b494,
Training/glioma/Tr-gl_747.jpg,glioma,training,False,14748,299af2882977ad395a0307b1e8dee1aa,512,512,L,82f06cd4dccd6062,
Training/glioma/Tr-gl_748.jpg,glioma,training,False,19506,9e4aaee7dd9354b7b7b79c2b2653fcf7,512,512,L,9661c8f4cadc6438,
Training/glioma/Tr-gl_749.jpg,glioma,training,False,18548,20cfbfc54e13f2ebdcb96fe6abf21f8b,512,512,L,4822e1d4b2a4a2b2,
Training/glioma/Tr-gl_75.jpg,glioma,training,False,13182,dd41b1f1b7dcc99b924193d719a6f67b,512,512,L,72c8d4d4f0d479b2,
Training/glioma/Tr-gl_750.jpg,glioma,training,False,13696,17115a935268063ba14abcf23c703f98,512,512,L,b260e9ccccd4f032,
Training/glioma/Tr-gl_751.jpg,glioma,training,False,20357,2c642dbed7515026f7a3d6fa38a18cce,512,512,L,12f1d8f4c4da6a7c,
Training/glioma/Tr-gl_752.jpg,glioma,training,False,18398,a16b74c7f85a0555a7b0bcc90f52a259,512,512,L,32e0c8f08ce8f4d4,
Training/glioma/Tr-gl_753.jpg,glioma,training,False,18260,1145e290a3bdb587613f11aee044f19b,512,512,L,84f0f8e8c4c8f474,
Training/glioma/Tr-gl_754.jpg,glioma,training,False,24010,9aa0c7d1936141407dbbff90159f8f1d,512,512,L,61d4a6e2e6a0b0b0,
Training/glioma/Tr-gl_755.jpg,glioma,training,False,19712,102fac7b189a8b593c337c981b232dde,512,512,RGB,b279c4c8c8d470b2,
Training/glioma/Tr-gl_756.jpg,glioma,training,False,19473,0d4deb8ecc54c7c811a835bce899140d,512,512,L,b0f8d0e4d4ec7c78,
Training/glioma/Tr-gl_757.jpg,glioma,training,False,23826,a9247e48978a94a56cf5e447f5a0a584,512,512,L,63d0b4d2a4a8e4e4,
Training/glioma/Tr-gl_758.jpg,glioma,training,False,15639,3e14859f20601e1dc80f50b022c4eab0,512,512,L,c4b269d4d4e9f284,
Training/glioma/Tr-gl_759.jpg,glioma,training,False,18344,0521202c9abf0e2361f8484c473943e6,512,512,L,0461c4e4d894d0e4,
Training/glioma/Tr-gl_76.jpg,glioma,training,False,23730,0ad3cea0fcc79d7584ed9a7ab8728980,512,512,RGB,70e8d4d4d4e8e8e8,
Training/glioma/Tr-gl_760.jpg,glioma,training,False,24825,e95b35e5d766c4d3c04a6526a9bdea9c,512,512,L,e1b0a85a4656ceec,
Training/glioma/Tr-gl_761.jpg,glioma,training,False,32696,9296c20bf944c7cd672ae9548ebd9433,512,512,RGB,79f8d0c8d6d6d4fc,
Training/glioma/Tr-gl_762.jpg,glioma,training,False,24647,64c550d5945cbf07df361c97441bb349,512,512,RGB,71e8ccd4d4ccf068,
Training/glioma/Tr-gl_763.jpg,glioma,training,False,21719,0ff5e4035be00123d3c41af5c5b62f7d,512,512,L,62c1b4a48cd0e461,
Training/glioma/Tr-gl_764.jpg,glioma,training,False,19426,27b5212f50671078e62cf18e73a17ba5,512,512,L,b069e8ccb0f0e832,
Training/glioma/Tr-gl_765.jpg,glioma,training,False,21577,307079307e57908cf57cbdbc2386df23,512,512,L,8063d9e4d4542df9,
Training/glioma/Tr-gl_766.jpg,glioma,training,False,20683,de2c18eb8bfa5a6760ba6e470d281530,512,512,L,71c8d4e8b6ecc8cc,
Training/glioma/Tr-gl_767.jpg,glioma,training,False,21646,55244c967c30e1a15a672ea0dde0b26d,512,512,L,b1ecd4c4d0e86878,
Training/glioma/Tr-gl_768.jpg,glioma,training,False,18962,591eb72af646c15edc6c91f9fc2c2273,512,512,L,b270c4ccf0f0ccd4,
Training/glioma/Tr-gl_769.jpg,glioma,training,False,13810,864d978a8ac097603ab3b5b09963266c,512,512,L,b078d4f4f0c87082,
Training/glioma/Tr-gl_77.jpg,glioma,training,False,18087,aed826f600d0ddb6ac1f3a6048f066c5,512,512,L,b271e4d8ccc8f0c8,
Training/glioma/Tr-gl_770.jpg,glioma,training,False,17237,ab45378700fe36701faa1fef4c472403,512,512,L,b269d4d47970e8b8,
Training/glioma/Tr-gl_771.jpg,glioma,training,False,23735,759df33be6135881eb3f4c5ed44764eb,512,512,L,f299d4ec8aaaee5c,
Training/glioma/Tr-gl_772.jpg,glioma,training,False,24134,c17b18ec505488e1b419739e0a568d73,512,512,L,f1d4e2f692f2d0b0,
Training/glioma/Tr-gl_773.jpg,glioma,training,False,15029,89f113a43bebeba00cc53d9fe656b889,512,512,L,b2e1d8dcd4c4f132,
Training/glioma/Tr-gl_774.jpg,glioma,training,False,15320,750200138eb8490262397857e3291fa3,512,512,L,b268d4ecd4d4f8b2,
Training/glioma/Tr-gl_775.jpg,glioma,training,False,13728,554379dd45137b6e06981f80eb46874c,512,512,L,84f2e9d4d4d4f1b2,
Training/glioma/Tr-gl_776.jpg,glioma,training,False,21131,8aabeeaa11a91d0a23859e96603f51ff,512,512,L,66c1a0c0a8e9c9c1,
Training/glioma/Tr-gl_777.jpg,glioma,training,False,15672,655dfef8eada4225da03b47baa685689,512,512,L,b2f0d0c8d0d470b2,
Training/glioma/Tr-gl_778.jpg,glioma,training,False,22654,9790913f6fad6eb81c007eca925b8fba,512,512,L,61d0b2e6b4d2f2a0,
Training/glioma/Tr-gl_779.jpg,glioma,training,False,22946,0dcaf64e81f7cffb97a671ef720c31b4,512,512,L,62d1b0b4a89af4d1,
Training/glioma/Tr-gl_78.jpg,glioma,training,False,13769,e97a685853960e98735380116011e207,512,512,L,b270f0d0f4f470b2,
Training/glioma/Tr-gl_780.jpg,glioma,training,False,22815,2fe2f2e4c9923838fcc16957f72aa69b,512,512,RGB,8279e9f4c9a9f3e4,
Training/glioma/Tr-gl_781.jpg,glioma,training,False,19690,3d1051c4429fcb8cd0e70b5c31f169ca,512,512,L,63c0d4f0bcf0d0b0,
Training/glioma/Tr-gl_782.jpg,glioma,training,False,15928,4dcabe886f99ea03f42b10066b9f3503,512,512,RGB,b4f061d4d4c07092,
Training/glioma/Tr-gl_783.jpg,glioma,training,False,16531,895ef0bdd93ffa7f0f39f8ae84fa6c5e,512,512,L,02b068ecd4ccf870,
Training/glioma/Tr-gl_784.jpg,glioma,training,False,17584,81e03ce6475bcd2e45abef5cd364b486,512,512,L,8270e8d4d4e8e869,
Training/glioma/Tr-gl_785.jpg,glioma,training,False,20105,c68bd36a49ec513f06b6eb9ab2ea875d,512,512,L,9271ccf4d4c8e8e8,
Training/glioma/Tr-gl_786.jpg,glioma,training,False,14097,7e73b54c99ab247838a4aa04665bd666,512,512,L,84b269d4d1697179,
Training/glioma/Tr-gl_787.jpg,glioma,training,False,15743,cfb5cb9f53f46737420e74f4f0c16b83,512,512,L,b260d4d4e4d0e0b2,
Training/glioma/Tr-gl_788.jpg,glioma,training,False,20683,d467ac4acda6799e2bbe7bb684e63867,512,512,L,0661d4b4a6bcf2d4,
Training/glioma/Tr-gl_789.jpg,glioma,training,False,15141,0f4951fff76e16356ab414e791d543b3,512,512,L,b07cccc4b4ece092,
Training/glioma/Tr-gl_79.jpg,glioma,training,False,14147,0de098f307418b70837200926f2a1ce8,512,512,L,72e9d4d4d4c471b2,
Training/glioma/Tr-gl_790.jpg,glioma,training,False,14896,ad1aa3a0367d5de069cd5d51139422fa,512,512,L,b270e8d0d4f870b2,
Training/glioma/Tr-gl_791.jpg,glioma,training,False,13529,4d12bdcef8dfedc93699df7371e0a1d2,512,512,L,e88270d4d4d46969,
Training/glioma/Tr-gl_792.jpg,glioma,training,False,18165,8e031b000cd14ea84b1daee88c91c4d7,512,512,RGB,b2f0c8c4d4dcf0b0,
Training/glioma/Tr-gl_793.jpg,glioma,training,False,14551,6ac1fcadb3ada577b281905f878f152a,512,512,L,b270ecd4d4c4f032,
Training/glioma/Tr-gl_794.jpg,glioma,training,False,24661,d9bd436d416ec3197eaf52e28113db19,512,512,L,e1cca4a2a4b49498,
Training/glioma/Tr-gl_795.jpg,glioma,training,False,11864,057dc837e3d9f5c23473dcb95dca653e,512,512,L,ccb270d8d4f8f084,
Training/glioma/Tr-gl_796.jpg,glioma,training,False,18532,de604ae3237e97e1694314ddcb595588,512,512,L,84f0e8d4ccd4d4d4,
Training/glioma/Tr-gl_797.jpg,glioma,training,False,14127,de15230e3b22b6e42ffc94fd76562109,512,512,RGB,92f068e4d460b0c4,
Training/glioma/Tr-gl_798.jpg,glioma,training,False,28926,25fbd63ae53c2c19f5b79f88ec8614d3,512,512,RGB,78d08cb498a6f4bc,
Training/glioma/Tr-gl_799.jpg,glioma,training,False,21388,fd2869efe75bf910210d02bf62285173,512,512,L,62c1b0b49cecc9c0,
Training/glioma/Tr-gl_8.jpg,glioma,training,False,22885,dc23ef2c935864862571da26847a0184,512,512,RGB,84b2e8d4d0d4ece8,
Training/glioma/Tr-gl_80.jpg,glioma,training,False,14459,634178fa20ef174bd2c37b836b0e87e2,512,512,RGB,84f070e0f0f070b2,
Training/glioma/Tr-gl_800.jpg,glioma,training,False,17820,724ca7ef1c3c53c13b590a2a27219229,512,512,L,31f8d4e8e8c8ccc8,
Training/glioma/Tr-gl_801.jpg,glioma,training,False,21640,5760e50a80cc535448bc8fecc9008e62,512,512,L,66c1c9c098e9c9e2,
Training/glioma/Tr-gl_802.jpg,glioma,training,False,20676,cea3b92a6ea997bef52848858c9e1e6a,512,512,L,b0e8d4e8dab2ccec,
Training/glioma/Tr-gl_803.jpg,glioma,training,False,18221,8d6ca53b64a141ad6ab16487bf6801f6,512,512,L,84b2e9d4ccdcd46c,
Training/glioma/Tr-gl_804.jpg,glioma,training,False,18141,2e122430f4f93bb996aee9d8158c5031,512,512,L,8261d0d0d4f0f0d4,
Training/glioma/Tr-gl_805.jpg,glioma,training,False,18636,97beb27768c3cbbe4b3a443a1e7caa5a,512,512,L,71ccd0f0f0ccc8c8,
Training/glioma/Tr-gl_806.jpg,glioma,training,False,34627,1733b3268650cb37967c45f1820f58fd,512,512,RGB,78dcb2e8f2d6e4f0,
Training/glioma/Tr-gl_807.jpg,glioma,training,False,14474,80394613e935ab12286131d4856182d4,512,512,L,92f16cd0d4d471b2,
Training/glioma/Tr-gl_808.jpg,glioma,training,False,20388,c275bdffcd4ae20166d9cc83cb77b043,512,512,L,32f1c4e4f8d0e169,
Training/glioma/Tr-gl_809.jpg,glioma,training,False,17963,92c0e1084c73ce27244813986d752e0c,512,512,L,b268dcd8ccd470b2,
Training/glioma/Tr-gl_81.jpg,glioma,training,False,20117,66b218ec1d7bcaf1327921bc13546f70,512,512,L,22e1d4f0dcd4c4d1,
Training/glioma/Tr-gl_810.jpg,glioma,training,False,15839,8d64cdf7868a027a155e061abaec1f7b,512,512,L,f0e8d8d4f4d4f0b2,
Training/glioma/Tr-gl_811.jpg,glioma,training,False,22208,a7b33238be0f228987b8b1ada94ff414,512,512,L,63c08c86f68af0e4,
Training/glioma/Tr-gl_812.jpg,glioma,training,False,14939,3165fd58402f1d476f3f7eeb08f2dcac,512,512,L,b271dce4f4d4f032,
Training/glioma/Tr-gl_813.jpg,glioma,training,False,23310,8877bc54e2d170b015cdfdc115531931,512,512,L,32e0ccd4ece2c86c,
Training/glioma/Tr-gl_814.jpg,glioma,training,False,13876,46fb07e328b2f851b5ff37470e456738,512,512,L,9af0ecd4f4e87084,
Training/glioma/Tr-gl_815.jpg,glioma,training,False,17018,a3f950131bb3c1e40cd8b708fc392df6,512,512,L,b270e0d4dcd470b2,
Training/glioma/Tr-gl_816.jpg,glioma,training,False,18170,2354cb16a68f5090afa712cb215aa971,512,512,L,84b2e0d4d0f4ecd4,
Training/glioma/Tr-gl_817.jpg,glioma,training,False,16139,7e16916b675e4070bbae158a7eba4cb8,512,512,L,b278dcccd4d4f032,
Training/glioma/Tr-gl_818.jpg,glioma,training,False,12263,2aae8c0877c9f270705088e344b4e2f4,512,512,L,9270e9d4d4ccf0b2,
Training/glioma/Tr-gl_819.jpg,glioma,training,False,25841,f4e16f4fb62fd13fd57fb3e4594483e0,512,512,RGB,441b78d4b2fad2d4,
Training/glioma/Tr-gl_82.jpg,glioma,training,False,16718,90d87ea6b3bffd0a04a6c3f7ce4ecad8,512,512,L,b268ccecf0cc7092,
Training/glioma/Tr-gl_820.jpg,glioma,training,False,20462,563ec8327d1b171dd58aaf738e2dec3e,512,512,L,70d4d4e0f0e8e8ec,
Training/glioma/Tr-gl_821.jpg,glioma,training,False,10943,ed9328ea9a16c7e89f4b650e22c8243b,512,512,L,82f0f0e4f071f1b9,
Training/glioma/Tr-gl_822.jpg,glioma,training,False,17905,fe5a94e4016d3f43f89d9276b850f664,512,512,L,b264d4d4d8d4d471,
Training/glioma/Tr-gl_823.jpg,glioma,training,False,25556,a1d9d070968e97029aee04e6b4164acf,512,512,RGB,b2d9d4e4f0d0d471,
Training/glioma/Tr-gl_824.jpg,glioma,training,False,28164,230a4fcaa1d0ec811856efabc1813da4,512,512,RGB,71ccc4d4f0eccc68,
Training/glioma/Tr-gl_825.jpg,glioma,training,False,20759,454aa28bf5ed3c49a10fe0cc47ca93c0,512,512,L,65e2d1c098edc9e2,
Training/glioma/Tr-gl_826.jpg,glioma,training,False,15215,12fa51a777f6839e439f9ef0e48f24ac,512,512,L,b261d4ece4d4f0b2,
Training/glioma/Tr-gl_827.jpg,glioma,training,False,14793,02727914e9d2298c69a1661558686377,512,512,L,92f168cce4d0f0b2,
Training/glioma/Tr-gl_828.jpg,glioma,training,False,16695,911902c1cbc8f2b6143914be24fdea5f,512,512,L,82f9ecd8d8ccc8d4,
Training/glioma/Tr-gl_829.jpg,glioma,training,False,20357,cc9c94c4fd024a1bfe79a506f5c20750,512,512,L,32e8dcf0b4a4d0f0,
Training/glioma/Tr-gl_83.jpg,glioma,training,False,18744,c20ff03ed70840fd56281e3bb9b0496b,512,512,L,2261c4f09290d8d0,
Training/glioma/Tr-gl_830.jpg,glioma,training,False,15800,311510d98b6a624c999e8c445ba06b77,512,512,L,86b068d0d8ccc8d4,
Training/glioma/Tr-gl_831.jpg,glioma,training,False,17512,713d10af60419d343b3ca477e87524d4,512,512,L,480661ccb2b4a8d2,
Training/glioma/Tr-gl_832.jpg,glioma,training,False,15865,ab977541f2124b2fe751a39c01ed947a,512,512,L,b279ccdcccdcd96a,
Training/glioma/Tr-gl_833.jpg,glioma,training,False,19698,ce8e5ff0aa2e21680f401119b198a05b,512,512,L,86b0e8d4e0d4ccc8,
Training/glioma/Tr-gl_834.jpg,glioma,training,False,17935,71d4d956354f59f2247a08961a5e9025,512,512,L,8271c4e4ecd8f0e9,
Training/glioma/Tr-gl_835.jpg,glioma,training,False,15436,0124b09ce26b59ed44b81e571e709e39,512,512,L,70d8d4a4b4d470b2,
Training/glioma/Tr-gl_836.jpg,glioma,training,False,16755,65f2268bfe8d0fe1388cd6bff3702ecf,512,512,L,b268dcecf4d4f032,
Training/glioma/Tr-gl_837.jpg,glioma,training,False,25425,51e080f025a4adde914274471abb2aff,512,512,RGB,b2e8d4d4d4ccc4ec,
Training/glioma/Tr-gl_838.jpg,glioma,training,False,17451,ec6e715ff8659036248849c5ea0c6aa9,512,512,L,70e8d4f4d0e8c9f0,
Training/glioma/Tr-gl_839.jpg,glioma,training,False,23025,87c7860a92483f4a1b98cf1599427cbf,512,512,RGB,b2e0e4e0d4cce070,
Training/glioma/Tr-gl_84.jpg,glioma,training,False,14190,4b4f19739a3146923747e1a5ac0b5b57,512,512,L,b070e0c8f0f471b2,
Training/glioma/Tr-gl_840.jpg,glioma,training,False,14738,c721f9a37840cb46e868280584ded160,512,512,L,b270d8b4d4dc71b2,
Training/glioma/Tr-gl_841.jpg,glioma,training,False,20635,62628abbf8b18f30b350098557468aae,512,512,L,72f8d4d4b4a4e8f8,
Training/glioma/Tr-gl_842.jpg,glioma,training,False,13495,1ac5297ac63d949c1bb5a80f8fde1cbb,512,512,L,b270c8ccccdcf0b2,
Training/glioma/Tr-gl_843.jpg,glioma,training,False,18833,cf20dc19e7bfe5fe0d5ab5ff16325da3,512,512,L,8470e8d4d4d4c8f0,
Training/glioma/Tr-gl_844.jpg,glioma,training,False,15219,e6a855033b5d8d5f32159d08822aed64,512,512,L,b271d0ccd0d470b2,
Training/glioma/Tr-gl_845.jpg,glioma,training,False,18645,8d60a7a1b074ef370aea057b72feca03,512,512,L,b271ccd8d4e8d0f0,
Training/glioma/Tr-gl_846.jpg,glioma,training,False,21675,a22d2c807b71f88d8d550b2e7ae39797,512,512,L,71d4d4d4b0f0ccd8,
Training/glioma/Tr-gl_847.jpg,glioma,training,False,20860,b9f11518430a3df60225f3760646eeb7,512,512,L,72c8d4c4f0ccec70,
Training/glioma/Tr-gl_848.jpg,glioma,training,False,17842,88fcdd44f4cc5a5ef40c5323f758b69e,512,512,L,70ccd4e8d4e8ccd8,
Training/glioma/Tr-gl_849.jpg,glioma,training,False,16407,2f6b81c63334c9436114d3dfad637324,512,512,L,9269c8ccf0e87192,
Training/glioma/Tr-gl_85.jpg,glioma,training,False,22031,25da6db9607717224c19c3a63f3e1ac3,512,512,L,9270dcb494ecdad4,
Training/glioma/Tr-gl_850.jpg,glioma,training,False,13701,165b63be0392414361f183c620b8f389,512,512,L,9460d8d8ece87084,
Training/glioma/Tr-gl_851.jpg,glioma,training,False,25131,72b2322d3b87724827f64a6c18cb20a5,512,512,L,e1d8a2e4b2a8c0e0,
Training/glioma/Tr-gl_852.jpg,glioma,training,False,20979,a8758b5f1e5775c43ef94d40563a53f2,512,512,L,22e188a484b0a4e0,
Training/glioma/Tr-gl_853.jpg,glioma,training,False,13591,a8f19b2dbeef8a01c1587fc3604b4db1,512,512,L,92f16cdcd4ecf182,
Training/glioma/Tr-gl_854.jpg,glioma,training,False,18579,74169ef1a285add837cf16093d203d5b,512,512,L,71e8d4c4f8ccc879,
Training/glioma/Tr-gl_855.jpg,glioma,training,False,13535,b1e280e0a688fce355f64c6613aa4e80,512,512,RGB,c4b0786c6c79b2c4,
Training/glioma/Tr-gl_856.jpg,glioma,training,False,16542,255ca1224847a8d7fa4dd6e2d9186163,512,512,L,b278d4f8d0ccd4c8,
Training/glioma/Tr-gl_857.jpg,glioma,training,False,16073,e469f7ee965c3e63063c87c5a1611ef8,512,512,L,b070dcccd4d4f070,
Training/glioma/Tr-gl_858.jpg,glioma,training,False,22115,d5e1afc78e73330171cd92ef4e4fdcfa,512,512,L,62c1a4b4ace8c0c1,
Training/glioma/Tr-gl_859.jpg,glioma,training,False,23311,9bfb252966a709f9de72ff950447d82a,512,512,L,e3d0a4e2acb2c6b0,
Training/glioma/Tr-gl_86.jpg,glioma,training,False,19742,c3589296dfabbccc3cc1b629a9277160,512,512,L,b2f0c8d4ccdc71b2,
Training/glioma/Tr-gl_860.jpg,glioma,training,False,18511,98d46cae0a9d5fc1b3d7d03a69a3ee79,512,512,L,84b268dce8d4ccd4,
Training/glioma/Tr-gl_861.jpg,glioma,training,False,20957,8ba3127506212d272ca03388ed85d05f,512,512,RGB,b270c4e0f0d0f0b2,
Training/glioma/Tr-gl_862.jpg,glioma,training,False,19671,ca5d38b8b3703e382bfcc8b9f23c727e,512,512,RGB,b269d4d8d0d460b2,
Training/glioma/Tr-gl_863.jpg,glioma,training,False,19925,b26e0e957a4f0594851bd30f76a7f891,512,512,L,63c0d4a0a4dcd8d0,
Training/glioma/Tr-gl_864.jpg,glioma,training,False,15955,3db59141cfa80c9be3ea603d10d28442,512,512,L,84e2d8d8ccd4d0e8,
Training/glioma/Tr-gl_865.jpg,glioma,training,False,20754,bd8e4bf13a4055762827fa8401fcd7e5,512,512,L,61d8b4e0b4ece0e0,
Training/glioma/Tr-gl_866.jpg,glioma,training,False,10920,5f022d6c3c6ca8fb3618ac77fe368937,512,512,L,84f068c4d4e470b2,
Training/glioma/Tr-gl_867.jpg,glioma,training,False,19633,57584868f531b9735988114034bf3c9c,512,512,L,32e8d4e8d2cac47c,
Training/glioma/Tr-gl_868.jpg,glioma,training,False,20810,85faf8d547c52d8718ba161ec3c7801f,512,512,RGB,b0f0d4e4e0d4f0b2,
Training/glioma/Tr-gl_869.jpg,glioma,training,False,14851,cad490ccf20c9fa2af53981fb8ce74ac,512,512,L,9270c8d4d4dcf0b2,
Training/glioma/Tr-gl_87.jpg,glioma,training,False,23642,f8b24fa12119f181b785599ec29c1726,512,512,RGB,9270ecf4ccecf471,
Training/glioma/Tr-gl_870.jpg,glioma,training,False,22602,67b183cda5fb0cd9ab9d420be68ce77a,512,512,L,61d8b4f0b2b4cccc,
Training/glioma/Tr-gl_871.jpg,glioma,training,False,12857,a38addebbd729c4ff182d4462d673188,512,512,L,9270e8d4d0ec7192,
Training/glioma/Tr-gl_872.jpg,glioma,training,False,16114,0d7e19f30598f83f153721f56f184ae3,512,512,L,b078e8c8d0e0e870,
Training/glioma/Tr-gl_873.jpg,glioma,training,False,19517,380eb04d72d5b3c797c699a2ee7ef876,512,512,L,b2e8dcd0ccc8d4d4,
Training/glioma/Tr-gl_874.jpg,glioma,training,False,19774,acae306f0db61d65f80798899ebf938b,512,512,L,63c8e4b6dc6464b3,
Training/glioma/Tr-gl_875.jpg,glioma,training,False,14973,70ea71f24f02615b06433a7bb308eee7,512,512,L,b271e0ccd4d470b2,
Training/glioma/Tr-gl_876.jpg,glioma,training,False,15514,81aedcaa824465131fface8999ab2476,512,512,L,b270d4c8d0d470b2,
Training/glioma/Tr-gl_877.jpg,glioma,training,False,22202,99584caec376d8e69ac411c106440515,512,512,L,62e1c4b0caace4c9,
Training/glioma/Tr-gl_878.jpg,glioma,training,False,19155,2aaeaa57953376226eb73b6dc9291363,512,512,L,8270ccd4f0f0e8cc,
Training/glioma/Tr-gl_879.jpg,glioma,training,False,15481,b84caa86534e6ed39fd8d68f07b2206e,512,512,L,b261cce4f4d4f1b2,
Training/glioma/Tr-gl_88.jpg,glioma,training,False,15616,8fc84747dcbdecf23a131ac5ff66d2e8,512,512,L,b261dcececd4f1b2,
Training/glioma/Tr-gl_880.jpg,glioma,training,False,26235,5b20337632bc40ce45e95ca7301f1564,512,512,RGB,71c8c4e8d4e8e9f0,
Training/glioma/Tr-gl_881.jpg,glioma,training,False,18837,ea5a68cc823f55739d1d0fa4d563eb89,512,512,L,b2f1d4f4c8c4e8f0,
Training/glioma/Tr-gl_882.jpg,glioma,training,False,16988,3e894f3b486faf83116216be78dc5c02,512,512,L,92f0e8ccd4dc68b2,
Training/glioma/Tr-gl_883.jpg,glioma,training,False,22019,e09f2ae753e40784e32efbef6d88754e,512,512,L,71ccd4d4f0c8cce8,
Training/glioma/Tr-gl_884.jpg,glioma,training,False,18248,74420c07a2098a64c8dd874acdc9812c,512,512,L,b260dcf8fcdc70b2,
Training/glioma/Tr-gl_885.jpg,glioma,training,False,25150,ed8ec48c051a513e352c58ffc7c5efd2,512,512,RGB,39fcc4b0c2f0f4f2,
Training/glioma/Tr-gl_886.jpg,glioma,training,False,20668,d4627c65dde002a8660221866158720d,512,512,L,b2e0cce8dcf4ec78,
Training/glioma/Tr-gl_887.jpg,glioma,training,False,17880,b1c2c7ac142d4d73ecdd5492992fdc86,512,512,L,71e8ccd0cccce469,
Training/glioma/Tr-gl_888.jpg,glioma,training,False,19312,ed6c19c96641eaca69fa375fd013e93b,512,512,L,31e8d4f4d4ccd4c1,
Training/glioma/Tr-gl_889.jpg,glioma,training,False,23480,d3bb89fb8642d22a29855e116cefbe5a,512,512,L,63c898a0acb0a4a0,
Training/glioma/Tr-gl_89.jpg,glioma,training,False,11073,f9e8b5d9f35f4fff9fdc3d6d575f6133,512,512,L,84f260c9c960b284,
Training/glioma/Tr-gl_890.jpg,glioma,training,False,15527,c16ce804bd2de418a3b2740807e69903,512,512,L,92f0e8f0c8dcd469,
Training/glioma/Tr-gl_891.jpg,glioma,training,False,22155,1f7fea5d44a7eff0525c58eac38e3350,512,512,L,61d8c4e4bcc8e8e0,
Training/glioma/Tr-gl_892.jpg,glioma,training,False,24778,ec55501154dc336e69075b958fa5e3a0,512,512,L,62d1c4d48ce0e4f0,
Training/glioma/Tr-gl_893.jpg,glioma,training,False,25281,8c6acb8188ee6a2826983fd9a427fb52,512,512,L,e3d0c4b094c2c8c0,
Training/glioma/Tr-gl_894.jpg,glioma,training,False,19940,499d7a682b9ad9fa0d9370eeedb6d21b,512,512,RGB,84f2e8f4e4ccec54,
Training/glioma/Tr-gl_895.jpg,glioma,training,False,18010,fa725ea785f635383555736361175fe7,512,512,RGB,72e1d4c4d4c47092,
Training/glioma/Tr-gl_896.jpg,glioma,training,False,22392,9eede1979845931581bef1ee73845e44,512,512,L,62d194ecacdad268,
Training/glioma/Tr-gl_897.jpg,glioma,training,False,18508,2d6400bfe4a0928e99aa2d7ac63e1396,512,512,L,70e8d4f4d4ec7c6c,
Training/glioma/Tr-gl_898.jpg,glioma,training,False,21738,b0c6ba5bd79d579b3acf399f6c00d068,512,512,L,22f1d4b2a6acd4b0,
Training/glioma/Tr-gl_899.jpg,glioma,training,False,23191,30f60d1b212f1d52ab5952252f5e0583,512,512,L,e3d8b4e2aca0a4a1,
Training/glioma/Tr-gl_9.jpg,glioma,training,False,17166,2c2d9f19bc9e3713411d9cd788be4b5e,512,512,L,9268e8d4b2d4f8b2,
Training/glioma/Tr-gl_90.jpg,glioma,training,False,26297,19a9a5e670e2377dd3f5a5332363aa14,512,512,RGB,71d4d4e8b0e0e8c8,
Training/glioma/Tr-gl_900.jpg,glioma,training,False,19760,5a4493883edceaa2f8c36a8487864e5b,512,512,L,32e9d49490d2ce8a,
Training/glioma/Tr-gl_901.jpg,glioma,training,False,13083,4d6744533c0fc7a1d5b7488675456bc6,512,512,L,b270e8ccd4f070b2,
Training/glioma/Tr-gl_902.jpg,glioma,training,False,14389,7033092f32c9d72de7fd482263f2d628,512,512,L,c4b269ccd4ec7192,
Training/glioma/Tr-gl_903.jpg,glioma,training,False,20952,e8114aafc90d7b737633865b69592f60,512,512,L,62d1fce4ccdcfcd1,
Training/glioma/Tr-gl_904.jpg,glioma,training,False,23105,f720e3b9a67c67e626540214311cd847,512,512,L,61c0a4b2b4ccd0b0,
Training/glioma/Tr-gl_905.jpg,glioma,training,False,14091,d8d1da66821903d39dc2d09df77460db,512,512,L,92f8e8c4c4c4e870,
Training/glioma/Tr-gl_906.jpg,glioma,training,False,20269,8ee22cf0c77c84134a1f5de4ef2e3a23,512,512,L,62c184c4d498e4c9,
Training/glioma/Tr-gl_907.jpg,glioma,training,False,25192,355a45c5a0deba094f4637b2c3a4506f,512,512,RGB,b269e8d4b2e861b2,
Training/glioma/Tr-gl_908.jpg,glioma,training,False,24204,7f06bc13ea592836b44d0afb0812dbd9,512,512,L,61dcb2f0acb2a624,
Training/glioma/Tr-gl_909.jpg,glioma,training,False,17941,85a8ec29081b8479c141a13523766797,512,512,L,30e8d4d8f0c8ccec,
Training/glioma/Tr-gl_91.jpg,glioma,training,False,20028,27c25034437bb37d4ebbf9b47ea23e1a,512,512,L,9271e4ccd4f4ece8,
Training/glioma/Tr-gl_910.jpg,glioma,training,False,19794,db47a31d3d86de37895c0ef067d4ae35,512,512,RGB,b269c8d4f0e8f192,
Training/glioma/Tr-gl_911.jpg,glioma,training,False,22176,11284d30382a2230128dc56cba74f393,512,512,L,71ccd4e8a0e8cc9e,
Training/glioma/Tr-gl_912.jpg,glioma,training,False,18556,838b1fab973b212c2f447bc3666ce5ac,512,512,L,9269c8f4e8e4f0b2,
Training/glioma/Tr-gl_913.jpg,glioma,training,False,18311,197c732931e224b1e61f007df3845786,512,512,L,f2e8d4f4d4dcccd4,
Training/glioma/Tr-gl_914.jpg,glioma,training,False,28964,fc352abf8db2945102b3f4e09d795375,512,512,RGB,39f4c8a8d2c4f4fa,
Training/glioma/Tr-gl_915.jpg,glioma,training,False,16337,634c5eef3911de38531339058583e404,512,512,L,b269d4d4f0dc69b2,
Training/glioma/Tr-gl_916.jpg,glioma,training,False,15995,04946e3d99618da61182b598674fdfd6,512,512,L,84b269f0c8d4c862,
Training/glioma/Tr-gl_917.jpg,glioma,training,False,22378,bfc7bbf5cefe43efc805e098217780a2,512,512,L,62c0e4d2dacce0cc,
Training/glioma/Tr-gl_918.jpg,glioma,training,False,25983,5f3688c720fa1e4ae26dd93603b34357,512,512,RGB,1370e4d0dca4a9c1,
Training/glioma/Tr-gl_919.jpg,glioma,training,False,17067,82305fdbdade1fc368415bb138916733,512,512,L,26c2d1a8d8ec6962,
Training/glioma/Tr-gl_92.jpg,glioma,training,False,16022,0d355c512fb25079dbe9ab160f97ae36,512,512,L,8ca260d0c8dc70b0,
Training/glioma/Tr-gl_920.jpg,glioma,training,False,25258,d6dd01bfe508aaea3f02ec2feee7f02a,512,512,L,f189e84486b8edf1,
Training/glioma/Tr-gl_921.jpg,glioma,training,False,15361,3b458354a7ede4d61866398c577736d6,512,512,L,02b078ecccccf870,
Training/glioma/Tr-gl_922.jpg,glioma,training,False,18512,54e544a966743c4962c0f5b80693d859,512,512,L,3068d4f4f0e86869,
Training/glioma/Tr-gl_923.jpg,glioma,training,False,21784,7bbca27455825aa34a7ddaf8e4a6adfc,512,512,RGB,32e8e8c4ccd470b2,
Training/glioma/Tr-gl_924.jpg,glioma,training,False,12962,4941b264db559d8ab1b88a7e7cf12e29,512,512,L,9470c8d4f0dc7092,
Training/glioma/Tr-gl_925.jpg,glioma,training,False,17650,adbb27715ea4fbb5c1988972b1607266,512,512,L,0661d0f0d4d0f0e4,
Training/glioma/Tr-gl_926.jpg,glioma,training,False,26122,2f3dad6ab2c7819aed98172ea00c8fb5,512,512,RGB,b268d4d4d2b48eb6,
Training/glioma/Tr-gl_927.jpg,glioma,training,False,20401,834219c031a6e0806ae390e7e855e579,512,512,L,b2e1d494b4d28a92,
Training/glioma/Tr-gl_928.jpg,glioma,training,False,17199,4b940716ff9266d3c24a6387dc18c531,512,512,L,b068ccd4e8c8f1b2,
Training/glioma/Tr-gl_929.jpg,glioma,training,False,19694,45da140839d9a99445bbc6297e9e398b,512,512,L,b2f0d4f0d4e8f0f0,
Training/glioma/Tr-gl_93.jpg,glioma,training,False,20603,ea67f0fed645af2c9c30a1c7c6145bf0,512,512,L,71ccd4c8f2c8cc68,
Training/glioma/Tr-gl_930.jpg,glioma,training,False,15972,6567c628e07d77e055d93c0b76c2fbb8,512,512,L,86f071e4e8d4ec32,
Training/glioma/Tr-gl_931.jpg,glioma,training,False,27287,70cc51ef7d807aebcda0ed08576178f6,512,512,RGB,3978d4b2dadacef4,
Training/glioma/Tr-gl_932.jpg,glioma,training,False,20744,de0c987eb87c9eb8628ee51e09248ccf,512,512,L,32e8d4b4b2b2cece,
Training/glioma/Tr-gl_933.jpg,glioma,training,False,21546,5784214f644743dee9f88c0aacf75c1f,512,512,L,3160d4cace4a62e8,
Training/glioma/Tr-gl_934.jpg,glioma,training,False,20834,2d3d6355ed708597b4cdf888bc0ce494,512,512,L,71c0d4f0f6e4e0f4,
Training/glioma/Tr-gl_935.jpg,glioma,training,False,18472,5e033248d7dd3dfcdda38a77924fe8d5,512,512,RGB,9270e9ccd8e47092,
Training/glioma/Tr-gl_936.jpg,glioma,training,False,21140,feeb0517d886a7f317cfb2f9dd3f2011,512,512,L,8271c4f0e6c87a7c,
Training/glioma/Tr-gl_937.jpg,glioma,training,False,21216,40f0e5b3becee2552656a49d47d54549,512,512,L,70e8d4e4d4ccc8e4,
Training/glioma/Tr-gl_938.jpg,glioma,training,False,15887,703e9435514800cdcdad440ef2206ca7,512,512,L,72f1d4f4d87169e8,
Training/glioma/Tr-gl_939.jpg,glioma,training,False,17481,fd58c8e949bd6bbc286dcb2ad8978980,512,512,L,b270d8f8f8dc70b2,
Training/glioma/Tr-gl_94.jpg,glioma,training,False,23502,15f6518d8526393665c027cc66e31e94,512,512,RGB,b261c4c8d4d4ccd0,
Training/glioma/Tr-gl_940.jpg,glioma,training,False,14714,a5711ec7306af0b6bfde69e7e017b52a,512,512,L,72d9d4d8e8d479b2,
Training/glioma/Tr-gl_941.jpg,glioma,training,False,20345,dec9df79d70df63cf2ddeef2888661ed,512,512,L,b261dcf48ce8f0d0,
Training/glioma/Tr-gl_942.jpg,glioma,training,False,15330,341754e6f90e17203773924584ca70bf,512,512,L,b2f0e4f8ccd4d460,
Training/glioma/Tr-gl_943.jpg,glioma,training,False,15707,abbe201fcfc5001f9d9ce82e4a3b00e0,512,512,L,94b068ccd4e8f084,
Training/glioma/Tr-gl_944.jpg,glioma,training,False,15231,4ae210298624ce4c732f60b40cd69dfe,512,512,L,84b06958e8e468b2,
Training/glioma/Tr-gl_945.jpg,glioma,training,False,18944,aeb86e1ccd03c18364655b03526405f0,512,512,L,c4b2e8d4f0ccccd0,
Training/glioma/Tr-gl_946.jpg,glioma,training,False,18663,5eb1093915082129d1d05b479ded446b,512,512,L,71e8d4d4d0e8e8e8,
Training/glioma/Tr-gl_947.jpg,glioma,training,False,14605,3634c60246ad4199b09bb38ff6ba22b4,512,512,L,b078c4d8d4f470b2,
Training/glioma/Tr-gl_948.jpg,glioma,training,False,26784,2ebd6de8f6c3294dcfd7e4f68ce9223d,512,512,L,e1d4a4e4a49494b0,
Training/glioma/Tr-gl_949.jpg,glioma,training,False,13291,eb018aadba3cded54317756f83b6ef8d,512,512,L,9270e8ccd4d4e0b2,
Training/glioma/Tr-gl_95.jpg,glioma,training,False,23228,d420d7b497de26d3616f21ce8bb3c9df,512,512,L,62c9a4a48cb0c4c0,
Training/glioma/Tr-gl_950.jpg,glioma,training,False,15493,b79b3a81accaf192b0cd1322c142d996,512,512,L,b270d8e8ece87092,
Training/glioma/Tr-gl_951.jpg,glioma,training,False,12198,8caffa58a9d8b21fa1a160baff52a8f1,512,512,L,b270e8e8f4f470b2,
Training/glioma/Tr-gl_952.jpg,glioma,training,False,23451,5f1f3db0d800970a2791d8639c0bb9b0,512,512,L,61d8a4a0b0dcd0c0,
Training/glioma/Tr-gl_953.jpg,glioma,training,False,15674,b68373b2c77116e5528d997a0f9a014a,512,512,L,043369d0dcd43099,
Training/glioma/Tr-gl_954.jpg,glioma,training,False,19142,e391c6f72f573b24894d42637d6190b5,512,512,L,32e8dcd4d2cad46c,
Training/glioma/Tr-gl_955.jpg,glioma,training,False,15039,7f39c9fa0764e93a07c14511d49dbd2b,512,512,L,b260dce4e4d4f0b2,
Training/glioma/Tr-gl_956.jpg,glioma,training,False,15317,096af9626223b620586b8fc3768aad05,512,512,L,0361c8c4b4dc6068,
Training/glioma/Tr-gl_957.jpg,glioma,training,False,17497,84ca5c175e0f27c5ea51030522895596,512,512,L,9260f8d4ccd4d469,
Training/glioma/Tr-gl_958.jpg,glioma,training,False,26534,efd2ad7a602ab0bf5449726cfb8c7a82,512,512,L,61c4aae0b2d6d0a0,
Training/glioma/Tr-gl_959.jpg,glioma,training,False,22940,f2a484503ea0d3189d1129ace68b87cf,512,512,L,61c0e0d4a4d2e4a4,
Training/glioma/Tr-gl_96.jpg,glioma,training,False,19308,6e091277380b7dabaf019498155bf0e9,512,512,L,b271ecccd4d4d0fc,
Training/glioma/Tr-gl_960.jpg,glioma,training,False,16868,a842afd7b077026097e151fff0b16ea3,512,512,L,f0e8d8d4d4d4f0b2,
Training/glioma/Tr-gl_961.jpg,glioma,training,False,23443,89aa4e904fc33e725d07855e35b2f382,512,512,L,e3c994c8a49490a0,
Training/glioma/Tr-gl_962.jpg,glioma,training,False,20965,e33295eb392b9008173f8b222dea114f,512,512,L,b270d4d4f4ec71b2,
Training/glioma/Tr-gl_963.jpg,glioma,training,False,18983,75657a384cb8e13f355f0686d0e690ec,512,512,L,70e8d4d4d0e8c8d0,
Training/glioma/Tr-gl_964.jpg,glioma,training,False,11076,768680543f065fea28db97da620880ad,512,512,L,84f0f9d4d4f17084,
Training/glioma/Tr-gl_965.jpg,glioma,training,False,20187,6c16b438ebad73a20126ec8c70b20b93,512,512,L,71ecd4fcd4d8ccd9,
Training/glioma/Tr-gl_966.jpg,glioma,training,False,15973,e841ef81b59347baa1cb56abaf10c270,512,512,L,84b269d4ccd4d469,
Training/glioma/Tr-gl_967.jpg,glioma,training,False,13957,f5bb0f342cb36f5a6df151e7079cfff2,512,512,L,b270d8d4f4f070b2,
Training/glioma/Tr-gl_968.jpg,glioma,training,False,20152,0df518fa89187ba2e5152a99c0425708,512,512,L,0822e1d4a2a0b292,
Training/glioma/Tr-gl_969.jpg,glioma,training,False,18420,a962d0df04185c5b26d6c381ac9fdd9a,512,512,L,f06cccd2f2f470b2,
Training/glioma/Tr-gl_97.jpg,glioma,training,False,21656,f080e14a45a23e148318b2a9a86a419e,512,512,L,b2e8cce8b4ccccc8,
Training/glioma/Tr-gl_970.jpg,glioma,training,False,17617,79db1fadb5d29700a173868870d40b1c,512,512,L,b268dcd8d4c8dc48,
Training/glioma/Tr-gl_971.jpg,glioma,training,False,17141,810e8fca43c63cba4235eb44ec6d9ee7,512,512,L,b279d4d8f0f471b2,
Training/glioma/Tr-gl_972.jpg,glioma,training,False,23165,e460a1ad4a69893c8077f4d48b1934e8,512,512,L,61d0c0f6b4f2d4a0,
Training/glioma/Tr-gl_973.jpg,glioma,training,False,17847,1b0481d539cb2de1549948621020e2c7,512,512,L,e8e9d4f4e4d4f032,
Training/glioma/Tr-gl_974.jpg,glioma,training,False,21444,d2cb9462cb1965d9272660b816aec343,512,512,L,72e8d4d4b0f0d4cc,
Training/glioma/Tr-gl_975.jpg,glioma,training,False,15030,e758d36d7b386ebf8e89cffa61d31810,512,512,L,b270d8d4f0d470b2,
Training/glioma/Tr-gl_976.jpg,glioma,training,False,17782,49bd8c6489e0cd5348f780f10d10bd50,512,512,L,8462c9d4dcf460b1,
Training/glioma/Tr-gl_977.jpg,glioma,training,False,18627,2afbf65ce1502f2a67e58c298d30592a,512,512,L,b0e4d4b0f4d4e132,
Training/glioma/Tr-gl_978.jpg,glioma,training,False,15288,0a3319b140b04c644d0b8588170a7e66,512,512,L,ccb27048e8d468b2,
Training/glioma/Tr-gl_979.jpg,glioma,training,False,18804,523d412fab8d311282bfd29b3c6b45a0,512,512,L,30e8d4f4d4ccf4c9,
Training/glioma/Tr-gl_98.jpg,glioma,training,False,19909,2cbf9e83f4e3119a325a491ae49634a0,512,512,L,b269c4d8fce8c8e9,
Training/glioma/Tr-gl_980.jpg,glioma,training,False,28712,f82959b189f388209908562799533e81,512,512,RGB,b1e8d4ccd0e8f0e8,
Training/glioma/Tr-gl_981.jpg,glioma,training,False,15487,57e78899a682ea9673243bfc5b2b299f,512,512,L,b070dcd4e4e46082,
Training/glioma/Tr-gl_982.jpg,glioma,training,False,14244,535932aa4d7baed43443cc8bd0e8172a,512,512,L,b270d8e8ece87096,
Training/glioma/Tr-gl_983.jpg,glioma,training,False,16377,c902608639593fb9ac28998835a25177,512,512,L,9271e8d4cc74b01b,
Training/glioma/Tr-gl_984.jpg,glioma,training,False,20351,1b0686f1d534fcd25073c25a97155510,512,512,L,70e0ece8ccc8f0d8,
Training/glioma/Tr-gl_985.jpg,glioma,training,False,16988,a1e124a9e7489aec9aa6a1f6d09fe8f1,512,512,L,b268e8d8cce870b6,
Training/glioma/Tr-gl_986.jpg,glioma,training,False,14623,6fa0c93285bf336223aac3af207bffd3,512,512,L,b270ecd4d0d470b2,
Training/glioma/Tr-gl_987.jpg,glioma,training,False,13166,915b5793d3d42553e904fe9e7cfdfb53,512,512,L,ccb2f068d468f086,
Training/glioma/Tr-gl_988.jpg,glioma,training,False,17030,bf2ff0a848ada74705440f0561eed300,512,512,L,92f0e8c8d8dc70b2,
Training/glioma/Tr-gl_989.jpg,glioma,training,False,24727,7706238b71a19423c4dcb1b786c635d3,512,512,L,73f0b4f2e6baf2d4,
Training/glioma/Tr-gl_99.jpg,glioma,training,False,18878,6c2bb8f1d546c766a10ae079c6ce5f02,512,512,L,b2f8fce8d8d470b2,
Training/glioma/Tr-gl_990.jpg,glioma,training,False,15676,812029bdabef7cc31b36f91107bcbf5d,512,512,L,9271ecd4d4cc7162,
Training/glioma/Tr-gl_991.jpg,glioma,training,False,18383,8311bfb08282dbfa26ee844fce26455a,512,512,L,3268d4d4ccc8e069,
Training/glioma/Tr-gl_992.jpg,glioma,training,False,16962,503878d837e91481ef39231411b83b87,512,512,L,b2e0d4e8e8f4f0b0,
Training/glioma/Tr-gl_993.jpg,glioma,training,False,16424,e1185abe145594d3ea0589b2df1fa3fa,512,512,L,b270c8ccc0ecf0b2,
Training/glioma/Tr-gl_994.jpg,glioma,training,False,17804,39685dc006fc5bb604fd2fcffb79a3cf,512,512,RGB,c4b271e0c8e8f084,
Training/glioma/Tr-gl_995.jpg,glioma,training,False,26850,6c4cf37b8dcba501bb74d208b798c7be,512,512,L,e1d4a2e2e4b8cac0,
Training/glioma/Tr-gl_996.jpg,glioma,training,False,20187,302520b792dbd8f2d5d479201aa40aae,512,512,L,b2e8dcdcd4dcd068,
Training/glioma/Tr-gl_997.jpg,glioma,training,False,18924,45c85d07f5ea6f8f8c074608ec9f31f6,512,512,L,84b2e8d4f0d4ccd4,
Training/glioma/Tr-gl_998.jpg,glioma,training,False,18159,f8b331b5a224cf4913a7b3e1afa4958a,512,512,L,b04cd4f4f4c4e8b0,
Training/glioma/Tr-gl_999.jpg,glioma,training,False,11063,45a7e5ea6bbbcc49abdb66766bb09a6d,512,512,L,c4b270684c69b2c4,
Training/meningioma/Tr-aug-me_1.jpg,meningioma,training,True,17624,ef9a525708ae1c1a9b20b233d7ef7d24,512,512,RGB,30f8c8d8dade70b1,
Training/meningioma/Tr-aug-me_10.jpg,meningioma,training,True,22543,b0be06a09705665fba72e24a0a8a7f98,512,512,RGB,60e8c8f4cccce832,
Training/meningioma/Tr-aug-me_100.jpg,meningioma,training,True,23333,245e76fc861c831360d6d5312d4c01f6,512,512,L,e1d8ac94e49cd090,
Training/meningioma/Tr-aug-me_11.jpg,meningioma,training,True,24716,ccb89781f03688d7d8952bd14cf5c913,512,512,RGB,eed4d6e2aad2f439,
Training/meningioma/Tr-aug-me_12.jpg,meningioma,training,True,25307,9f499faf825f6d8fa6fc22f2c79f0508,512,512,RGB,c150081414060e98,
Training/meningioma/Tr-aug-me_13.jpg,meningioma,training,True,23484,31b0a289c38e511a300747b668ee66f1,512,512,RGB,38ecf2cecae4fcf8,
Training/meningioma/Tr-aug-me_14.jpg,meningioma,training,True,25050,dc65665ac8d1901b219ae2885f1a8f71,512,512,RGB,e1d8a086b69fcce5,
Training/meningioma/Tr-aug-me_15.jpg,meningioma,training,True,23392,b40bba8cf677c1495b6986f8141bd34e,512,512,RGB,62c1a4c4d8baaa88,
Training/meningioma/Tr-aug-me_16.jpg,meningioma,training,True,23900,59ea750091e2e1c9ae3f8515f62d797c,512,512,RGB,e1c094b4d8c4f833,
Training/meningioma/Tr-aug-me_17.jpg,meningioma,training,True,22957,85735fd020665aabc052239ebf8a6aad,512,512,RGB,c1c88cb8d4c8e471,
Training/meningioma/Tr-aug-me_18.jpg,meningioma,training,True,24097,ea39c99798c74181f0140da6dc57b4f7,512,512,RGB,b164ceced8f8cccc,
Training/meningioma/Tr-aug-me_19.jpg,meningioma,training,True,21665,fdcdc4bbb24e8d83974039744e77475b,512,512,RGB,70f0d4c8d4ec6464,
Training/meningioma/Tr-aug-me_2.jpg,meningioma,training,True,18940,e04909977e7c03fda8f84c5b045d20aa,512,512,RGB,7864e4f0cce8d871,
Training/meningioma/Tr-aug-me_20.jpg,meningioma,training,True,26371,47b2330acaeff46147a66d94b4f14108,512,512,RGB,71ccfaaaeabaaeaa,
Training/meningioma/Tr-aug-me_21.jpg,meningioma,training,True,21903,2041b083f1df1109e580267be4a1d1fc,512,512,RGB,39e8c8bceac4cccc,
Training/meningioma/Tr-aug-me_22.jpg,meningioma,training,True,22607,318dee23f9157cd1a5ac09394ccaecdd,512,512,RGB,21f0d8e2c6d6d2c8,
Training/meningioma/Tr-aug-me_23.jpg,meningioma,training,True,23251,825e9a3890f0809b2d81c7131bb9ff74,512,512,RGB,09706ccdc6f2f0c0,
Training/meningioma/Tr-aug-me_24.jpg,meningioma,training,True,22112,41a0723bff869f6e2beb66fb45957035,512,512,RGB,31e0d4e2eaeed474,
Training/meningioma/Tr-aug-me_25.jpg,meningioma,training,True,26069,8b32c1062f2461877dc48d5977789e89,512,512,RGB,61c0e484b28aeee6,
Training/meningioma/Tr-aug-me_26.jpg,meningioma,training,True,14947,86ef2aeb691446a13f6ce4f60d0487ad,512,512,RGB,9270e8c8c8e871b2,
Training/meningioma/Tr-aug-me_27.jpg,meningioma,training,True,23645,1743500a8ecdace8701f064e94980b01,512,512,RGB,79e4ccbc94c0898c,
Training/meningioma/Tr-aug-me_28.jpg,meningioma,training,True,20391,f479633c65953696eb4a9aa9e50a4a7b,512,512,RGB,70dca8a4d8f8f0cc,
Training/meningioma/Tr-aug-me_29.jpg,meningioma,training,True,18687,543cce481942523f230805abc878c942,512,512,RGB,90f464d2d8cc7112,
Training/meningioma/Tr-aug-me_3.jpg,meningioma,training,True,16474,a9b7834583a10903962ff545a7883e25,512,512,RGB,b270e4ccd8cc70b0,
Training/meningioma/Tr-aug-me_30.jpg,meningioma,training,True,23999,04c5f483fddf49d10814bdc11b741064,512,512,RGB,79e8c8dae8d2e4b1,
Training/meningioma/Tr-aug-me_31.jpg,meningioma,training,True,23257,253e221a77a9855bb1a1980ef2b1e0fb,512,512,RGB,0170eeddceb6b0c2,
Training/meningioma/Tr-aug-me_32.jpg,meningioma,training,True,20693,18a95bd284f28e894768c3e8613fee6e,512,512,RGB,32e8e0cccce8e469,
Training/meningioma/Tr-aug-me_33.jpg,meningioma,training,True,24424,0291aa3fc68df1bc159552c7425ffed3,512,512,RGB,70c88cc8a0acccc8,
Training/meningioma/Tr-aug-me_34.jpg,meningioma,training,True,19391,8ec28e17979861e32f0d60426a0bdd72,512,512,RGB,1271f4d4cce4c8f0,
Training/meningioma/Tr-aug-me_35.jpg,meningioma,training,True,22893,2ba784cb33e99ba36935748a16e4c894,512,512,RGB,e0e4e2c4cad8d8d0,
Training/meningioma/Tr-aug-me_36.jpg,meningioma,training,True,14121,59416601dd30531ccdcc917e76b2d15c,512,512,RGB,32f1c8ece4e97080,
Training/meningioma/Tr-aug-me_37.jpg,meningioma,training,True,19828,4e029514b14d344e93a6189b1f12897c,512,512,RGB,3269c4e8f4e0cce8,
Training/meningioma/Tr-aug-me_38.jpg,meningioma,training,True,18203,566f24fc687fe27b1663dc62e6da8f55,512,512,RGB,b279c8f0c8cc70b0,
Training/meningioma/Tr-aug-me_39.jpg,meningioma,training,True,23880,0bd43d3a89e5103d4b8a0f7cbc8a49e6,512,512,RGB,79fcf2d8c864b4e9,
Training/meningioma/Tr-aug-me_4.jpg,meningioma,training,True,15770,66cd7102c49e7785e778414361e6986f,512,512,RGB,b270d4d0f069b2c4,
Training/meningioma/Tr-aug-me_40.jpg,meningioma,training,True,20724,eb62e19bbfe9f7cfeb7896c87d899666,512,512,RGB,8279e4f898a8acec,
Training/meningioma/Tr-aug-me_41.jpg,meningioma,training,True,22954,d0709dcc6562b44e05fe2ec8595634bc,512,512,RGB,22f18c9a1296dacc,
Training/meningioma/Tr-aug-me_42.jpg,meningioma,training,True,19375,2c6ae7410bf664062eac9f57e38723ef,512,512,RGB,1071ececd4dcec70,
Training/meningioma/Tr-aug-me_43.jpg,meningioma,training,True,27038,743387c5c3aeee4077bb872be0ff6d49,512,512,RGB,3370f4eaba8aaab2,
Training/meningioma/Tr-aug-me_44.jpg,meningioma,training,True,27440,b7d6659c60f53d1522d736a5873bf3a9,512,512,RGB,f8cc88b0b4848cc8,
Training/meningioma/Tr-aug-me_45.jpg,meningioma,training,True,23415,1173462577bbea685a6e0b988323f422,512,512,RGB,39e4daeab29a8cd9,
Training/meningioma/Tr-aug-me_46.jpg,meningioma,training,True,27417,a1cf494cf3b6278daca4352288fc949f,512,512,RGB,68ececca92a8cce8,
Training/meningioma/Tr-aug-me_47.jpg,meningioma,training,True,26431,41afd75533fde66115ad3ace12d09e71,512,512,RGB,e4cceca2eaeac471,
Training/meningioma/Tr-aug-me_48.jpg,meningioma,training,True,20898,f725a595a4fd75e83bdc8442887a89aa,512,512,RGB,20e1ecc4d2d4d0d0,
Training/meningioma/Tr-aug-me_49.jpg,meningioma,training,True,22713,2589bff41fd31237ec446ebc523c55b4,512,512,RGB,31e0dcde989cc8d1,
Training/meningioma/Tr-aug-me_5.jpg,meningioma,training,True,17529,b5a6b0ef5ceb71152f6a204a507fb19b,512,512,RGB,9271e8f0d4c4e032,
Training/meningioma/Tr-aug-me_50.jpg,meningioma,training,True,22078,fad127109cbcf4e4e8af70f142117eec,512,512,RGB,1078d8d892dac4e4,
Training/meningioma/Tr-aug-me_51.jpg,meningioma,training,True,14144,fcbb79bfaba8bacf27d7d22f44f3d588,512,512,RGB,1071e8d8dce87110,
Training/meningioma/Tr-aug-me_52.jpg,meningioma,training,True,20037,847220574901d65c80b58c9a0bc53fed,512,512,RGB,f0cca8e4d078a0cc,
Training/meningioma/Tr-aug-me_53.jpg,meningioma,training,True,19643,ac9ae5330ea785b489b49b3941bca0ba,512,512,RGB,b068ccd0e0d4f1b2,
Training/meningioma/Tr-aug-me_54.jpg,meningioma,training,True,19601,9d6c94d3a25d70a753a3a5ca3ceb3cbe,512,512,RGB,7068ccd4e8d471b0,
Training/meningioma/Tr-aug-me_55.jpg,meningioma,training,True,20334,577c19ef07feab6db57de04d89ceda89,512,512,RGB,70dcb4a4d0f0e0d4,
Training/meningioma/Tr-aug-me_56.jpg,meningioma,training,True,21433,f5e93c150dbf9bce6609cf6517441752,512,512,RGB,71d8d4e8b4d4ccec,
Training/meningioma/Tr-aug-me_57.jpg,meningioma,training,True,24436,8a98ec0ef8a6fce3ce0a17704e3f9177,512,512,RGB,e1902890960e94dc,
Training/meningioma/Tr-aug-me_58.jpg,meningioma,training,True,27870,40eed558d42873ea125b3f25430761f6,512,512,RGB,78eae9caa6ea5ac4,
Training/meningioma/Tr-aug-me_59.jpg,meningioma,training,True,26436,09018783111e42ec490a7c6f5e2de337,512,512,RGB,62e1a4aab694c8c0,
Training/meningioma/Tr-aug-me_6.jpg,meningioma,training,True,14392,b0249f52a7fedd8a4e45b6d5991ad00f,512,512,RGB,40b069f4d0cc7192,
Training/meningioma/Tr-aug-me_60.jpg,meningioma,training,True,23960,5e584c0738ef668b00e55241c7290995,512,512,RGB,38f6ceee9296a6ec,
Training/meningioma/Tr-aug-me_61.jpg,meningioma,training,True,26029,17e52f3013379dffc611ebe44fe9b307,512,512,RGB,f0d4a8ccb6c8e871,
Training/meningioma/Tr-aug-me_62.jpg,meningioma,training,True,25332,a0c2df0164907ff88d1479d5e2b23190,512,512,RGB,e1cc94a4a8b6cccc,
Training/meningioma/Tr-aug-me_63.jpg,meningioma,training,True,20810,b9ee626720fdf95375502b3b77b47df1,512,512,RGB,9069c4c8e4e0e871,
Training/meningioma/Tr-aug-me_64.jpg,meningioma,training,True,23395,a5baead444af4506d19951a8bf1015a3,512,512,RGB,f8d8a8d490d4ece8,
Training/meningioma/Tr-aug-me_65.jpg,meningioma,training,True,22678,0bb151d35ebb2d91aa83bf8ed6cb1a0f,512,512,RGB,61c0d4e2a4c8e6a4,
Training/meningioma/Tr-aug-me_66.jpg,meningioma,training,True,22623,841f7b9548c4a7afc224c1707a63defe,512,512,RGB,b174ccced2c6ecd9,
Training/meningioma/Tr-aug-me_67.jpg,meningioma,training,True,21746,84da24e1ad0e974114bc4fd0a3a51418,512,512,RGB,0269d4b094d6cc68,
Training/meningioma/Tr-aug-me_68.jpg,meningioma,training,True,21509,f66d78c24135cc09a8846318866b0ac6,512,512,RGB,61e0c8d4ccd0c4c9,
Training/meningioma/Tr-aug-me_69.jpg,meningioma,training,True,23804,32633d4c150276025e39f1e1fb64d08f,512,512,RGB,32e0d8d8f6d6dce8,
Training/meningioma/Tr-aug-me_7.jpg,meningioma,training,True,22087,04f522f7bb854f4fe2ce9be141f31fb1,512,512,RGB,1178c4facae4e4e1,
Training/meningioma/Tr-aug-me_70.jpg,meningioma,training,True,25923,5bb4fe6ddbfdc13c5b05a2b7258c9f52,512,512,RGB,c8ac9696aed46801,
Training/meningioma/Tr-aug-me_71.jpg,meningioma,training,True,22303,a0419587eeb948eaa02d81ddecf7a132,512,512,RGB,1178e4dab090c4e4,
Training/meningioma/Tr-aug-me_72.jpg,meningioma,training,True,18132,136cc6c0022dfc070beea205924d9d99,512,512,RGB,10f0ccf6b48cd070,
Training/meningioma/Tr-aug-me_73.jpg,meningioma,training,True,25989,dc343118d3cbb3fbf873593479532bac,512,512,RGB,f1d4e8ccb4ccc871,
Training/meningioma/Tr-aug-me_74.jpg,meningioma,training,True,26102,056d07bf96f2e9e2f575b4d2a853372d,512,512,RGB,78ccc6b492d6ccec,
Training/meningioma/Tr-aug-me_75.jpg,meningioma,training,True,21936,62ed60e88efb5d73ea22b10508384d0c,512,512,RGB,33f0cc8cc2cec868,
Training/meningioma/Tr-aug-me_76.jpg,meningioma,training,True,16220,7eb3a46b648e35e46fdc712069c708ba,512,512,RGB,9261c8d0d0e87092,
Training/meningioma/Tr-aug-me_77.jpg,meningioma,training,True,21419,a0c169ed91a5948340afa1787852067b,512,512,RGB,62e1d492acd8cc61,
Training/meningioma/Tr-aug-me_78.jpg,meningioma,training,True,22908,3a86758bc90dbb134d6a253fc8257096,512,512,RGB,32f0d4e8d0dccce4,
Training/meningioma/Tr-aug-me_79.jpg,meningioma,training,True,21839,86ee90aa3cf4ae615c4a9e925b39895e,512,512,RGB,60d2d6c6ed7cb801,
Training/meningioma/Tr-aug-me_8.jpg,meningioma,training,True,22603,83329ecdc7d0375c69ebed8df80c5796,512,512,RGB,61d8d0e6eadacae8,
Training/meningioma/Tr-aug-me_80.jpg,meningioma,training,True,23085,740a51a6c7638ab5189cb9eb616fb383,512,512,RGB,39f4e4b8c8f4d4c4,
Training/meningioma/Tr-aug-me_81.jpg,meningioma,training,True,24486,07028f5840829c1cdd80948eb79305cb,512,512,RGB,e8c8d4a6a8a8d471,
Training/meningioma/Tr-aug-me_82.jpg,meningioma,training,True,22195,06af6e731bd7f02a584d2440ddf009d4,512,512,RGB,79f4c898d4d4ecf4,
Training/meningioma/Tr-aug-me_83.jpg,meningioma,training,True,23658,1d5ff3bf08a18a2a4fe2ac90ef57bdf8,512,512,RGB,b2e0dcf0e6cce8b0,
Training/meningioma/Tr-aug-me_84.jpg,meningioma,training,True,26254,0c7a97786c249ff0359db86197396922,512,512,RGB,71eccaeac6ccecd4,
Training/meningioma/Tr-aug-me_85.jpg,meningioma,training,True,22179,4b7bdb37b2eba03682a3618517b1b3cc,512,512,RGB,32e1d8e4e4dad8d8,
Training/meningioma/Tr-aug-me_86.jpg,meningioma,training,True,23881,355d8b0ff4851109df5449a5b53518f3,512,512,RGB,62e0a4cab494c8a0,
Training/meningioma/Tr-aug-me_87.jpg,meningioma,training,True,21777,00e71571eb6bf0d78dc07723b45ae31d,512,512,RGB,3260c4eae4dcc8e8,
Training/meningioma/Tr-aug-me_88.jpg,meningioma,training,True,24220,08a62368caef7ab03da6a93776be3cf2,512,512,RGB,39e4d28ab2d494e4,
Training/meningioma/Tr-aug-me_89.jpg,meningioma,training,True,14066,c3aa5bcdbe44fc74833b7bd86b8d076e,512,512,L,c4b269f4dcecf092,
Training/meningioma/Tr-aug-me_9.jpg,meningioma,training,True,21985,e83a66fe1e2092a53eee73744ce65522,512,512,RGB,02f184a6b89aeaea,
Training/meningioma/Tr-aug-me_90.jpg,meningioma,training,True,13954,ef4efdf1a7f3fb1b9efe30ee40525500,512,512,L,b270e8c4c8c870b2,
Training/meningioma/Tr-aug-me_91.jpg,meningioma,training,True,16670,5ac635ab3e61f1897b1e4188fdc1c3f2,512,512,L,b270e8ccd8d870b2,
Training/meningioma/Tr-aug-me_92.jpg,meningioma,training,True,25891,9120f19e559d9f509aa873b5d9b46909,512,512,L,e8cca8d4aad4d4d4,
Training/meningioma/Tr-aug-me_93.jpg,meningioma,training,True,23977,ef72dec135af61f49d75618822e8f907,512,512,L,72d098ccb2b6c6c6,
Training/meningioma/Tr-aug-me_94.jpg,meningioma,training,True,18849,b66d2a622c461b978e51d48171ae2980,512,512,L,b268ccf4d0ccd4f0,
Training/meningioma/Tr-aug-me_95.jpg,meningioma,training,True,19648,9d8e2727154924c2c1f3ff8da042b850,512,512,L,71d8c8ccd0ccecec,
Training/meningioma/Tr-aug-me_96.jpg,meningioma,training,True,19612,efcb79e5c3c26a7a3f50361d66c5ebc3,512,512,L,71d8c8ccd0d4d4e4,
Training/meningioma/Tr-aug-me_97.jpg,meningioma,training,True,26954,ceb4361f4ba2f0ee12470a037bc37212,512,512,L,e0ccaaf2b2cec4c4,
Training/meningioma/Tr-aug-me_98.jpg,meningioma,training,True,25839,9e7c7e8d5dc30162f8c4f0c6d68aa71f,512,512,L,e39968cc9ab8aadc,
Training/meningioma/Tr-aug-me_99.jpg,meningioma,training,True,23620,55d88e1451e16c4c9cfd7d39aef73651,512,512,L,32f18c84d4d4ccf0,
Training/meningioma/Tr-me_1.jpg,meningioma,training,False,27146,bb2c76efa1823616f080745297c60b82,512,512,RGB,1378d8b892dac4ec,
Training/meningioma/Tr-me_10.jpg,meningioma,training,False,13125,d8dbb40dfe4f945a17ca274e2989410c,512,512,L,c4b0f8f0f0d4f0b0,
Training/meningioma/Tr-me_100.jpg,meningioma,training,False,18142,3185bb5ac09723709bf1e9f16de67166,512,512,L,0661d8d8ccdcc0c9,
Training/meningioma/Tr-me_1000.jpg,meningioma,training,False,26442,372810931dc08cad40f70203dbd6f888,512,512,RGB,b2e9cce8d4b4ecc8,
Training/meningioma/Tr-me_1001.jpg,meningioma,training,False,25267,9f70361b9c467e994f33708b08035e1d,512,512,RGB,82f0ccf4cce0eccc,
Training/meningioma/Tr-me_1002.jpg,meningioma,training,False,26671,733e1fdec3af1cd0195100544943b981,512,512,RGB,9271ccccd8d8cc4c,
Training/meningioma/Tr-me_1003.jpg,meningioma,training,False,24275,131009fed603361ef01cda18070cf963,512,512,RGB,b278d4d4d8d8ec64,
Training/meningioma/Tr-me_1004.jpg,meningioma,training,False,29511,b3d56da120477ee95accc7835025df17,512,512,RGB,78e4dadadae4ece8,
Training/meningioma/Tr-me_1005.jpg,meningioma,training,False,23870,6ba15839b777957f95f9c1aadf80609e,512,512,L,c1204c1014049cdc,
Training/meningioma/Tr-me_1006.jpg,meningioma,training,False,28649,ac5238f3060f7fe63aa4ae1ba0ed5702,512,512,RGB,b2f0ccccd4ccf068,
Training/meningioma/Tr-me_1007.jpg,meningioma,training,False,18391,f0d00c23ca029d2383805888eec12f64,512,512,RGB,c4b260d0d4e4f092,
Training/meningioma/Tr-me_1008.jpg,meningioma,training,False,23855,0e6a27fd60480c2baf61d489a7e6eb16,512,512,RGB,b270f4d4c8ece870,
Training/meningioma/Tr-me_1009.jpg,meningioma,training,False,29117,835eee88b4ad1469a51373aa4fae7d54,512,512,RGB,09306ccdcfb6f0c2,
Training/meningioma/Tr-me_101.jpg,meningioma,training,False,10681,c1386c2999b478fa66c502c2bff1855b,512,512,L,48b6726969704611,
Training/meningioma/Tr-me_1010.jpg,meningioma,training,False,25062,0996ef5a1317d1b27fa4e3db0a9c43dc,512,512,RGB,9660d0f0ccd4ccc9,
Training/meningioma/Tr-me_1011.jpg,meningioma,training,False,17614,22af5235bfa7f51d738b13487eab1e53,512,512,L,9271d0d4ccdce8f1,
Training/meningioma/Tr-me_1012.jpg,meningioma,training,False,23033,86c4b594969f742a06a7a812d2d822a6,512,512,RGB,9270e4e4ccccf0f0,
Training/meningioma/Tr-me_1013.jpg,meningioma,training,False,29598,2322b4dd0250b61bbc1f6b1e1c3063e8,512,512,RGB,71e8d8b6ccaad4f0,
Training/meningioma/Tr-me_1014.jpg,meningioma,training,False,10788,03290da01cde8965f005e1a85584699d,226,212,RGB,f8cc9e369ea626ec,
Training/meningioma/Tr-me_1015.jpg,meningioma,training,False,25571,167ffd353522deb0593cc970d84d701d,512,512,RGB,833864d8c8c4d871,
Training/meningioma/Tr-me_1016.jpg,meningioma,training,False,24768,53e4f388773148d330702055332821e8,512,512,RGB,8370d8d88cb4ece8,
Training/meningioma/Tr-me_1017.jpg,meningioma,training,False,19335,30360ef3b3acba01a37169ed9d9fd826,512,512,L,32f0d0d4cce8ccc8,
Training/meningioma/Tr-me_1018.jpg,meningioma,training,False,24022,0c0f86e8c22a933610fba6c86c68e205,512,512,L,b260e4ccc8aab4c8,
Training/meningioma/Tr-me_1019.jpg,meningioma,training,False,19572,f0ad616ac5b3b070c06362ed1d2c3b65,512,512,RGB,d2b070f0e8e4e8b2,
Training/meningioma/Tr-me_102.jpg,meningioma,training,False,18025,3df200f60467610d9a35006108255961,512,512,L,b269ccc8d4f0ece8,
Training/meningioma/Tr-me_1020.jpg,meningioma,training,False,22260,2b553bb35ce01113ffd5893c73c4f619,512,512,L,63c0a094949bc8d8,
Training/meningioma/Tr-me_1021.jpg,meningioma,training,False,18399,dc0219429e1b82a9c1d46dbfeba360a7,512,512,L,26e1d8ecccdce479,
Training/meningioma/Tr-me_1022.jpg,meningioma,training,False,21206,d1dedfec37b77e1292e1c68454f4d89b,512,512,L,63e0e4e4dcd4c471,
Training/meningioma/Tr-me_1023.jpg,meningioma,training,False,16885,403c56b52964a3cb3362db46993e5bb4,512,512,L,8670e8f8d4d5c960,
Training/meningioma/Tr-me_1024.jpg,meningioma,training,False,19506,18dfbfcafa3ec45109e798f913861192,512,512,L,0261c4e6d4d8c4c9,
Training/meningioma/Tr-me_1025.jpg,meningioma,training,False,17684,5b4175768a396f4ebd8fe7be2f6d6936,512,512,L,9271ccc4d8c871b2,
Training/meningioma/Tr-me_1026.jpg,meningioma,training,False,20701,52f3520fc01f0f852157551f5bb1b606,512,512,RGB,92f0ecd0ecdcf0b2,
Training/meningioma/Tr-me_1027.jpg,meningioma,training,False,26981,ae0bab7a51d961ac076cac7677d41310,512,512,RGB,32e8c4c8c8e0f0f1,
Training/meningioma/Tr-me_1028.jpg,meningioma,training,False,19914,df03f36da62abf102da4d0a35298fd12,512,512,L,62d1e4f094d4d4b1,
Training/meningioma/Tr-me_1029.jpg,meningioma,training,False,23766,09bf392b896dfb49e0387b51f18bc2c8,512,512,RGB,b269c8ccb0e061b2,
Training/meningioma/Tr-me_103.jpg,meningioma,training,False,16930,2a614a7a677df0ce2ea0a328737066d0,512,512,L,b271f4e4c4d071b2,
Training/meningioma/Tr-me_1030.jpg,meningioma,training,False,24783,c405391186264d760f6edd8ec7d3c8a4,512,512,RGB,71e8e0ccc8c8f061,
Training/meningioma/Tr-me_1031.jpg,meningioma,training,False,17401,4130df360cae1c03ccf2e05134736297,512,512,L,b269ccd4f0d468b2,
Training/meningioma/Tr-me_1032.jpg,meningioma,training,False,233049,29f733259e56d12658ac97f781f883b6,1275,1427,RGB,70cca8ac62bad470,
Training/meningioma/Tr-me_1033.jpg,meningioma,training,False,18811,41ab91017c0633cdab44d8cab827e980,512,512,L,b06cd8d8ecd8f172,
Training/meningioma/Tr-me_1034.jpg,meningioma,training,False,22879,42a144c748c7fd548738aef2f0a9c98b,512,512,RGB,b670e8d4ccc9e9f0,
Training/meningioma/Tr-me_1035.jpg,meningioma,training,False,28141,d1a1137f23b47f98b5781761d833950a,512,512,RGB,39ecdab4daaeb4d4,
Training/meningioma/Tr-me_1036.jpg,meningioma,training,False,21966,330956285c22c3c082dda5a8eee33978,512,512,L,e1d8acecd4d4d0c0,
Training/meningioma/Tr-me_1037.jpg,meningioma,training,False,24296,76a3caac20289f5b67512b8cc379c206,512,512,RGB,b2e1c4e4c0e8c8c8,
Training/meningioma/Tr-me_1038.jpg,meningioma,training,False,18197,100f5780e9c77a7d944c6f5daf0f9f40,512,512,RGB,96f0e8ccccd4f0b2,
Training/meningioma/Tr-me_1039.jpg,meningioma,training,False,22381,75741c5fb29fc7eeb7d3018378c020fb,512,512,RGB,b269ccd4b0e471b2,
Training/meningioma/Tr-me_104.jpg,meningioma,training,False,13303,56a22c58f8749789b8bf55d864c559d0,512,512,RGB,c8b060d0d0d470b2,
Training/meningioma/Tr-me_1040.jpg,meningioma,training,False,28590,5b8f29100280feee483e001d23a3505b,512,512,RGB,33e0dcca989c8cc9,
Training/meningioma/Tr-me_1041.jpg,meningioma,training,False,25188,2d40646c149ed74214416c0fe5b362c0,512,512,RGB,b269ccccd0f8c46c,
Training/meningioma/Tr-me_1042.jpg,meningioma,training,False,25000,f67d62260a9337e21fc6631c9eb05ac4,512,512,RGB,b268c8e8d6c0eccc,
Training/meningioma/Tr-me_1043.jpg,meningioma,training,False,18836,ed8fa640935a999b936104210c56f196,512,512,L,9270d8ecccd4dc68,
Training/meningioma/Tr-me_1044.jpg,meningioma,training,False,19476,508ec8c92ef0d93996cca647608f389a,366,395,RGB,71d8f8eab433a88e,
Training/meningioma/Tr-me_1045.jpg,meningioma,training,False,28087,78f3b5b509a45c6aa237d98f88d9d0e5,512,512,RGB,1974ecced2d6ece9,
Training/meningioma/Tr-me_1046.jpg,meningioma,training,False,32459,84be54bac57a94229c441974e31f9ed8,512,512,RGB,b370ccecb2b2d6d6,
Training/meningioma/Tr-me_1047.jpg,meningioma,training,False,21375,b04cedb7e5ec9ef7749c0928ef92a93d,512,512,L,b278ccf4d2d6d4d4,
Training/meningioma/Tr-me_1048.jpg,meningioma,training,False,25600,199778442234ae4e11ab0008e880e791,512,512,RGB,33e8cc84d8aca0c9,
Training/meningioma/Tr-me_1049.jpg,meningioma,training,False,22591,15ca22d7d26226afbe898a214597348d,512,512,RGB,9279ccd4d8dc7474,
Training/meningioma/Tr-me_105.jpg,meningioma,training,False,15661,2347c9df0a0feba84cd80b1785e2aff1,512,512,L,b278f8c8ecd4f1b2,
Training/meningioma/Tr-me_1050.jpg,meningioma,training,False,25226,50e15aaa5423f410692c593cb434b08c,512,512,L,71e8e8968caad460,
Training/meningioma/Tr-me_1051.jpg,meningioma,training,False,17198,c9e42d3c9fc1b30b5cf10ba1e579c2e0,512,512,RGB,cc92b9686471b2c4,
Training/meningioma/Tr-me_1052.jpg,meningioma,training,False,19553,d1b072052d59b319b6d424d9f83464ee,512,512,RGB,c4b069d4d0d4f1b2,
Training/meningioma/Tr-me_1053.jpg,meningioma,training,False,22191,df350b04020f5e094079cedb709551ab,512,512,RGB,b269d4d4e4c8c9d9,
Training/meningioma/Tr-me_1054.jpg,meningioma,training,False,20256,0e53549731378fd85f4f93be783a25e3,512,512,L,32e8dce8ecccf4e9,
Training/meningioma/Tr-me_1055.jpg,meningioma,training,False,18679,2a28652d3d044b0b189bc395378ec35e,512,512,L,c1e0c0d8d4e4c9f0,
Training/meningioma/Tr-me_1056.jpg,meningioma,training,False,19721,78f493dc0703345d3ab043e17b0a5014,512,512,L,c4f8e0f4daeac4f0,
Training/meningioma/Tr-me_1057.jpg,meningioma,training,False,11372,7325a7aaec4719cbef102db1ce66c991,210,240,RGB,c4f4b2aa9094d4f0,
Training/meningioma/Tr-me_1058.jpg,meningioma,training,False,26156,bb56ede0de548afa6638c8305fb2756c,512,512,RGB,71e4e8cce0c8c8d8,
Training/meningioma/Tr-me_1059.jpg,meningioma,training,False,22833,7609b782b7158ae4119962ca7ac3737f,512,512,RGB,8379ecccec94d1c2,
Training/meningioma/Tr-me_106.jpg,meningioma,training,False,15824,1e60d1f31c3995a6e391db9790493b65,512,512,RGB,c4b269c8d4e87082,
Training/meningioma/Tr-me_1060.jpg,meningioma,training,False,19557,1f527936508193b2577f19fe0df36323,512,512,L,73e8c4e8b4cce8e9,
Training/meningioma/Tr-me_1061.jpg,meningioma,training,False,18972,424c574aba752a887143243ee785fd6f,512,512,L,b278d0e4d47474e4,
Training/meningioma/Tr-me_1062.jpg,meningioma,training,False,29029,ab6884104ec3a6d28113fc3e5f2bb093,512,512,RGB,b278e8d4d4ccf0e8,
Training/meningioma/Tr-me_1063.jpg,meningioma,training,False,27687,77d54faf3252e578192985de0b8b5daa,512,512,RGB,3968cadec4e0e084,
Training/meningioma/Tr-me_1064.jpg,meningioma,training,False,29545,f08aabf9cf97d6d305ea86b21ea2c89f,374,456,RGB,f0f8c8cccce2e6e8,
Training/meningioma/Tr-me_1065.jpg,meningioma,training,False,19941,946c21f50fa8850e565b131d33272ce3,512,512,L,72e8d4e8e4ccf0e9,
Training/meningioma/Tr-me_1066.jpg,meningioma,training,False,25676,a1e4999b2307790fadefff6e57790d6a,512,512,RGB,39f4c4e4ced4e0e0,
Training/meningioma/Tr-me_1067.jpg,meningioma,training,False,22790,c3b9b6b8b5873a895c2b3c193f899a3c,512,512,L,32e1ccd8e6d4d8f0,
Training/meningioma/Tr-me_1068.jpg,meningioma,training,False,21705,533f69a8f0ebf57d03070e1e630fe6ee,512,512,L,8271ccd4e8e8ccd4,
Training/meningioma/Tr-me_1069.jpg,meningioma,training,False,14912,d134cc2aacfba636c30a9fa60b6e7861,318,354,RGB,da95c5c5c412a3d2,
Training/meningioma/Tr-me_107.jpg,meningioma,training,False,28746,b67fd08dc3d957589161037b1b254a44,512,512,RGB,02f1eca4946440c1,
Training/meningioma/Tr-me_1070.jpg,meningioma,training,False,29360,ee545a78b48467c30382b9ba1cf9b63f,512,512,RGB,71fcf498d844b4e9,
Training/meningioma/Tr-me_1071.jpg,meningioma,training,False,25795,9924e8c083fe26c1e0ebe9ae6571c95a,512,512,RGB,9a79e4f0c4c4dc78,
Training/meningioma/Tr-me_1072.jpg,meningioma,training,False,15393,192b45ac27f6cbe90393c22cced0adff,512,512,L,b271e8c4e8c870b2,
Training/meningioma/Tr-me_1073.jpg,meningioma,training,False,19557,b10fa1e9081f3433c213668832111249,512,512,L,22e1d490acdce461,
Training/meningioma/Tr-me_1074.jpg,meningioma,training,False,24833,169180da98297897e67896c53be44ea8,512,512,RGB,b270ccc8e4c4ece0,
Training/meningioma/Tr-me_1075.jpg,meningioma,training,False,32501,aa560d32693ec5bb2f88ef204f8fc617,512,512,RGB,78ccc6b49296ccc8,
Training/meningioma/Tr-me_1076.jpg,meningioma,training,False,16585,2dae9e677189b4e2471d61ee8222c447,512,512,L,b2f0ccd0d0d4f0b0,
Training/meningioma/Tr-me_1077.jpg,meningioma,training,False,35491,c02b9e6e7e96f35574aee9cbf4ef994e,512,512,RGB,3862e5baa4c24a9c,
Training/meningioma/Tr-me_1078.jpg,meningioma,training,False,24872,f8f48b1c47b4f9e883e171ed11c982c9,512,512,L,71c0d0d6f4f9cc64,
Training/meningioma/Tr-me_1079.jpg,meningioma,training,False,21645,e064eb4d082c1ecdaad2d678e41009dd,512,512,L,71d8d8cce8a8ccec,
Training/meningioma/Tr-me_108.jpg,meningioma,training,False,28613,64b65481ced9a71ebe5a3cb3ebbe71a8,512,512,RGB,d0d4e4b2e0ccf0b2,
Training/meningioma/Tr-me_1080.jpg,meningioma,training,False,24895,9bbd61b3b8ea544f39e7dd1d2d305640,512,512,RGB,68c8d4a8e8dcf0b2,
Training/meningioma/Tr-me_1081.jpg,meningioma,training,False,22782,3c83c4e8f9f90dfc8a12064d868410a9,512,512,L,73e894acb4d4d890,
Training/meningioma/Tr-me_1082.jpg,meningioma,training,False,17994,2ce839631db98a207d3d21fbddbfbde4,512,512,L,b2e8c8e0dadc71b2,
Training/meningioma/Tr-me_1083.jpg,meningioma,training,False,14166,74aae49f79d7becec6a6461d068b978c,257,248,RGB,f1e0e2b28fcbd3c6,
Training/meningioma/Tr-me_1084.jpg,meningioma,training,False,11823,d528054e8f606b17b9af26594abbfa53,512,512,L,e892f864f4e4f992,
Training/meningioma/Tr-me_1085.jpg,meningioma,training,False,26692,441e0a989c0581bcbca1f5a8353d7f1f,512,512,RGB,8279c4f098cce4cc,
Training/meningioma/Tr-me_1086.jpg,meningioma,training,False,16663,9d43719918dc739b1616b2081514ebad,512,512,L,8572f1e4d4d461e1,
Training/meningioma/Tr-me_1087.jpg,meningioma,training,False,16303,af16cc79795e0ee4ce1e530ef222eaea,512,512,L,84b269d4d46cf192,
Training/meningioma/Tr-me_1088.jpg,meningioma,training,False,26653,056a6dda53d3b1dd6c9f3a06aae507eb,512,512,L,e8cce8d6b2cccc4c,
Training/meningioma/Tr-me_1089.jpg,meningioma,training,False,14076,e5585d4f2ef4e0e60a2c4455319a3b64,512,512,L,0c3361c4cc7c9843,
Training/meningioma/Tr-me_109.jpg,meningioma,training,False,19823,5523b18a36e7a739bcf83d444c5d8216,369,395,RGB,71ccb2b28a8eb2ce,
Training/meningioma/Tr-me_1090.jpg,meningioma,training,False,33194,69a2a8a82b4de23f8832961fdf6f4c3d,512,512,RGB,3866e9c8a6e2aac4,
Training/meningioma/Tr-me_1091.jpg,meningioma,training,False,10078,8753a3c9f99245feb8615e3d8c98c26a,208,243,RGB,7068e0c4d4e9d270,
Training/meningioma/Tr-me_1092.jpg,meningioma,training,False,23744,875bdc5b5313465f18b0ccf684a5cba4,512,512,RGB,b2e0c8c8d4ccc8f1,
Training/meningioma/Tr-me_1093.jpg,meningioma,training,False,18639,0645be565c8e5d9b44824e790b983f4e,512,512,RGB,b271e8c8d0d4e1b2,
Training/meningioma/Tr-me_1094.jpg,meningioma,training,False,28082,832c3e0243e8fafe4313d899e233285d,512,512,RGB,78f4f4cceca8e0e1,
Training/meningioma/Tr-me_1095.jpg,meningioma,training,False,22627,92a2079670cc7add1fc650cb67e63b76,512,512,L,78e8ccdae8d4e0b0,
Training/meningioma/Tr-me_1096.jpg,meningioma,training,False,24813,eab015eb79dea42fe2a5bd520d692476,512,512,L,71cc94b6a8b6c4c4,
Training/meningioma/Tr-me_1097.jpg,meningioma,training,False,22412,debf7d6f5caa924046b4e7af0d6f31e6,512,512,L,0261d4fae4e4d8c8,
Training/meningioma/Tr-me_1098.jpg,meningioma,training,False,26092,eac4f0398bdc1a9fb08e8fb23ff8a5cb,512,512,RGB,b271ccececcce0e8,
Training/meningioma/Tr-me_1099.jpg,meningioma,training,False,22351,525b7915ced006004bdf9f8d5c5aac66,512,512,L,62d1e0a4e8d8c8f1,
Training/meningioma/Tr-me_11.jpg,meningioma,training,False,24675,7606ba26048c358f5230b2f7b1c32c60,512,512,RGB,b270f4d4cce8cccc,
Training/meningioma/Tr-me_110.jpg,meningioma,training,False,20927,af3de6688114137f2269bfcc33972823,290,339,RGB,70e0cec4b2aa8acc,
Training/meningioma/Tr-me_1100.jpg,meningioma,training,False,24112,c092ae4d98d2a920176bb0aa94d446ed,512,512,L,61c08cceb2acede4,
Training/meningioma/Tr-me_1101.jpg,meningioma,training,False,21706,a501e6ea3748d3aebea8e8735268ec5b,512,512,RGB,b060dcd8e0d479b2,
Training/meningioma/Tr-me_1102.jpg,meningioma,training,False,25507,606a2c87b9cc3ce2215beb10cf5e6447,512,512,RGB,32e8c4d8d8e4d471,
Training/meningioma/Tr-me_1103.jpg,meningioma,training,False,30581,7347320ac0b2925c77e714f9c648aabc,512,512,RGB,396cd2a8cc928ccc,
Training/meningioma/Tr-me_1104.jpg,meningioma,training,False,17923,a6d4709dac62f317f97230bb46e7e76d,512,512,L,33f0d0d4f494ecf8,
Training/meningioma/Tr-me_1105.jpg,meningioma,training,False,25846,15b928dbfd1483fe6b8d7a6d29de548a,512,512,RGB,d4e0c8d0cca8d4f0,
Training/meningioma/Tr-me_1106.jpg,meningioma,training,False,17301,bef37d22b2526ca08bd08870b1503af3,512,512,L,b269d4dcd4f470b2,
Training/meningioma/Tr-me_1107.jpg,meningioma,training,False,27971,53a1cfa49cbc54a51a0e4fccd1ea12da,512,512,RGB,b2e1d4c4ccccf069,
Training/meningioma/Tr-me_1108.jpg,meningioma,training,False,20941,45352dd148bd37ca25f8050c6e374825,512,512,RGB,b270c8d0d4697968,
Training/meningioma/Tr-me_1109.jpg,meningioma,training,False,20032,f9a2e62e781ac29910e8fc1805eb6ef6,512,512,L,0269f4b098d4cc6c,
Training/meningioma/Tr-me_111.jpg,meningioma,training,False,19400,9b96ca401e7cce546db52d5c3347528c,512,512,RGB,c8b6f07854e8b2c4,
Training/meningioma/Tr-me_1110.jpg,meningioma,training,False,9233,fc432d7f9af4ed22b7b7166a0611ac5e,214,235,RGB,78ece8aa8ccce8f1,
Training/meningioma/Tr-me_1111.jpg,meningioma,training,False,25989,01de04449e1175e897fdc09d8917cc29,512,512,RGB,9271cccaf0f8cc54,
Training/meningioma/Tr-me_1112.jpg,meningioma,training,False,23295,6e59ac2beea6476a55c27682d412ef86,402,396,RGB,74deaaab9296444e,
Training/meningioma/Tr-me_1113.jpg,meningioma,training,False,16332,6ae994d5fbf5b9f7c92a37bf2c4b6956,512,512,L,04e2d1c4ecd47499,
Training/meningioma/Tr-me_1114.jpg,meningioma,training,False,26596,9db4212fbefc0cfbbc9b8fbaffb6c62b,512,512,RGB,8b70c8d8d4c4d1d8,
Training/meningioma/Tr-me_1115.jpg,meningioma,training,False,13838,6351892a3ea0134637c87ed4e2bd9019,512,512,L,82f0e4d0e4ccf0b2,
Training/meningioma/Tr-me_1116.jpg,meningioma,training,False,25154,1be83ee6d972151985fc883d668b24aa,512,512,RGB,71e4ecccd4ccc8c8,
Training/meningioma/Tr-me_1117.jpg,meningioma,training,False,26777,8631165e0277f7a8382446cd2623a557,512,512,RGB,39f4e4e4c8f6f0f2,
Training/meningioma/Tr-me_1118.jpg,meningioma,training,False,22682,ff24d729050063a610ef4125e2713f61,512,512,RGB,92e06cd4f0c870b2,
Training/meningioma/Tr-me_1119.jpg,meningioma,training,False,24664,0561277ee709b55b4e95d99009c4306d,512,512,L,71d4aae89adcccc8,
Training/meningioma/Tr-me_112.jpg,meningioma,training,False,16009,ee1335fc5dda162c3d59e442885cfa65,512,512,L,9270d8d4d4d4d1c8,
Training/meningioma/Tr-me_1120.jpg,meningioma,training,False,27693,be42b9f33409e068fe4e58112817f8ba,512,512,RGB,71e4e4cca0eaccc8,
Training/meningioma/Tr-me_1121.jpg,meningioma,training,False,12755,fa6de63c10b4d2e9e3dde7ea92cab7a7,256,256,RGB,21d0d2e49086c4e4,
Training/meningioma/Tr-me_1122.jpg,meningioma,training,False,24340,465ed043450c44fd032cb2addf4834ad,300,345,RGB,3251d4b2b2f0cc79,
Training/meningioma/Tr-me_1123.jpg,meningioma,training,False,17852,6b80bae59b7bb95733b7edbb0b89095f,512,512,L,8271f4f4ecf06869,
Training/meningioma/Tr-me_1124.jpg,meningioma,training,False,20858,df43339f3ef1d97ff90ac31f294f089c,512,512,RGB,8270f0d4c8c47470,
Training/meningioma/Tr-me_1125.jpg,meningioma,training,False,26347,501b81f4a3f7dd7015e95e760083e99f,300,359,RGB,71f8b0f8dc9cd861,
Training/meningioma/Tr-me_1126.jpg,meningioma,training,False,31097,3decff42d87a22f76d652d6568102607,512,512,RGB,3978d2aae2d6d4ee,
Training/meningioma/Tr-me_1127.jpg,meningioma,training,False,59684,0c713fdd2a027491be4fdf129c40421e,534,674,RGB,60e08282ceacc4f8,
Training/meningioma/Tr-me_1128.jpg,meningioma,training,False,14750,5c38dd101460d4ba0c861074ec24c025,512,512,L,84f069e4d4cc7182,
Training/meningioma/Tr-me_1129.jpg,meningioma,training,False,33471,7cfa690c120818242e316917db3aec53,512,512,RGB,e8c8ead4aad4d4d4,
Training/meningioma/Tr-me_113.jpg,meningioma,training,False,20129,f31b0e876ae77347d88ec2c87cad21c5,512,512,L,3360dcd0f0d0c869,
Training/meningioma/Tr-me_1130.jpg,meningioma,training,False,26121,0c7b4b0969067a4bbc899c34cce0e24e,512,512,RGB,71e8d0d0f0c8c879,
Training/meningioma/Tr-me_1131.jpg,meningioma,training,False,18752,64bc6d9f77d23ee01e17bb725368cdc8,512,512,L,b269d0ccf4c8c8f9,
Training/meningioma/Tr-me_1132.jpg,meningioma,training,False,17536,f9e6f424db5638200324fbb5ac87fcec,512,512,L,b270d0ecccdce870,
Training/meningioma/Tr-me_1133.jpg,meningioma,training,False,29477,d6cc6865f67f5a5758c7d6bb287599aa,512,512,RGB,71d0d4e8f2f8c4c4,
Training/meningioma/Tr-me_1134.jpg,meningioma,training,False,20105,a4b86379f7d7b683efb698472c70beb5,512,512,L,12f1d0e0c6eaeac8,
Training/meningioma/Tr-me_1135.jpg,meningioma,training,False,14628,a338c1b9c9ac991ed0241e184ea987e5,512,512,L,c896f078d4c86092,
Training/meningioma/Tr-me_1136.jpg,meningioma,training,False,16929,b54f1fe2e0ebc0f1b293acca3c91243c,512,512,L,b270d0c4f4dcf0b2,
Training/meningioma/Tr-me_1137.jpg,meningioma,training,False,31741,9fb008a94dd5d689fc23c0e526e11f83,512,512,RGB,78e4dadadad4e4ec,
Training/meningioma/Tr-me_1138.jpg,meningioma,training,False,27086,4241b2fc8e55d65706fed4f362033528,512,512,RGB,8279e4a4dcc4d9f1,
Training/meningioma/Tr-me_1139.jpg,meningioma,training,False,21078,8d27234b14d283debe57d13f7ff5b1a2,512,512,L,32e8dcecece8e070,
Training/meningioma/Tr-me_114.jpg,meningioma,training,False,20829,6f8ac9bef506bc2dcc8788e1b4423ecc,512,512,RGB,423964daccc57204,
Training/meningioma/Tr-me_1140.jpg,meningioma,training,False,20670,87b00d50a3c1e0137e505a7f07bf0df8,512,512,L,02e1ece4d4dc74e4,
Training/meningioma/Tr-me_1141.jpg,meningioma,training,False,28051,bc6c9b56f9f33272a14e3608816262e8,512,512,RGB,70eccedafad4d4b0,
Training/meningioma/Tr-me_1142.jpg,meningioma,training,False,21555,e49c823ff778dedd7f84b75637731448,512,512,L,32e8cce8e8eccc6c,
Training/meningioma/Tr-me_1143.jpg,meningioma,training,False,20189,5e497d5ba3645389c849b3b20b273839,512,512,L,2261d8d0dcdcc4e1,
Training/meningioma/Tr-me_1144.jpg,meningioma,training,False,28320,fd930c26cb26cb4db2890a5ba92318ab,512,512,RGB,b1e4ceeef88ad8d9,
Training/meningioma/Tr-me_1145.jpg,meningioma,training,False,31348,03026579332e5d3a42a6f067ad36189f,512,512,RGB,9168d4aed6d6e6ec,
Training/meningioma/Tr-me_1146.jpg,meningioma,training,False,11824,952fbccffb5c6dfdf5ef3623e8aa50d8,206,249,RGB,e0f4b22a23a2d4f1,
Training/meningioma/Tr-me_1147.jpg,meningioma,training,False,27648,f1ae1a4a4f1d7c5a9ac8bf1a1b4e7207,512,512,RGB,1378d8d892dad4e4,
Training/meningioma/Tr-me_1148.jpg,meningioma,training,False,29575,8c0c676ec7c52cc4b286f724175a9b2a,512,512,RGB,396cdac8dad6e4f4,
Training/meningioma/Tr-me_1149.jpg,meningioma,training,False,24971,1fd091646c59840b25ad17768dabe001,512,512,RGB,8b78cccccca4d1e3,
Training/meningioma/Tr-me_115.jpg,meningioma,training,False,26889,6d3a3e0434095ab7625d36b01a0da79a,512,512,RGB,71e4e4ccb0d0ccf0,
Training/meningioma/Tr-me_1150.jpg,meningioma,training,False,24900,c39142101136c41f56c61fc14532e6ff,512,512,RGB,893870d4c884d063,
Training/meningioma/Tr-me_1151.jpg,meningioma,training,False,16401,5fe3e5344873bf0ad0ac29b6df1dc13c,512,512,L,8462d9a4cc5cb142,
Training/meningioma/Tr-me_1152.jpg,meningioma,training,False,24349,afea7c9bb78fe874fc6dffccb536bb87,512,512,RGB,1278e4e0c8d4f468,
Training/meningioma/Tr-me_1153.jpg,meningioma,training,False,23092,41259fc843c48663a4a45a0ca9a1eda4,512,512,L,63d9a4aab0d4d498,
Training/meningioma/Tr-me_1154.jpg,meningioma,training,False,30771,6188ecd7995b6868674758d44889780b,512,512,RGB,3878ceee92c684c8,
Training/meningioma/Tr-me_1155.jpg,meningioma,training,False,17217,4f2e2bedce821036553fb0799197e666,512,512,L,8270e8e8ccdcdc61,
Training/meningioma/Tr-me_1156.jpg,meningioma,training,False,31624,0471c9e11d6761964cf2c2f15b2d79c7,512,512,RGB,71c8c8a494d4e4f4,
Training/meningioma/Tr-me_1157.jpg,meningioma,training,False,17809,4d05ccfcff306d08eb83f593ea22f42a,512,512,RGB,44ba79e4d4c972b8,
Training/meningioma/Tr-me_1158.jpg,meningioma,training,False,19907,e7e8352617252f5713721514e394ff52,512,512,L,82f0e8dcccf4dc74,
Training/meningioma/Tr-me_1159.jpg,meningioma,training,False,21528,017f984430664167e6a6067963c77364,512,512,RGB,b268ddd4d969e8a3,
Training/meningioma/Tr-me_116.jpg,meningioma,training,False,18545,09a94fcca8e4ccad3aab84cd5a87113b,512,512,L,b2e8ccd4e8d4f0b2,
Training/meningioma/Tr-me_1160.jpg,meningioma,training,False,23586,7ea911055da060eae14ac980f4e074a8,512,512,RGB,9271ecd0ececccf0,
Training/meningioma/Tr-me_1161.jpg,meningioma,training,False,34663,83a2289cd83d6c4cd3bbd24dc8291c06,512,512,RGB,f8c488b0b28cdcdc,
Training/meningioma/Tr-me_1162.jpg,meningioma,training,False,30493,4f8f7610c02adfcbb261de142ec1bfc9,512,512,RGB,3378ccf4d8d4c4f4,
Training/meningioma/Tr-me_1163.jpg,meningioma,training,False,9501,3cb1d6594ea1a7391608e9bc8245529c,201,251,RGB,71e0c8eccce8e071,
Training/meningioma/Tr-me_1164.jpg,meningioma,training,False,20786,947732e9d10083ef3523ad65bf09c87e,512,512,L,b270cce8d8cce8f8,
Training/meningioma/Tr-me_1165.jpg,meningioma,training,False,31963,ecd4fc846c5d0fed586c1e971d6eef19,512,512,RGB,b2f8d8d6caaa92f4,
Training/meningioma/Tr-me_1166.jpg,meningioma,training,False,10992,0998f1d7c82c65530ed31227b91f2e67,225,225,RGB,6970f0d4c4c8f471,
Training/meningioma/Tr-me_1167.jpg,meningioma,training,False,21706,fe6ed82efbad103cfc9546382c19aecf,512,512,RGB,9269f4d4d4ec6450,
Training/meningioma/Tr-me_1168.jpg,meningioma,training,False,24412,48d4604e4ee04865bb44d75a597b3253,273,326,RGB,f1987a326662e4e9,
Training/meningioma/Tr-me_1169.jpg,meningioma,training,False,18010,d21ce7abbfad42d0cd36adb03c5639bf,512,512,RGB,c4b069d4ccc870b2,
Training/meningioma/Tr-me_117.jpg,meningioma,training,False,22280,b648819b5e64228cc5b8371c9bbe2b03,512,512,L,73f88c9a929edacc,
Training/meningioma/Tr-me_1170.jpg,meningioma,training,False,16209,0cf318d27bbb5ccf29c0b58cfba87762,512,512,RGB,e894f069cd69f084,
Training/meningioma/Tr-me_1171.jpg,meningioma,training,False,15558,2e49f68fe9277a9963e0dcf664a16229,512,512,L,b260e8ccd8d471b2,
Training/meningioma/Tr-me_1172.jpg,meningioma,training,False,17642,d1796efcbdb43f9f165031b4c78c55a3,512,512,RGB,c492f964d464f882,
Training/meningioma/Tr-me_1173.jpg,meningioma,training,False,20479,e8ea88425d4b66e49a7a357e3c415efa,512,512,RGB,c4b269d4d4c870b2,
Training/meningioma/Tr-me_1174.jpg,meningioma,training,False,22862,a7ad2204085a507a6d06b6d51c64895c,512,512,L,71c0d0e2e4ddd268,
Training/meningioma/Tr-me_1175.jpg,meningioma,training,False,21269,590135a0ca53e2510d88fa02cf136730,512,512,L,71e4f4ccd8e8696c,
Training/meningioma/Tr-me_1176.jpg,meningioma,training,False,27348,ae206dd193f877e74b1c66e816950269,512,512,RGB,8279ccecd4e4b4d4,
Training/meningioma/Tr-me_1177.jpg,meningioma,training,False,31914,97c5f35d51c27a35bcb52320d6b249b2,512,512,RGB,71ccd692ea92dcd8,
Training/meningioma/Tr-me_1178.jpg,meningioma,training,False,23309,778ce126d0c749f845287fd68e9f1f70,512,512,RGB,9271e8d4ecececf0,
Training/meningioma/Tr-me_1179.jpg,meningioma,training,False,23930,cc6107eed0f5076bf82da13ce81f5765,512,512,RGB,f2c9e4e4c8e460b0,
Training/meningioma/Tr-me_118.jpg,meningioma,training,False,15741,ab089452228610c1b84e7346dc39edb7,512,512,L,b368d4d4d4746464,
Training/meningioma/Tr-me_1180.jpg,meningioma,training,False,28797,4b8c9e238eb146aa4c8f533551782f5f,512,512,RGB,60e8cca4e8d4e8f0,
Training/meningioma/Tr-me_1181.jpg,meningioma,training,False,24169,5488c09fced23c64dfd21ddeebb30de0,512,512,L,31c0a092b4bce8e4,
Training/meningioma/Tr-me_1182.jpg,meningioma,training,False,16693,4895553e342aa7731ebedf9a281dbbd3,512,512,L,8270ccccb0e0e1b2,
Training/meningioma/Tr-me_1183.jpg,meningioma,training,False,27030,428389c61ed246315bf5948faf825b09,512,512,RGB,197ce4f4d4ccd46c,
Training/meningioma/Tr-me_1184.jpg,meningioma,training,False,19901,f93ddda61b6f5faf172af45070b976a2,512,512,L,8661c8c4ecc8ca74,
Training/meningioma/Tr-me_1185.jpg,meningioma,training,False,12667,9649b82affebba400981e8234e6a5e46,512,512,L,c4b269ecd4e87082,
Training/meningioma/Tr-me_1186.jpg,meningioma,training,False,23138,08ab0690b756215c24edc1982a5baf79,512,512,L,63e8aca89cdcc8ce,
Training/meningioma/Tr-me_1187.jpg,meningioma,training,False,18099,e71141c1fbda1d2b8322c0df4a84f1c7,512,512,RGB,b2f068c0d4c47182,
Training/meningioma/Tr-me_1188.jpg,meningioma,training,False,26870,d4aed66a7a298f3570c233d2814cc584,512,512,RGB,3974d8e0d2d4f472,
Training/meningioma/Tr-me_1189.jpg,meningioma,training,False,27284,c1158a5a1252f0f71fd379859c0fb47c,512,512,RGB,8378e4d8ccc4cc68,
Training/meningioma/Tr-me_119.jpg,meningioma,training,False,19830,99088c0ec3abdcb34faef8681487be33,512,512,L,61d4dae4dc6869e2,
Training/meningioma/Tr-me_1190.jpg,meningioma,training,False,25862,ccf9fabb3f29af146e35bbdc587c55fc,512,512,RGB,1378e4e08894d4f4,
Training/meningioma/Tr-me_1191.jpg,meningioma,training,False,30760,7e7a8f7c30b2ffcd8de6beeafcd67c88,512,512,RGB,31e0ccecdadacccc,
Training/meningioma/Tr-me_1192.jpg,meningioma,training,False,24764,33ff0dcb636c08e64c758126d79296ef,512,512,RGB,b271d4c8e4c4c8e9,
Training/meningioma/Tr-me_1193.jpg,meningioma,training,False,22286,085bdeea2977b0fed3668b3d97e1f2f4,512,512,L,b2e8c8ccd0ccf0e8,
Training/meningioma/Tr-me_1194.jpg,meningioma,training,False,8803,10b0fd4032064762679e0a27a699b83b,215,220,RGB,aaccce2b795cfc92,
Training/meningioma/Tr-me_1195.jpg,meningioma,training,False,28290,ad80a184dd8cf3611659db5eb3795d1a,512,512,RGB,3978c4e4ccf4f4e0,
Training/meningioma/Tr-me_1196.jpg,meningioma,training,False,23520,76cbefd473210a7cfeea992197507b7b,512,512,RGB,9660d0f0c4d4dcd1,
Training/meningioma/Tr-me_1197.jpg,meningioma,training,False,12630,0ade80ebae2ebf71edb4f59661690433,512,512,L,c8b270c9d4d07192,
Training/meningioma/Tr-me_1198.jpg,meningioma,training,False,15883,ae6d267fc228ffe00a7cd13558e28189,278,306,RGB,69c4e2ced072f0d0,
Training/meningioma/Tr-me_1199.jpg,meningioma,training,False,23514,06528b98365a4ef5ee94e4e20b39dfaf,512,512,L,62c098d8a6bae4f4,
Training/meningioma/Tr-me_12.jpg,meningioma,training,False,27878,9d771c273eb0077810233bba9873d112,512,512,RGB,b2e8ccccd4e8e860,
Training/meningioma/Tr-me_120.jpg,meningioma,training,False,25278,66fea1768c1c37285deafb80ce487cb5,512,512,RGB,9271ccccd8d8d44c,
Training/meningioma/Tr-me_1200.jpg,meningioma,training,False,20806,d2c0b67c2ba713a36630f7a348bef0a1,512,512,L,33e0dcc8d4d2fa78,
Training/meningioma/Tr-me_1201.jpg,meningioma,training,False,22921,de49fa7ac11bc7aef88054d7dcec9fba,512,512,RGB,9271f4e8cccce8cd,
Training/meningioma/Tr-me_1202.jpg,meningioma,training,False,20298,a98ead0e00960ad58404491632b407f5,512,512,RGB,92f0e0d4e4c4f1b2,
Training/meningioma/Tr-me_1203.jpg,meningioma,training,False,28572,6ea4e2fcc69e8394ce34c8256cabe049,512,512,RGB,79c8d4b2e8a2ccf0,
Training/meningioma/Tr-me_1204.jpg,meningioma,training,False,24615,cbcf0819c42348a2a60405cafab3fa31,512,512,L,61c0c8ccf2f4dc69,
Training/meningioma/Tr-me_1205.jpg,meningioma,training,False,13464,7e201d2286232ff3552bb8e97ccd88bf,512,512,L,9271e8ece4c471b2,
Training/meningioma/Tr-me_1206.jpg,meningioma,training,False,19869,3112242dbc33f119770b9a2cf0035c82,512,512,RGB,ccb270d0d46cb0c6,
Training/meningioma/Tr-me_1207.jpg,meningioma,training,False,21455,2a7d661581676de65dafc35075f0ac5d,512,512,RGB,c6b068ececc46cb1,
Training/meningioma/Tr-me_1208.jpg,meningioma,training,False,16958,a568b18cfb07290d7d0ba056bf3186a5,512,512,L,9271dcd4d4c87171,
Training/meningioma/Tr-me_1209.jpg,meningioma,training,False,27598,8be200462962aac8530a2923817b77cf,512,512,RGB,32e0cce8e8c8ccc8,
Training/meningioma/Tr-me_121.jpg,meningioma,training,False,31705,c1879542ddaf5854c11b17a4b939da3c,512,512,RGB,b2f8d8d6daaaaae4,
Training/meningioma/Tr-me_1210.jpg,meningioma,training,False,20494,b6380bb69d4200490a39cc2cd44baf04,512,512,L,70ccd4f0f8d0f0b2,
Training/meningioma/Tr-me_1211.jpg,meningioma,training,False,22415,24459f5e67545848cf62e24a34987eba,512,512,L,61c8d0d4ead8c8c8,
Training/meningioma/Tr-me_1212.jpg,meningioma,training,False,19394,cceb056ca1a60585d6d9386cfcefdd26,512,512,L,b270d4e4d8d8ec68,
Training/meningioma/Tr-me_1213.jpg,meningioma,training,False,18053,743f762d2ac7bae8ec11c02528501f81,512,512,RGB,c4b2f8e9d4c9f086,
Training/meningioma/Tr-me_1214.jpg,meningioma,training,False,20009,9a63c0bc1f1ea64c6c8ad6a93584d778,512,512,L,b271d4c4dcf4c8c8,
Training/meningioma/Tr-me_1215.jpg,meningioma,training,False,26386,4c27d59166590080d2d26b20c6c876a9,512,512,L,31e8d8aababaaab2,
Training/meningioma/Tr-me_1216.jpg,meningioma,training,False,21089,a988352ee935e979a6127adc74ea95c9,512,512,RGB,9268c8d4e4c8f9d8,
Training/meningioma/Tr-me_1217.jpg,meningioma,training,False,22478,51c789829280fa349365af59a4d8e212,512,512,L,71f8d4ccf4ec6c64,
Training/meningioma/Tr-me_1218.jpg,meningioma,training,False,28199,e907b997a6f372e3cc2e8d1aacca19b6,512,512,RGB,71ccc4ecb2e8ccd4,
Training/meningioma/Tr-me_1219.jpg,meningioma,training,False,16458,744edb895630c01e72a73e883ed9d2d8,512,512,L,86f0e8d4c8dce932,
Training/meningioma/Tr-me_122.jpg,meningioma,training,False,18019,a2d22b5be72d769cbec1efb3a87f01e7,512,512,RGB,b270e8c0d0c47192,
Training/meningioma/Tr-me_1220.jpg,meningioma,training,False,25886,e0b0221b6ce51300e5e6ffa252ea47a1,512,512,RGB,71e8ccccf4d4e969,
Training/meningioma/Tr-me_1221.jpg,meningioma,training,False,24517,67102e3892e01311d68bd42a86dfd3b9,512,512,L,e198a086b696cccd,
Training/meningioma/Tr-me_1222.jpg,meningioma,training,False,25309,6b671bef2d56ad0ae68680333502738e,512,512,RGB,71e8d4d0a8e86969,
Training/meningioma/Tr-me_1223.jpg,meningioma,training,False,19928,a56a7991f408218710ae9a49e53aa214,512,512,L,22e1a8a48cda7434,
Training/meningioma/Tr-me_1224.jpg,meningioma,training,False,25709,b0018307fc370aeb641f9a2902592f24,512,512,RGB,32f0cce0e0e460b0,
Training/meningioma/Tr-me_1225.jpg,meningioma,training,False,16260,3d2866c22eb6d6bf1f3e4c751142b589,286,356,RGB,f0f0f0aa8e96d6d2,
Training/meningioma/Tr-me_1226.jpg,meningioma,training,False,21501,dc88a9d00d61660ec51eabc5db2b8f5a,512,512,L,22e1d8a4d2b6d4d8,
Training/meningioma/Tr-me_1227.jpg,meningioma,training,False,20973,0882cf2318f1cb8a6250f6975241efe1,512,512,L,32e8c4e8a4ccd899,
Training/meningioma/Tr-me_1228.jpg,meningioma,training,False,28778,412290c84830fcf14f1f131aa0cc342d,512,512,RGB,b170cc9ef4d4c4e4,
Training/meningioma/Tr-me_1229.jpg,meningioma,training,False,32576,975a315552b9a376be0f2a94a8a1e6ae,512,512,RGB,79fccacc92ae8899,
Training/meningioma/Tr-me_123.jpg,meningioma,training,False,17105,bb89a6059df5be3d2b52c2d7f1e7a1e1,512,512,L,32f9c4e4f0d461b2,
Training/meningioma/Tr-me_1230.jpg,meningioma,training,False,22574,0c4259d35df4e1829fe4ed6e72fb5f28,512,512,L,e3c9b08cec90c0e0,
Training/meningioma/Tr-me_1231.jpg,meningioma,training,False,23019,a60842f852d4f2d038f0afa86638ab36,512,512,L,72d88c98b0a6e664,
Training/meningioma/Tr-me_1232.jpg,meningioma,training,False,20443,fb63a363d98fe32adca3e735b8a430a2,512,512,L,71d8c8ccf8ecece4,
Training/meningioma/Tr-me_1233.jpg,meningioma,training,False,20419,c44a0c3b07d900135f7e24172493e510,512,512,RGB,92f0e0f0d4c4f0b0,
Training/meningioma/Tr-me_1234.jpg,meningioma,training,False,19389,bee54c092c0c07e68f904a3bcefdf427,512,512,L,8463c0f4dcdc6461,
Training/meningioma/Tr-me_1235.jpg,meningioma,training,False,24517,cd5e0288071ce28a595ffcc18193d7d9,512,512,L,32e0cc94b2cce9b2,
Training/meningioma/Tr-me_1236.jpg,meningioma,training,False,14098,b9207a2dcb45a65f722191d28f7526cb,512,512,L,c4b060d0e4dcf0b2,
Training/meningioma/Tr-me_1237.jpg,meningioma,training,False,15387,bf3fb6683550bfd741a6caf62e6acabf,503,369,RGB,b269ccf0c8f0cc71,
Training/meningioma/Tr-me_1238.jpg,meningioma,training,False,11825,48a693cd3032ac8aa9c93d2e28f38fe3,512,512,L,a0c4b0697469f086,
Training/meningioma/Tr-me_1239.jpg,meningioma,training,False,21249,11acbd3ecbcc1fe0f241b7e8ba5d4a23,512,512,L,61e8ec8288dccc88,
Training/meningioma/Tr-me_124.jpg,meningioma,training,False,29261,f2354e087f1be6a98c17bc6a2ade53e2,512,512,RGB,79d8d894ccccc4f4,
Training/meningioma/Tr-me_1240.jpg,meningioma,training,False,29302,1d197c381dc33b7d1406a9797bebc4b4,512,512,RGB,3378cce498d4e4f0,
Training/meningioma/Tr-me_1241.jpg,meningioma,training,False,17493,b6e4a7cc53d212492cf1fd1b474261a0,512,512,RGB,c2b168ecd0cc7192,
Training/meningioma/Tr-me_1242.jpg,meningioma,training,False,13954,ef4efdf1a7f3fb1b9efe30ee40525500,512,512,L,b270e8c4c8c870b2,
Training/meningioma/Tr-me_1243.jpg,meningioma,training,False,23972,0f7f49277e273e708f04b120c2f55e5f,512,512,RGB,74f8fce4d4d86c30,
Training/meningioma/Tr-me_1244.jpg,meningioma,training,False,17044,7bfc7361650ed1cfaf47f1684b68dc7c,512,512,L,30e8ccd0f2dcf0b0,
Training/meningioma/Tr-me_1245.jpg,meningioma,training,False,18052,b3071eb84d7888560f94ac77d20e7fa7,512,512,RGB,ccb2f06cd468f086,
Training/meningioma/Tr-me_1246.jpg,meningioma,training,False,11614,edb8f31b169a77ee255cf8c0ec5f8c07,512,512,L,a896b06969e8b2f1,
Training/meningioma/Tr-me_1247.jpg,meningioma,training,False,26473,1cea6acb5f1e1ecf815ca0506e4dee74,512,512,RGB,32f8ccecf0ecdc61,
Training/meningioma/Tr-me_1248.jpg,meningioma,training,False,33717,dbfe7a428ac3b03448a759aeed2d6a01,512,512,RGB,78e3cdf7d7df86c4,
Training/meningioma/Tr-me_1249.jpg,meningioma,training,False,10902,28288e89575a009d245c575d2c031731,211,239,RGB,70d4a2a4a2aadc70,
Training/meningioma/Tr-me_125.jpg,meningioma,training,False,27655,880f1be26e4ec195cdfaca925c846058,512,512,L,e1a858a2dabcacc6,
Training/meningioma/Tr-me_1250.jpg,meningioma,training,False,22053,5748de28c77845163ff34f9790fb608c,512,512,L,62f1a48ca094d4f0,
Training/meningioma/Tr-me_1251.jpg,meningioma,training,False,26430,19599b466c2de0fcf3c3308e6cbba9de,512,512,RGB,30f8ecc8ccc8e0f0,
Training/meningioma/Tr-me_1252.jpg,meningioma,training,False,14130,6471ca23ce3e811352e484c943b83b9d,512,512,L,4d2261d8d46cb122,
Training/meningioma/Tr-me_1253.jpg,meningioma,training,False,21034,b091dcbb518ae2c73d632d85233186b0,512,512,L,b278c4ccc8c8d469,
Training/meningioma/Tr-me_1254.jpg,meningioma,training,False,19372,2ca298878b6bd0269d2bacfe4a6ea76d,512,512,RGB,c4b068f0f0c4f8b2,
Training/meningioma/Tr-me_1255.jpg,meningioma,training,False,14204,3093f0f7da1a11e0772748d6397899e3,512,512,L,c432f8dcd8d47182,
Training/meningioma/Tr-me_1256.jpg,meningioma,training,False,29517,094d8233eb76a20f0a4016c08b3d5d97,512,512,RGB,31f8c4d0d494ccc9,
Training/meningioma/Tr-me_1257.jpg,meningioma,training,False,19036,0ca2b26025051cf78626f3327ed61220,512,512,RGB,b2f1ecccc8ec7092,
Training/meningioma/Tr-me_1258.jpg,meningioma,training,False,18958,7d162db8aa91c8a7cc6099dac97cac39,512,512,RGB,c4b271f0d0c478b2,
Training/meningioma/Tr-me_1259.jpg,meningioma,training,False,27695,b3c18af7f88aa07cc66f25ced71218d3,512,512,RGB,79e4e49088a4ace8,
Training/meningioma/Tr-me_126.jpg,meningioma,training,False,5237,b4bd91a63fbf5728851decd9e867aa20,225,225,RGB,b268ecd8e8d471b2,
Training/meningioma/Tr-me_1260.jpg,meningioma,training,False,22498,c58458075c389b4d74dd4c948c76dbe2,512,512,L,33e0d4e8d4ecccdc,
Training/meningioma/Tr-me_1261.jpg,meningioma,training,False,20039,41e360617b457c363e237082c4dcbec6,512,512,RGB,32e9d4d4d4d1d1d9,
Training/meningioma/Tr-me_1262.jpg,meningioma,training,False,9737,5d58643818e2775a569390c4aa3c1d8d,200,223,RGB,cceab2334dcd9af0,
Training/meningioma/Tr-me_1263.jpg,meningioma,training,False,17714,85eab185a753968392794ef198ac7ad9,512,512,L,71f8d8ecf0ec6c70,
Training/meningioma/Tr-me_1264.jpg,meningioma,training,False,28300,ba101d243407427f2ae072f4dd2d913a,512,512,RGB,b178c4e6ccf4d4f4,
Training/meningioma/Tr-me_1265.jpg,meningioma,training,False,14382,4784a5cdb19e6bb2aab8e9a0758a2892,512,512,L,b270e8fcd4dc7192,
Training/meningioma/Tr-me_1266.jpg,meningioma,training,False,21068,2c10726a171c82634d599783fe368862,512,512,L,8261d8ead4d8eae8,
Training/meningioma/Tr-me_1267.jpg,meningioma,training,False,22467,68af3a7989e50273b474bd411404ebef,512,512,L,f4d4d8b2f8cc70b2,
Training/meningioma/Tr-me_1268.jpg,meningioma,training,False,28145,2c12140171e871250ed7cc3fbaeddf3a,512,512,RGB,3970d2ccf2d6d4f0,
Training/meningioma/Tr-me_1269.jpg,meningioma,training,False,32887,1d1083d330e10a5e2dc8e934511a7287,512,512,RGB,68c4e8b4b6ccc8c8,
Training/meningioma/Tr-me_127.jpg,meningioma,training,False,22726,5f775721720b18ae2b53da3210eb5ab5,512,512,RGB,b268ecf0a4c470b2,
Training/meningioma/Tr-me_1270.jpg,meningioma,training,False,25355,d253e5202f6636ec8c1ad0c6de93df9e,512,512,RGB,017cecd8c8e4dce1,
Training/meningioma/Tr-me_1271.jpg,meningioma,training,False,13040,9fef44175b3b6a8cb21e1585475bdc0d,512,512,L,8270e8e4e4cc7192,
Training/meningioma/Tr-me_1272.jpg,meningioma,training,False,22882,091d6a71364dc2dc94b015801db80785,512,512,RGB,9260d0d0c4f0c8c9,
Training/meningioma/Tr-me_1273.jpg,meningioma,training,False,26522,a11f04668019eee5486236a99b82c0c5,512,512,RGB,997cf8d0cca2d8e1,
Training/meningioma/Tr-me_1274.jpg,meningioma,training,False,25839,9e7c7e8d5dc30162f8c4f0c6d68aa71f,512,512,L,e39968cc9ab8aadc,
Training/meningioma/Tr-me_1275.jpg,meningioma,training,False,23337,11718ee3cad9b92f181754e9417b9980,512,512,RGB,f0e8ccd0e0d471b2,
Training/meningioma/Tr-me_1276.jpg,meningioma,training,False,24559,4c539d0afe4a6c434b96578581ada8b4,512,512,RGB,b1f0c4e4f4d4c8c8,
Training/meningioma/Tr-me_1277.jpg,meningioma,training,False,25591,905799a3f7f8a5c209feb15106289da3,512,512,RGB,b269d8c8c4aca8e8,
Training/meningioma/Tr-me_1278.jpg,meningioma,training,False,33042,730dffb66b3eb7fbd1cc12d65b7de443,512,512,RGB,71cca8aaaab2aaaa,
Training/meningioma/Tr-me_1279.jpg,meningioma,training,False,18660,4fb61192e0e03b2710e6b6390ba02ab3,512,512,RGB,c6b068d8d4cc7082,
Training/meningioma/Tr-me_128.jpg,meningioma,training,False,16120,53e38d066759a4883f1addb40fd57f00,512,512,L,96f0f0f0d4dcf0f2,
Training/meningioma/Tr-me_1280.jpg,meningioma,training,False,19808,e01fe44b60ee2be496c694f03d78ab9f,512,512,L,b271f0d4ccece868,
Training/meningioma/Tr-me_1281.jpg,meningioma,training,False,18485,ce5961f23f9124549aa426a5bea9d06e,512,512,L,3268d4dcd0d86161,
Training/meningioma/Tr-me_1282.jpg,meningioma,training,False,33754,414159e7f2f9959e3d57abe139c9e5c3,480,480,RGB,cde8e8e8c0c4c0e1,
Training/meningioma/Tr-me_1283.jpg,meningioma,training,False,18824,6931980c544fddf753d5d9046111032b,512,512,L,32e8c8d8f4d0e172,
Training/meningioma/Tr-me_1284.jpg,meningioma,training,False,27681,ce703250d344390d3bacacfff4b1aa4c,512,512,RGB,32e8cce8e4a0c8c8,
Training/meningioma/Tr-me_1285.jpg,meningioma,training,False,17654,61963aec3bc96887666eae7698263c0c,512,512,L,b0f4e4d2d8c871b2,
Training/meningioma/Tr-me_1286.jpg,meningioma,training,False,13439,93d2af5225382cd176139b2dc79e305a,201,207,RGB,d4a245c1496b550f,
Training/meningioma/Tr-me_1287.jpg,meningioma,training,False,21002,90c62d76f0861fe193042a397d8f8eb6,512,512,L,0269d4b094d6cc68,
Training/meningioma/Tr-me_1288.jpg,meningioma,training,False,22200,d2df0793c6866d3cab10d09f5547357f,512,512,L,72d88c88e0aee464,
Training/meningioma/Tr-me_1289.jpg,meningioma,training,False,102858,d307a9fd900a43f8dfc2ce2a82f5c4a1,1149,1019,RGB,71e4b4b2bab2aac8,
Training/meningioma/Tr-me_129.jpg,meningioma,training,False,22614,921cb6a359fbdab7caee5f1f369acffd,512,512,RGB,9270f4c8d4d0e870,
Training/meningioma/Tr-me_1290.jpg,meningioma,training,False,37460,fd90d34d5f8fb9e36e9a3a74ce51152b,630,423,RGB,78d8faeadac6c8e2,
Training/meningioma/Tr-me_1291.jpg,meningioma,training,False,19584,4b9f6295c139e963471db8091cc60049,512,512,L,0271c8e0cee8c8c2,
Training/meningioma/Tr-me_1292.jpg,meningioma,training,False,19981,234d199a6c957404154ba557e213ff79,512,512,L,b269e4e8dccae8e8,
Training/meningioma/Tr-me_1293.jpg,meningioma,training,False,24611,9a5e29fdf89af2c52f03f40f8c5b442b,512,512,RGB,b2f0c4c4f0f0dcc8,
Training/meningioma/Tr-me_1294.jpg,meningioma,training,False,22908,021209655ab4e20dc1c7493cf8b64a00,507,362,RGB,b269ecf0ececd46c,
Training/meningioma/Tr-me_1295.jpg,meningioma,training,False,19648,9d8e2727154924c2c1f3ff8da042b850,512,512,L,71d8c8ccd0ccecec,
Training/meningioma/Tr-me_1296.jpg,meningioma,training,False,28622,e96e2a8516996cd1a98e92b5b09372a3,512,512,RGB,79e488d4b88cc9c1,
Training/meningioma/Tr-me_1297.jpg,meningioma,training,False,23545,c25e029926ce4eb78fe4ab16482c7323,512,512,RGB,b068d4f0e8d4f0b2,
Training/meningioma/Tr-me_1298.jpg,meningioma,training,False,21143,d6a9a3dd12801af5f00653030b22dd3a,512,512,RGB,92f0e4c8ccccf1b2,
Training/meningioma/Tr-me_1299.jpg,meningioma,training,False,27757,edcda044888c31289760bdc2be22fd1e,512,512,RGB,9b78c4d6cce4d4f0,
Training/meningioma/Tr-me_13.jpg,meningioma,training,False,14023,26f174da324fb69510f72eafa3969a33,512,512,L,ccb2f86dd4cc7082,
Training/meningioma/Tr-me_130.jpg,meningioma,training,False,19122,dc2e07dc77061f2bd560143cc8d90961,512,512,L,8462d1c4e4cc4ab4,
Training/meningioma/Tr-me_1300.jpg,meningioma,training,False,27659,2d677871734146cb3641b4fdd84b3e98,512,512,RGB,397ce4e4d8c4f0d2,
Training/meningioma/Tr-me_131.jpg,meningioma,training,False,26509,f642d06be875c343c1c498cfaa2fbd25,491,624,RGB,f1c88a32d0ccfcf0,
Training/meningioma/Tr-me_132.jpg,meningioma,training,False,20033,bba1e7e7c68f9d4e0699f1e75e764b98,512,512,L,b0e0ccd8e8d4f9f2,
Training/meningioma/Tr-me_133.jpg,meningioma,training,False,22465,c3f03edfe767599f29ee9129246c6350,512,512,L,32f0ccccd4ccf0e9,
Training/meningioma/Tr-me_134.jpg,meningioma,training,False,28758,6e65096da6eb6f8e77e202fc784c9f40,512,512,RGB,78d8a8d490d4e4e4,
Training/meningioma/Tr-me_135.jpg,meningioma,training,False,17820,8be28563d70247a9db36a5f78723cbac,512,512,L,0462f1e4dcd4e4e1,
Training/meningioma/Tr-me_136.jpg,meningioma,training,False,12414,7a21e0fdcb609fb368bf5105e6e75d8a,512,512,L,c8b2f079d968b2c4,
Training/meningioma/Tr-me_137.jpg,meningioma,training,False,28541,12754b28a169fdda7bd1ccab56b39c18,512,512,RGB,38fcfad6d626ece4,
Training/meningioma/Tr-me_138.jpg,meningioma,training,False,19790,9c41727fc139d8117c7f180ce1b6903a,512,512,L,8270ccd0cce8c8cc,
Training/meningioma/Tr-me_139.jpg,meningioma,training,False,25338,a2f5462011263f65f6fc0a43a126d515,512,512,RGB,96f0e8c4ccd0c4d1,
Training/meningioma/Tr-me_14.jpg,meningioma,training,False,9455,85368a2da1a274c34c6302826c46e487,216,234,RGB,e9f8f8f8c88ec8e1,
Training/meningioma/Tr-me_140.jpg,meningioma,training,False,20467,21fe431311a43be7287184c230de50e8,512,512,L,3261c4c8e490d2d2,
Training/meningioma/Tr-me_141.jpg,meningioma,training,False,26213,f694618d22be181e04ba93f0048d248f,512,512,RGB,b974ccf0e4d4dc72,
Training/meningioma/Tr-me_142.jpg,meningioma,training,False,15074,e1daf52c143cb102ece8ecf95ff00afd,512,512,L,c4b261d0f4cce1b2,
Training/meningioma/Tr-me_143.jpg,meningioma,training,False,27231,a3093aac19ccb60acab4951209ac2e52,512,512,RGB,386cf2cac8f4e472,
Training/meningioma/Tr-me_144.jpg,meningioma,training,False,31563,13a1751155244a9f3e3af1d1870669fd,512,512,RGB,71d4aaa8aacccce0,
Training/meningioma/Tr-me_145.jpg,meningioma,training,False,23516,ec00c2470c3abe13e1f53bc9aaebb6f6,315,315,RGB,a2e8acac888c4d4d,
Training/meningioma/Tr-me_146.jpg,meningioma,training,False,26196,d9de60c0f1df989a600ca88ad63a51b7,512,512,RGB,b271c8ccd4cce0e8,
Training/meningioma/Tr-me_147.jpg,meningioma,training,False,17136,b1cd9b082dbae54dd4462c701db270fc,512,512,L,b279d4d4d0d871b2,
Training/meningioma/Tr-me_148.jpg,meningioma,training,False,28997,3ae6747a1d67fc13b1d4170a0508e1ca,512,512,RGB,0271c4b49c4cb0e1,
Training/meningioma/Tr-me_149.jpg,meningioma,training,False,21776,182536b9cabf118b26e2b99c8c705610,512,512,RGB,92f0ccd4f0cc71b2,
Training/meningioma/Tr-me_15.jpg,meningioma,training,False,24721,bcbaccdcdf5fab739212f50c89d06824,512,512,L,e1d8a4a4a4d4d8c8,
Training/meningioma/Tr-me_150.jpg,meningioma,training,False,24690,31fc514e6e5cf7caf9d9f031a1f88cd7,512,512,RGB,3b70d4e8c8d4f470,
Training/meningioma/Tr-me_151.jpg,meningioma,training,False,16681,3e898387ba808b55cac9c4995dff6124,512,512,RGB,92f069c4d4ecf182,
Training/meningioma/Tr-me_152.jpg,meningioma,training,False,25722,453521f5bfb44de00ee4b410414c8f1e,512,512,RGB,9170d89894d4cce4,
Training/meningioma/Tr-me_153.jpg,meningioma,training,False,29053,666fcd902fe7bfe3cc6673ba09c2760d,512,512,RGB,31f8d2faaa9a8cc9,
Training/meningioma/Tr-me_154.jpg,meningioma,training,False,33098,546d13394a216dca4e057415eee7468a,351,398,RGB,b6b64d6969c9a996,
Training/meningioma/Tr-me_155.jpg,meningioma,training,False,22121,6f6b1f170af16a2b4d2bb142e04b112a,512,512,L,62e1dcd8ccd0d0e0,
Training/meningioma/Tr-me_156.jpg,meningioma,training,False,20881,03fc864ad45448663c694459c90d9920,512,512,L,9271cccce4e4cccd,
Training/meningioma/Tr-me_157.jpg,meningioma,training,False,27418,00040409d120315633f74805ce0ae401,512,512,RGB,79f4c89894d4e470,
Training/meningioma/Tr-me_158.jpg,meningioma,training,False,33946,47452c1ea25eed994f73362f40904be4,645,439,RGB,b8646ac8e864bcd9,
Training/meningioma/Tr-me_159.jpg,meningioma,training,False,18381,d59a61bd33aa0438bc644f9190fd2572,512,512,L,8af1c8f4e4d4f070,
Training/meningioma/Tr-me_16.jpg,meningioma,training,False,18767,56e1f8dba3990ad3e121656ed30bf9a1,512,512,L,9271f0d4ccecf468,
Training/meningioma/Tr-me_160.jpg,meningioma,training,False,22975,1c0616c6073617b11dde17af265c1385,512,512,L,73e0dcd4d4d6cc6c,
Training/meningioma/Tr-me_161.jpg,meningioma,training,False,25413,3140cecce543be6a8bc7e1f75e70987e,512,512,L,71cce8a89accc8d4,
Training/meningioma/Tr-me_162.jpg,meningioma,training,False,19603,e365110c0e28059a235bff8fdf1a51db,512,512,L,b278ecd4d4ecec6c,
Training/meningioma/Tr-me_163.jpg,meningioma,training,False,24693,65d193f72d882ecc85d495ddceb5952a,512,512,RGB,8271ccd4ccc8e879,
Training/meningioma/Tr-me_164.jpg,meningioma,training,False,29532,abf3dd7956c9da0b7afaff4083e357de,512,512,RGB,397cdaacf2d6c4ea,
Training/meningioma/Tr-me_165.jpg,meningioma,training,False,24001,f7b42f2117720ebd26449ba761477ebf,512,512,RGB,b261c8c8d4c8d8f1,
Training/meningioma/Tr-me_166.jpg,meningioma,training,False,21679,784e014dd517dbaf904521e994a5a782,512,512,RGB,b2e8cce4e0d4f072,
Training/meningioma/Tr-me_167.jpg,meningioma,training,False,30960,03ed7aa5155e3b6bbf657de60514ada8,416,395,RGB,70f0f2ccc462ead8,
Training/meningioma/Tr-me_168.jpg,meningioma,training,False,15506,2196f4042fa42aaed33c5b1cbd5140da,512,512,L,c4b269d4d0c47192,
Training/meningioma/Tr-me_169.jpg,meningioma,training,False,23937,64965ac07db0e5a6226a93e988ae3ed9,512,512,RGB,b269f4ccd0ecec60,
Training/meningioma/Tr-me_17.jpg,meningioma,training,False,15206,2483f9df39e6e886ce41b8f79a5e00a7,512,512,L,84f2e8d4f0d471b2,
Training/meningioma/Tr-me_170.jpg,meningioma,training,False,29824,0b0a17a579d119aae59ac9ce74d43946,512,512,RGB,31f0c4d8b094c0e1,
Training/meningioma/Tr-me_171.jpg,meningioma,training,False,18938,e1780d3f4b6f35de601a61cbf81ff485,512,512,RGB,8279ccd4d05469b9,
Training/meningioma/Tr-me_172.jpg,meningioma,training,False,26675,49828888c8e290aa6abdefbe753e49b1,512,512,RGB,39e8ecd4c6f4dc6e,
Training/meningioma/Tr-me_173.jpg,meningioma,training,False,20362,e32e01d116f43c68c5f1cce140d9de4b,512,512,L,22e1d4d0ccd0d4f0,
Training/meningioma/Tr-me_174.jpg,meningioma,training,False,27270,7061c920da002bf3ff6f214c2fc8f4c1,512,512,RGB,3964dacab2d4d4f4,
Training/meningioma/Tr-me_175.jpg,meningioma,training,False,26014,e06f111f0ecc232b7e8ae38096aa7d13,512,512,RGB,68e8c4a8f8d8f0b2,
Training/meningioma/Tr-me_176.jpg,meningioma,training,False,20195,0d282834638c1bbb5fe3b00ff2fd9b1e,512,512,L,b279d0f4ccf4f4f0,
Training/meningioma/Tr-me_177.jpg,meningioma,training,False,19750,247bc19b5d32c380075fc8d91ac065c3,512,512,L,b0e8f8cccce8d869,
Training/meningioma/Tr-me_178.jpg,meningioma,training,False,14063,027b34e0b373bb197c8b14822cf9dbef,512,512,L,c4b068f8d4d87192,
Training/meningioma/Tr-me_179.jpg,meningioma,training,False,20077,f3ca9a515c30126d07f1357dd4cf3810,512,512,L,63d0ccc88cd4e0f8,
Training/meningioma/Tr-me_18.jpg,meningioma,training,False,30907,3aa9908ac03cb5258acaa1d345309e4b,512,512,RGB,31fcf0b6d2c2e8d8,
Training/meningioma/Tr-me_180.jpg,meningioma,training,False,31641,a54bc4f4a9457297c7632aa416061a78,512,512,RGB,78e4dacacacce4ec,
Training/meningioma/Tr-me_181.jpg,meningioma,training,False,20079,73d393516aea7134148b07ab69e90c3c,512,512,L,71e8f4f4f0f4d460,
Training/meningioma/Tr-me_182.jpg,meningioma,training,False,13621,065a3e1b1982c0bec07dd089b1c28dda,512,512,L,8472e1c8f4d4f032,
Training/meningioma/Tr-me_183.jpg,meningioma,training,False,25519,41d3e66a692f1b5b73ad9ad7b3fd4f70,512,512,RGB,9270e8d4ccc8d0e9,
Training/meningioma/Tr-me_184.jpg,meningioma,training,False,21396,ff47801551d94dbf4628d988caaaf27a,512,512,L,06e1c0a0dc9acae8,
Training/meningioma/Tr-me_185.jpg,meningioma,training,False,20122,dec9dbdf02f56e0bc68a277f3a4eb80e,512,512,RGB,92f0e8e4cac8f0b2,
Training/meningioma/Tr-me_186.jpg,meningioma,training,False,21243,16f2a3d1ff82713cd26416530cbe8b32,324,284,RGB,f8fcbcbc94f2c8d4,
Training/meningioma/Tr-me_187.jpg,meningioma,training,False,22183,f535d53367e5ae14dfcba94f0a892a55,512,512,L,71f0e8c8cce86868,
Training/meningioma/Tr-me_188.jpg,meningioma,training,False,27010,3c261eefb026e7e72234abd854338bcb,512,512,RGB,3974cadac6d4d87c,
Training/meningioma/Tr-me_189.jpg,meningioma,training,False,22201,126e3579d5334c7e513bd5c3d49bdea9,512,512,L,e1e4ead4e2d8d8d8,
Training/meningioma/Tr-me_19.jpg,meningioma,training,False,24585,123493c6dc54b565bdf87f58bd4686a2,374,370,RGB,71cce0e0aa4f4973,
Training/meningioma/Tr-me_190.jpg,meningioma,training,False,15484,e666b704de22cb125302076e50078a79,512,512,L,84f269d4d4d470b2,
Training/meningioma/Tr-me_191.jpg,meningioma,training,False,20982,4f75de76f038627aa60ea9adbeaf31fb,512,512,L,33e994b2b8daecee,
Training/meningioma/Tr-me_192.jpg,meningioma,training,False,23724,342c29523a12552ef772fef0a9e2553d,512,512,RGB,8279ccd0cce8ec74,
Training/meningioma/Tr-me_193.jpg,meningioma,training,False,24844,6ebfcde896493722e60b9a3fadfacec7,512,512,RGB,b260e8d4c4c8d0e9,
Training/meningioma/Tr-me_194.jpg,meningioma,training,False,19711,2a799f698a83501b6815bd458b58f4f9,512,512,RGB,92f0e8d4c4ccf1b2,
Training/meningioma/Tr-me_195.jpg,meningioma,training,False,28275,fa6ef8c83b5ff0b0b648db47926efc09,512,512,RGB,70f0e8ccccc8e8e8,
Training/meningioma/Tr-me_196.jpg,meningioma,training,False,20127,d9a0f60c35e2dff5d93a7ab19d51d47d,512,512,L,b269ccccece8c8d0,
Training/meningioma/Tr-me_197.jpg,meningioma,training,False,13144,ab9a1ac5ed9836ffa3a5c5ec65007b3a,512,512,L,84f2e1c4d4d4f032,
Training/meningioma/Tr-me_198.jpg,meningioma,training,False,18963,6f68bbf406c353ade2611767f6b7c9f3,512,512,RGB,84f0e0e4e4c47182,
Training/meningioma/Tr-me_199.jpg,meningioma,training,False,24745,6ac35de2630c016b30cbeef436c72358,512,512,L,32e0e494a4aa88d8,
Training/meningioma/Tr-me_2.jpg,meningioma,training,False,27479,283d7f82699733dbba9119a9bd711c3c,512,512,RGB,39f0d4b0aaaac8c1,
Training/meningioma/Tr-me_20.jpg,meningioma,training,False,14083,c56adc50d3898acf02a8264cbb1fa3bd,512,512,L,86b069786469f2b2,
Training/meningioma/Tr-me_200.jpg,meningioma,training,False,23965,0017a277c3504d5ca435c69dacb70031,312,401,RGB,31ccccac4e8ef871,
Training/meningioma/Tr-me_201.jpg,meningioma,training,False,20611,f2c6954fbaab47edd5b7d209245ca00c,512,512,L,b268cce8d4d2c86c,
Training/meningioma/Tr-me_202.jpg,meningioma,training,False,11958,33219ed9ce02ebd832fc0a8e815a3101,230,241,RGB,68e8c8e8c6cce870,
Training/meningioma/Tr-me_203.jpg,meningioma,training,False,28546,ec3f8b1d790529f208b411fdf16ed0d2,512,512,RGB,78d8a8d4a8e4e4e4,
Training/meningioma/Tr-me_204.jpg,meningioma,training,False,19414,a19dad052822b589ade2a9e4d2c7e893,512,512,RGB,c4b270f0d4c479b2,
Training/meningioma/Tr-me_205.jpg,meningioma,training,False,16515,da3c601dae40626a6b2ea828539814d8,338,345,RGB,70e1dcccfcd4e471,
Training/meningioma/Tr-me_206.jpg,meningioma,training,False,24022,fd0bc9f2a4f8e458230585993c7a9127,512,512,L,c1200c1496149ce8,
Training/meningioma/Tr-me_207.jpg,meningioma,training,False,25565,2c701900c34c70b607fde79b51c35bc1,512,512,RGB,b064ecd492f468b2,
Training/meningioma/Tr-me_208.jpg,meningioma,training,False,26719,72add5b23db95cd3c8905814eb18b76c,512,512,RGB,1378dce892c2ece8,
Training/meningioma/Tr-me_209.jpg,meningioma,training,False,25498,6afb4c539e70b4fbb3dad4fe6847e859,512,512,RGB,9270e8d4d0d4cce8,
Training/meningioma/Tr-me_21.jpg,meningioma,training,False,17377,af8a8655060574e9b9369a7f477aaa1b,512,512,L,9270ecd4d8dc71b2,
Training/meningioma/Tr-me_210.jpg,meningioma,training,False,14365,cdc9bd3545f360bfdd50b78a528c57d3,512,512,L,c4b261d4d4dc7092,
Training/meningioma/Tr-me_211.jpg,meningioma,training,False,23971,c45db31730d2168878f43f5a4ea2538a,512,512,RGB,9271e4c8ccd4c469,
Training/meningioma/Tr-me_212.jpg,meningioma,training,False,26694,5ace459413799a18e41a1ed906b39cde,512,512,RGB,f0d4d4b4e0d4f0b2,
Training/meningioma/Tr-me_213.jpg,meningioma,training,False,16060,78f62cdc0cabf41e87fc0fe8d04e5fe4,512,512,L,8261ccd4e4d451c9,
Training/meningioma/Tr-me_214.jpg,meningioma,training,False,26002,d4a268769fffaab3bb364e6bf026e817,512,512,RGB,b2e8c8c894d0d4c4,
Training/meningioma/Tr-me_215.jpg,meningioma,training,False,24455,5dec95a3cdfcaed3b60169487de2c61c,512,512,L,19f8ceba92dbee66,
Training/meningioma/Tr-me_216.jpg,meningioma,training,False,25901,5de134b34730397c022685313df31747,512,512,RGB,32f8c4e4f0f4ec69,
Training/meningioma/Tr-me_217.jpg,meningioma,training,False,28596,97188df9604b973610cd668edf5d0893,512,512,RGB,3160cea6b684a488,
Training/meningioma/Tr-me_218.jpg,meningioma,training,False,12251,7563ebb4b113a45ebd0d9cdd2083b182,512,512,L,c4b078f4f0d4f0b0,
Training/meningioma/Tr-me_219.jpg,meningioma,training,False,28082,832c3e0243e8fafe4313d899e233285d,512,512,RGB,78f4f4cceca8e0e1,
Training/meningioma/Tr-me_22.jpg,meningioma,training,False,18160,e894e17ae6fc4fe87ade37dba521eeaa,512,512,L,a2f0d8dcecd471b2,
Training/meningioma/Tr-me_220.jpg,meningioma,training,False,16665,64e784dc2cac344828192d2283335c7e,512,512,L,b270f8d4d0dc70b2,
Training/meningioma/Tr-me_221.jpg,meningioma,training,False,32942,36f79996f732a2e3a6eca54c18fb5458,450,446,RGB,7071f0e4f4e06871,
Training/meningioma/Tr-me_222.jpg,meningioma,training,False,25179,ee60eed354f77001da6de65a165a3a74,512,512,L,e9c48c86b696c4c4,
Training/meningioma/Tr-me_223.jpg,meningioma,training,False,29166,6b238ff83b9e4ee1c3d40c8401e16419,512,512,RGB,31e8d6cad2d4e4f6,
Training/meningioma/Tr-me_224.jpg,meningioma,training,False,26978,e51f87ffc888337729ec93bfe84f87e1,512,512,RGB,0279e4a8d4e4a8e8,
Training/meningioma/Tr-me_225.jpg,meningioma,training,False,31963,21b0f61657f9f81817b4ec468871333c,512,512,RGB,71fcf494d060ccd9,
Training/meningioma/Tr-me_226.jpg,meningioma,training,False,18408,9a361e6e4b47848f14c60b19fcb22134,512,512,L,70e8ccf4e8d471b2,
Training/meningioma/Tr-me_227.jpg,meningioma,training,False,20512,8ad7273651c229d2232f1cdb0e471826,512,512,L,70e8f4f4f0ecec60,
Training/meningioma/Tr-me_228.jpg,meningioma,training,False,14272,51aead1cf663e62fd0c1e80d68404410,512,512,L,84f2e9d8d4d16284,
Training/meningioma/Tr-me_229.jpg,meningioma,training,False,25052,8c67a47cb4561c4793edd13d70ef18e3,512,512,RGB,8279d490d4e4dc6c,
Training/meningioma/Tr-me_23.jpg,meningioma,training,False,15509,e5c3e05e9514dd40f3fc272df4cd629d,512,512,L,94f068d4d8ec70b2,
Training/meningioma/Tr-me_230.jpg,meningioma,training,False,26878,d8bf6a8bbdf0b9c13c04f6636d77bdc7,512,512,RGB,71e0d4ccd4c8d9d0,
Training/meningioma/Tr-me_231.jpg,meningioma,training,False,26659,f6e99c4c24404ee697801550aa0881c7,512,512,RGB,3978d4b6cae4cc79,
Training/meningioma/Tr-me_232.jpg,meningioma,training,False,28196,052f3be92ac2551836ee7b865c8d104b,512,512,RGB,79f4e4d4a8a4e1c9,
Training/meningioma/Tr-me_233.jpg,meningioma,training,False,15768,b710472db471c5b2049234b4867a692f,512,512,L,3268d4f8f06169e8,
Training/meningioma/Tr-me_234.jpg,meningioma,training,False,31755,bbacb8e9e048fdb156fcaaa0c219df61,512,512,RGB,68c4e8b4b6c8c8c8,
Training/meningioma/Tr-me_235.jpg,meningioma,training,False,30718,a2f15527732e0e89784123d078cec241,512,512,RGB,7cf3ccf7d7dfc6c4,
Training/meningioma/Tr-me_236.jpg,meningioma,training,False,21369,77b374735f70272cdf34d119a1bbe74d,512,512,RGB,8270e8e0d45468b1,
Training/meningioma/Tr-me_237.jpg,meningioma,training,False,18554,7332c7762622f6c452e97dbd6217bd3f,512,512,RGB,c4b269f0d0d470b2,
Training/meningioma/Tr-me_238.jpg,meningioma,training,False,19460,c65ca5e91472afeec9c32c45b2cc8e94,367,395,RGB,71d8f8eab433a88e,
Training/meningioma/Tr-me_239.jpg,meningioma,training,False,9268,8cc51b538c45c1f7b870335d6e32dbeb,200,223,RGB,71d48e8d8b86d070,
Training/meningioma/Tr-me_24.jpg,meningioma,training,False,26628,87fd03826ee7c76ceb540185b24fe643,512,512,RGB,71ecd4ecd0e86879,
Training/meningioma/Tr-me_240.jpg,meningioma,training,False,26497,bddb2155384c3ec53c2d6fb88cc45f5d,512,512,RGB,9279ecf0c8d4f4f4,
Training/meningioma/Tr-me_241.jpg,meningioma,training,False,128685,c401481f43efff80bc02a753f432d413,825,993,RGB,70ecaa6ecccef0f0,
Training/meningioma/Tr-me_242.jpg,meningioma,training,False,27431,20fccb081d1ef6ef188729a96e7d4aef,512,512,RGB,41bc7cecc6d6d2e0,
Training/meningioma/Tr-me_243.jpg,meningioma,training,False,24812,304bde0c13207ae239bf88dc9c528c4d,512,512,RGB,8178dcdacca4d172,
Training/meningioma/Tr-me_244.jpg,meningioma,training,False,23656,c21aab38ae305a69edf7e952a6a16707,512,512,L,71e8d8e4c8dad8d0,
Training/meningioma/Tr-me_245.jpg,meningioma,training,False,16670,5ac635ab3e61f1897b1e4188fdc1c3f2,512,512,L,b270e8ccd8d870b2,
Training/meningioma/Tr-me_246.jpg,meningioma,training,False,22612,746044e708c7363b5d1ede437103bba0,512,512,RGB,9261ccccc0d86c6c,
Training/meningioma/Tr-me_247.jpg,meningioma,training,False,29391,178fc2a90a6331a94c27abc2f4fbdf97,512,512,RGB,78f4d8cccca0d0e1,
Training/meningioma/Tr-me_248.jpg,meningioma,training,False,26146,d96adf1c6e4359f69ea3ae923a60223e,512,512,RGB,1b78d4f4ccf4d4f0,
Training/meningioma/Tr-me_249.jpg,meningioma,training,False,23139,4f68219a772e5162b4bfd050a655557e,512,512,L,70eccca4f0d4f0b2,
Training/meningioma/Tr-me_25.jpg,meningioma,training,False,16858,c310bd0ee4320af0be1b109295ca5188,512,512,RGB,d2b16cecd0cc71b2,
Training/meningioma/Tr-me_250.jpg,meningioma,training,False,26561,014e2de4d7d09b0e970b0a89db18c0d0,512,512,L,71cce8b6caecec68,
Training/meningioma/Tr-me_251.jpg,meningioma,training,False,32444,eba0ed2801d86ec97673e62311f12797,512,512,RGB,68dcce9e9296dcdc,
Training/meningioma/Tr-me_252.jpg,meningioma,training,False,18699,ab5fa4af54b622d0d87635a6aef6ed54,512,512,RGB,b270e8d0d0dc7092,
Training/meningioma/Tr-me_253.jpg,meningioma,training,False,18838,2f304106ab69adc49bc7de2576562f4e,512,512,L,9269ecccf2d87992,
Training/meningioma/Tr-me_254.jpg,meningioma,training,False,26586,0da660a3579460a044ad077724ad5b37,512,512,RGB,9170f4d2eae6dce9,
Training/meningioma/Tr-me_255.jpg,meningioma,training,False,18462,3fc16f871cc4edbe0cbbd7f49556531f,512,512,L,9279f4f0dcd4c464,
Training/meningioma/Tr-me_256.jpg,meningioma,training,False,21402,710afcbe1c8d11df172059d9ef94cb7a,512,512,RGB,71d8d8c0dc71f1d9,
Training/meningioma/Tr-me_257.jpg,meningioma,training,False,19537,64575e39d433ad458a47667e64b2546a,512,512,RGB,c4b269d4d4d471b2,
Training/meningioma/Tr-me_258.jpg,meningioma,training,False,23514,accc19126a7a686d21a13c95e11802c8,512,512,RGB,92f0f4c8d4d4e8f0,
Training/meningioma/Tr-me_259.jpg,meningioma,training,False,19992,8bcb0301ceacfbc84fea55dce70ca674,512,512,L,32e8cce4e0d8d471,
Training/meningioma/Tr-me_26.jpg,meningioma,training,False,25580,94e2adfca745ebf2fb9fc9462ca9e57e,512,512,RGB,70e8ccccf8ccf0b2,
Training/meningioma/Tr-me_260.jpg,meningioma,training,False,14075,96f8982fb55546faf5cf2139cefd0aef,512,512,L,8472e9c8f4cc71b2,
Training/meningioma/Tr-me_261.jpg,meningioma,training,False,23519,9e12af4fa751b42bc7b852a6fae32c4a,512,512,RGB,8261d0d0e8f0e971,
Training/meningioma/Tr-me_262.jpg,meningioma,training,False,25775,7ddef7a97c979ca447ec2fd48b83b810,512,512,RGB,71e8ccccf4c4e869,
Training/meningioma/Tr-me_263.jpg,meningioma,training,False,23292,dec4f8b21c5d96bdc34320ddf800b4a6,512,512,RGB,70c8cca4b0c4f032,
Training/meningioma/Tr-me_264.jpg,meningioma,training,False,23995,829037ed568f00f866caceec73b5787a,512,512,L,71cce8ecb2d4ccec,
Training/meningioma/Tr-me_265.jpg,meningioma,training,False,28791,c21da5030f6d12b4cb29b7057a48f38e,512,512,RGB,33f0d4e8d0c8ccc4,
Training/meningioma/Tr-me_266.jpg,meningioma,training,False,20416,746eda1cf99f17f481e8108ee0c73141,512,512,RGB,9270cce4d4697979,
Training/meningioma/Tr-me_267.jpg,meningioma,training,False,19046,78ea9d7f2283dc7ea5df813e19c3732c,512,512,L,b261d4d4e4e4c8d9,
Training/meningioma/Tr-me_268.jpg,meningioma,training,False,25891,9120f19e559d9f509aa873b5d9b46909,512,512,L,e8cca8d4aad4d4d4,
Training/meningioma/Tr-me_269.jpg,meningioma,training,False,13986,e98e1c487ccd0b4142544c80ff483383,512,512,L,ccb269d4d4d87092,
Training/meningioma/Tr-me_27.jpg,meningioma,training,False,20363,1cb678ad9d0b5e77ee0fdf8378813c3f,512,512,L,9271cca8e0e0ccd5,
Training/meningioma/Tr-me_270.jpg,meningioma,training,False,19971,5d1b3f4731ba67d6bd4992c0bee0c029,512,512,L,32f0ccd8f4ecf8f4,
Training/meningioma/Tr-me_271.jpg,meningioma,training,False,8474,b51be8222b3ad2737daf6fbb2e649a2a,202,223,RGB,71f4ccced8f0fc68,
Training/meningioma/Tr-me_272.jpg,meningioma,training,False,23102,bc822366eeed4e0b4e546a0a8c73a295,512,512,RGB,0279e4e0ccc4fc6c,
Training/meningioma/Tr-me_273.jpg,meningioma,training,False,17504,428a4407d53376ec2a2a9f731f0c8791,512,512,L,b260c8e8c8d471b2,
Training/meningioma/Tr-me_274.jpg,meningioma,training,False,16455,f66b28d9b187c07d799e7719c8005493,512,512,L,9271ecf4d46961e9,
Training/meningioma/Tr-me_275.jpg,meningioma,training,False,15437,5796d92e6cd8f938bf02475c28f9d252,512,512,L,cc92f0e1d5e8b2c4,
Training/meningioma/Tr-me_276.jpg,meningioma,training,False,23572,57e6875bf955df891d8e9388e0e7ae17,512,512,L,32e0ccaa92b2cc8c,
Training/meningioma/Tr-me_277.jpg,meningioma,training,False,14863,075b0386dc97d72bf6b05561c5695318,512,512,L,b27068f4f4c47192,
Training/meningioma/Tr-me_278.jpg,meningioma,training,False,18368,8b031fea9b14a325eb239eb4631d55be,512,512,L,32f0d0ecd4d4e8f0,
Training/meningioma/Tr-me_279.jpg,meningioma,training,False,17673,13c7b3d8f4c5af03469766e685ec8031,512,512,L,22f0d0ccd4f4e8f0,
Training/meningioma/Tr-me_28.jpg,meningioma,training,False,20116,59e7725c63abd0dd7baf99008b3d7fb4,512,512,L,b2f1d4d4d4f4ccc8,
Training/meningioma/Tr-me_280.jpg,meningioma,training,False,20975,dc7f62c6744afa00726648b2d00f8542,512,512,L,62d1e4f8b0d4d0b1,
Training/meningioma/Tr-me_281.jpg,meningioma,training,False,25538,cac4470ca8ae2e3306324adc23be571d,512,512,RGB,79d4a4d8c4e96938,
Training/meningioma/Tr-me_282.jpg,meningioma,training,False,25326,38ac89273cc9a8324018ae4d1680ba6f,512,512,RGB,397cc4d8c6d4e974,
Training/meningioma/Tr-me_283.jpg,meningioma,training,False,12358,2f77f94be4f8ad60347957fca96e4d9e,512,512,L,c4b078f4f4d470b2,
Training/meningioma/Tr-me_284.jpg,meningioma,training,False,20790,828ae69926750692186d61e5a959f192,512,512,L,26f1d0b4a898c468,
Training/meningioma/Tr-me_285.jpg,meningioma,training,False,19140,41d7ee5275a357e8703aeab7a3a5e60a,512,512,L,b268ccdcf0686969,
Training/meningioma/Tr-me_286.jpg,meningioma,training,False,23471,d1f0b234edb10aaaf41b1278442281d6,512,512,L,11f8c8aaa2d9ec74,
Training/meningioma/Tr-me_287.jpg,meningioma,training,False,26708,b96749f2b5f1956eed0bbe885c654b27,512,512,RGB,33f8c4ecd4a4a0e1,
Training/meningioma/Tr-me_288.jpg,meningioma,training,False,17495,bf6250508abae73fee6670c9ef3f44f5,512,512,L,8261f4f4e8f06869,
Training/meningioma/Tr-me_289.jpg,meningioma,training,False,18651,c2440e8082b675f25bbf9e5c44ebfc8e,306,365,RGB,79e4b8f9edecec70,
Training/meningioma/Tr-me_29.jpg,meningioma,training,False,34167,6a69837c5f3d7e5907bb78b9e0a1f400,512,512,RGB,32f0d0aab2aeaab2,
Training/meningioma/Tr-me_290.jpg,meningioma,training,False,21336,90d4463f41db3a528987535ff7ac7af3,512,512,RGB,c4b069c4e4e47092,
Training/meningioma/Tr-me_291.jpg,meningioma,training,False,21201,6d6eaa15244a0d0e797a1b9426ce49fe,512,512,L,32e1e4e0b2a4d4c8,
Training/meningioma/Tr-me_292.jpg,meningioma,training,False,30959,4935dd0aca511f399478100817666760,512,512,RGB,79ecfae0d2c4ece8,
Training/meningioma/Tr-me_293.jpg,meningioma,training,False,26413,654d8e6a22a2620202516de9456f275e,512,512,RGB,78e4eac8d4f4d47c,
Training/meningioma/Tr-me_294.jpg,meningioma,training,False,27013,a6c9293b8c5eb6142ac04efbaaf7bb04,512,512,RGB,79d4b0dce4f9f93c,
Training/meningioma/Tr-me_295.jpg,meningioma,training,False,21713,462a912f9e4bdeb01cd2270b213ff3c3,512,512,L,62d1a4b4a8d0d4d0,
Training/meningioma/Tr-me_296.jpg,meningioma,training,False,22610,8fcc21a3360756ef359e43f788cfa213,512,512,RGB,b270e4e8ccccf1f2,
Training/meningioma/Tr-me_297.jpg,meningioma,training,False,20301,14c343d6c9b06b1e4dc056b7c4eff3aa,512,512,RGB,9269e8c8f0f470b2,
Training/meningioma/Tr-me_298.jpg,meningioma,training,False,22429,a8981ee96486d69d22bfe2d42ff67ac3,512,512,RGB,9270f4c8ccc4e0f1,
Training/meningioma/Tr-me_299.jpg,meningioma,training,False,26993,91c502ed9f3e82ea92e0ff055004f00b,512,512,RGB,9b78d0b8dab4fc7c,
Training/meningioma/Tr-me_3.jpg,meningioma,training,False,8445,a277d4f219a26aed063ae523f21b9f16,238,212,RGB,ccb249333266628e,
Training/meningioma/Tr-me_30.jpg,meningioma,training,False,14267,7c51daf1aff71a1505198d365873eafa,512,512,L,c4b071c8f4d0e0b2,
Training/meningioma/Tr-me_300.jpg,meningioma,training,False,18467,5d8860cb810f0fcdbd9d978eeedc89ee,512,512,L,e1d0e0d8d0d0c9c2,
Training/meningioma/Tr-me_301.jpg,meningioma,training,False,14915,8e1d0e852fbab12d40c9f45a34a8abf9,512,512,L,b271e8e8f4d470b2,
Training/meningioma/Tr-me_302.jpg,meningioma,training,False,19779,525f545ff659781442a8fe28cc8d78d3,512,512,L,62c1d8e8d8d0c8f1,
Training/meningioma/Tr-me_303.jpg,meningioma,training,False,14637,2016801025025ae7a4056f30c5050c8d,512,512,L,c4b269e9d4c87082,
Training/meningioma/Tr-me_304.jpg,meningioma,training,False,22863,41dead393404dec744a6a9104afc5128,512,512,L,61e4e4d6cccac090,
Training/meningioma/Tr-me_305.jpg,meningioma,training,False,12398,272bcba3e793827e1a8884497462f3ff,512,512,L,e0c4b2e9e9b096c8,
Training/meningioma/Tr-me_306.jpg,meningioma,training,False,30255,145bb203c6903288ad0eb2a357f8ea0e,512,512,RGB,38fcf6d6b2a2cedc,
Training/meningioma/Tr-me_307.jpg,meningioma,training,False,26105,8a16bae576ed52ba92ccff374b733248,512,512,L,e1104c1014049ed8,
Training/meningioma/Tr-me_308.jpg,meningioma,training,False,22631,45fbc3f69078f45a6eba905c1adf8ed6,512,512,RGB,70e0c4c8f0c8c9f1,
Training/meningioma/Tr-me_309.jpg,meningioma,training,False,31494,904ce80c82798d0ba8f7ec72154eb2f5,512,512,RGB,71c8e0aaa2a2aaa2,
Training/meningioma/Tr-me_31.jpg,meningioma,training,False,25618,273f16d202e523090c7215890e1d492e,512,512,RGB,b261f0f0ccd8d0f0,
Training/meningioma/Tr-me_310.jpg,meningioma,training,False,20332,77fbaf3d6b213ff9ca1e31b71f0bfa90,512,512,L,32e1d8f8ced6d4d0,
Training/meningioma/Tr-me_311.jpg,meningioma,training,False,14019,5609bf4bd69f26281fbf0ea940ec9731,512,512,L,84f261c8d4d4f0b2,
Training/meningioma/Tr-me_312.jpg,meningioma,training,False,23154,77bab0df8f6f1e865169be0bb002cfe5,512,512,RGB,9279cce8c4cc6c68,
Training/meningioma/Tr-me_313.jpg,meningioma,training,False,15541,87f8d7157350826b786ec956782b30f8,512,512,L,9670e8ecd0cc7192,
Training/meningioma/Tr-me_314.jpg,meningioma,training,False,18945,305cfe4edd44780f241e91611b8de8b0,512,512,L,12f1dcd8ecccf0f8,
Training/meningioma/Tr-me_315.jpg,meningioma,training,False,28227,8e8c7f5ac276bc21cfaeb60c595bfdfe,512,512,L,e1a95814329e8dd2,
Training/meningioma/Tr-me_316.jpg,meningioma,training,False,24172,48ad5a0b1b223b7e589fc1ea5c5fc392,512,512,RGB,b261f4d0d4d1d1d8,
Training/meningioma/Tr-me_317.jpg,meningioma,training,False,23649,150d021ba344b82937b256851338d9ea,512,512,RGB,78e4e8e4e4f46c38,
Training/meningioma/Tr-me_318.jpg,meningioma,training,False,71845,df1f65547f853652b3691e2688324ab8,485,510,RGB,e9d4c4cc8cb2c8a4,
Training/meningioma/Tr-me_319.jpg,meningioma,training,False,28503,adc62f7690e83a23df2837a6d997b0cb,512,512,RGB,71cce8c8f0ccccc8,
Training/meningioma/Tr-me_32.jpg,meningioma,training,False,20572,61d08f03958abe035cca71b5fc065171,512,512,L,22f1d89cac98c878,
Training/meningioma/Tr-me_320.jpg,meningioma,training,False,22962,360dcc3577be0a274fabe06199fe7baa,512,512,L,71f4d4e8b0e0dcdc,
Training/meningioma/Tr-me_321.jpg,meningioma,training,False,14461,3d3103ece6cbb0e62c6920dde03111a1,512,512,L,ccb26068d46cf082,
Training/meningioma/Tr-me_322.jpg,meningioma,training,False,22553,b8c51b91970ce46d239374a771734e06,512,512,RGB,3269d4d4d454608b,
Training/meningioma/Tr-me_323.jpg,meningioma,training,False,25741,7562676a9e332c31e2470095e3532a80,512,512,RGB,b270d4d4d4d0cccc,
Training/meningioma/Tr-me_324.jpg,meningioma,training,False,18623,692dda1a28aab1890fcd0e93ad66ffa2,512,512,L,82f0e8ccd0e471b2,
Training/meningioma/Tr-me_325.jpg,meningioma,training,False,19502,9f670c0d4c87c87e701bc31b2db1f5bf,512,512,L,cc92f0f4d4d4ccf0,
Training/meningioma/Tr-me_326.jpg,meningioma,training,False,22462,46940672c5f1c22ed36ef1f81cbfc063,512,512,L,1360d8e2d6daece8,
Training/meningioma/Tr-me_327.jpg,meningioma,training,False,21897,6c63f3df3fc0cd6164e99ee6f5775ef3,512,512,L,63c0a4d2a48ad2d4,
Training/meningioma/Tr-me_328.jpg,meningioma,training,False,22691,f2c76ad948d033db1274ff86aaea00cf,512,512,RGB,82b1e4d8ccd464b1,
Training/meningioma/Tr-me_329.jpg,meningioma,training,False,22957,26d4e0c507a30dedccefa893b2152c96,512,512,RGB,9261ecd4f0d070b2,
Training/meningioma/Tr-me_33.jpg,meningioma,training,False,21094,91bafaffd9304fb147b593d40ecd395e,512,512,RGB,8270ecccf0f870b2,
Training/meningioma/Tr-me_330.jpg,meningioma,training,False,24073,94851083e65e9740bdce56b434bacc79,300,412,RGB,31cc8cb8dcc6c878,
Training/meningioma/Tr-me_331.jpg,meningioma,training,False,11006,64ef8e768d1740cfbf5eea4e11faeb87,204,249,RGB,60f4b22921a296f0,
Training/meningioma/Tr-me_332.jpg,meningioma,training,False,28379,ce5a85c0f4f140a1969fca8cd583d033,512,512,RGB,396cc2e8d8c6c4c4,
Training/meningioma/Tr-me_333.jpg,meningioma,training,False,21965,8bef16735607b0d7ebd15dba1bac8c02,512,512,L,23e0d4e2ecaae97c,
Training/meningioma/Tr-me_334.jpg,meningioma,training,False,30106,eda23054bec76204dae03c56a29ad268,512,512,RGB,39fcf4f6dad6f6f2,
Training/meningioma/Tr-me_335.jpg,meningioma,training,False,26056,ad7bba4a13dd3e88599c30562a569cf9,512,512,RGB,b2e0f4d0c4dae8d0,
Training/meningioma/Tr-me_336.jpg,meningioma,training,False,23468,5ade7a071a7b49042b543930d8c3f5e8,512,512,RGB,b068d4d4e8d8f0b2,
Training/meningioma/Tr-me_337.jpg,meningioma,training,False,22263,7a9a625c6e969a39946ac44cb19098b0,512,512,RGB,b068ece4dcecf8f0,
Training/meningioma/Tr-me_338.jpg,meningioma,training,False,19272,359ed93a98bc2e779b7b7b586f50d9f5,512,512,L,22f0d4e8ecd4d0f1,
Training/meningioma/Tr-me_339.jpg,meningioma,training,False,26281,af3a4cf5d54bd454b733bfe3d2177b4a,455,500,RGB,69e8e0e0d0e4e070,
Training/meningioma/Tr-me_34.jpg,meningioma,training,False,28705,dd3620967c3e91fc60e20e732fa3174b,512,512,RGB,71e0d4c8c0c8c9c9,
Training/meningioma/Tr-me_340.jpg,meningioma,training,False,20125,b033fd3e468a87072d304e7624a53bb3,512,512,L,f0e8cccce0ccf0b2,
Training/meningioma/Tr-me_341.jpg,meningioma,training,False,21714,d4a114b718f3654cbf7be4ddc1dc797b,512,512,RGB,70e8ccb4b0c4f072,
Training/meningioma/Tr-me_342.jpg,meningioma,training,False,24689,df5802e18a8e3fde3419baece00ba20d,512,512,RGB,b2e8d4e8d8e4e466,
Training/meningioma/Tr-me_343.jpg,meningioma,training,False,24566,309ab45cca6eff439c7fa866b2fd7198,512,512,L,32f1cc8ab2b28c8c,
Training/meningioma/Tr-me_344.jpg,meningioma,training,False,25833,d117d57c7fac53596e98f50243589b03,512,512,L,62d1b4aab694d8a0,
Training/meningioma/Tr-me_345.jpg,meningioma,training,False,20960,6fd6df90b4cb18be700ce1e5b38db1a7,512,512,L,71d8d8ccf2f4c4d0,
Training/meningioma/Tr-me_346.jpg,meningioma,training,False,19502,e9d0b58eb4433a709c8d38dfa37b013c,512,512,L,9271e8d4d4ecf468,
Training/meningioma/Tr-me_347.jpg,meningioma,training,False,24712,f8ea09efc7d4bc01f5ef60e192722540,512,512,L,e9dce8d292e8ec6c,
Training/meningioma/Tr-me_348.jpg,meningioma,training,False,32902,94fe1f3af6a7254882a7017260df2684,512,512,RGB,78e4fae6d2d4ecec,
Training/meningioma/Tr-me_349.jpg,meningioma,training,False,23072,b2a633643b71bff06383dd9e0eae4f2b,512,512,L,62c9a4e4a494d0d0,
Training/meningioma/Tr-me_35.jpg,meningioma,training,False,18622,afd1defa35d35be573edd6d85db3088d,512,512,RGB,c4b068d4d0dc68b2,
Training/meningioma/Tr-me_350.jpg,meningioma,training,False,25271,0ed14a4bf5d6d2e73841983d7288acc6,512,512,L,61c0a48cb68aee66,
Training/meningioma/Tr-me_351.jpg,meningioma,training,False,19193,e9e192b86d6149bee88871d56cea12ff,512,512,L,92f068e8d4d4d431,
Training/meningioma/Tr-me_352.jpg,meningioma,training,False,22210,6c1d8f634fe3bc4ea5dd7e4a9ee43838,512,512,L,61e4e4d6e4dad0e0,
Training/meningioma/Tr-me_353.jpg,meningioma,training,False,12450,990c07604f642d84b2e60bb5f96a4d88,512,512,L,e894f269d4d87096,
Training/meningioma/Tr-me_354.jpg,meningioma,training,False,24380,1758d1b8fb3cdc547fba9256a2cdea4f,512,512,RGB,92f0e9e8d4d4d473,
Training/meningioma/Tr-me_355.jpg,meningioma,training,False,30158,c98fc42cd9fc5f7744866bd94dd3798e,512,512,RGB,78e4c8ce9494e8e1,
Training/meningioma/Tr-me_356.jpg,meningioma,training,False,19610,4033191d30bae4c5709fe9c7254a33ec,512,512,L,22f0d0c8e6d4d8f1,
Training/meningioma/Tr-me_357.jpg,meningioma,training,False,22808,02ce190a311e14641b51bede1078c3ea,512,512,RGB,71e4e8c8f0c8c9f1,
Training/meningioma/Tr-me_358.jpg,meningioma,training,False,24110,cdb47cbee8f10a287b282bbc38256ddd,512,512,RGB,9378e4e088d4f478,
Training/meningioma/Tr-me_359.jpg,meningioma,training,False,27288,7e978a42fd9f1b9b5b71fac38abc75bb,512,512,RGB,1178ecd8d8a4e4e0,
Training/meningioma/Tr-me_36.jpg,meningioma,training,False,24945,45460610c17c35e7baf9d13e3d7d54ac,442,442,RGB,71f8c8c4ccb2aae8,
Training/meningioma/Tr-me_360.jpg,meningioma,training,False,28404,3cded8747e385b20ea01584f539b5b29,512,512,RGB,b268ecccf4ccf0e8,
Training/meningioma/Tr-me_361.jpg,meningioma,training,False,26646,7b1eed21e35694d6993b0941d1d0dab3,512,512,RGB,70f8ecc8c8c8e0f0,
Training/meningioma/Tr-me_362.jpg,meningioma,training,False,15542,d899f4201dec63f31fe100c80ba8a535,512,512,L,b270c8cce4ccf1b2,
Training/meningioma/Tr-me_363.jpg,meningioma,training,False,25253,f41df35345798cfa999d774a88fb1975,512,512,RGB,431c7c68cad6d471,
Training/meningioma/Tr-me_364.jpg,meningioma,training,False,21080,bd33cf5f77468f56dd88ec81a73a2543,512,512,L,71dcaae8b2f4ccc8,
Training/meningioma/Tr-me_365.jpg,meningioma,training,False,21001,7a185347446f9b4da264a698c83097f2,512,512,L,70f8d4c8d4ec64f4,
Training/meningioma/Tr-me_366.jpg,meningioma,training,False,28633,0b41b709a8a8f4fb6be27a17ace36739,512,512,RGB,b978c4dae2d4dcc9,
Training/meningioma/Tr-me_367.jpg,meningioma,training,False,26194,65b4b9da83c3b62d2e646b8dcd01bc5e,512,512,RGB,32e8cce4f0e86868,
Training/meningioma/Tr-me_368.jpg,meningioma,training,False,14579,074487621c5b27d97e0a352e9c6bd8d0,512,512,RGB,c8b4e0d8d0d86092,
Training/meningioma/Tr-me_369.jpg,meningioma,training,False,18529,bb095af7e79495d262879ea9e45c1562,512,512,L,b271c8e4c8ccccf0,
Training/meningioma/Tr-me_37.jpg,meningioma,training,False,20870,3de52dec4f1d5970fcfa346031357297,512,512,RGB,b270e8c8c4c4e1b2,
Training/meningioma/Tr-me_370.jpg,meningioma,training,False,18864,b9eb160a36a5a2b1df9069f72b0d1230,512,512,L,b278ececd4ece470,
Training/meningioma/Tr-me_371.jpg,meningioma,training,False,17256,9820c9cf996b6dcfbb63f5adf6742543,512,512,L,8270f0e8cccce86d,
Training/meningioma/Tr-me_372.jpg,meningioma,training,False,30295,44a08ccea8ffbca2773beb0d103fd702,512,512,RGB,3968e8d4ccd4d878,
Training/meningioma/Tr-me_373.jpg,meningioma,training,False,18020,fab4d7c5fc015d993ba24e7687f2b661,289,354,RGB,f0f0f0aa8e96d6d2,
Training/meningioma/Tr-me_374.jpg,meningioma,training,False,23220,8b4ed246d1a78862574ae3c7f9ba1801,512,512,RGB,84f2f0e8d4cce8d4,
Training/meningioma/Tr-me_375.jpg,meningioma,training,False,18817,02416475cb99cda7d3ffeb4cd828a2a6,512,512,RGB,8270e9e4d471e9b9,
Training/meningioma/Tr-me_376.jpg,meningioma,training,False,12861,d0e41f90979301d14b1e1bf6f781caeb,512,512,L,e894b2694569b284,
Training/meningioma/Tr-me_377.jpg,meningioma,training,False,27955,79c64f112b7fbee617ce5044125dbb99,512,512,RGB,397cd0b8daccd8ca,
Training/meningioma/Tr-me_378.jpg,meningioma,training,False,30458,3dbf6b8ebc9c1c65953839f220b8bef9,512,512,RGB,71e8e4d0a4a4e4f4,
Training/meningioma/Tr-me_379.jpg,meningioma,training,False,24912,f999981aae3c669ca0d671f5cd944b82,512,512,L,b2e0e494acaaa6d0,
Training/meningioma/Tr-me_38.jpg,meningioma,training,False,30846,f378af0d7a36f8a806c42979498641f2,512,512,RGB,71c8d4b494d4e4f4,
Training/meningioma/Tr-me_380.jpg,meningioma,training,False,26213,3391c97b05cea4a8db15c4dc584270eb,512,512,RGB,71d0d4e8b2d4c4e4,
Training/meningioma/Tr-me_381.jpg,meningioma,training,False,19587,8b8a4b594f8e9878b941056fdd19362b,512,512,RGB,b270e4ccc8cc70b2,
Training/meningioma/Tr-me_382.jpg,meningioma,training,False,16790,580e8e3da25f48cedd4bd39ec50118e9,512,512,L,84f269d8d8d87092,
Training/meningioma/Tr-me_383.jpg,meningioma,training,False,25606,7bc6ef448c9d7c9973274f34392f77db,512,512,RGB,b370cce4d0c8e0d0,
Training/meningioma/Tr-me_384.jpg,meningioma,training,False,23188,cc2ee018abb8b87c50aa7dbdcd1395d9,512,512,RGB,8270ecdcd8c4f0b0,
Training/meningioma/Tr-me_385.jpg,meningioma,training,False,26179,d944c54c42a60a1e5be13e3f1a09c9c8,512,512,RGB,9278dcecd0e6b4b4,
Training/meningioma/Tr-me_386.jpg,meningioma,training,False,31585,1e654577c2d01d3dab862be0eda54f8d,512,512,RGB,71f4ecccb0d0c469,
Training/meningioma/Tr-me_387.jpg,meningioma,training,False,27615,b6a7e993dcb08274d4354db087b5948f,512,512,RGB,397cfad6d626bcec,
Training/meningioma/Tr-me_388.jpg,meningioma,training,False,19169,99c11b4f131657625221b25e26175764,512,512,L,32f0dcd8d0d4ccec,
Training/meningioma/Tr-me_389.jpg,meningioma,training,False,14277,a44ffea5819a848a26f9377ceb195167,512,512,L,84f268d4ccec7092,
Training/meningioma/Tr-me_39.jpg,meningioma,training,False,31367,60971225ba74a463800dc8c7d152ae0c,512,512,RGB,396cdadab2d4d4e4,
Training/meningioma/Tr-me_390.jpg,meningioma,training,False,22387,dd9a4ad4080bd6a959008b4adfb2028f,512,512,RGB,b2f0f4d4c4d470b2,
Training/meningioma/Tr-me_391.jpg,meningioma,training,False,23573,5630c52f2294b7bce31324b268119e7a,512,512,RGB,9b78e4c8c8c4d861,
Training/meningioma/Tr-me_392.jpg,meningioma,training,False,30042,8cdcff6a4387031484c11dd69cad0b27,512,512,RGB,78f6eeb69296cc4c,
Training/meningioma/Tr-me_393.jpg,meningioma,training,False,20335,be964ff4ad8aa10d34f743ae054a67a8,512,512,L,32e8cce8d8baec64,
Training/meningioma/Tr-me_394.jpg,meningioma,training,False,21121,3d64188601d27e1bc69a557810d43215,512,512,L,62d1a4a49cd4e4c1,
Training/meningioma/Tr-me_395.jpg,meningioma,training,False,26446,2dd631a56798abca5afde0d7c4ace2c5,512,512,RGB,71e8d4d0f4d4d4e9,
Training/meningioma/Tr-me_396.jpg,meningioma,training,False,17526,7c8013a90c45bd94ab6e07393952cead,512,512,L,b269d4d4d4d5f90c,
Training/meningioma/Tr-me_397.jpg,meningioma,training,False,24406,d883d07a9abfaf4144380b5cf7a4e465,512,512,RGB,32e9ccc4f0e86969,
Training/meningioma/Tr-me_398.jpg,meningioma,training,False,21244,40a7f5f0c130416d97e1f77663d5d08e,512,512,RGB,92f0e8cce4e4f0b2,
Training/meningioma/Tr-me_399.jpg,meningioma,training,False,19214,dbf3c663c5216c776584822b85fd798a,512,512,L,8463c8d4d6cc74b0,
Training/meningioma/Tr-me_4.jpg,meningioma,training,False,23514,4f31d20cc849a92d4da2d32d2726c0d9,512,512,L,e1d8ac84d6d6e878,
Training/meningioma/Tr-me_40.jpg,meningioma,training,False,14418,e81903a19a1f9408924a113472dfa89a,512,512,L,9270e8fcd4cc7082,
Training/meningioma/Tr-me_400.jpg,meningioma,training,False,22877,537880a132ee35141a1e3236e207421b,512,512,RGB,b261e4d0d47169c8,
Training/meningioma/Tr-me_401.jpg,meningioma,training,False,19494,ee92940fb4c4d49c59487e7404474a15,512,512,L,3268e4e894fcc8c8,
Training/meningioma/Tr-me_402.jpg,meningioma,training,False,28717,4d28050a5161d3df01ab0c2bce57c6c5,512,512,RGB,3974f8dae8e46470,
Training/meningioma/Tr-me_403.jpg,meningioma,training,False,27174,a67017d77589631c7060a0e618bf5ec0,512,512,RGB,8279e4f494ccd4d0,
Training/meningioma/Tr-me_404.jpg,meningioma,training,False,16642,12749ee3aa08e216a88d7ed4490abed8,305,337,RGB,71f0f0c8d8cccc70,
Training/meningioma/Tr-me_405.jpg,meningioma,training,False,29689,6cb93a26cab5e3d5b57ee9fbf05252db,512,512,RGB,78e4dadadeccf4fc,
Training/meningioma/Tr-me_406.jpg,meningioma,training,False,17877,b0481c04cf82055b53bed325556f744e,512,512,RGB,c6b060e4d474b8c6,
Training/meningioma/Tr-me_407.jpg,meningioma,training,False,23704,51434385186924a4000a00052e6ba49a,512,512,RGB,b271ecd8ecccccf0,
Training/meningioma/Tr-me_408.jpg,meningioma,training,False,13685,3de189faea2a4a9547b1c716191e2ab5,512,512,L,c8b462e9d970b2cc,
Training/meningioma/Tr-me_409.jpg,meningioma,training,False,20718,7e3d710c8e39a17ff505de2dc85ca880,512,512,L,b268f4d4ccccd469,
Training/meningioma/Tr-me_41.jpg,meningioma,training,False,17751,8bf85fc5e5e8eb3634844b57fc4b23bf,512,512,RGB,c4b269d0c4c87092,
Training/meningioma/Tr-me_410.jpg,meningioma,training,False,17569,9bddc55489570d45923469f3ac6ff0af,512,512,RGB,ccb260c4d4e97284,
Training/meningioma/Tr-me_411.jpg,meningioma,training,False,22180,43d1abc44433584162a6667c18d0a832,512,512,RGB,82b060ccd4e4f092,
Training/meningioma/Tr-me_412.jpg,meningioma,training,False,19549,a25ad352f752076df05a49c699425474,512,512,L,08c6c1e9ac94d471,
Training/meningioma/Tr-me_413.jpg,meningioma,training,False,22377,a0c5eaaf365176f1d01971ab6fd67ab2,512,512,L,33f8c4acc6c6ce6c,
Training/meningioma/Tr-me_414.jpg,meningioma,training,False,25023,d1e73f9a66a391388762c7601bd87332,512,512,L,61d8acc4b2f6c674,
Training/meningioma/Tr-me_415.jpg,meningioma,training,False,30875,afff5b96048b9460b5852f197171615e,512,512,RGB,b2f8d8ccecaad2ec,
Training/meningioma/Tr-me_416.jpg,meningioma,training,False,17931,cd1a5497cb652e241bb888887a95652a,512,512,L,a271d0e8cccce844,
Training/meningioma/Tr-me_417.jpg,meningioma,training,False,21256,fa00a03e1cfee5a6e70c0b7747cbef74,250,270,RGB,f8aa795995bc6cac,
Training/meningioma/Tr-me_418.jpg,meningioma,training,False,17674,3fd949d938fda00b0701ee3b6fdf7e2f,512,512,RGB,84f0f0f4d8c4f0b2,
Training/meningioma/Tr-me_419.jpg,meningioma,training,False,19622,e435d8d71fb1d5f8d552dd21350896f4,512,512,L,04e2d9e4ecd8d0d1,
Training/meningioma/Tr-me_42.jpg,meningioma,training,False,25218,d807cdb50df2f2b3e4ea7497cca67ed3,512,512,L,e1d8a0b8b4d4c8e8,
Training/meningioma/Tr-me_420.jpg,meningioma,training,False,16689,345bd86b111e9341811ee9a8f1cbc396,512,512,RGB,c2b068e4d0cc7192,
Training/meningioma/Tr-me_421.jpg,meningioma,training,False,23728,641d342f95bc6dd8245321827ea8a47d,442,442,RGB,107069ccd4cc71b2,
Training/meningioma/Tr-me_422.jpg,meningioma,training,False,21297,5f31772e4080c27ad5ece20139f7f0a3,512,512,L,32e1c8e4e4dad8f8,
Training/meningioma/Tr-me_423.jpg,meningioma,training,False,18776,50baadf5d8bce475f3aa07932d62ce3e,512,512,RGB,ccb0e0694968b2cc,
Training/meningioma/Tr-me_424.jpg,meningioma,training,False,33124,cf5d24b7728e7d42fa0bc85b7b1ed23b,343,367,RGB,7cdcf56a9eed2264,
Training/meningioma/Tr-me_425.jpg,meningioma,training,False,21802,4838c9400aa0c75ede6b81e2900cb10b,512,512,L,63d0d8e2e6d2d6d8,
Training/meningioma/Tr-me_426.jpg,meningioma,training,False,19938,377b9820cbf564a6b96dab40c6d8ec96,512,512,L,b2f1d4d4c4b0ccd4,
Training/meningioma/Tr-me_427.jpg,meningioma,training,False,19858,40f25ec3edda5ad2e744d1b0ffd438cc,512,512,L,70e8d4f4eae86969,
Training/meningioma/Tr-me_428.jpg,meningioma,training,False,28922,1a49296644d24759962e069c61677000,512,512,RGB,71e8cce8b2e8cccc,
Training/meningioma/Tr-me_429.jpg,meningioma,training,False,27400,35c2f9bb13aef67b3136bd00e77fc68a,512,512,RGB,78e4cccca8a0e0e1,
Training/meningioma/Tr-me_43.jpg,meningioma,training,False,18699,8e9decdd80e06cb8e8ca1e5e13390052,512,512,L,1270d0d4ccc8e8f1,
Training/meningioma/Tr-me_430.jpg,meningioma,training,False,22413,4a239db4d6da652cfbb820008037a8bd,512,512,RGB,0239e4e0d4c4dc78,
Training/meningioma/Tr-me_431.jpg,meningioma,training,False,29099,c72f49a7c814ba35aff54ea2d07df31d,512,512,RGB,79fce498d86454d1,
Training/meningioma/Tr-me_432.jpg,meningioma,training,False,25923,333ca271271562e025951545e76a8b0b,341,395,RGB,d4c8a4c5c802ceca,
Training/meningioma/Tr-me_433.jpg,meningioma,training,False,29022,2f3cc5d038d2d6b899e7c74014bb0b77,512,512,RGB,b178cc94ccd4c4e4,
Training/meningioma/Tr-me_434.jpg,meningioma,training,False,24631,eb4077c4f102b98571446bd595be21df,512,512,RGB,b269ccccc4f0d4d4,
Training/meningioma/Tr-me_435.jpg,meningioma,training,False,18900,6b39b6aa2d6e460562133c16bc3f6499,512,512,L,b271ecd8ccccd0ec,
Training/meningioma/Tr-me_436.jpg,meningioma,training,False,18264,2a293a5fa409359ecb79e694be58da2f,512,512,L,30ecccdaf2d4f0b0,
Training/meningioma/Tr-me_437.jpg,meningioma,training,False,26037,d357e7dfe4d18bdcc1f7a745e9e84549,442,442,RGB,0778d8e6feb4a2c6,
Training/meningioma/Tr-me_438.jpg,meningioma,training,False,26940,5a762f00f0bd93b0fb9a1bc05af88785,512,512,RGB,3168d6b2e2a4c088,
Training/meningioma/Tr-me_439.jpg,meningioma,training,False,19992,02759ef1cc92fa00c471bf53badd1c8e,512,512,L,04e3d8e4ecdcc471,
Training/meningioma/Tr-me_44.jpg,meningioma,training,False,23679,61fe7bbb23bee02b93d7a31919c81763,512,512,RGB,32e8c4c8f0e0cce8,
Training/meningioma/Tr-me_440.jpg,meningioma,training,False,26234,43067dfa7a78de23e32328d900f0b200,512,512,RGB,32e8d4cce4e4e969,
Training/meningioma/Tr-me_441.jpg,meningioma,training,False,20749,c643a5e8d146276dc37f448084151a6f,512,512,RGB,46b978d0d4c5d172,
Training/meningioma/Tr-me_442.jpg,meningioma,training,False,23931,ec9c7beaa7853c2cafa3b4a3fbed8eac,512,512,RGB,8279ecd0ecd0ec68,
Training/meningioma/Tr-me_443.jpg,meningioma,training,False,27548,b4a6536acff27776b659ad9e416ed001,512,512,RGB,9271c4c4e8e8c4d4,
Training/meningioma/Tr-me_444.jpg,meningioma,training,False,24498,5a7eff13ca4f3e6222a1223e462987f0,512,512,L,70e8ec92cca8d4e0,
Training/meningioma/Tr-me_445.jpg,meningioma,training,False,31649,20a2f17c19bcc53a693900911502ea03,512,512,RGB,71d4aae8a2c4ccec,
Training/meningioma/Tr-me_446.jpg,meningioma,training,False,18182,6f9635b3910bec7506ac0e11836caaba,512,512,L,8472e8c8c8dcc970,
Training/meningioma/Tr-me_447.jpg,meningioma,training,False,21079,d5465d66d69a23b0ecc7eb9f7c49088f,512,512,L,02e1c8e09cb6a8d8,
Training/meningioma/Tr-me_448.jpg,meningioma,training,False,20070,eb5571c9796744fd99cfa0a37a1e86b3,512,512,RGB,b270e0e0d8e461b2,
Training/meningioma/Tr-me_449.jpg,meningioma,training,False,28565,80aa180fcca917df59bdafce2e182f04,512,512,RGB,78d8d894d8a4f4f8,
Training/meningioma/Tr-me_45.jpg,meningioma,training,False,25788,04fb9169eca651531b3ceb258369be07,512,512,RGB,397cc0f0ccf4d0f4,
Training/meningioma/Tr-me_450.jpg,meningioma,training,False,8540,8687e7951d0238144013c737efa3b707,205,251,RGB,79e0e2e2e2b6d8e9,
Training/meningioma/Tr-me_451.jpg,meningioma,training,False,19299,8a2dd7e92ce54d4b7baf33bbb141a986,512,512,L,9270c4f0d8ec7192,
Training/meningioma/Tr-me_452.jpg,meningioma,training,False,20719,6cb6d06aaf462d15c18bdf5f992b077a,512,512,RGB,42397ce4d4d47938,
Training/meningioma/Tr-me_453.jpg,meningioma,training,False,18781,be39df2f507c7f2b8aa15b35efb8db4c,306,306,RGB,70c8ccccece0eac4,
Training/meningioma/Tr-me_454.jpg,meningioma,training,False,23280,1cf054cddca2d72bf64d4599b2805b9f,512,512,L,33e0dce4f2d6ec78,
Training/meningioma/Tr-me_455.jpg,meningioma,training,False,22436,a84e00b771c06f42744353d70aad1aa6,512,512,L,61c8ec86acd4dccc,
Training/meningioma/Tr-me_456.jpg,meningioma,training,False,20610,1719d9e1b3db8cb9715b34e93f086d8a,512,512,L,b0e0c8c8ccec7070,
Training/meningioma/Tr-me_457.jpg,meningioma,training,False,20646,82c96cd2096fba5620541310f95666f9,512,512,L,32e1c8d0ecd4d0f0,
Training/meningioma/Tr-me_458.jpg,meningioma,training,False,24063,bcfe5da82e0e26fa012aee044c72752c,554,554,RGB,79f8f0f0e0c8cce4,
Training/meningioma/Tr-me_459.jpg,meningioma,training,False,24937,de0c4cdf4b1ff1602522dcce32f8ca96,512,512,RGB,8239fcd0c4c4d979,
Training/meningioma/Tr-me_46.jpg,meningioma,training,False,18164,0ee298d4c70ea7cab905dad49f60b5f6,512,512,L,9269ccd4f4f471b2,
Training/meningioma/Tr-me_460.jpg,meningioma,training,False,27613,9d4062029c63399121d87ab8be36e902,512,512,RGB,9b78e4d4ccc4d470,
Training/meningioma/Tr-me_461.jpg,meningioma,training,False,29399,6a136375796fd81a4115bb1f4f49636c,512,512,RGB,79d8d894ccacfcf2,
Training/meningioma/Tr-me_462.jpg,meningioma,training,False,29389,299c70b720c4d033b66118f2056b2570,512,512,RGB,3178e4e29a94ccf8,
Training/meningioma/Tr-me_463.jpg,meningioma,training,False,29775,0707de62e65ddeba8cdeee0124584dc5,512,512,RGB,71ccd4ecf0e8d4d4,
Training/meningioma/Tr-me_464.jpg,meningioma,training,False,56293,e9fe1389c9e1e80933dffe5f2420dbe4,591,650,RGB,78ece8aa8cccc8f1,
Training/meningioma/Tr-me_465.jpg,meningioma,training,False,8899,bd589167f6ddb9d005f4ec9d4ce77123,225,225,RGB,107069ccd4cc71b2,
Training/meningioma/Tr-me_466.jpg,meningioma,training,False,27381,e20c3f7ddc32c1ad1df7a124c63fa247,512,512,RGB,32f8e8f0cce8f0f0,
Training/meningioma/Tr-me_467.jpg,meningioma,training,False,17705,02901351cdefc7442c9f0b3adf20f3ec,512,512,RGB,b271e8c8d8d471b2,
Training/meningioma/Tr-me_468.jpg,meningioma,training,False,7007,39aa0b7a41c1da85ceb2be85bac58ec1,225,225,RGB,79f8f0f0e0c8cce4,
Training/meningioma/Tr-me_469.jpg,meningioma,training,False,19839,f37bb4baf0ac94d9190904bbbd878235,512,512,L,9270e8d4cce8d0c9,
Training/meningioma/Tr-me_47.jpg,meningioma,training,False,26488,d3f485a5e6511f4019f19aa4d04a02b3,512,512,RGB,3378e4f4dcacb0e1,
Training/meningioma/Tr-me_470.jpg,meningioma,training,False,28736,28b96f796e1317bcf34ae9b988655842,512,512,RGB,79ecc89ecac4c4cc,
Training/meningioma/Tr-me_471.jpg,meningioma,training,False,21721,fcad705986b0f911ab107fda05918aa8,512,512,L,62d1bc98a490d2f0,
Training/meningioma/Tr-me_472.jpg,meningioma,training,False,8791,deda53fba5fff5371017b18f1f85b360,212,237,RGB,71f0c0acccd2f0f8,
Training/meningioma/Tr-me_473.jpg,meningioma,training,False,13983,c6b83a768e0a23e4cfe3ffbe899129f9,512,512,L,c4b26979596969e9,
Training/meningioma/Tr-me_474.jpg,meningioma,training,False,19275,2307fbbf4493851f0b0f67d63c0c4584,512,512,RGB,92f068d8c8cc7092,
Training/meningioma/Tr-me_475.jpg,meningioma,training,False,24557,20731256195c21e5eb8409248e44b62f,512,512,L,31ecf8a8babaaab2,
Training/meningioma/Tr-me_476.jpg,meningioma,training,False,19166,5cb3f2f39459d56abfe62044a6cf519a,512,512,L,71e4e4ccd4697060,
Training/meningioma/Tr-me_477.jpg,meningioma,training,False,22102,b1bcec1d77b5cd24d731212c979762a0,512,512,L,70d8dcd4a0d4d470,
Training/meningioma/Tr-me_478.jpg,meningioma,training,False,17600,ac0654ca098a249c900ba9e6c53a2722,512,512,RGB,ccb2e048d4ccf082,
Training/meningioma/Tr-me_479.jpg,meningioma,training,False,24592,0cea67355ed9fd0c9bd1c8db412fe71f,530,526,RGB,71c896be9692d664,
Training/meningioma/Tr-me_48.jpg,meningioma,training,False,18516,c909be38e410a251f20c1a10ef49ff55,512,512,L,b2e9d4f0e8d4f0b2,
Training/meningioma/Tr-me_480.jpg,meningioma,training,False,16698,f18687cd6326168b394a265492ae46b9,512,512,L,8260c8ccf0e0f1b2,
Training/meningioma/Tr-me_481.jpg,meningioma,training,False,26224,dbce730b01aa86fe8449b618aa0cf1c2,512,512,RGB,b270d4d4ecf8ccc8,
Training/meningioma/Tr-me_482.jpg,meningioma,training,False,20195,d4dbec5ade48be57cd4c2bac11465894,512,512,L,71e8ccccd0dce069,
Training/meningioma/Tr-me_483.jpg,meningioma,training,False,27828,847b5476eda333c7eac9c76d3335aa79,512,512,RGB,39f4e4b4c8acb4f4,
Training/meningioma/Tr-me_484.jpg,meningioma,training,False,22596,abc7a17b1773660ea8c3e7584dbe38d4,512,512,L,22e1cce0c4dc6068,
Training/meningioma/Tr-me_485.jpg,meningioma,training,False,17812,46042aa0e2953115d37b07ae07bc803b,512,512,L,0c3360d4f44c74b1,
Training/meningioma/Tr-me_486.jpg,meningioma,training,False,7925,6d9a5457d22081667ee3ece050a10d06,214,216,RGB,71c896be9692d674,
Training/meningioma/Tr-me_487.jpg,meningioma,training,False,25873,5be1ba986e9f681270605fa82ab141fe,512,512,RGB,b2f1e0ccc4c4d469,
Training/meningioma/Tr-me_488.jpg,meningioma,training,False,17910,2f779546c7bb7c813e92ab6f34084ffb,512,512,L,96f8c8d4f0ec71b2,
Training/meningioma/Tr-me_489.jpg,meningioma,training,False,23804,fe7b3a2c74be0c970c4a514d7f6bee5f,295,394,RGB,31c88c2c4c8ef870,
Training/meningioma/Tr-me_49.jpg,meningioma,training,False,25474,eb9b77b9e676b0874391ac47ee20518d,512,512,RGB,72e8cce4e8d460b0,
Training/meningioma/Tr-me_490.jpg,meningioma,training,False,13847,33839d5b168e45e09e9fc753bc8fcd07,512,512,L,d4b0f8f0f0d4f0b0,
Training/meningioma/Tr-me_491.jpg,meningioma,training,False,17966,fa0209cf9eb0c349cc768e1d3e822018,512,512,L,9279f4f4dcf0ec6c,
Training/meningioma/Tr-me_492.jpg,meningioma,training,False,22515,50b8d27c914caeb4fbd1c6410d8f4cca,512,512,L,32f1cc86d0d4dcd8,
Training/meningioma/Tr-me_493.jpg,meningioma,training,False,25715,427ea7594b4f78c20681f580a33694d1,512,512,L,71cceaaaaab2aaaa,
Training/meningioma/Tr-me_494.jpg,meningioma,training,False,19393,8438e1fa3605d8ab0adb7d304f47d075,512,512,L,b271c8ecd8dcc8e8,
Training/meningioma/Tr-me_495.jpg,meningioma,training,False,22727,e5fece200321f298993df4a8cfb3f8a7,512,512,RGB,b2f0e4f4d0c470b2,
Training/meningioma/Tr-me_496.jpg,meningioma,training,False,24652,11324a84515101a8c448b1bf18bebafe,512,512,L,71ece8d2d6d4d8d0,
Training/meningioma/Tr-me_497.jpg,meningioma,training,False,14560,04905e66c59d8c32359598bbaf766723,219,234,RGB,e8d4d4d698b0c4f0,
Training/meningioma/Tr-me_498.jpg,meningioma,training,False,36228,4c3539a6cae2d8ee25e677d48821af15,512,512,RGB,786ae5d7b3864e94,
Training/meningioma/Tr-me_499.jpg,meningioma,training,False,23088,0239209ee6590fb477087edc0685c560,512,512,RGB,82b0e8ececc46cf1,
Training/meningioma/Tr-me_5.jpg,meningioma,training,False,16548,3288ea9fb327e8dd8e501df279995098,512,512,L,b271e8ecdcdc78b2,
Training/meningioma/Tr-me_50.jpg,meningioma,training,False,47179,6970ea1e4ca82e1f2093bc3369a67d78,472,546,RGB,e8a86a6e9c9c5ab4,
Training/meningioma/Tr-me_500.jpg,meningioma,training,False,22288,c53cfab05934ba93917d825347742c96,512,512,L,05d2c9cc889ca4bc,
Training/meningioma/Tr-me_501.jpg,meningioma,training,False,25537,021e94c04b0351af1dd142553c22fd7e,512,512,RGB,b270d4ccc4d0ecec,
Training/meningioma/Tr-me_502.jpg,meningioma,training,False,25892,4c175d53eaa7185eedff9d3c8a07288d,512,512,RGB,1278d8da9692e4ec,
Training/meningioma/Tr-me_503.jpg,meningioma,training,False,23460,2a11427bfd3a1ed106279c36b921b319,512,512,L,63c0d090a49490b0,
Training/meningioma/Tr-me_504.jpg,meningioma,training,False,19309,dc2aa28f98a3573e08476f7165877f21,512,512,L,32e1dcecccd8d469,
Training/meningioma/Tr-me_505.jpg,meningioma,training,False,22696,c2f7876a80be5c92b5fe5bfe19b93753,512,512,L,26f1c84c0c92f0bc,
Training/meningioma/Tr-me_506.jpg,meningioma,training,False,20041,e00d6228f176d865f3bf8b8bda3f20bd,512,512,L,22e1d8e8ced27469,
Training/meningioma/Tr-me_507.jpg,meningioma,training,False,17609,a7b9a22bfb35115b4326750bc94682d8,512,512,L,0463d8f8d4dcc4c1,
Training/meningioma/Tr-me_508.jpg,meningioma,training,False,22634,e1d61cb3855f08780e7058d63e8e0640,512,512,L,32e1cc96ccd4dcd8,
Training/meningioma/Tr-me_509.jpg,meningioma,training,False,21283,4c19e7f67b3527b36efab3221dced907,512,512,RGB,423170d8d4d47938,
Training/meningioma/Tr-me_51.jpg,meningioma,training,False,20915,39b02ccdf979b6b41b23a9d6ed4cf92f,512,512,L,71c8d4c8f4e8e860,
Training/meningioma/Tr-me_510.jpg,meningioma,training,False,22651,1c59dcb8e6d81155fbd1ad1f9c704cfa,512,512,RGB,8260d0d0c8f0e969,
Training/meningioma/Tr-me_511.jpg,meningioma,training,False,26888,d9e1f34bf84ad5f6708fd0ea12be4c0a,512,512,RGB,b2e1ccccece8d469,
Training/meningioma/Tr-me_512.jpg,meningioma,training,False,13966,6293f75621533ebf0823735fa863fecd,512,512,L,c4b261d0d0e9f284,
Training/meningioma/Tr-me_513.jpg,meningioma,training,False,22983,40c6018b2375244a2dcb798b718e2bf4,512,512,RGB,32f0f4d4d0d4c8c0,
Training/meningioma/Tr-me_514.jpg,meningioma,training,False,32085,4ccfe21e1627e7d30eb48dfe30985f98,512,512,RGB,39f8c2ea9296ccc8,
Training/meningioma/Tr-me_515.jpg,meningioma,training,False,25689,2c2db413ad93fb543a45eb54969681b2,512,512,RGB,b2e8c4c8e4e8e871,
Training/meningioma/Tr-me_516.jpg,meningioma,training,False,18047,d262e01cefda656119cdc7bfd18aa1c7,512,512,RGB,c4b271d4d4c47092,
Training/meningioma/Tr-me_517.jpg,meningioma,training,False,29692,eca903f336c6ac6b5dd3c1484ee1abe6,512,512,RGB,71c8e8d894e4ece4,
Training/meningioma/Tr-me_518.jpg,meningioma,training,False,24040,45e93f957342dd802788cfa1ca68903b,512,512,L,70c4d4b2a0d4c862,
Training/meningioma/Tr-me_519.jpg,meningioma,training,False,20030,6ff17312f0c6330fd59b44e92fe85662,512,512,RGB,c3b874d2ccc0c364,
Training/meningioma/Tr-me_52.jpg,meningioma,training,False,24297,5e83a717547a6ca6d93fceec38fa5895,304,410,RGB,61cc8c189cc6d071,
Training/meningioma/Tr-me_520.jpg,meningioma,training,False,21936,c8e324e54ddbb9168385cbbdc1a1c130,512,512,L,b078d4dcccccd069,
Training/meningioma/Tr-me_521.jpg,meningioma,training,False,20902,5a89e2effbd3491ed6fa2ab4262e305c,512,512,L,63e0d8d0ccd0d4d0,
Training/meningioma/Tr-me_522.jpg,meningioma,training,False,25225,262c7d9a0d719adc373a718241114027,512,512,RGB,b378c4c8ccecd464,
Training/meningioma/Tr-me_523.jpg,meningioma,training,False,15192,22f635ab2502334f2e3774d8efdc64af,512,512,L,9268c8e4f8c0e132,
Training/meningioma/Tr-me_524.jpg,meningioma,training,False,20709,3f541ffee83deff715601bc95d12929e,512,512,RGB,3874e8e4c4696910,
Training/meningioma/Tr-me_525.jpg,meningioma,training,False,21065,0238f5fee327f2f26eac66704f18d4cd,512,512,L,62c1d8d0c4ccd4c9,
Training/meningioma/Tr-me_526.jpg,meningioma,training,False,26738,ce44bc786156330e9ac5595cc16e3f03,512,512,RGB,9270e8f4cce8e4c8,
Training/meningioma/Tr-me_527.jpg,meningioma,training,False,27377,d10d6c9613ae753fcae8db563464b939,512,512,RGB,b2e0ccd0b494d4d4,
Training/meningioma/Tr-me_528.jpg,meningioma,training,False,23358,1d1c0b95c35c6b2a02cd43e8c3e8926d,512,512,RGB,9a79e4e8e4dc6c3c,
Training/meningioma/Tr-me_529.jpg,meningioma,training,False,17357,f9d3645c31c6780cc3cb788dea1cf177,512,512,L,b2f1cce4ecd471b2,
Training/meningioma/Tr-me_53.jpg,meningioma,training,False,13484,d45b7d1b03046da5e14da6af87ee5064,512,512,L,86f1f8d4d4686992,
Training/meningioma/Tr-me_530.jpg,meningioma,training,False,15821,b77ae03ed117e3771edccacd35959ae4,323,342,RGB,70e0dcccfcd4c471,
Training/meningioma/Tr-me_531.jpg,meningioma,training,False,18773,2e704ad3cbbcc5a2bd208bf7c74a0da8,512,512,RGB,b270e8e0d0c460b2,
Training/meningioma/Tr-me_532.jpg,meningioma,training,False,26954,ceb4361f4ba2f0ee12470a037bc37212,512,512,L,e0ccaaf2b2cec4c4,
Training/meningioma/Tr-me_533.jpg,meningioma,training,False,21456,967c0266e3c4c79d08a75df522ebac50,512,512,L,b278f0d4ccd4d469,
Training/meningioma/Tr-me_534.jpg,meningioma,training,False,26281,af3a4cf5d54bd454b733bfe3d2177b4a,455,500,RGB,69e8e0e0d0e4e070,
Training/meningioma/Tr-me_535.jpg,meningioma,training,False,29450,faea627d99a4eb577d6dd413bb63fcf4,512,512,RGB,71f4ccbc94c8898c,
Training/meningioma/Tr-me_536.jpg,meningioma,training,False,32620,d1c0ea864fe21b94546ada7bd65e348a,512,512,RGB,3960e8c4d0dcecec,
Training/meningioma/Tr-me_537.jpg,meningioma,training,False,13792,db5a54663b2c5f3956ee2b78b13760cb,512,512,L,c4b2f064d4e9f086,
Training/meningioma/Tr-me_538.jpg,meningioma,training,False,14691,5d52ef51c201e19da472a4ebfe2d6979,512,512,RGB,e0d4f268d169f086,
Training/meningioma/Tr-me_539.jpg,meningioma,training,False,26454,7932295ffecc186322c4a550e944e7cb,512,512,RGB,1970e4c6cae6cce1,
Training/meningioma/Tr-me_54.jpg,meningioma,training,False,12663,1dcee844d5c696ae9d8ec91c4342b6d7,512,512,L,c4b261c8d4d0f1b2,
Training/meningioma/Tr-me_540.jpg,meningioma,training,False,22526,f2b9817c0424c944cc041d46e8546883,512,512,L,73c894a8b4d4d8d0,
Training/meningioma/Tr-me_541.jpg,meningioma,training,False,21404,7fb7aa3ce68228eed375ebb6ffa44569,512,512,L,0261c8c8d4c8d2d4,
Training/meningioma/Tr-me_542.jpg,meningioma,training,False,23052,ae90e6e7c332e848675566d75de0a3b5,512,512,RGB,b269ccecd0f0c868,
Training/meningioma/Tr-me_543.jpg,meningioma,training,False,8707,ab525628d00898aa6b1088d9c1d5a785,213,237,RGB,da95c5c5c412a3d2,
Training/meningioma/Tr-me_544.jpg,meningioma,training,False,27731,6d64327436e3dc0bfc3e51d1e9aa781a,512,512,RGB,b974c2e6caf6b4f0,
Training/meningioma/Tr-me_545.jpg,meningioma,training,False,20292,d85484bc3b3583d9633ff897ec2ddd92,512,512,RGB,92f06cd0ecdcf0b2,
Training/meningioma/Tr-me_546.jpg,meningioma,training,False,17964,3b6d72dce556d2b4770408fd6a87560a,512,512,L,b269d4f0e8ccf0b2,
Training/meningioma/Tr-me_547.jpg,meningioma,training,False,21080,ea6863c3364bf22282b2412396d2fe87,512,512,L,62e1dca08cd8e878,
Training/meningioma/Tr-me_548.jpg,meningioma,training,False,15804,87cfe7bf10950d9fe12721e9878a3f52,512,512,RGB,c4b279ecd4f470b2,
Training/meningioma/Tr-me_549.jpg,meningioma,training,False,14905,6b15dd44eee9e455dbfa242fbbf66f08,512,512,L,92f060f4fce4f086,
Training/meningioma/Tr-me_55.jpg,meningioma,training,False,22101,afcc33e2ab3d1e4dbae90e29ff4756e5,512,512,L,71ccccc8b2e8ccd4,
Training/meningioma/Tr-me_550.jpg,meningioma,training,False,24067,54e6cc591f204f7165a6669a73a1804c,512,512,L,72f8ccc8a4a4cccc,
Training/meningioma/Tr-me_551.jpg,meningioma,training,False,32285,1116385d11909b1a8d6e2a366004b65c,512,512,RGB,78e4fae2d2d4ece8,
Training/meningioma/Tr-me_552.jpg,meningioma,training,False,21754,bca9ffd4ef5887c87e9755557203ee66,512,512,RGB,8670e8c8c8c4c479,
Training/meningioma/Tr-me_553.jpg,meningioma,training,False,10523,4952912db3852a6eb65ebac7e708af0f,217,232,RGB,7ceae5a5dd96e4cc,
Training/meningioma/Tr-me_554.jpg,meningioma,training,False,24519,661c6e4d2bc88f1e7867610717f2395e,512,512,RGB,71d8d8ccd469f1f9,
Training/meningioma/Tr-me_555.jpg,meningioma,training,False,23274,010a9f3497f6f5da6172fd162dd1c8dc,512,512,L,72c88cc8a0accccc,
Training/meningioma/Tr-me_556.jpg,meningioma,training,False,24039,d6bc94fe607a1ca89a2476e153a48481,512,512,L,62e1a0cc8caaca78,
Training/meningioma/Tr-me_557.jpg,meningioma,training,False,7285,ee94e72dcadb6520681568914667ea78,226,214,RGB,b97cdce4fa9a8eec,
Training/meningioma/Tr-me_558.jpg,meningioma,training,False,20333,b0046550e049064dcf0be42812af9e82,512,512,L,b2f8d0f4dca4e8f4,
Training/meningioma/Tr-me_559.jpg,meningioma,training,False,12917,2efb25d85cf9e091c4335969d6b6dd34,512,512,L,c896f0694c69f086,
Training/meningioma/Tr-me_56.jpg,meningioma,training,False,25811,66c7d5b45464605af470e7b596ccbdae,512,512,RGB,b0e8d4d0d0ccc869,
Training/meningioma/Tr-me_560.jpg,meningioma,training,False,28017,9b2a092747f3b2347f4af59aff459ac7,512,512,RGB,39f4e4b8989494c4,
Training/meningioma/Tr-me_561.jpg,meningioma,training,False,25923,333ca271271562e025951545e76a8b0b,341,395,RGB,d4c8a4c5c802ceca,
Training/meningioma/Tr-me_562.jpg,meningioma,training,False,21336,e277d51ad337ee9be14b03a2e5c70ce7,512,512,L,0661d8e4cccccce9,
Training/meningioma/Tr-me_563.jpg,meningioma,training,False,20977,69c72a3c6041a103439c3415ff44332e,512,512,RGB,8270ccccf2f87092,
Training/meningioma/Tr-me_564.jpg,meningioma,training,False,23468,b50425936e8320537662f275bcbdee9e,512,512,RGB,32e8d4c4f4e47979,
Training/meningioma/Tr-me_565.jpg,meningioma,training,False,18944,8f5bfa0737b3ae58a652f5b8e0adea70,512,512,L,22e1d8d8ecd4d0e1,
Training/meningioma/Tr-me_566.jpg,meningioma,training,False,31239,68fd93284eb16763b1ebdb7fa45cb300,512,512,RGB,3968e8d4c8d4f87c,
Training/meningioma/Tr-me_567.jpg,meningioma,training,False,63183,bbfb023b08c502f7e7601fa79f017412,552,527,RGB,73f1e1c8d8e97131,
Training/meningioma/Tr-me_568.jpg,meningioma,training,False,17432,383f63f6b5d9060d348790184abecf11,512,512,RGB,c4b2f96cf470b0c6,
Training/meningioma/Tr-me_569.jpg,meningioma,training,False,25675,df547816ed739b0a6818d8bc2d969049,512,512,RGB,9b78e4e88cb4d169,
Training/meningioma/Tr-me_57.jpg,meningioma,training,False,24393,071781f8dd8fec5ffcd8acc3614f3fd0,512,512,RGB,9269ccecc0c86c6c,
Training/meningioma/Tr-me_570.jpg,meningioma,training,False,19842,6f00dd77f703565d5c2e202b9580d36e,512,512,L,ccb2e0f4dad2c470,
Training/meningioma/Tr-me_571.jpg,meningioma,training,False,17983,f79c2abf7ad69ad3a5b48d80d368285e,512,512,L,92b0e8d4cc6468f0,
Training/meningioma/Tr-me_572.jpg,meningioma,training,False,19380,092dec6f3fd976d74e07ada4f9f13043,512,512,L,9670f0f4cce8f0dd,
Training/meningioma/Tr-me_573.jpg,meningioma,training,False,26005,4c041628a0a121c77614df80a6682360,512,512,L,32f1ccaa92b2b484,
Training/meningioma/Tr-me_574.jpg,meningioma,training,False,20177,4b23c0dd5287a60948d10d31f5463eee,512,512,L,3268dcecd8e8e871,
Training/meningioma/Tr-me_575.jpg,meningioma,training,False,18799,aebc3c6419defae8e10ee4d3d4f91b62,512,512,L,26e1d8e4dcd464c9,
Training/meningioma/Tr-me_576.jpg,meningioma,training,False,18269,992d7f303f61a409876e327a93bd2a30,512,512,L,9261c8e8dcccc9e8,
Training/meningioma/Tr-me_577.jpg,meningioma,training,False,22177,5116fd882a07f1b73651e0c95a4cc506,512,512,L,62c9bce8e49cccc8,
Training/meningioma/Tr-me_578.jpg,meningioma,training,False,30259,559063c923e6b23869e9399cf9f9eee9,512,512,RGB,b974d2eadad6c6f4,
Training/meningioma/Tr-me_579.jpg,meningioma,training,False,17569,12d1473aecf66fe4ffc8a75cfec59d5d,512,512,L,3846c2e9a9d4f131,
Training/meningioma/Tr-me_58.jpg,meningioma,training,False,26794,2bf78fe5603a46f0da83e91155d62931,512,512,RGB,39f4d0dc9cdcf4f4,
Training/meningioma/Tr-me_580.jpg,meningioma,training,False,24654,240f2ee81ec83884a15eb801f414a3c1,512,512,RGB,9278c4c8cce4d468,
Training/meningioma/Tr-me_581.jpg,meningioma,training,False,29298,42972b5b6d74f1e935b9244afc7dd3f5,512,512,RGB,39fce4a4dad6f6f2,
Training/meningioma/Tr-me_582.jpg,meningioma,training,False,20225,f55672e38bcfa28329c7063d828c0bd7,512,512,L,30f0ccf8f8d0e9b2,
Training/meningioma/Tr-me_583.jpg,meningioma,training,False,4919,bbaa6720b0aa032be627af17f603de4e,225,225,RGB,44b269d1d0d96900,
Training/meningioma/Tr-me_584.jpg,meningioma,training,False,18477,a41caf299d1a5c22aabc37e96491aa85,512,512,RGB,c4b269c4d4cc7082,
Training/meningioma/Tr-me_585.jpg,meningioma,training,False,29722,37f05ce3f6d33f50542019159faad59b,512,512,RGB,b1ecceccfacacccc,
Training/meningioma/Tr-me_586.jpg,meningioma,training,False,15653,730be651153957409c3df7c7df7c7e09,512,512,L,82b068ccf4d4e1b2,
Training/meningioma/Tr-me_587.jpg,meningioma,training,False,23741,d60fd0bca159d6e73d3d2fb26d17387e,512,512,RGB,c894f0d8d4dcc8f2,
Training/meningioma/Tr-me_588.jpg,meningioma,training,False,20920,c290628766fcc2caa98fa57bf3c84ed7,512,512,L,62d198e49cd4d4d1,
Training/meningioma/Tr-me_589.jpg,meningioma,training,False,24314,1b02dbeacd3a7a9f316734fa17633e0e,512,512,RGB,9271c8c8d4c8c8d1,
Training/meningioma/Tr-me_59.jpg,meningioma,training,False,26660,3d913f069383eb39985259e802a1a5a8,512,512,RGB,39f8e4f4ccf4d4f4,
Training/meningioma/Tr-me_590.jpg,meningioma,training,False,24797,d33e4f125e16d25770c269a1323c2c9a,512,512,RGB,96f0f0d0cce8f044,
Training/meningioma/Tr-me_591.jpg,meningioma,training,False,17432,2c0dee0abda36291e494f0d5c9f41738,512,512,RGB,c4b279f4f468b0c6,
Training/meningioma/Tr-me_592.jpg,meningioma,training,False,20405,71c1930c1d97a274abccfda428062e80,512,512,L,62d1c4f0d8d4c4b1,
Training/meningioma/Tr-me_593.jpg,meningioma,training,False,28778,e2ba56425d5e02b372e0764db37a2fd6,512,512,RGB,f0e8ccd0e0c4f0b2,
Training/meningioma/Tr-me_594.jpg,meningioma,training,False,20299,dcd403cd24462d53e28455456835a699,512,512,L,9271e8cccce8d4d4,
Training/meningioma/Tr-me_595.jpg,meningioma,training,False,23047,0313103e9d33dbd9f14f60d821a088ac,512,512,L,72d8c89ca2b6c6c4,
Training/meningioma/Tr-me_596.jpg,meningioma,training,False,20570,b782613ec00aba4115ba28db209131ac,512,512,RGB,86f0e8ccc8d4d469,
Training/meningioma/Tr-me_597.jpg,meningioma,training,False,10811,46b82306828adb9ceb02045020147782,213,236,RGB,7068d0d8d8ccec70,
Training/meningioma/Tr-me_598.jpg,meningioma,training,False,14492,cadabaea91221134a7cda173b6a07ed9,512,512,L,c4b261d0d4d87086,
Training/meningioma/Tr-me_599.jpg,meningioma,training,False,30006,e37333b388d021a4c0253b1fa0a75c34,512,512,RGB,3178e6e29a94c4ec,
Training/meningioma/Tr-me_6.jpg,meningioma,training,False,19097,4a7a0241f329fd3a77e85af3c52277f4,512,512,RGB,c4b269c8d4cc7082,
Training/meningioma/Tr-me_60.jpg,meningioma,training,False,21577,5f7953b5c72c9a8158724cc4634eb324,512,512,L,26e1d8d4ccdcd4f1,
Training/meningioma/Tr-me_600.jpg,meningioma,training,False,14072,37578186a74851360834c069578992d7,512,512,L,ccb2f9dcd468b086,
Training/meningioma/Tr-me_601.jpg,meningioma,training,False,18847,d4234084e830a06bc34c9ebf3c72dd09,512,512,L,32f8d0e4d46464e4,
Training/meningioma/Tr-me_602.jpg,meningioma,training,False,24603,76179cb748b86cf0207e9f35190bc1e9,512,512,RGB,8279f0f0dceca4e9,
Training/meningioma/Tr-me_603.jpg,meningioma,training,False,20343,b501d34c1f2ed41affe35a7278643120,512,512,L,71f4d4e8b2d4dcd8,
Training/meningioma/Tr-me_604.jpg,meningioma,training,False,15547,05efa4e9844a6e5cba4b45cc9b076650,512,512,L,94f0f8f0d0dcf0f2,
Training/meningioma/Tr-me_605.jpg,meningioma,training,False,32402,8de642c2d164a8cebd198c28ebf434e7,512,512,RGB,3960e4ecd0dcece4,
Training/meningioma/Tr-me_606.jpg,meningioma,training,False,29355,c0df43b67685c75ed431c3259d7db2bd,512,512,RGB,78e4c8ec9494c0e1,
Training/meningioma/Tr-me_607.jpg,meningioma,training,False,25163,009a823eceb6ec31b2b3417850c1e6f9,512,512,RGB,71e4e4ccf4d4d4d8,
Training/meningioma/Tr-me_608.jpg,meningioma,training,False,22631,d27ab6efc66f699a0f249fd89d446c9e,512,512,RGB,02b970d8c4d4d878,
Training/meningioma/Tr-me_609.jpg,meningioma,training,False,13610,77661008380d1a990c3360a55260cbc9,512,512,L,9462c9c8f4cc71b2,
Training/meningioma/Tr-me_61.jpg,meningioma,training,False,25695,0fe205040b117369c5272e9c6082acdb,512,512,RGB,39f4c8d4b4d4d4f0,
Training/meningioma/Tr-me_610.jpg,meningioma,training,False,14174,398b91ea8c81f4a1f18a6884e60db8b2,512,512,L,c4b069f4d4f87192,
Training/meningioma/Tr-me_611.jpg,meningioma,training,False,30799,d693c2dae601c96e748bbadb559c96ce,512,512,RGB,71cce8c8b2d4ccc8,
Training/meningioma/Tr-me_612.jpg,meningioma,training,False,23607,3341a349436b9853200203995b5ba822,512,512,L,c1180810960e9e9c,
Training/meningioma/Tr-me_613.jpg,meningioma,training,False,31021,c9049e3111fa38e95dbdb548fdc7b721,512,512,RGB,71ecce8cb2ca48d8,
Training/meningioma/Tr-me_614.jpg,meningioma,training,False,14871,27cfb94a8ce7075b1760868f36e8a1ec,512,512,L,b271e8e8f4c470b2,
Training/meningioma/Tr-me_615.jpg,meningioma,training,False,23938,12223e047e88b05b2d5cad9acf1c7e54,512,512,RGB,1978e4d8ccc47172,
Training/meningioma/Tr-me_616.jpg,meningioma,training,False,13746,0047debbf9ede24ff8c7a2517cb27164,200,235,RGB,ecac2b6edccefad4,
Training/meningioma/Tr-me_617.jpg,meningioma,training,False,23038,807a44ed99fb02a8777251e4e9eb440f,512,512,L,e1d8a4a4a4d8c0e0,
Training/meningioma/Tr-me_618.jpg,meningioma,training,False,22688,5896b6a00076b4f578ef1c99a0aee3e5,512,512,L,b260e8d4d4ccf0e8,
Training/meningioma/Tr-me_619.jpg,meningioma,training,False,27001,73d34d2bbc11f11689688d84d81b519e,512,512,RGB,8178ecd8c692eae4,
Training/meningioma/Tr-me_62.jpg,meningioma,training,False,27277,0a3ad2f1de74df2454f494dd0760cb3f,512,512,RGB,39f8d8d8c4d4d871,
Training/meningioma/Tr-me_620.jpg,meningioma,training,False,15672,7eb9a21b2572a200380d669deec10093,512,512,RGB,cc92f168d4f47092,
Training/meningioma/Tr-me_621.jpg,meningioma,training,False,14994,1abb07c5f6c499b8eba4def2edd7bfbe,512,512,L,b271e8f8f4cc78b2,
Training/meningioma/Tr-me_622.jpg,meningioma,training,False,17650,af24e88f0aefda340fb451ff6af5d058,512,512,RGB,c4b078ecd4d470b2,
Training/meningioma/Tr-me_623.jpg,meningioma,training,False,16391,aef025fb42a6411c6880de92c7bf93cf,512,512,L,b670e8f0d4dcf0f0,
Training/meningioma/Tr-me_624.jpg,meningioma,training,False,24352,cf49e50907514fe2b2928015c3567704,512,512,RGB,b2f0dcd0e0c870b2,
Training/meningioma/Tr-me_625.jpg,meningioma,training,False,20736,2cae797680c9739e96cd17ba867f5570,512,512,RGB,43b874d8c8d4d162,
Training/meningioma/Tr-me_626.jpg,meningioma,training,False,19061,36bf59acbff8c10cb2643eadd170dc86,512,512,L,82b0f0e8d4ccccd4,
Training/meningioma/Tr-me_627.jpg,meningioma,training,False,16861,5fdd2ea97458b88cd308cdd1cc7f2e49,512,512,L,84f2e9c8c8d4c972,
Training/meningioma/Tr-me_628.jpg,meningioma,training,False,22157,2737932da5b26181b955f6a0efccfe63,512,512,RGB,b278ece8ecd470b2,
Training/meningioma/Tr-me_629.jpg,meningioma,training,False,24829,1bf0aeb3131345d2d69d9933acb34b10,512,512,RGB,70e8e0cccce8f069,
Training/meningioma/Tr-me_63.jpg,meningioma,training,False,22810,c818203982e7dcd95e7eb73d574ac730,512,512,RGB,4532e9d4d0cdd172,
Training/meningioma/Tr-me_630.jpg,meningioma,training,False,20400,e87c7f99a830b4f91bd9d592ed9ce930,512,512,RGB,9271e4d4d4d47464,
Training/meningioma/Tr-me_631.jpg,meningioma,training,False,23339,8cf11db703e74570ed4aadb4d3fd1da0,512,512,RGB,a270ecd0d8d4f070,
Training/meningioma/Tr-me_632.jpg,meningioma,training,False,31954,0e56e0bf0ef70c65b7526c7f16337115,512,512,RGB,71dc92d2aaaae4f4,
Training/meningioma/Tr-me_633.jpg,meningioma,training,False,30786,23050df779adb7e9c757c1ccd78e2621,512,512,RGB,396ccae88cd2ccc8,
Training/meningioma/Tr-me_634.jpg,meningioma,training,False,10843,7a754e129f4b726671a34905681f44dd,512,512,L,ccb2f9f4f4d470b2,
Training/meningioma/Tr-me_635.jpg,meningioma,training,False,16809,e1658165b3fd1522614ab661229706d2,512,512,L,b270d8eccccc70b0,
Training/meningioma/Tr-me_636.jpg,meningioma,training,False,20806,f3595e756ca08a09795173f594eed72e,512,512,L,61e8c8d49cd0c489,
Training/meningioma/Tr-me_637.jpg,meningioma,training,False,17444,6e42bb5c18c81da7ccdcca0fe4d40a51,229,223,RGB,e086d8d8ba92464c,
Training/meningioma/Tr-me_638.jpg,meningioma,training,False,19039,2603a4f8653725a0797f5914002cd925,512,512,RGB,86f069f4e44971c8,
Training/meningioma/Tr-me_639.jpg,meningioma,training,False,29787,51669f2b96f8a273dc894f7e959fe95c,528,581,RGB,78ece8aa8cccc8f1,
Training/meningioma/Tr-me_64.jpg,meningioma,training,False,17259,9a6948cb8125e94744421fd00d476223,512,512,RGB,ccb270d9d468f086,
Training/meningioma/Tr-me_640.jpg,meningioma,training,False,24133,a6b6704e0982fac4c91243e79f986ed2,512,512,RGB,b271c8e4ccccf0c8,
Training/meningioma/Tr-me_641.jpg,meningioma,training,False,21647,b3f0f9101baecc44c19ccb7d13e3957f,512,512,L,22e1e4e4b6a4d4c8,
Training/meningioma/Tr-me_642.jpg,meningioma,training,False,24014,7a3cc9573e8db9a7c27e77676f05b752,512,512,RGB,9670f0d4ccc8d0e9,
Training/meningioma/Tr-me_643.jpg,meningioma,training,False,18201,5e51da9b01a6692ce47184886b9ebad1,512,512,L,32e8c8c8e4c8e172,
Training/meningioma/Tr-me_644.jpg,meningioma,training,False,25765,e2e388f58c06ec3c97c356c88a9c9002,512,512,RGB,8170d898b494ccec,
Training/meningioma/Tr-me_645.jpg,meningioma,training,False,18991,86618e91f3903ade658a07421a96293a,512,512,L,22e1d8e8e4dac8e0,
Training/meningioma/Tr-me_646.jpg,meningioma,training,False,28907,68fea912c18fb9635a182f5cd1e9e1b9,512,512,RGB,b1e4ccecdacacccc,
Training/meningioma/Tr-me_647.jpg,meningioma,training,False,19440,c12a70274eaf08c1784a28b65cca7935,512,512,RGB,b270e8d8e8e8f1b2,
Training/meningioma/Tr-me_648.jpg,meningioma,training,False,17995,b2c2c904ec993450dc50fe75398ff587,512,512,L,12f1d8d8ccccf0f0,
Training/meningioma/Tr-me_649.jpg,meningioma,training,False,23009,ed0ac615f470975b58f1ef4b0f247ce0,512,512,L,71e8c8e4d6d8c8d8,
Training/meningioma/Tr-me_65.jpg,meningioma,training,False,20476,3b937397866ea2135b1041c1e2aea906,512,512,L,b271ecccd4ccf0e8,
Training/meningioma/Tr-me_650.jpg,meningioma,training,False,18719,bb1563b1c324ffa5cde3f57cb18c27d0,512,512,L,b268f8ccc4d86979,
Training/meningioma/Tr-me_651.jpg,meningioma,training,False,16305,e843305209d787a339d5ddd61e0faebf,512,512,L,b2f0c8e8f4c471b2,
Training/meningioma/Tr-me_652.jpg,meningioma,training,False,17974,a2bce298a6dfe1cc129842f857244127,512,512,L,0661d8f4d44a7071,
Training/meningioma/Tr-me_653.jpg,meningioma,training,False,23207,3cb17d6fe9ad584ea166942383d86c70,512,512,RGB,8378e4d8ccd4c16c,
Training/meningioma/Tr-me_654.jpg,meningioma,training,False,20280,4625f5dd8dd78184f25034c1019a2526,512,512,L,63c0dcd08cd0f4d0,
Training/meningioma/Tr-me_655.jpg,meningioma,training,False,19967,6d645e2eec040ac43c0dfeab262ecfed,512,512,L,9270e8d4f4d4cce8,
Training/meningioma/Tr-me_656.jpg,meningioma,training,False,30338,088a4a94bad5f87e30e33533fbaa931f,512,512,RGB,71c8e898d4c4ecf4,
Training/meningioma/Tr-me_657.jpg,meningioma,training,False,20850,73dd47f626da86308999fb50c64030b7,512,512,RGB,c4b269d4d4cc7192,
Training/meningioma/Tr-me_658.jpg,meningioma,training,False,32443,63f26c0e8446497e001ea21600b34840,512,512,RGB,71e8c896ceaad4f8,
Training/meningioma/Tr-me_659.jpg,meningioma,training,False,30750,cb1baf810e38af99a91a757161f1a8f2,512,512,RGB,71d4aae8a2d4ecec,
Training/meningioma/Tr-me_66.jpg,meningioma,training,False,16832,5ef51b0753f7938e1cf02d020b52b2aa,512,512,L,71e4e4ecc4717064,
Training/meningioma/Tr-me_660.jpg,meningioma,training,False,22160,8f34d3ff3048aff86758a13efd529b98,512,512,RGB,b270e4f0e8ccf1f2,
Training/meningioma/Tr-me_661.jpg,meningioma,training,False,7865,09bd38f7c50e865d4220c345612089fb,225,225,RGB,71d4a8beb8aaaa8e,
Training/meningioma/Tr-me_662.jpg,meningioma,training,False,17102,db7b0d4c4f11a3ba40e41447a5184004,512,512,RGB,c8b270e9d4e1b2c4,
Training/meningioma/Tr-me_663.jpg,meningioma,training,False,18847,a1a2bccd718b2d392b32d06af724ad72,512,512,L,0433685ccc6a6460,
Training/meningioma/Tr-me_664.jpg,meningioma,training,False,28119,dfd9afadc7427a75ca090570855407b6,512,512,RGB,0679f4ecd4cce8f9,
Training/meningioma/Tr-me_665.jpg,meningioma,training,False,24782,eef95654225118f1cdb960392c071ccb,512,512,RGB,c8b2f0d0d4d4cc70,
Training/meningioma/Tr-me_666.jpg,meningioma,training,False,9272,97d3a1d6b6648be75e2f3eb132f16e75,212,237,RGB,c8dccac8ecd8f8f0,
Training/meningioma/Tr-me_667.jpg,meningioma,training,False,21163,86e6ac2f71603e4aecb8b708626bd2fe,512,512,L,62c9b08cacd0d8b1,
Training/meningioma/Tr-me_668.jpg,meningioma,training,False,27488,737e8efab7b8b126dab948da35f92683,512,512,RGB,1978e4dab492d4e4,
Training/meningioma/Tr-me_669.jpg,meningioma,training,False,15167,928bc6a9563c88a21070c69405cc2c5e,512,512,RGB,ccb260d0d0d4f0b2,
Training/meningioma/Tr-me_67.jpg,meningioma,training,False,16082,ffd02f4d7496d2dcfc4563a1c0c99c0d,512,512,L,8260e8ecf0c0e1b2,
Training/meningioma/Tr-me_670.jpg,meningioma,training,False,28158,130496429f2b29eb729c0a958e6b48d0,512,512,RGB,39f8d4b8c8aa68c1,
Training/meningioma/Tr-me_671.jpg,meningioma,training,False,25671,42c8e028421be81dc50e0a9f90f799a3,512,512,RGB,1978eadac6a4d152,
Training/meningioma/Tr-me_672.jpg,meningioma,training,False,23572,108274016227cb289345224be2262e69,512,512,RGB,82f068ccf4d870b2,
Training/meningioma/Tr-me_673.jpg,meningioma,training,False,19682,6f4bc467483e812af5857e780e1f398e,512,512,RGB,96f060f0e4c4f0b0,
Training/meningioma/Tr-me_674.jpg,meningioma,training,False,32134,325457ee3de8de4d6c6b845c2dd253ee,512,512,RGB,71e4cadcb2909cd1,
Training/meningioma/Tr-me_675.jpg,meningioma,training,False,20620,61cd206642f32b8978e848a82de5c286,512,512,L,3261c8f0ccd4d0d0,
Training/meningioma/Tr-me_676.jpg,meningioma,training,False,30153,c593da599c423de54a191105c6b94238,512,512,RGB,23e0cca8b264c8c1,
Training/meningioma/Tr-me_677.jpg,meningioma,training,False,27036,5dfb3ace8add4d989e23e11888734d4e,512,512,RGB,b978c4facae4e0e1,
Training/meningioma/Tr-me_678.jpg,meningioma,training,False,13337,fa3c485c004ca9f690771d7f447b39a4,206,245,RGB,70e8ace8b2b2cccc,
Training/meningioma/Tr-me_679.jpg,meningioma,training,False,61046,7c56b6878506f393d9b6b24e8f678d27,513,522,RGB,70f1e8c8d8e87030,
Training/meningioma/Tr-me_68.jpg,meningioma,training,False,20646,335ced49756ac2a7b0e9994c44cdefbe,512,512,L,3268d4ccd8d86869,
Training/meningioma/Tr-me_680.jpg,meningioma,training,False,20663,9d6d7dc675779e17f8c2b56251220477,512,512,L,066148d2ceca6468,
Training/meningioma/Tr-me_681.jpg,meningioma,training,False,23876,d8903369cc9fe39cec389900451ab747,512,512,RGB,b2e0e0ccdce46961,
Training/meningioma/Tr-me_682.jpg,meningioma,training,False,27326,ebc76c2c5a78f8c6b8dc64a27448c5df,512,512,RGB,8378f4fac4a6ace8,
Training/meningioma/Tr-me_683.jpg,meningioma,training,False,26145,b758510b2b24f327208d3b0e89035020,512,512,L,e1c8a0a894d4c8c8,
Training/meningioma/Tr-me_684.jpg,meningioma,training,False,26580,33cf7be1f0f6d5e7cc54064875ffef28,313,393,RGB,e1eceacccc6ab4d4,
Training/meningioma/Tr-me_685.jpg,meningioma,training,False,19555,9143ecff259bc4dea3a555e919188759,512,512,RGB,94f0e8e8d0d478b0,
Training/meningioma/Tr-me_686.jpg,meningioma,training,False,19698,15cf7c685c8aa8224487e4f9573b0f03,512,512,L,b0f4c4d2f2c87192,
Training/meningioma/Tr-me_687.jpg,meningioma,training,False,17773,3e3326be368c6318f3592d9131b2bf17,512,512,RGB,96f068d4d4dc7092,
Training/meningioma/Tr-me_688.jpg,meningioma,training,False,32429,41fc6c383287f88162c8196ae30cc6fc,441,427,RGB,71f4cca8f2c8c8c8,
Training/meningioma/Tr-me_689.jpg,meningioma,training,False,25452,1de0e6c79247d3b9ed93a3fe26df9b57,512,512,RGB,0231e4dcc8eca4d1,
Training/meningioma/Tr-me_69.jpg,meningioma,training,False,18868,116aae4ab8d83fa8b2b2fb5b51ee6aef,512,512,L,8660c8f4c8f4c8e9,
Training/meningioma/Tr-me_690.jpg,meningioma,training,False,17393,b5b62148f3d154ce160e50f3cf9e663b,512,512,RGB,c4b260c4d4c87086,
Training/meningioma/Tr-me_691.jpg,meningioma,training,False,17700,bddd17b3a5b0e3756344444a37457711,512,512,RGB,84f2f9f4d8c4f0b2,
Training/meningioma/Tr-me_692.jpg,meningioma,training,False,15591,7fac1832d5e4a462e92c98717f42b7ad,512,512,L,9270e8d4dccc70b2,
Training/meningioma/Tr-me_693.jpg,meningioma,training,False,18420,6c342276b62a464d3742b7e1845612bc,512,512,RGB,c4b26968d4ecf182,
Training/meningioma/Tr-me_694.jpg,meningioma,training,False,7468,416df807845f7174b19c7050e71207ff,209,225,RGB,78eed8d8e8e6f4f4,
Training/meningioma/Tr-me_695.jpg,meningioma,training,False,25418,881589ec4d127291a5b75b0023b41c5f,512,512,RGB,32f0c4e4e8e8c8d8,
Training/meningioma/Tr-me_696.jpg,meningioma,training,False,15063,68440a1cbad19ab311c6560ab8a1c16f,512,512,L,b270c8cce4c8f1b2,
Training/meningioma/Tr-me_697.jpg,meningioma,training,False,26034,69351c291ed94d748cd01f12f5371689,512,512,RGB,32e8ccc8e4a0c8d9,
Training/meningioma/Tr-me_698.jpg,meningioma,training,False,24302,ac7c1db89548af705ffeda042a11eefa,512,512,RGB,3178e4e8d8a4e4f8,
Training/meningioma/Tr-me_699.jpg,meningioma,training,False,26523,fac74e84c147517a750eaeff6c36f3f8,512,512,RGB,9974e8d8c4d4d87c,
Training/meningioma/Tr-me_7.jpg,meningioma,training,False,28806,84219cfc206308360aac015674da6f33,512,512,RGB,79e4b094a8e4ecec,
Training/meningioma/Tr-me_70.jpg,meningioma,training,False,19338,53dd6d7bbccd25357282aa00018174ba,512,512,L,02e1c4a4ccda74b1,
Training/meningioma/Tr-me_700.jpg,meningioma,training,False,34254,343a37e43b9c6292a397286df9fcf7ba,512,512,RGB,71cce892acc8c8e9,
Training/meningioma/Tr-me_701.jpg,meningioma,training,False,31567,13538e390c6fe8649142279a60d51535,512,512,RGB,23e08ca2b6248899,
Training/meningioma/Tr-me_702.jpg,meningioma,training,False,21110,eeeb627c83de00de1307cff65b694904,512,512,RGB,b2f0e0d4d4c4f1b2,
Training/meningioma/Tr-me_703.jpg,meningioma,training,False,25433,ee346fc2c1dd55b753feedd50e1f21b0,512,512,L,63e9c8dcf4c4c8c8,
Training/meningioma/Tr-me_704.jpg,meningioma,training,False,13319,339244c0e5b646d6fafa2862c91eb305,512,512,L,92f069dcd4c87082,
Training/meningioma/Tr-me_705.jpg,meningioma,training,False,16376,c267be865738de294feccfdfdde17bcd,512,512,L,b270c8f4c8c470b2,
Training/meningioma/Tr-me_706.jpg,meningioma,training,False,8563,1abf1f6791ad06b291c641afb3387d4b,216,216,RGB,71e0e8c8c88ae4f0,
Training/meningioma/Tr-me_707.jpg,meningioma,training,False,18281,b6aaa488ce4bf6edb1fa4ca4d53a31f7,512,512,L,8270e8d4c8c8c8f0,
Training/meningioma/Tr-me_708.jpg,meningioma,training,False,26924,ba11ff2135d9c60ad583d71fb86a801d,512,512,RGB,b269c8c8d4ccccc8,
Training/meningioma/Tr-me_709.jpg,meningioma,training,False,22246,c7be046e697a720f76932842c45f4832,512,512,RGB,9271ccdce4ec71b2,
Training/meningioma/Tr-me_71.jpg,meningioma,training,False,28836,a30925590f927406b61454d78df6a40b,512,512,RGB,71d0d4e8d0dccce4,
Training/meningioma/Tr-me_710.jpg,meningioma,training,False,17497,c624b846d36484e011ed85601ec56f62,512,512,L,72e8c8d8c4c8e070,
Training/meningioma/Tr-me_711.jpg,meningioma,training,False,21113,37e879073805f253223cf63dc2248641,512,512,L,33f0ccc6c2cef868,
Training/meningioma/Tr-me_712.jpg,meningioma,training,False,20411,566cb266f245c7ac9eccbe41d4ba537e,512,512,L,e8e8d4e8e0c4f0b2,
Training/meningioma/Tr-me_713.jpg,meningioma,training,False,18299,5dfbb5251ab0e6ee6f77673899d576f2,512,512,L,0661e8ecdccc74b9,
Training/meningioma/Tr-me_714.jpg,meningioma,training,False,23698,f2fda57f000c42ab14bb61db2346ea34,554,554,RGB,79f8f0f0e0c8cce4,
Training/meningioma/Tr-me_715.jpg,meningioma,training,False,20661,81d75ed803855c42170b2350fd76c5b7,330,355,RGB,f0b2a60f0b33614d,
Training/meningioma/Tr-me_716.jpg,meningioma,training,False,17332,a6deb416cf68147fd6d941c3336af7b0,512,512,L,b06cd8d8e8d4f172,
Training/meningioma/Tr-me_717.jpg,meningioma,training,False,16767,31801f8fb7b8f28b4c4df67356e80c54,315,341,RGB,71f0f0c8cccccc71,
Training/meningioma/Tr-me_718.jpg,meningioma,training,False,16072,38aca3f51e21b80a927ff57a196c8b5a,512,512,L,9470c8f4c8c470b2,
Training/meningioma/Tr-me_719.jpg,meningioma,training,False,20041,33d12e03930ea93eec1afc06044fa6ad,512,512,L,12f1e4e6d6d4cc48,
Training/meningioma/Tr-me_72.jpg,meningioma,training,False,14077,14f6f239eafc9268b3e906580ec2ed71,512,512,L,82f060d0e4ccf0b2,
Training/meningioma/Tr-me_720.jpg,meningioma,training,False,27500,a6609b4cf7fa7588326dda026b0641d6,512,512,RGB,a0e8ccd6f2dc68b2,
Training/meningioma/Tr-me_721.jpg,meningioma,training,False,32951,a647c4b720a2de84812e095df69f0c66,512,512,RGB,71c4e8b4a4c8c8c9,
Training/meningioma/Tr-me_722.jpg,meningioma,training,False,14628,83f3b2f7aee3882a4ff758da4836abd7,512,512,L,b270c8c8e8ccf1b2,
Training/meningioma/Tr-me_723.jpg,meningioma,training,False,27577,1d948e4425c6c37d6badc5aaaa715fc7,512,512,RGB,33e0dcce9c9cccc9,
Training/meningioma/Tr-me_724.jpg,meningioma,training,False,27643,d786bd7b80138f4cfcf06cfaf22018df,512,512,L,e0cca692b6d6c4cc,
Training/meningioma/Tr-me_725.jpg,meningioma,training,False,25595,628100a306b30a6859c520b50851de12,512,512,RGB,b974d8f0d4d4d472,
Training/meningioma/Tr-me_726.jpg,meningioma,training,False,8707,ab525628d00898aa6b1088d9c1d5a785,213,237,RGB,da95c5c5c412a3d2,
Training/meningioma/Tr-me_727.jpg,meningioma,training,False,17710,c14ce4336be24aca29f1f2cf58a04af2,512,512,L,9271ccccf4e4c9c9,
Training/meningioma/Tr-me_728.jpg,meningioma,training,False,21764,8dc4ad174f3be04f6e304dbf0bf3980f,512,512,RGB,b2f0ececc8cc70b2,
Training/meningioma/Tr-me_729.jpg,meningioma,training,False,20877,4986c456dfcfdd64f0c71dd8ddb25c09,512,512,RGB,c2b069d0d8dcf0b2,
Training/meningioma/Tr-me_73.jpg,meningioma,training,False,23600,7d9b1860c16161349a5ea8d428417516,512,512,L,e1c09090b2ba8cc4,
Training/meningioma/Tr-me_730.jpg,meningioma,training,False,18687,3f49bcced025fa10a27df56600d8f894,512,512,L,b278ececd4ccec70,
Training/meningioma/Tr-me_731.jpg,meningioma,training,False,21490,80843ef42d7a4115876aaa95bd98666d,512,512,L,33f8c484c4c4cc6c,
Training/meningioma/Tr-me_732.jpg,meningioma,training,False,25098,7698df8820786635e25b0fe8a757f648,512,512,RGB,197cf0d4ccc4d0f1,
Training/meningioma/Tr-me_733.jpg,meningioma,training,False,27652,d45698bce986f40f4f8df35316611bc0,512,512,RGB,3964dad2eaf4d4f4,
Training/meningioma/Tr-me_734.jpg,meningioma,training,False,16272,a83bb4ed037490314e5a66ef6420636f,512,512,L,9270f8d8d0dc7092,
Training/meningioma/Tr-me_735.jpg,meningioma,training,False,23957,7109ca8a820f624319408ed8514c2a22,512,512,RGB,b268ece4d0f470b0,
Training/meningioma/Tr-me_736.jpg,meningioma,training,False,26018,cd839ee79a313312aff9d721ec87874e,512,512,RGB,71d8d8ccd4e8e9c9,
Training/meningioma/Tr-me_737.jpg,meningioma,training,False,10355,62d2f62f5ecf630df1e45df2915b5d8b,212,238,RGB,e1a4a229f331ae8e,
Training/meningioma/Tr-me_738.jpg,meningioma,training,False,14827,4047171cb89c617b14ea7149c9932342,512,512,L,ccb2e8696de9b2c4,
Training/meningioma/Tr-me_739.jpg,meningioma,training,False,28685,61064c9194c007f78f3c857c6c8c88ea,512,512,RGB,b97cdad4eca2a8ec,
Training/meningioma/Tr-me_74.jpg,meningioma,training,False,29100,f32a2fb4663aeedf17bff3902f4232c2,512,512,RGB,386cf2cec8f4fcf8,
Training/meningioma/Tr-me_740.jpg,meningioma,training,False,13287,eeb2140ff1a1a1f692d0997eedffa3d1,221,228,RGB,71d0a6aab2baaaaa,
Training/meningioma/Tr-me_741.jpg,meningioma,training,False,24072,2bcbb5ad228a533136861936cdd2e473,512,512,RGB,b2e0ccc0f4ccd4f0,
Training/meningioma/Tr-me_742.jpg,meningioma,training,False,17581,eb921383271bf945e4cdc67c78bace2c,512,512,L,b271d0ccccdce0b2,
Training/meningioma/Tr-me_743.jpg,meningioma,training,False,21033,f7bf89c957d6ea099818229a71a41326,512,512,L,8270ccd0cce8e8c9,
Training/meningioma/Tr-me_744.jpg,meningioma,training,False,22080,dccbb6b3035a810298cf55c8084d9075,512,512,L,70c88ca4a0d4d472,
Training/meningioma/Tr-me_745.jpg,meningioma,training,False,22221,1d8b60b23a7160ebb783498b5a4a9b08,512,512,L,71cce8ecf0ccccec,
Training/meningioma/Tr-me_746.jpg,meningioma,training,False,22315,a353e8a4140d667d22419de41d8b68e4,512,512,RGB,b269ccc4d4e96969,
Training/meningioma/Tr-me_747.jpg,meningioma,training,False,25379,e6406a5b79badcfdb32fe76a4e6bc230,512,512,RGB,1360e4f89cc4e8d1,
Training/meningioma/Tr-me_748.jpg,meningioma,training,False,33876,990282f3319002755dbe17db562ec545,512,512,RGB,33c8e0aaa2a2aab2,
Training/meningioma/Tr-me_749.jpg,meningioma,training,False,28820,487e8da00f43ca6e20a546e2e96f4697,512,512,RGB,8279d4a0c8d8e4e4,
Training/meningioma/Tr-me_75.jpg,meningioma,training,False,25967,53711b8dd8df01042a9bc841bcc732a6,512,512,RGB,8271ecd88cc8ccb0,
Training/meningioma/Tr-me_750.jpg,meningioma,training,False,19238,af490a6476f9799d9f038ca6bf206681,512,512,L,8270e8d4d4e0d444,
Training/meningioma/Tr-me_751.jpg,meningioma,training,False,28287,34d31161e9c4662a01ceac0124913e79,512,512,RGB,78e4cac8d4d4f4fc,
Training/meningioma/Tr-me_752.jpg,meningioma,training,False,14448,ac96b13bff051acafee457acbf0a83e3,512,512,L,ccb270c9c4e97086,
Training/meningioma/Tr-me_753.jpg,meningioma,training,False,16150,45231709563f713e8e70fd3578239209,252,303,RGB,7cceb9efdccce316,
Training/meningioma/Tr-me_754.jpg,meningioma,training,False,17162,20d5456edb3a88904c42afe0f2b71b6a,512,512,L,b2f0c8c8acccf1b2,
Training/meningioma/Tr-me_755.jpg,meningioma,training,False,17888,24924310999b3462a81cb441d7f54ba1,512,512,L,8269d4d4c969e8e8,
Training/meningioma/Tr-me_756.jpg,meningioma,training,False,25857,f0583781adc329561c6b78dc7657a873,512,512,RGB,b260f4d0ccd0d0f0,
Training/meningioma/Tr-me_757.jpg,meningioma,training,False,31610,5f28a09e2660973d861470efda21b505,512,512,RGB,78e6fa9e9296cc4c,
Training/meningioma/Tr-me_758.jpg,meningioma,training,False,7177,200f4278ce81be3b51d84df85c16ff1c,201,251,RGB,69ccf2b0795396f0,
Training/meningioma/Tr-me_759.jpg,meningioma,training,False,30992,996bd37e63de15942e4bfb14c25253b1,512,512,RGB,70f9ced796d5c6e8,
Training/meningioma/Tr-me_76.jpg,meningioma,training,False,30307,6914e9744d6603ca02c5f2ab944c9a4a,512,512,RGB,71ccd4ecb0e8d4d4,
Training/meningioma/Tr-me_760.jpg,meningioma,training,False,23980,48c2019d5697b897ee8549f2a4383d32,314,358,RGB,e0ceee82daaa84e0,
Training/meningioma/Tr-me_761.jpg,meningioma,training,False,21942,48f9713ec1f954afd2cffe692c56b50d,512,512,L,e1d0d0ccc8eaf878,
Training/meningioma/Tr-me_762.jpg,meningioma,training,False,16668,1e48e28ea7a4a1673f5708ac62c9a14d,512,512,RGB,c4b269f4d468f082,
Training/meningioma/Tr-me_763.jpg,meningioma,training,False,20149,e38060efa107c272d7240cfbd861ebab,512,512,L,70e8d4e4f4ccec69,
Training/meningioma/Tr-me_764.jpg,meningioma,training,False,27437,6390f18a02fdc3940ae4fe5907311f67,512,512,RGB,1170d6b2e2a2a880,
Training/meningioma/Tr-me_765.jpg,meningioma,training,False,21585,763d7bd3e6d10ac420f4a632ed1a870e,512,512,L,63e8ac84dcf8f8dc,
Training/meningioma/Tr-me_766.jpg,meningioma,training,False,24752,9d60c96f76c3035e0060780a57c7c3f1,512,512,RGB,9271e8ccd0d4cccc,
Training/meningioma/Tr-me_767.jpg,meningioma,training,False,24123,9d84d51efccd2e3356784c211283989a,512,512,L,71e4d0d2d6d4d8d0,
Training/meningioma/Tr-me_768.jpg,meningioma,training,False,25288,5f73d732c057dbbe35b324f9392e6c69,512,512,RGB,b271f0d4ccc8e0e8,
Training/meningioma/Tr-me_769.jpg,meningioma,training,False,16461,161c62683bfe59b7c94e5db37f334f5c,512,512,L,c4b269d4d4cc7192,
Training/meningioma/Tr-me_77.jpg,meningioma,training,False,21920,7c636e66dc1d7b6fcdddc9c4a6f2582e,512,512,L,61d0d8c4eada686c,
Training/meningioma/Tr-me_770.jpg,meningioma,training,False,22023,5b1466a269e45a3a12dbe3fffa5993e4,512,512,L,8661d0c8d4cce860,
Training/meningioma/Tr-me_771.jpg,meningioma,training,False,24718,04fd122ee1cd624b4caa8dc3756e1bf0,341,372,RGB,e0ccce92b284c4f1,
Training/meningioma/Tr-me_772.jpg,meningioma,training,False,21375,4357c3c048fe81b198bc2f228f58c096,512,512,L,63d8a4a4b2d4d4c0,
Training/meningioma/Tr-me_773.jpg,meningioma,training,False,15984,6ba22d193e4551f1df164e301b0d3feb,512,512,L,9270f8d8d0d47092,
Training/meningioma/Tr-me_774.jpg,meningioma,training,False,23003,ecf3cc76c20ad0da5f6a76dea4d153b3,512,512,L,63c1a4c8b094d8a0,
Training/meningioma/Tr-me_775.jpg,meningioma,training,False,30513,55017da461f5dbb04c2d84b3955c5bae,512,512,RGB,70dcd4b2fad4ecb9,
Training/meningioma/Tr-me_776.jpg,meningioma,training,False,12216,7b5a4c468fb96a2a88022a453c5b7e11,291,340,RGB,61ccaa69cdc92bc6,
Training/meningioma/Tr-me_777.jpg,meningioma,training,False,28412,87e646a90f48560c2ba5c3869dc0881d,512,512,RGB,96f0f8ecccf2d6ec,
Training/meningioma/Tr-me_778.jpg,meningioma,training,False,25447,f8d26541216f9c1c8f378241a744f8af,512,512,RGB,39ececd8cef4e468,
Training/meningioma/Tr-me_779.jpg,meningioma,training,False,15919,a4ceb2a279f9acb59b7cf3daf50ec669,512,512,RGB,86f068d8c4ec7192,
Training/meningioma/Tr-me_78.jpg,meningioma,training,False,17929,f5a89b17f1cc431946fefc998327f3f0,512,512,L,32f0d8d0f4d471b2,
Training/meningioma/Tr-me_780.jpg,meningioma,training,False,26386,07bb7dd186d9c55d7aa73b579beb6811,512,512,RGB,8279e4b48ca4d9e9,
Training/meningioma/Tr-me_781.jpg,meningioma,training,False,23807,ada5497bb30aef1127d928e33bc110cd,512,512,L,62c9b4e2ccb6cccc,
Training/meningioma/Tr-me_782.jpg,meningioma,training,False,19312,1b1f4c4edaad4e36abcd9024589cd5a4,512,512,L,b269ccccd8f0c4d4,
Training/meningioma/Tr-me_783.jpg,meningioma,training,False,15436,526114aef19e830a7672f81e59f5c344,512,512,L,b4f2f1f0e8d8e8b2,
Training/meningioma/Tr-me_784.jpg,meningioma,training,False,20861,cc019c0f935c97fe8b4dc5d0ae0896a6,512,512,L,62c0f4c4c6c4d0d0,
Training/meningioma/Tr-me_785.jpg,meningioma,training,False,21018,45a196c796bf4316cbc90937b5d81acb,512,512,L,22e1f4e284d2c0c0,
Training/meningioma/Tr-me_786.jpg,meningioma,training,False,21675,13af77b708a8bf1ae154f38726f6eb9f,512,512,L,61d0d8d2eccad2d0,
Training/meningioma/Tr-me_787.jpg,meningioma,training,False,20394,fea0fd15090f46030849e0192acf76f2,512,512,RGB,9279ccd4d8d4746c,
Training/meningioma/Tr-me_788.jpg,meningioma,training,False,30163,9a64cd1e7345ea79111e2198162fdc21,512,512,RGB,78fecef6b286ccdc,
Training/meningioma/Tr-me_789.jpg,meningioma,training,False,24456,4c1d55e4ed16ed2f7ccfed8be935c530,512,512,L,62e9e8d4ecd4e0c1,
Training/meningioma/Tr-me_79.jpg,meningioma,training,False,19165,d810c7f8c37566e4b01be637d2f0de6c,512,512,RGB,82f068c4d0dc70b2,
Training/meningioma/Tr-me_790.jpg,meningioma,training,False,33434,884572c37f39278a3abe1b21df6d414e,512,512,RGB,b370ccaab6b2d2de,
Training/meningioma/Tr-me_791.jpg,meningioma,training,False,29373,2642be289655ccaaee3e61ce716b80d6,512,512,RGB,3978c6b6cafad4f4,
Training/meningioma/Tr-me_792.jpg,meningioma,training,False,22762,a203501398fe9d20db10971e44df98a1,512,512,L,63c0d8daa49490b0,
Training/meningioma/Tr-me_793.jpg,meningioma,training,False,15592,481d8fe163fef25ce524e8d92852c2e2,512,512,L,92f068e8f0d4e1f2,
Training/meningioma/Tr-me_794.jpg,meningioma,training,False,23644,6f9e817508a9bfdcd795bf93934c451c,512,512,L,62d1b4a8a4949cd0,
Training/meningioma/Tr-me_795.jpg,meningioma,training,False,20646,8eca85e1943916becabcf82a02e9ed0c,512,512,L,e1d8a8ecd4d0d4c1,
Training/meningioma/Tr-me_796.jpg,meningioma,training,False,7269,53f439ab757f6a5a77152133bd4f9173,226,223,RGB,70f8f8f8e8a8cc69,
Training/meningioma/Tr-me_797.jpg,meningioma,training,False,28221,ba66e0983ed063c7accd4f6fb9be7120,512,512,RGB,396cf2f4a0a2c8fc,
Training/meningioma/Tr-me_798.jpg,meningioma,training,False,29030,47d0da77bfedba8d8c2e0bbe228145e7,512,512,RGB,1b78cc98d8c4f9e9,
Training/meningioma/Tr-me_799.jpg,meningioma,training,False,10596,cbdb9a5b45202d5dd374c92b252dac8c,224,219,RGB,71f4cca8f2c8c8c8,
Training/meningioma/Tr-me_8.jpg,meningioma,training,False,20811,e2221bb8ee5eeaccfd57bd15fc0cc35d,512,512,L,62c1e0f4ccbae478,
Training/meningioma/Tr-me_80.jpg,meningioma,training,False,28931,853e40e4f6633f41482f53264744283d,512,512,RGB,b974caeedae6e4f0,
Training/meningioma/Tr-me_800.jpg,meningioma,training,False,32890,5575f2ac7618f715d2ef3f0b4ce004bb,512,512,RGB,3968c4f4d8d4d4e4,
Training/meningioma/Tr-me_801.jpg,meningioma,training,False,25134,2a7be234280982a7e0b2a86aaba66e34,512,512,RGB,39f0d4e898d4e470,
Training/meningioma/Tr-me_802.jpg,meningioma,training,False,21534,ad46ad6ea42ddb652d4b45cf3fac13a7,512,512,L,62c1d8d0c4dcf0b4,
Training/meningioma/Tr-me_803.jpg,meningioma,training,False,33144,a3a8bde831fed58d66dcd84c836c7cf2,512,512,RGB,71d4a8eaaeccccf4,
Training/meningioma/Tr-me_804.jpg,meningioma,training,False,25405,89a763239a5f6cd336c69abf5f007156,512,512,RGB,197ce4e8e4f4e870,
Training/meningioma/Tr-me_805.jpg,meningioma,training,False,21395,1a2dd79b415a1e43bf4b76221e6e291a,512,512,L,70f0cce8f2c869b2,
Training/meningioma/Tr-me_806.jpg,meningioma,training,False,23686,56e69214845eb30058f010d450f44a31,512,512,L,71ccd4c8f2e8d4d4,
Training/meningioma/Tr-me_807.jpg,meningioma,training,False,19000,813228e65f3dc4a2ec23936b603e9857,512,512,L,b270dcd8e8e8ec6c,
Training/meningioma/Tr-me_808.jpg,meningioma,training,False,19176,428a6810123a315aeffa0fee99e48dfc,512,512,L,32f0dcd8f0f0c4ec,
Training/meningioma/Tr-me_809.jpg,meningioma,training,False,30221,566dd1bd8bf772976bdf699bf31f6a52,512,512,RGB,3170ccdad4d4ccf0,
Training/meningioma/Tr-me_81.jpg,meningioma,training,False,22622,fe9b9887dddc623b4452861bcad8e25e,512,512,L,63c0b4a0aaa6ce6c,
Training/meningioma/Tr-me_810.jpg,meningioma,training,False,18353,fbb87ab5e810e734f084edae9efbebf8,512,512,RGB,84f0e8ccd0d478b0,
Training/meningioma/Tr-me_811.jpg,meningioma,training,False,41756,d2fb5cad74f7edae75409d26f6a9b2da,420,264,RGB,f87870ecfcccecf8,
Training/meningioma/Tr-me_812.jpg,meningioma,training,False,25021,efc05e35e5b93e4e5bac4788fdc0d746,512,512,RGB,9978c4f6cac4d079,
Training/meningioma/Tr-me_813.jpg,meningioma,training,False,20431,4bb9b2fa5a1a526241a768d90cc7e43a,512,512,L,b260ccd8f0e86968,
Training/meningioma/Tr-me_814.jpg,meningioma,training,False,15114,9ac4053d719c64fa4ee02e95caed4475,512,512,RGB,ccf2e0d0f0d4f0b2,
Training/meningioma/Tr-me_815.jpg,meningioma,training,False,13905,f751476785f4096389ea3bd8ed48440e,512,512,L,c4b2f9d4d4ec7182,
Training/meningioma/Tr-me_816.jpg,meningioma,training,False,21478,179a422dd5b6cfa2a85db6262644e2d3,512,512,RGB,32f0ccf4b4c4f072,
Training/meningioma/Tr-me_817.jpg,meningioma,training,False,21473,98e2e68df70ced05b204324c98d1c704,512,512,RGB,b270c0d0d4e471b2,
Training/meningioma/Tr-me_818.jpg,meningioma,training,False,27221,3036ac67ce53b90bc1e009f91ea8049c,512,512,RGB,71c4aae8b2d0ccec,
Training/meningioma/Tr-me_819.jpg,meningioma,training,False,28490,9d5dc684e5f820dbb0a9009fe9ad69ca,512,512,RGB,1378d4e6d292cef8,
Training/meningioma/Tr-me_82.jpg,meningioma,training,False,22824,d7287d1f72c51e9eb9064c27956fe9a5,512,512,RGB,b268d4f0e8ccf0b2,
Training/meningioma/Tr-me_820.jpg,meningioma,training,False,31459,e4af8a272ca5a5af4eb494da4d8a2848,512,512,RGB,b270ccaeb2b2cece,
Training/meningioma/Tr-me_821.jpg,meningioma,training,False,21521,e7561f9bfe23cdb0f6748b8ebb7a4fc2,512,512,L,63c0a094949bc2c8,
Training/meningioma/Tr-me_822.jpg,meningioma,training,False,27075,5c6f5d1c7cb5a57c8c16114dae99d359,512,512,RGB,39f4f0f4c8d6f4f0,
Training/meningioma/Tr-me_823.jpg,meningioma,training,False,24240,c5c5c823c19d47669f9a82a6728af5ed,512,512,RGB,8472f0e8d4ccccd4,
Training/meningioma/Tr-me_824.jpg,meningioma,training,False,18849,b66d2a622c461b978e51d48171ae2980,512,512,L,b268ccf4d0ccd4f0,
Training/meningioma/Tr-me_825.jpg,meningioma,training,False,29384,4cb5f7e5d9fd06db069a55ee8c201aca,512,512,RGB,b1e4ecc4b2928c9c,
Training/meningioma/Tr-me_826.jpg,meningioma,training,False,26757,0ff42d8b16c52ae00fcdbfbda2baa8eb,512,512,RGB,71e0d4ecd0c8c9c8,
Training/meningioma/Tr-me_827.jpg,meningioma,training,False,25690,bb14ce0b4f6ba33e21efeac9bee79c12,512,512,L,61c8a098b4d4c8c8,
Training/meningioma/Tr-me_828.jpg,meningioma,training,False,22061,3bbd19982fc141005d43d158bff92d41,512,512,L,22e1e4c888a696ca,
Training/meningioma/Tr-me_829.jpg,meningioma,training,False,19743,6d395b16cfca3e878ea2bb9ab6cf58af,512,512,L,62c0dce49cd468d1,
Training/meningioma/Tr-me_83.jpg,meningioma,training,False,25529,b81be7e3964fd4cb4debc13c9b24cbb3,512,512,L,71d8e8d29aecec6c,
Training/meningioma/Tr-me_830.jpg,meningioma,training,False,19798,90f4d17de02eca5cea9e9a8aece29fcd,512,512,L,63c0c8e48cd0d8c9,
Training/meningioma/Tr-me_831.jpg,meningioma,training,False,15158,da2881bcb301e75d925cfe9d3eb36e19,512,512,L,c4b269ecd4cc7182,
Training/meningioma/Tr-me_832.jpg,meningioma,training,False,19241,6f5ea298df6776a774ae1c7582cd5105,512,512,RGB,b270e8c8c4cc7192,
Training/meningioma/Tr-me_833.jpg,meningioma,training,False,31118,7a3ec8312ee69e731794b62dec255d66,512,512,RGB,b0e8ccd6b2cc68b2,
Training/meningioma/Tr-me_834.jpg,meningioma,training,False,25689,43c21b8f62bedafc1eccddff1e3d314a,512,512,RGB,b269ccccc8e8ec74,
Training/meningioma/Tr-me_835.jpg,meningioma,training,False,15174,ee9a9621ce1dc8f00e8b96e006dad93b,512,512,L,9270e8e4ecccf192,
Training/meningioma/Tr-me_836.jpg,meningioma,training,False,21706,a501e6ea3748d3aebea8e8735268ec5b,512,512,RGB,b060dcd8e0d479b2,
Training/meningioma/Tr-me_837.jpg,meningioma,training,False,18273,8313a9e2f7f7e9cec42752e98686323d,512,512,L,8660c8f4e8d4c8e9,
Training/meningioma/Tr-me_838.jpg,meningioma,training,False,19405,6d28bb28e7fa91c2509103d534402d28,512,512,L,9271e8ccf4d4ccc8,
Training/meningioma/Tr-me_839.jpg,meningioma,training,False,28919,921a3fdde73b0ef7d5a72185c9e69e59,512,512,RGB,09306ccdeef2d0c2,
Training/meningioma/Tr-me_84.jpg,meningioma,training,False,25465,4618cffb63b277cda946d66b9b0daa7b,512,512,RGB,71e4eadc9294cccc,
Training/meningioma/Tr-me_840.jpg,meningioma,training,False,25647,e17a46e585a6f10190418d189f3d47fc,512,512,RGB,b271e8ccd4c4f4d0,
Training/meningioma/Tr-me_841.jpg,meningioma,training,False,14594,789f6e7cb923d44bdf61da9091b297e4,512,512,L,8271d8d4cc4469b2,
Training/meningioma/Tr-me_842.jpg,meningioma,training,False,15838,1590cdc782e09d05354e48bbd1237929,512,512,L,04e2d1b4ccfc3c49,
Training/meningioma/Tr-me_843.jpg,meningioma,training,False,19770,e7c546189703c199e66a362e9330d04e,512,512,L,71d8a8c0a6d6cccc,
Training/meningioma/Tr-me_844.jpg,meningioma,training,False,20117,a8afee3f17f36a2bc0f608d0ab231ce6,512,512,L,b0f0ccd6f2c87092,
Training/meningioma/Tr-me_845.jpg,meningioma,training,False,13451,bc13bdda7abe567471c96696ca0a85ea,200,236,RGB,b6b649696949b2d4,
Training/meningioma/Tr-me_846.jpg,meningioma,training,False,9616,b41f5c6d2d27eaf8ba9059884dfaf150,209,241,RGB,69d4d0c8c8f8f861,
Training/meningioma/Tr-me_847.jpg,meningioma,training,False,20998,9659551135e132dd77d35957aff929c7,512,512,L,63d0f090ac94d0f0,
Training/meningioma/Tr-me_848.jpg,meningioma,training,False,29967,9f2aa0388f7ed3c66c7f4287ef4cad85,512,512,RGB,3864cad4d8c4f4f6,
Training/meningioma/Tr-me_849.jpg,meningioma,training,False,25147,c6b49ecce554646080fa3f81e6a2e801,512,512,RGB,92f0e8d4cce8f46c,
Training/meningioma/Tr-me_85.jpg,meningioma,training,False,15541,30bbea32222e73d61e3fe2b1f192a2ac,512,512,L,8270f8d8d8d47182,
Training/meningioma/Tr-me_850.jpg,meningioma,training,False,32612,c1ea6da58c46ce8ceac9bb536d881fd0,512,512,RGB,71c8c8eaa6ccccd4,
Training/meningioma/Tr-me_851.jpg,meningioma,training,False,25229,0052c398399075925e0fad61910613b0,512,512,RGB,ccb2f8d0a4b4dcf0,
Training/meningioma/Tr-me_852.jpg,meningioma,training,False,19865,4bb02a510250b8c06d311e06e4ad5622,512,512,L,02f1e4e6d2d6cc48,
Training/meningioma/Tr-me_853.jpg,meningioma,training,False,25936,d5174aefe3860345421cb71d7409c61b,512,512,RGB,b1e8c4c8c8ccd068,
Training/meningioma/Tr-me_854.jpg,meningioma,training,False,28786,aaf6b4357e78188b8866bb4dcbc1bb7e,512,512,RGB,12f9e4b894a4c8e8,
Training/meningioma/Tr-me_855.jpg,meningioma,training,False,20785,6afbcd1089cecebd0ef2472fa5c5678e,512,512,L,62e1d492acd8cc61,
Training/meningioma/Tr-me_856.jpg,meningioma,training,False,23359,7d93b571c604c4cc67a724d5ae3af574,512,512,L,e1908892b692cccd,
Training/meningioma/Tr-me_857.jpg,meningioma,training,False,23088,5f67ecd8833c688c2706928665527257,512,512,RGB,9269ccd4d0d071b2,
Training/meningioma/Tr-me_858.jpg,meningioma,training,False,24763,61dca9a24624df985808863d27ec355b,298,354,RGB,e4a86b6e9cce5ab4,
Training/meningioma/Tr-me_859.jpg,meningioma,training,False,16313,195ffcec27da6ac16331ff422eab9372,512,512,L,ccb26048d868b086,
Training/meningioma/Tr-me_86.jpg,meningioma,training,False,26281,af3a4cf5d54bd454b733bfe3d2177b4a,455,500,RGB,69e8e0e0d0e4e070,
Training/meningioma/Tr-me_860.jpg,meningioma,training,False,20302,e9873c060c54ec7af0c8a08fc470d96d,512,512,L,70e8ccd4f0d471b2,
Training/meningioma/Tr-me_861.jpg,meningioma,training,False,35040,adc276f9f227ce4d53d7ad14ee96124b,512,512,RGB,3866edcaa6e25ad4,
Training/meningioma/Tr-me_862.jpg,meningioma,training,False,9289,21d276f4bea7652ceac8932b71fccb00,225,225,RGB,61e0e0c4c4d4e871,
Training/meningioma/Tr-me_863.jpg,meningioma,training,False,22835,48905040394b799fe6ebe12c045860a9,512,512,L,e1d0e4ccccfaf478,
Training/meningioma/Tr-me_864.jpg,meningioma,training,False,19108,b4659e04f0bbf2c1024073538c1eedc9,512,512,L,b269ccc8f4ecc9c9,
Training/meningioma/Tr-me_865.jpg,meningioma,training,False,21232,73cd656e3f62e426c4ec212d9d69113f,290,342,RGB,70e0cec4b2aa8acc,
Training/meningioma/Tr-me_866.jpg,meningioma,training,False,23128,126136b9f6a176cd0f116303b57d36d0,512,512,RGB,82f9ecd0e8d4ec60,
Training/meningioma/Tr-me_867.jpg,meningioma,training,False,10871,76afeee7a21f9780eab4b83fc4c52e36,257,320,RGB,2070f0ece8f4f470,
Training/meningioma/Tr-me_868.jpg,meningioma,training,False,22679,eac832c196ab9ef0c7765aa1e5326f48,512,512,L,72c8ccc8a4accccc,
Training/meningioma/Tr-me_869.jpg,meningioma,training,False,29456,5677db98e9c02ce6ae6f4256ae403161,512,512,RGB,71ece8d8ccccccc8,
Training/meningioma/Tr-me_87.jpg,meningioma,training,False,20015,2b36b5bf9dd9b27632463ac71c04b23c,512,512,L,33e0ccdac4cafa6c,
Training/meningioma/Tr-me_870.jpg,meningioma,training,False,31135,805686d2505cfe5cac9deafd98ba8ecf,512,512,RGB,71fcecb492e26888,
Training/meningioma/Tr-me_871.jpg,meningioma,training,False,28735,7b7a0658d9e3b9d118733a2cc805d66f,512,512,RGB,f0e8ccd8f0c4f0b2,
Training/meningioma/Tr-me_872.jpg,meningioma,training,False,21361,edda15bb2af209617328aaaa685957ba,512,512,RGB,92f074d8d0c470b2,
Training/meningioma/Tr-me_873.jpg,meningioma,training,False,26772,b4c5d04d2093c702cfeeae4aef7b6214,512,512,RGB,9974e2d8c6d4d474,
Training/meningioma/Tr-me_874.jpg,meningioma,training,False,30585,cf9568dc375ddd598f4c3140e644df4f,512,512,RGB,7ce7ccd7968d86c4,
Training/meningioma/Tr-me_875.jpg,meningioma,training,False,26576,a328d929ba436ca4c907c7357fd5df2d,512,512,RGB,3970d4f4d0d4f470,
Training/meningioma/Tr-me_876.jpg,meningioma,training,False,21384,5883c051a9c044023c1bf31a78d6cf91,512,512,L,b2e0e8f0cce870f0,
Training/meningioma/Tr-me_877.jpg,meningioma,training,False,17800,ad837e2c7e23d168c1d8c4ff78daed0b,239,224,RGB,e082d8589892e4e4,
Training/meningioma/Tr-me_878.jpg,meningioma,training,False,17882,06066e4c123de5265983d0e4c3d60ebd,512,512,L,8470d8e4ccd4d972,
Training/meningioma/Tr-me_879.jpg,meningioma,training,False,22144,897d501d0f055d7832e2b98486128611,512,512,L,32e1dc98ccd0d4d0,
Training/meningioma/Tr-me_88.jpg,meningioma,training,False,24225,e961bd0d1d06339f92f608f4bc4dd1b4,512,512,RGB,9370c4e4c8c8f0e0,
Training/meningioma/Tr-me_880.jpg,meningioma,training,False,9172,3f41c61e72d0553aef61720f9b081bd8,200,252,RGB,0870f8f8ecf8f871,
Training/meningioma/Tr-me_881.jpg,meningioma,training,False,19196,e095d21247cd57306bc52b1dee331b67,512,512,L,0661f0b0c4c8d268,
Training/meningioma/Tr-me_882.jpg,meningioma,training,False,20741,637b8237de14add03f105dd790051fde,512,512,RGB,92f0e8f0d4c4e0b0,
Training/meningioma/Tr-me_883.jpg,meningioma,training,False,20716,2af790f5defdb159da23feaced8be4b2,512,512,L,0261dcf0e6ccd8cc,
Training/meningioma/Tr-me_884.jpg,meningioma,training,False,28291,a62066a449ff3200d71eaf3aa6fe14c0,512,512,RGB,41b06ccceec6dac2,
Training/meningioma/Tr-me_885.jpg,meningioma,training,False,21727,104b5c7e6b252b81830ab9235f42443a,512,512,L,63c0d4e2a4ccc4a4,
Training/meningioma/Tr-me_886.jpg,meningioma,training,False,31349,96f2d8cdddd202797bf745485378d52f,512,512,RGB,71e8c8b4ccaad4f0,
Training/meningioma/Tr-me_887.jpg,meningioma,training,False,24548,ac890e68f4f32a72b5a03cbdb6232d72,512,512,L,71d4aaa88ac8ccf0,
Training/meningioma/Tr-me_888.jpg,meningioma,training,False,26999,cff20c3b71de1f22bfd99401071545cd,512,512,RGB,1b78e4a88ca494f4,
Training/meningioma/Tr-me_889.jpg,meningioma,training,False,14066,c3aa5bcdbe44fc74833b7bd86b8d076e,512,512,L,c4b269f4dcecf092,
Training/meningioma/Tr-me_89.jpg,meningioma,training,False,13483,ab3e0f21461bd864f6995517d33eddd3,512,512,L,c4b269d0d4e87086,
Training/meningioma/Tr-me_890.jpg,meningioma,training,False,25844,c5f31eda43da97e46ac62d722d70079e,512,512,RGB,9b78e4f8d8e0a4e4,
Training/meningioma/Tr-me_891.jpg,meningioma,training,False,18612,6fb8955fe385eeb12d85e6b9b7c2c2bc,512,512,L,8271e8ecccccec64,
Training/meningioma/Tr-me_892.jpg,meningioma,training,False,16569,3d4c1ff36e31ff9af3cf720d6eba130c,512,512,L,9269ecd4d86c60e4,
Training/meningioma/Tr-me_893.jpg,meningioma,training,False,33446,ae99ea50dc6f8e2e25332086443d638d,512,512,RGB,78ecfaead6d4ecec,
Training/meningioma/Tr-me_894.jpg,meningioma,training,False,18417,04affdb9d01086f89cfcd5a5008eb332,512,512,RGB,c896f061d4ecf192,
Training/meningioma/Tr-me_895.jpg,meningioma,training,False,26955,f14c97ccc94153c0ebaf4feb62582769,512,512,RGB,33e8dce8dacce466,
Training/meningioma/Tr-me_896.jpg,meningioma,training,False,26168,9d3a909367ad15d4c294ff10e2f24f77,512,512,RGB,70ccd4b0e0f4f0b2,
Training/meningioma/Tr-me_897.jpg,meningioma,training,False,9972,1f371f1b943ef9e31b59d4bc30b5ba09,300,258,RGB,f069d8d4f4d4d870,
Training/meningioma/Tr-me_898.jpg,meningioma,training,False,18612,1d953cf35c57480925ffddcaa7dd157e,512,512,RGB,b270e8c8d0dc70b2,
Training/meningioma/Tr-me_899.jpg,meningioma,training,False,25652,a53670edc650738ef69a9a42cb0eb9bb,512,512,RGB,71e8d0d0f0d0d4f9,
Training/meningioma/Tr-me_9.jpg,meningioma,training,False,27623,1eafd6b88cb13c91e01025d80ac4e363,512,512,RGB,9271c4d4e8e8ccd4,
Training/meningioma/Tr-me_90.jpg,meningioma,training,False,14245,6f94dc0c4fe69b220aa8188366a1ab17,512,512,L,b271e8ece4c471b2,
Training/meningioma/Tr-me_900.jpg,meningioma,training,False,17656,75f00a14e0e9f88c56aab673399f4ca2,512,512,RGB,ccb2e86cd4e47092,
Training/meningioma/Tr-me_901.jpg,meningioma,training,False,25578,738d10722c3f32d0ed289de628e8c5f6,512,512,RGB,31e8d4e8d8ccf068,
Training/meningioma/Tr-me_902.jpg,meningioma,training,False,17835,3eebfd584e0a03e1e3bc4bed3d8bd189,512,512,L,0661c8ccc8d6749c,
Training/meningioma/Tr-me_903.jpg,meningioma,training,False,16259,2dca02361728d7c1ac36eeb30d597a2b,512,512,L,e3d1e8d8dc696132,
Training/meningioma/Tr-me_904.jpg,meningioma,training,False,24094,789bfb30a56bc1e88866d01ea5a49bff,512,512,RGB,1b78e4d8c4d4d96c,
Training/meningioma/Tr-me_905.jpg,meningioma,training,False,25681,961e7d02591f7c946cf82e97ce45f1c7,369,398,RGB,f1c8aeb2b2e9dce8,
Training/meningioma/Tr-me_906.jpg,meningioma,training,False,23481,2142dc208f871205d69d9a531a7dee94,512,512,RGB,8271e8c8c4ccd140,
Training/meningioma/Tr-me_907.jpg,meningioma,training,False,19802,44a6e859976ac05287b56134fbb3420f,512,512,L,b270d4e8d4d4e8d4,
Training/meningioma/Tr-me_908.jpg,meningioma,training,False,22349,64eba0d29a54851d428f35ff430e6d3a,512,512,L,62c1a4c4c8baeac8,
Training/meningioma/Tr-me_909.jpg,meningioma,training,False,22179,c955345cf8c1c369dfab192f723225b3,512,512,L,32e1d49894b68ce0,
Training/meningioma/Tr-me_91.jpg,meningioma,training,False,29979,46a689f545ca8bdd8e27f5c9894e3d59,512,512,RGB,b1e4ccccf8eacccc,
Training/meningioma/Tr-me_910.jpg,meningioma,training,False,21065,f75d93484cec34eac6394f0db37cd647,512,512,RGB,423178ccc4c9d264,
Training/meningioma/Tr-me_911.jpg,meningioma,training,False,22027,33f5c1eb934abfe74dda7907fed0700d,512,512,RGB,b270c8d8c8d470b2,
Training/meningioma/Tr-me_912.jpg,meningioma,training,False,31376,f15431b787dc73da3b1f52c75ddbd018,512,512,RGB,7cf5cdd7979f86c4,
Training/meningioma/Tr-me_913.jpg,meningioma,training,False,17970,c4b56f8b312a90de24c62d87eb6df354,512,512,RGB,c2b060e8d4f4f182,
Training/meningioma/Tr-me_914.jpg,meningioma,training,False,18326,2108c362321251a5fe1a047982e03580,512,512,L,b2e9c8ecb0d461b2,
Training/meningioma/Tr-me_915.jpg,meningioma,training,False,21218,6d31a7b9631f5d3cd9fcd7d0068afe45,512,512,L,e1d8c8cccaf8f878,
Training/meningioma/Tr-me_916.jpg,meningioma,training,False,22088,fa5e4543cf6de9ecc6136f6f696c2636,512,512,RGB,78f4e8e4e4f869b9,
Training/meningioma/Tr-me_917.jpg,meningioma,training,False,21440,25cdd1a864ad3cc6dab4eb44be05a4cd,512,512,L,63c0d4c4ccd8d8c8,
Training/meningioma/Tr-me_918.jpg,meningioma,training,False,14723,6f176b023a093706ea952482782f5205,512,512,L,c4b269dcd4cc7082,
Training/meningioma/Tr-me_919.jpg,meningioma,training,False,15385,340d0504d254076350cfb39185a1fabd,512,512,L,ccb271f0d4d461b2,
Training/meningioma/Tr-me_92.jpg,meningioma,training,False,17735,41f2a6718a7c8633129c2f8ddfab2fe4,512,512,RGB,c4b269c0d4e07092,
Training/meningioma/Tr-me_920.jpg,meningioma,training,False,22860,1e9c82b69946d55ab098429eeed6a3f9,262,308,RGB,f4ae555c6d2baaec,
Training/meningioma/Tr-me_921.jpg,meningioma,training,False,14187,2d4ceb86bdc017e22436737436861dcc,512,512,L,8866d1dccc74bc49,
Training/meningioma/Tr-me_922.jpg,meningioma,training,False,24806,a3d0b4b1612f083e7f3585df0938ec5e,512,512,L,63e0aca8b696cc6c,
Training/meningioma/Tr-me_923.jpg,meningioma,training,False,24213,a4222cc28f59ae2e43cbbf2b5fcf1da8,512,512,RGB,30e0d4d8d4d8d9d8,
Training/meningioma/Tr-me_924.jpg,meningioma,training,False,13721,1d14098c2b36bccab12efd7574cd0f78,512,512,L,cc92f068d468b084,
Training/meningioma/Tr-me_925.jpg,meningioma,training,False,19050,61d9bf1e00597a178b1dfaad2c180056,497,320,RGB,b06844d0d0446c69,
Training/meningioma/Tr-me_926.jpg,meningioma,training,False,34197,dc092a5e244a60ecd00cf5ec94999e1d,512,512,RGB,68c4e894b2cccccc,
Training/meningioma/Tr-me_927.jpg,meningioma,training,False,27156,106e925b7e142713845baf46a2838366,512,512,RGB,71d8d0cce4e869c9,
Training/meningioma/Tr-me_928.jpg,meningioma,training,False,22434,e3ff24f7e4501cc17674b92fab4e7d4b,512,512,RGB,9271f4d4c8c4e870,
Training/meningioma/Tr-me_929.jpg,meningioma,training,False,25693,a8d90e0546f629a171423d9727cc9007,512,512,L,63e9dcd0a4c4d4d8,
Training/meningioma/Tr-me_93.jpg,meningioma,training,False,13928,70751b3d5d2b6b6d36f0b70f6e2d7e9c,512,512,L,ccb260c9d0f16284,
Training/meningioma/Tr-me_930.jpg,meningioma,training,False,23176,ca571814d2d53e172d977c7ab69e9f35,512,512,RGB,b068ececd8ec78b0,
Training/meningioma/Tr-me_931.jpg,meningioma,training,False,29554,ff9a79ca650723ba949f8625be49085a,512,512,RGB,3964daaab2d4d4e4,
Training/meningioma/Tr-me_932.jpg,meningioma,training,False,25080,89c11c7345cfb62dcf57827cda908bda,512,512,RGB,8271e4f88ce8ecbc,
Training/meningioma/Tr-me_933.jpg,meningioma,training,False,26746,422824c8865e0806cc207e218d67437b,512,512,RGB,8170ca92e6ae88c4,
Training/meningioma/Tr-me_934.jpg,meningioma,training,False,20945,ff4b9518aed6d2da4779229a169d7439,512,512,L,02f184b6988aeedc,
Training/meningioma/Tr-me_935.jpg,meningioma,training,False,14886,cc31c01c8e60723fe48e6899b4e99ff3,512,512,L,82f168d8d4616862,
Training/meningioma/Tr-me_936.jpg,meningioma,training,False,45185,6da23e8baeb7d9c0c457b20589a5407a,329,314,RGB,71e0c8c8f4b0e8e0,
Training/meningioma/Tr-me_937.jpg,meningioma,training,False,22015,e465f8930cf0f6dc768dfa87fb9aa17c,512,512,RGB,92f0f0e8cccce849,
Training/meningioma/Tr-me_938.jpg,meningioma,training,False,28302,16c920c022d84e8f7e815899c21cb177,512,512,RGB,9978c8a8ec9a96ac,
Training/meningioma/Tr-me_939.jpg,meningioma,training,False,23029,55e97171122ec8d020137a9daa2f7077,512,512,RGB,8279e4d0d4adf170,
Training/meningioma/Tr-me_94.jpg,meningioma,training,False,25040,9e9e351bffc4d6aa8946e71c565c6f34,512,512,RGB,833864d8c8e4f474,
Training/meningioma/Tr-me_940.jpg,meningioma,training,False,22512,b297184b6b00cbfe9b53c109acb2c15b,512,512,L,62c1ac88a498d8f0,
Training/meningioma/Tr-me_941.jpg,meningioma,training,False,19679,a946d7f2644825f16fea309ca723c596,512,512,L,66c1f0d4ccd8f470,
Training/meningioma/Tr-me_942.jpg,meningioma,training,False,7426,af8655fa7cbdcf1c9fcbc913770bfc8b,180,218,RGB,70f0e8e4c4e8f0f0,
Training/meningioma/Tr-me_943.jpg,meningioma,training,False,27019,34ce889859afdd3d1d41a2ae9ac05d57,512,512,RGB,33e0cc8cbc8ce0e9,
Training/meningioma/Tr-me_944.jpg,meningioma,training,False,23021,48d1a367f7b67073fc08f43621652c3e,512,512,L,32e0d8b8a6d6cce0,
Training/meningioma/Tr-me_945.jpg,meningioma,training,False,17083,e597316f91ae33d194d0395b544c1c00,512,512,L,b2e8ccd8f8d4f0b0,
Training/meningioma/Tr-me_946.jpg,meningioma,training,False,9125,572a36069412ab6da31d9cc3b14a9bd9,215,234,RGB,69ccc0c4c4f4ec60,
Training/meningioma/Tr-me_947.jpg,meningioma,training,False,26598,4e2d2f024238ed8780a89b42071a9810,512,512,RGB,b974d8e0f2d4f47a,
Training/meningioma/Tr-me_948.jpg,meningioma,training,False,23042,eef00355ea0c1691269ae7aaf5532f64,512,512,L,70e8e492cca8d4f0,
Training/meningioma/Tr-me_949.jpg,meningioma,training,False,33105,fc7d5dd78ed6fe15dadb595ff6998344,512,512,RGB,3974d2aa92d6e4f2,
Training/meningioma/Tr-me_95.jpg,meningioma,training,False,19122,1c31362b1a73f1e3fdfe6d2af7bd789d,512,512,RGB,c6b0e8d0f0c470b2,
Training/meningioma/Tr-me_950.jpg,meningioma,training,False,14021,533677ff07005bd360d40c0c521eb5f9,512,512,L,ccb2e8c9d4d8f092,
Training/meningioma/Tr-me_951.jpg,meningioma,training,False,15470,f229dbf08b15a10bbeb02cc5664f0e7b,512,512,RGB,ccb2f0616469b2c4,
Training/meningioma/Tr-me_952.jpg,meningioma,training,False,32556,ed608eed3869eb8e4202b8d83ed18c9a,512,512,RGB,71ecd092ccc8c0c8,
Training/meningioma/Tr-me_953.jpg,meningioma,training,False,16009,1c6417c274b3541cd2ac67ffe1f24d1b,512,512,L,b270e8d4d8dc70b2,
Training/meningioma/Tr-me_954.jpg,meningioma,training,False,25925,a6217c69806da4eac0493ed430a49ce2,442,442,RGB,70f0d8ccf0b8e8e8,
Training/meningioma/Tr-me_955.jpg,meningioma,training,False,14644,76ee9fefdb1c9f66c789bb928f25fef2,507,340,RGB,b27069e1d1c96969,
Training/meningioma/Tr-me_956.jpg,meningioma,training,False,21207,ec8830ebb9da6ec31b92cafc679c2643,512,512,RGB,92b069c4e4e47192,
Training/meningioma/Tr-me_957.jpg,meningioma,training,False,34435,dc3df669de55c11542df0a986ba3e1e8,341,377,RGB,69d4e871534529ce,
Training/meningioma/Tr-me_958.jpg,meningioma,training,False,22168,a210e96df33aa7321d90b719bb1b45c7,512,512,RGB,8261d0d0e8d0e969,
Training/meningioma/Tr-me_959.jpg,meningioma,training,False,19576,cbe654f0a863d11cd0e9a285f5476980,512,512,RGB,84f068ccd0d478b0,
Training/meningioma/Tr-me_96.jpg,meningioma,training,False,26660,14b0416ad0889d8026c31713fb5c12a5,512,512,RGB,b2f0cce8e4cce8e0,
Training/meningioma/Tr-me_960.jpg,meningioma,training,False,6348,3a185692ee03eb1854bd2a96b3cad94d,225,225,RGB,b0f0f0f0e8e8f0b2,
Training/meningioma/Tr-me_961.jpg,meningioma,training,False,23592,f33bbfcf46f4100281b1d24ed01d0d90,512,512,RGB,9271c8c8ccccc8d9,
Training/meningioma/Tr-me_962.jpg,meningioma,training,False,20242,7fc7196619f304d6fd8586f417fff313,257,307,RGB,f9d802696cdcdcf8,
Training/meningioma/Tr-me_963.jpg,meningioma,training,False,30628,f617d7c99a49456dc00cbc7c74b90216,512,512,RGB,b1f0e4c4b2929c9c,
Training/meningioma/Tr-me_964.jpg,meningioma,training,False,23274,8dbd7e4296045d998f422fa3f1247c94,512,512,L,b2e8ccd4d4cccc4c,
Training/meningioma/Tr-me_965.jpg,meningioma,training,False,38709,94638f4d66661073aeb9475d41f60bdf,722,690,RGB,60e4acd8cce8b4d1,
Training/meningioma/Tr-me_966.jpg,meningioma,training,False,27323,d3ee07481735315aa7226a175268ce3b,512,512,RGB,39e8c8bee2c4ccea,
Training/meningioma/Tr-me_967.jpg,meningioma,training,False,17672,1454a5628113148750de2ed559224abf,512,512,L,b270d0d4dcd4f1b2,
Training/meningioma/Tr-me_968.jpg,meningioma,training,False,20920,049eac76a0f55ec90c607bbd0d2db33b,512,512,L,9270e8d0cce8d8ec,
Training/meningioma/Tr-me_969.jpg,meningioma,training,False,17578,d32f40926c53a0460ae3694fe5b20642,512,512,RGB,84b2696161696948,
Training/meningioma/Tr-me_97.jpg,meningioma,training,False,17569,4528125086f4969f4783233b2f369c22,512,512,L,84f079c4d4d87092,
Training/meningioma/Tr-me_970.jpg,meningioma,training,False,22495,c2f9ecc28fc3f005d656cea99c117add,512,512,L,8361dcd2c6c9f278,
Training/meningioma/Tr-me_971.jpg,meningioma,training,False,16288,51a5e4b2a65500ec1c765662ec9bf4f4,512,512,L,06b0e8ccecd4d469,
Training/meningioma/Tr-me_972.jpg,meningioma,training,False,25441,aa9036ba7e26becc42dadb89af7c54c5,512,512,RGB,b270d4d4dcf2ccd4,
Training/meningioma/Tr-me_973.jpg,meningioma,training,False,23980,0a1cfd0124fe4fab8bb0d855fbf5e4b8,512,512,L,63e08c88b49cdeec,
Training/meningioma/Tr-me_974.jpg,meningioma,training,False,24623,271e716ab3c150587d430ac3d6bc7c8a,512,512,L,e1d8a4aca4ccd8c8,
Training/meningioma/Tr-me_975.jpg,meningioma,training,False,17781,0e37d6bd61cb14ac673c1d420773adb2,512,512,RGB,84b0e0c4e4d47182,
Training/meningioma/Tr-me_976.jpg,meningioma,training,False,19390,d1319f6e86eed5839d12ee3f085591df,512,512,L,31e8f8cccce8f069,
Training/meningioma/Tr-me_977.jpg,meningioma,training,False,20797,45854ccb7fc17b977a98a99b8208018f,512,512,L,70e0c8ccecec7870,
Training/meningioma/Tr-me_978.jpg,meningioma,training,False,25131,58414996245667b610bf51e5beeebf31,512,512,RGB,31e8d4c8d2cce868,
Training/meningioma/Tr-me_979.jpg,meningioma,training,False,19586,0fbed3028e43bbf023e7698491a5da8c,512,512,L,22e1ccccccda7438,
Training/meningioma/Tr-me_98.jpg,meningioma,training,False,23456,b019383b7e6a49d232672e5cf8b62589,512,512,RGB,b271f4c8c4ccc869,
Training/meningioma/Tr-me_980.jpg,meningioma,training,False,11209,a1f69fb7d3a86625904557c5f694be1f,239,248,RGB,38f0f0ccd4b0d0f8,
Training/meningioma/Tr-me_981.jpg,meningioma,training,False,26034,ca25de604b97b9d699af92f566db3b6f,512,512,L,71e8ec96cca8d460,
Training/meningioma/Tr-me_982.jpg,meningioma,training,False,25194,7f8f330eb3b9c40aa854564a7b21aacb,512,512,RGB,72e8e0cccce8e069,
Training/meningioma/Tr-me_983.jpg,meningioma,training,False,20852,8b56ff0a8b379beed27373197c096b94,512,512,L,71f8d4c8f4ec64e4,
Training/meningioma/Tr-me_984.jpg,meningioma,training,False,33334,46dbff3017d0f593f739f3cd36953ffe,512,512,RGB,71e8c894ccead4f1,
Training/meningioma/Tr-me_985.jpg,meningioma,training,False,17467,361f759988343df8d64877339336c0d7,512,512,L,b269d4d4d8ec6c64,
Training/meningioma/Tr-me_986.jpg,meningioma,training,False,27784,2218e7fdbc0297e7bb6034f9a62bcd6e,512,512,RGB,70f0ecd0cce8e8e0,
Training/meningioma/Tr-me_987.jpg,meningioma,training,False,22698,b36171ba86e6502a430444805b296010,512,512,L,04f2c94c88b0f4bc,
Training/meningioma/Tr-me_988.jpg,meningioma,training,False,28169,2113b834c470a81ef2c24ee66eef700e,512,512,RGB,8978dcd6e696cae8,
Training/meningioma/Tr-me_989.jpg,meningioma,training,False,29463,c43441371b6770c03a5a4fe7663f28b5,512,512,RGB,b1e4cce6f29a98d8,
Training/meningioma/Tr-me_99.jpg,meningioma,training,False,40788,92f98ce99049e0f45368950818983be9,507,605,RGB,e194a6a22e8ecc60,
Training/meningioma/Tr-me_990.jpg,meningioma,training,False,26848,1682b76cd279491cd2d1637b65585fd8,512,512,RGB,0271ccf4cce8e868,
Training/meningioma/Tr-me_991.jpg,meningioma,training,False,17249,459eb921b9644e606c51247a3fdcebbe,512,512,L,9270ccd4f0cc71b2,
Training/meningioma/Tr-me_992.jpg,meningioma,training,False,12638,6f7ffb83095ca208d838e8b85b7efc28,512,512,L,a896b0696d69b2c4,
Training/meningioma/Tr-me_993.jpg,meningioma,training,False,28063,0e0352bcd4068e67ede8211c4038f40d,512,512,RGB,70e4c4d4fad4d4f1,
Training/meningioma/Tr-me_994.jpg,meningioma,training,False,25102,40f266b177b75cad650cb55b3ac2c521,512,512,RGB,b261c8c4d4c8c8c8,
Training/meningioma/Tr-me_995.jpg,meningioma,training,False,25125,aff916e1a74b807cd36ae32c29dff92f,512,512,RGB,dce0f8d0a4a0dcf0,
Training/meningioma/Tr-me_996.jpg,meningioma,training,False,29427,0c0590000393382f1012a881123f3f89,512,512,RGB,f0c8ccdaf0d4f0b2,
Training/meningioma/Tr-me_997.jpg,meningioma,training,False,14996,32dea6469aad66514669b33bb879345e,512,512,L,8261ccd4f4d46962,
Training/meningioma/Tr-me_998.jpg,meningioma,training,False,16207,e45a7a532c8830a57f08fca8b300bfd9,512,512,RGB,8270e8d8d8cc7192,
Training/meningioma/Tr-me_999.jpg,meningioma,training,False,26391,63812df2f50cf71fc8c0d91ac0c74410,512,512,RGB,1378ccf4c8d4f4f0,
Training/notumor/Tr-no_1.jpg,notumor,training,False,12807,bc77b5699966f57f079ea9cc34aaa863,201,251,RGB,f0f0b2f2d4d4f471,
Training/notumor/Tr-no_10.jpg,notumor,training,False,6004,8dc116db02a19703b95692c0fc43ab7c,192,192,RGB,b271d0d0ccd4f170,
Training/notumor/Tr-no_100.jpg,notumor,training,False,13488,ce33675bd11e9b703d6633037e834531,236,236,RGB,3269c4c686d4ec71,
Training/notumor/Tr-no_1000.jpg,notumor,training,False,33408,71d0f7ccc4fdf4cffccebc64b18c3c9d,442,442,RGB,e1e8eae8e8e8f878,
Training/notumor/Tr-no_1001.jpg,notumor,training,False,12336,6bb7e05902ea00eb9202b004ac82625e,232,217,RGB,30f1e8d8c0e87130,
Training/notumor/Tr-no_1002.jpg,notumor,training,False,9889,0a5a167b9b5bbd9a197faf2f9d3cc4cd,200,252,RGB,e8eccc8c8e96ccf0,
Training/notumor/Tr-no_1003.jpg,notumor,training,False,10666,f464a61c4db5e123cfa470cd5ab789c0,236,252,RGB,3070e8e8e8cc6030,
Training/notumor/Tr-no_1004.jpg,notumor,training,False,9609,e4919b2d20d5aabc8b17d194cd10ac9b,234,224,RGB,027178e8e0e0e068,
Training/notumor/Tr-no_1005.jpg,notumor,training,False,8837,d5180720dbf1ec107cfdd516465fdafb,275,183,RGB,b2796979c8e96932,
Training/notumor/Tr-no_1006.jpg,notumor,training,False,16502,608ac1b24562e7434643d178ad575f30,393,400,RGB,61f0f0f0d4d4f170,
Training/notumor/Tr-no_1007.jpg,notumor,training,False,57302,056c441f0ad2f5082498978968e3bf82,528,528,RGB,e8d8e8ecf0b3e8cc,
Training/notumor/Tr-no_1008.jpg,notumor,training,False,49103,fbb3127a1272c1308db716194c103a3f,630,630,RGB,b279dcdcd4d4f030,
Training/notumor/Tr-no_1009.jpg,notumor,training,False,9111,e7287eae6840df66779bfc58c1271001,236,213,RGB,e1e9f8e8e8e0e1f1,
Training/notumor/Tr-no_101.jpg,notumor,training,False,12004,3438975680225d41d7bdfda8f6ab04fb,225,225,RGB,3161e8e8ecec6133,
Training/notumor/Tr-no_1010.jpg,notumor,training,False,8142,398fcae33752b88ada9c63a8eaae734e,225,225,RGB,3271e0c8d0f0d461,
Training/notumor/Tr-no_1011.jpg,notumor,training,False,75081,308325bd0f07bf1798a46cb6ba1e9f6f,626,686,RGB,f1f0ccccccd4d878,
Training/notumor/Tr-no_1012.jpg,notumor,training,False,7808,23e6821b8f16cd8cc9d01b6e6e377c03,225,225,RGB,70f0c8eccccce070,
Training/notumor/Tr-no_1013.jpg,notumor,training,False,36857,fd37cc0d1c694adab8be908736c09e9f,442,454,RGB,7171c8c8cccc7132,
Training/notumor/Tr-no_1014.jpg,notumor,training,False,13720,4b573cbf2a8eeda2cd565d18b85c11c4,215,234,RGB,f0e8a4acc8ccf070,
Training/notumor/Tr-no_1015.jpg,notumor,training,False,27824,e8cf02f5f074423443117f693bef9a33,393,400,RGB,70f1d4d4f0f0f061,
Training/notumor/Tr-no_1016.jpg,notumor,training,False,14989,60e765179ae22c1d69cb6c1233f17354,236,220,RGB,78f4f6d4d89ee6f6,
Training/notumor/Tr-no_1017.jpg,notumor,training,False,23375,8bbc73bcf90ce43f04fb691542b999a8,642,361,RGB,f0797068697171b0,
Training/notumor/Tr-no_1018.jpg,notumor,training,False,8251,e8717f8bb244235d350034e475f896f3,225,225,RGB,73f1c8ccd4e8f171,
Training/notumor/Tr-no_1019.jpg,notumor,training,False,14683,671dacd9c81fc362caac27e8fb622e98,236,236,RGB,31f8d8ccd8b88ccc,
Training/notumor/Tr-no_102.jpg,notumor,training,False,8191,ab540280a3e9ed9892072fd7642ba6ac,225,225,RGB,ecd4d4d4f2b0d4e0,
Training/notumor/Tr-no_1020.jpg,notumor,training,False,16894,2f35b768985c28a9db52a8885761ef1d,262,244,RGB,61dce8c8e9ccabae,
Training/notumor/Tr-no_1021.jpg,notumor,training,False,37052,30833b6b027eb1ca54cdd37ae88213e6,339,415,RGB,e1d4b4b6b2b2d4e9,
Training/notumor/Tr-no_1022.jpg,notumor,training,False,19614,12a76d8a85ca07431a6097716fa58272,441,442,RGB,71ecc8e8ccece871,
Training/notumor/Tr-no_1023.jpg,notumor,training,False,34394,5474914546a6267f70286341ef9c9052,630,630,RGB,3171d4d4dcd4d471,
Training/notumor/Tr-no_1024.jpg,notumor,training,False,26161,926f65ec2134bb2982eb97716421a6a9,442,442,RGB,3268e8e8f0b2e869,
Training/notumor/Tr-no_1025.jpg,notumor,training,False,15657,b69911cbf8a9ff126740fa9e4b07da7b,216,293,RGB,51c8c8e8e86ce8e9,
Training/notumor/Tr-no_1026.jpg,notumor,training,False,23990,43bbf9b2e83d475f8c1218adf9e478bd,468,444,RGB,6cd4d4eae8e07031,
Training/notumor/Tr-no_1027.jpg,notumor,training,False,8716,fac2c3b12b72e230601d843baa3943c1,225,225,RGB,70f0d4d4d4d4f070,
Training/notumor/Tr-no_1028.jpg,notumor,training,False,9451,e1f9fd3492acda143414386ec0ab4f83,192,192,RGB,f0f1d4ccd4d471b0,
Training/notumor/Tr-no_1029.jpg,notumor,training,False,30699,4b20559cca18496a859b5448a0074c78,630,630,RGB,b2e0c4c4d4d4f0b0,
Training/notumor/Tr-no_103.jpg,notumor,training,False,8593,87d57258b6f231dafe924da5115e96f6,225,225,RGB,3371ccc8e8e86961,
Training/notumor/Tr-no_1030.jpg,notumor,training,False,9453,15f6225571bbb8e004ee127785a8753b,192,192,RGB,b071d4d4ccd4f1f0,
Training/notumor/Tr-no_1031.jpg,notumor,training,False,18620,90d1f9c0e7c3c4e120469f78524532c1,230,235,RGB,71e8e8e88eaeb28e,
Training/notumor/Tr-no_1032.jpg,notumor,training,False,9258,dad98cd67126bf65cf8a45028ebe20ec,212,238,RGB,71e88aa2b2b2cc69,
Training/notumor/Tr-no_1033.jpg,notumor,training,False,10840,fac992a646716ff8cbe9704cb13607d6,225,225,RGB,3169f0f8d4d4f871,
Training/notumor/Tr-no_1034.jpg,notumor,training,False,10652,6312414a24f3cd0e77b435028a2817db,194,259,RGB,71f8cccce8e8e461,
Training/notumor/Tr-no_1035.jpg,notumor,training,False,5986,da21e61f8960d8881c717ef303bbfb68,225,225,RGB,b0f0d4d4d4dcf8b2,
Training/notumor/Tr-no_1036.jpg,notumor,training,False,46532,1588d92e00b84f63cf7dc7ca5133d049,405,484,RGB,e8c4b69311939eec,
Training/notumor/Tr-no_1037.jpg,notumor,training,False,11688,698bb7e1c7ce013dcf9a4892ef4e5f00,225,225,RGB,3361e0e4d0f07133,
Training/notumor/Tr-no_1038.jpg,notumor,training,False,25074,7011a5a9ae2d23d0086c38d4958c9516,504,540,RGB,b2f0c8ccccd4e0f2,
Training/notumor/Tr-no_1039.jpg,notumor,training,False,58801,e0e9fee7b1fe0b3a4fc4af3189e2dc1f,630,630,RGB,b2f8dcdcd4d4f0b0,
Training/notumor/Tr-no_104.jpg,notumor,training,False,10772,301742a5f7953131bf0cd48449bfd3a4,196,257,RGB,e8d496d4f6f4e0f0,
Training/notumor/Tr-no_1040.jpg,notumor,training,False,14168,e69fcb3429d8ba6db1fa18071a401aa1,275,301,L,64d4ececcccce4f0,
Training/notumor/Tr-no_1041.jpg,notumor,training,False,9304,3e718702d13df687693e4d5814c1e44c,225,225,RGB,71e0ccc4e0e06972,
Training/notumor/Tr-no_1042.jpg,notumor,training,False,17360,7d155aa15e05feb5fd008361b3b38db2,235,244,RGB,66c08cc86ab4f2c3,
Training/notumor/Tr-no_1043.jpg,notumor,training,False,10852,8df99593495ab9d3a24629400c78a4b1,196,257,RGB,e0d496d490d0f8f0,
Training/notumor/Tr-no_1044.jpg,notumor,training,False,8460,b2a2933353e1402ccd483b478a700a9e,201,250,RGB,71d4d49696aad468,
Training/notumor/Tr-no_1045.jpg,notumor,training,False,10031,30cf3a10df036da81f790e0819ae2eae,225,225,RGB,70f0d4ccd4d4f070,
Training/notumor/Tr-no_1046.jpg,notumor,training,False,35982,1e98f507c83df39e1aefd1e4c2724d7d,354,443,RGB,31f8e8e8e8e8e870,
Training/notumor/Tr-no_1047.jpg,notumor,training,False,9888,8227756c4005ae1a3bc708d35b98f491,218,231,RGB,e8e8dccce8e8e839,
Training/notumor/Tr-no_1048.jpg,notumor,training,False,16922,59e90cb112a04460c5980a90a54280bf,236,250,RGB,7cfcf4f898d6e6e6,
Training/notumor/Tr-no_1049.jpg,notumor,training,False,32298,72ecee38db584fe80cbdbb0b79841393,468,444,RGB,3170e0e8e8d4d468,
Training/notumor/Tr-no_105.jpg,notumor,training,False,33408,71d0f7ccc4fdf4cffccebc64b18c3c9d,442,442,RGB,e1e8eae8e8e8f878,
Training/notumor/Tr-no_1050.jpg,notumor,training,False,8015,0b640fa45a5e2c91ae1d2953c39bba2d,225,225,RGB,b0f0d4d4c4c4e0b2,
Training/notumor/Tr-no_1051.jpg,notumor,training,False,8733,78c6f2102e0ba73c47a344d2880b4071,225,225,RGB,b2f8dcdcd4d4f0b2,
Training/notumor/Tr-no_1052.jpg,notumor,training,False,34533,f5d1e179b70c7b29ddaaf48bacc6a370,428,417,RGB,68cccece8cece069,
Training/notumor/Tr-no_1053.jpg,notumor,training,False,5732,9951c8e998cb2da2f8d5045e8fd6c804,173,201,RGB,e8e8e8e8e8d4e8f0,
Training/notumor/Tr-no_1054.jpg,notumor,training,False,20140,0e43b455db097ad74940603293580d14,393,400,RGB,7170f4d4d4d4f071,
Training/notumor/Tr-no_1055.jpg,notumor,training,False,7376,aa82d22245d3899379a36767c0bc306d,218,231,RGB,79e8e8e8ccdce8e8,
Training/notumor/Tr-no_1056.jpg,notumor,training,False,8849,a6513fef0e52dd67af6e6026f1a66155,225,225,RGB,70e8e8f0f2c4d450,
Training/notumor/Tr-no_1057.jpg,notumor,training,False,19183,1183c9f6ff8f74326633b94c8dec3e05,208,242,RGB,e8e4eccccccc88f8,
Training/notumor/Tr-no_1058.jpg,notumor,training,False,8769,8b364e62b8b70b84b04afbb7d56da0ba,225,225,RGB,3370ccece8e86969,
Training/notumor/Tr-no_1059.jpg,notumor,training,False,16529,d342982ad128ffde5bd40d88d647002f,236,236,RGB,70cee6f69a8ecccc,
Training/notumor/Tr-no_106.jpg,notumor,training,False,11424,9e45e1332e8649e2d6df6c73947ca42c,225,225,L,69e8d0e8c8d0f071,
Training/notumor/Tr-no_1060.jpg,notumor,training,False,6931,076d89056521b295a8a28f79b31b58c3,225,225,RGB,70f0d4d4d4d4f070,
Training/notumor/Tr-no_1061.jpg,notumor,training,False,12392,1f6dfa12ce7c3c884d7e2a5a9b802e65,201,251,RGB,e1e8e8484969aacc,
Training/notumor/Tr-no_1062.jpg,notumor,training,False,55697,f4b4f54022e5d07d1cfecf6868492299,630,630,RGB,70f0d4d4d4d4f070,
Training/notumor/Tr-no_1063.jpg,notumor,training,False,6264,6b3c032ec42efd24bdeb87534f6ce0bd,225,225,RGB,70f0c8c8ccc4f070,
Training/notumor/Tr-no_1064.jpg,notumor,training,False,6162,6a929af0c27df90c756552d0172d9565,150,198,RGB,c4b26c4d4d55aef4,
Training/notumor/Tr-no_1065.jpg,notumor,training,False,15401,e97938b59008eb5d836975b7948ed67b,218,234,RGB,70e0e4e8e8d4e470,
Training/notumor/Tr-no_1066.jpg,notumor,training,False,6237,5b036e578e0251c1514f770e6068ebca,225,225,RGB,b0f0d4d4c4c460b2,
Training/notumor/Tr-no_1067.jpg,notumor,training,False,18286,c921d7f6620c88b5c5414b33a6e39f28,236,236,RGB,68f6e6eecedcfc7e,
Training/notumor/Tr-no_1068.jpg,notumor,training,False,7079,e1d736623418431941ba860f9a1efff3,225,225,RGB,3171d4d4dcd4d071,
Training/notumor/Tr-no_1069.jpg,notumor,training,False,13447,2527afce8a2471cb5797ad2c22b72050,225,225,RGB,71c4d4d4d4d4f171,
Training/notumor/Tr-no_107.jpg,notumor,training,False,12687,901c67d10db2fb5f1226e244e17c4bbf,420,280,RGB,b2616961686869b2,
Training/notumor/Tr-no_1070.jpg,notumor,training,False,21850,ddc6fd51d45cb3a708c10fb921485ce9,236,366,RGB,f8d89d9a38d74fb3,
Training/notumor/Tr-no_1071.jpg,notumor,training,False,9191,b8d14f6b7bb7e7fd03437cc34fdc7bd9,225,225,RGB,70f0d4d4d4d4f070,
Training/notumor/Tr-no_1072.jpg,notumor,training,False,30021,98eecc08bffd93c9c7239a083be67bd4,468,444,RGB,68d8d4e8e8e070b0,
Training/notumor/Tr-no_1073.jpg,notumor,training,False,39076,fadac327c6731ad8496543f98338349a,497,398,RGB,3168f8e2f8d8ecf4,
Training/notumor/Tr-no_1074.jpg,notumor,training,False,6401,81eeb70c439da10402e8ccdddbbec886,215,234,RGB,f1f0ececcccae8f1,
Training/notumor/Tr-no_1075.jpg,notumor,training,False,23028,8c081a6eefc508c837325b8c6f57a854,468,444,RGB,70f1e8e8a8c4d4c9,
Training/notumor/Tr-no_1076.jpg,notumor,training,False,7488,5ec0a4d1695e240a8899ce9dd59c4b18,173,201,RGB,f0e8d4e8e8e8e8e8,
Training/notumor/Tr-no_1077.jpg,notumor,training,False,15092,7c17b4d2dae9f464590fd5ede35aa935,208,278,RGB,69e8e8e8e8cce870,
Training/notumor/Tr-no_1078.jpg,notumor,training,False,7466,c2b3493019f00747b8a94f6306a24ec5,173,201,RGB,f0e8d4e8e8e8e8e8,
Training/notumor/Tr-no_1079.jpg,notumor,training,False,28313,25faac854458973ea07975165f80c035,350,350,RGB,9271f0d4f0d0e471,
Training/notumor/Tr-no_108.jpg,notumor,training,False,7786,bd59d0d9c33dd953aa066d1dd0f0ab2c,218,231,RGB,e8e8dccce8e8e879,
Training/notumor/Tr-no_1080.jpg,notumor,training,False,16870,a70478e583b34d61c57ae182b58af7b7,236,236,RGB,033978c8f2d8cce4,
Training/notumor/Tr-no_1081.jpg,notumor,training,False,12475,e51f4f0d7c6c575b8d4f48890dde9af6,227,262,RGB,71e8e8ecccecf8f0,
Training/notumor/Tr-no_1082.jpg,notumor,training,False,6113,54ca08fdf8994d2f212cf9d47346d419,201,251,RGB,e1e8e8484969aacc,
Training/notumor/Tr-no_1083.jpg,notumor,training,False,31516,9fc3b080c7fe9c1d3927b877b975b5f1,359,449,RGB,71f0d4d4f0d0f0f0,
Training/notumor/Tr-no_1084.jpg,notumor,training,False,22009,565eafb4df29c2efefd2003f05a682f3,428,417,RGB,e1cc8c8ccec8e869,
Training/notumor/Tr-no_1085.jpg,notumor,training,False,52569,7108f7b2a94c8401f13dae47f666b4e1,416,512,RGB,31e0d0d0d4aad6e8,
Training/notumor/Tr-no_1086.jpg,notumor,training,False,41939,4f0586132686069b984bcaa3b624dde5,630,630,RGB,b2f8dcdcd4d4f0b2,
Training/notumor/Tr-no_1087.jpg,notumor,training,False,6910,96d7ae146f09be6eddec50a0380516ea,232,217,RGB,007071f4e4707000,
Training/notumor/Tr-no_1088.jpg,notumor,training,False,4841,67ec6c9fce2d82e09fc978ab63b7d848,192,192,RGB,3271f4f4ccd47030,
Training/notumor/Tr-no_1089.jpg,notumor,training,False,7722,028a3774c58f6eeb2ebd098b8e5c7788,192,192,RGB,3271d4d4d4d47070,
Training/notumor/Tr-no_109.jpg,notumor,training,False,61345,d9c32d64bae1e0350522351c6a7cea0b,630,630,RGB,70f0d4d4d4d4f070,
Training/notumor/Tr-no_1090.jpg,notumor,training,False,29372,f1cc5a6fdc6aa18c1f2cf8b7ac16b907,453,496,RGB,71e8cccccc94c8f0,
Training/notumor/Tr-no_1091.jpg,notumor,training,False,30093,320be18cd6b3ad7b637f4ef0d180ebe0,630,630,RGB,b2f8dcdcd4d4f0b0,
Training/notumor/Tr-no_1092.jpg,notumor,training,False,9514,e7ebaf95fdd260034ff7a56e00f4b916,150,198,RGB,fc96e84d4d558ad4,
Training/notumor/Tr-no_1093.jpg,notumor,training,False,10930,326501e20ce36c570bbf501aebee45e8,228,221,RGB,79f4f2f0d4f47871,
Training/notumor/Tr-no_1094.jpg,notumor,training,False,11496,199b5715e63bba59cddef602cefe739b,230,282,RGB,71f4c4cccce8e833,
Training/notumor/Tr-no_1095.jpg,notumor,training,False,14296,ebd0a54a7b151a9578e4c27c595caffa,207,243,RGB,78ecececccece470,
Training/notumor/Tr-no_1096.jpg,notumor,training,False,13279,d6b4063d53e85177a7ad7ab80666be23,236,280,RGB,70f0c8c8cc6aaa8e,
Training/notumor/Tr-no_1097.jpg,notumor,training,False,16916,2c6e3d2cb120dfd0c6bd96b92d631bd0,236,236,RGB,78f8f2f2989aeee6,
Training/notumor/Tr-no_1098.jpg,notumor,training,False,9557,59ccdf9a3e3c37282827dceb101ceb53,200,252,RGB,71e4ec6cc8cdaaf8,
Training/notumor/Tr-no_1099.jpg,notumor,training,False,11782,6ab76d8ad19514fd83b206de33c6bc10,208,242,RGB,e0c8c8cccccccee0,
Training/notumor/Tr-no_11.jpg,notumor,training,False,8048,3ea1dce3528a6b6b85e58a9cccb10347,227,222,RGB,61e8ec8ccececc60,
Training/notumor/Tr-no_110.jpg,notumor,training,False,7247,b000d920d1e9818a825f08d847e47349,275,183,RGB,b2796979e96969b2,
Training/notumor/Tr-no_1100.jpg,notumor,training,False,8426,93411121e0573a24f7101ff455a583fa,225,225,RGB,00f178ece8e87030,
Training/notumor/Tr-no_1101.jpg,notumor,training,False,15004,14ca8ed36809cf3145a16c5e984b5d25,236,226,RGB,6cf8e8d8998ee4ac,
Training/notumor/Tr-no_1102.jpg,notumor,training,False,8767,b74bd04ac8f7517792ba6a5db3cf2b22,225,225,RGB,70f0d4d4d4d4f070,
Training/notumor/Tr-no_1103.jpg,notumor,training,False,13517,856113b03cae40e839b789a1e464565b,227,222,RGB,69f8c8ce8c8ccce9,
Training/notumor/Tr-no_1104.jpg,notumor,training,False,15676,903d126767d65b38f6b282de8d2a9e1c,200,252,RGB,d08e466948c8d871,
Training/notumor/Tr-no_1105.jpg,notumor,training,False,14255,c2c5423dd557bd3557a8bd8d4f359acf,203,243,RGB,e8e8cccce8d6d8f8,
Training/notumor/Tr-no_1106.jpg,notumor,training,False,11749,144a3fc268c4331911be8e512c7c7b6e,150,198,RGB,d48a554d4dccf2f0,
Training/notumor/Tr-no_1107.jpg,notumor,training,False,8468,585fe0be51a4eef4d38835e517a36cb4,225,225,RGB,71f1e8d4ccc8f173,
Training/notumor/Tr-no_1108.jpg,notumor,training,False,5816,fea4ff3f73564d290ea475de889210d7,225,225,RGB,b260f4f0f0d4e8b0,
Training/notumor/Tr-no_1109.jpg,notumor,training,False,51267,4203b88f2ff81d366a5a4a77674314f6,494,600,RGB,70d0d29676aab4d8,
Training/notumor/Tr-no_111.jpg,notumor,training,False,14743,1c6a23a32bd0fb9e34a7ff77bc7e7b78,218,231,RGB,e8e8cccce8e8e831,
Training/notumor/Tr-no_1110.jpg,notumor,training,False,46323,875f9c9ed0d302043b1d58355cb6ae59,410,490,RGB,64e0e4e4e8e89acc,
Training/notumor/Tr-no_1111.jpg,notumor,training,False,26853,a5b0372146c50f2e7c56d4da3ecb9944,296,320,RGB,32f0d4d4f0f0d4d0,
Training/notumor/Tr-no_1112.jpg,notumor,training,False,9299,95909ea3397eb47d78008693cd588bbc,227,262,RGB,71e8e8c8ccc8e0f0,
Training/notumor/Tr-no_1113.jpg,notumor,training,False,9505,a4f055f3f69ac55df7b15f76756068ab,227,262,RGB,71e8e8c8ccc8e0f0,
Training/notumor/Tr-no_1114.jpg,notumor,training,False,15558,4bf668d9e3b2c20478b0a926f40348ab,225,225,RGB,3371c4cce8c86979,
Training/notumor/Tr-no_1115.jpg,notumor,training,False,31847,1f9fc56b7256412e57b7dfb4a9b51777,350,350,RGB,9269e8f0f0f0d471,
Training/notumor/Tr-no_1116.jpg,notumor,training,False,19934,80d39b41bbf882e40950c35a81d9fba3,393,400,RGB,70f1d0d4d4d4f071,
Training/notumor/Tr-no_1117.jpg,notumor,training,False,8074,1d95a00356e42a09738c2d2f6c5775e4,225,225,RGB,3170ecccd4e87071,
Training/notumor/Tr-no_1118.jpg,notumor,training,False,42697,b56a5061bfb46825584cadf0423a5991,504,540,RGB,b0f0ecccccd4f8b0,
Training/notumor/Tr-no_1119.jpg,notumor,training,False,31205,7e7e313b8b51eaa9c97cd20dd201d96b,441,442,RGB,71c8ecc8ccc8e871,
Training/notumor/Tr-no_112.jpg,notumor,training,False,25759,24e83deaaae9ab0f15565690e474f5fc,236,357,RGB,71e8e8c8c8e8c8f0,
Training/notumor/Tr-no_1120.jpg,notumor,training,False,30591,cbd8f1bbbac5c33f3b86b0c6f9534b6e,442,454,RGB,7171ececcccc7133,
Training/notumor/Tr-no_1121.jpg,notumor,training,False,15498,75eb6f287cd816706e0e0f5a5eef3894,206,244,RGB,60d0ccd4f2c2d078,
Training/notumor/Tr-no_1122.jpg,notumor,training,False,11680,c16b05fa2e328dbb4387b57d6b33c84a,201,250,RGB,68d4aa9696d4d470,
Training/notumor/Tr-no_1123.jpg,notumor,training,False,7576,96d5c811f6b696e1194c8c2403d3d20f,150,198,RGB,d48a554d4dc8f2dc,
Training/notumor/Tr-no_1124.jpg,notumor,training,False,7165,12411729e5e96ffecb768db392112ade,225,225,RGB,70f0d4d4d4d4f070,
Training/notumor/Tr-no_1125.jpg,notumor,training,False,8756,15244ac1f5654e5be0b4098a4900b1b4,230,282,RGB,33e8e8ccccdcd071,
Training/notumor/Tr-no_1126.jpg,notumor,training,False,14958,b71e64834740e5c0589d52e7145a83f0,232,217,RGB,72e1e8c8e8e8e0f1,
Training/notumor/Tr-no_1127.jpg,notumor,training,False,10651,bbe167c95d0bc0cfdd8f7e57bee67964,225,225,RGB,73f1c8ccd4d4f171,
Training/notumor/Tr-no_1128.jpg,notumor,training,False,8749,baad308a4485e7a59fdd324a51adffc1,215,234,RGB,70e8a4c8c8c8f070,
Training/notumor/Tr-no_1129.jpg,notumor,training,False,76655,b3905360b422866cc9fd7ab95900f822,800,693,RGB,1271ccd4f0e8f070,
Training/notumor/Tr-no_113.jpg,notumor,training,False,18643,0c85d632696a6d165b301924d77c252f,359,449,RGB,f0f0d0f0d4d4f070,
Training/notumor/Tr-no_1130.jpg,notumor,training,False,11759,36154c58ac0feb984c5b317863e32000,212,238,RGB,69ccb2babaaee071,
Training/notumor/Tr-no_1131.jpg,notumor,training,False,11114,5b91bcb96b1f1eedc3d3dac001555fa9,236,213,RGB,7868e0f8e8707870,
Training/notumor/Tr-no_1132.jpg,notumor,training,False,17649,1ad1802ab8de67cc69652d1dabfe0a32,350,393,RGB,69ccb2b2a28ac871,
Training/notumor/Tr-no_1133.jpg,notumor,training,False,6039,91f321310af001724a313ec73737975b,177,197,RGB,71e8e8e8e8cce871,
Training/notumor/Tr-no_1134.jpg,notumor,training,False,12392,1f6dfa12ce7c3c884d7e2a5a9b802e65,201,251,RGB,e1e8e8484969aacc,
Training/notumor/Tr-no_1135.jpg,notumor,training,False,49775,5d9a2d1fd79f1d0dc650a5024759221c,630,630,RGB,30f0d4d4c4c461b2,
Training/notumor/Tr-no_1136.jpg,notumor,training,False,30762,73c244cbac8fbf41713f24a54c4deff8,642,361,RGB,b0717168687069f0,
Training/notumor/Tr-no_1137.jpg,notumor,training,False,44304,8a909281f484d7f483e57b05a187ce3a,630,630,RGB,71f0d4d4d4d47131,
Training/notumor/Tr-no_1138.jpg,notumor,training,False,9238,96b9cc174a6368cc1d48fd2eda227521,225,225,RGB,70f0d4d4d4d4f070,
Training/notumor/Tr-no_1139.jpg,notumor,training,False,5989,b3f76488f96669eb102600a9dd571bc6,192,192,RGB,7071d4ccd0d071b2,
Training/notumor/Tr-no_114.jpg,notumor,training,False,9323,a979991c24980be5b4369ab4eb330885,228,221,RGB,61d0f8f0d0f0e170,
Training/notumor/Tr-no_1140.jpg,notumor,training,False,33685,e89ab6994c617c31786bfff5c406d0ab,512,512,RGB,b279f8f0e8e0f0b2,
Training/notumor/Tr-no_1141.jpg,notumor,training,False,36237,3402f0cddd4da79145fbe456739ef911,428,417,RGB,79cccc8e8a8ccce1,
Training/notumor/Tr-no_1142.jpg,notumor,training,False,5570,021a7f59c3561c088735d3dea7bdbb56,275,183,RGB,3261696168686930,
Training/notumor/Tr-no_1143.jpg,notumor,training,False,15388,32777e544242071583c579af29cd770d,194,259,RGB,79d8e8e8eccce071,
Training/notumor/Tr-no_1144.jpg,notumor,training,False,44385,e8d6da7fa9d7da189be935063c449481,630,630,RGB,3371d4d4d4d4f071,
Training/notumor/Tr-no_1145.jpg,notumor,training,False,12710,e450fb2bea94fad366ddebacbe26a4bb,201,250,RGB,71d4d49696aad468,
Training/notumor/Tr-no_1146.jpg,notumor,training,False,33371,476ca633f490b6264da377597d56d799,504,540,RGB,b2f0c8ccccd4e0f2,
Training/notumor/Tr-no_1147.jpg,notumor,training,False,20266,b57680298c1ff83c2f7348507d59dc3a,200,252,RGB,e8cccc8c8e96ccf0,
Training/notumor/Tr-no_1148.jpg,notumor,training,False,11990,4ceee6f7d03d8681912af6196397b40f,236,231,RGB,1069f0f8f0d4f071,
Training/notumor/Tr-no_1149.jpg,notumor,training,False,12561,87adf2a726fbcefd279bed03d11544ff,234,225,RGB,2870f0f8c8ccf870,
Training/notumor/Tr-no_115.jpg,notumor,training,False,161038,d0ba529e618ee5e2e8bf0f44a9a103c3,890,1075,RGB,79f0e0eccccce8e8,
Training/notumor/Tr-no_1150.jpg,notumor,training,False,7529,6124c8062de1213b0c506b62b8054252,225,225,RGB,b260f4f0f0d4e8b0,
Training/notumor/Tr-no_1151.jpg,notumor,training,False,8260,967cd8cd5fe34396e690fbc4505b4c1f,225,225,RGB,b2e0c4c4d4d4f0b2,
Training/notumor/Tr-no_1152.jpg,notumor,training,False,10736,0fa7f729317cf24cda100573ba341551,214,236,RGB,f0d4d4d4ae96c461,
Training/notumor/Tr-no_1153.jpg,notumor,training,False,8564,1d10f8b257840b0e1d815ad3a30721e7,225,225,RGB,30f0d4d4dcdc79b2,
Training/notumor/Tr-no_1154.jpg,notumor,training,False,20545,1829d716613d6d3022da2f82368071ae,236,269,RGB,e0e0e0e4e6829818,
Training/notumor/Tr-no_1155.jpg,notumor,training,False,7644,75da10e12fc827298bb1034dde0f4311,206,244,RGB,e1f090d0c4ccf4f9,
Training/notumor/Tr-no_1156.jpg,notumor,training,False,9556,92211d103174d7610a687b6bcd831904,225,225,RGB,f0f8d4d4d4d4f0f0,
Training/notumor/Tr-no_1157.jpg,notumor,training,False,9671,dd12ae3b5572786c8c5d76e3e47c3303,225,225,RGB,79d4d0f4e8f871b2,
Training/notumor/Tr-no_1158.jpg,notumor,training,False,8733,78c6f2102e0ba73c47a344d2880b4071,225,225,RGB,b2f8dcdcd4d4f0b2,
Training/notumor/Tr-no_1159.jpg,notumor,training,False,6684,94befc72844da08528c20269758f31fb,192,192,RGB,b070d4ccf4747132,
Training/notumor/Tr-no_116.jpg,notumor,training,False,111486,46bdd15e88da99beefcb999aea360457,755,824,RGB,e8d49694e8e8d496,
Training/notumor/Tr-no_1160.jpg,notumor,training,False,18796,37fc92773f176bc7552b147b56889ebf,236,236,RGB,39f0e8ccd8d4e464,
Training/notumor/Tr-no_1161.jpg,notumor,training,False,11274,4ce3c1731d67f83128c4c2a26a62e640,173,201,RGB,e8e8e8e8e8d4e8f0,
Training/notumor/Tr-no_1162.jpg,notumor,training,False,7952,6d3cd89ba4e6da860ad7c9e18e73db77,214,236,RGB,f0d4d4d48a96dc69,
Training/notumor/Tr-no_1163.jpg,notumor,training,False,9799,b54c67b82cb0a10a167e57fdfaa0fd56,201,251,RGB,f0f0d2b0d6d4d070,
Training/notumor/Tr-no_1164.jpg,notumor,training,False,15602,bee2caabdb292ef2f8a99c7b3b597be1,276,326,RGB,61f4b6b2b694e4e8,
Training/notumor/Tr-no_1165.jpg,notumor,training,False,8600,831386a88deb9db577969069bc630a4e,225,225,RGB,0070e1c8e8e8f130,
Training/notumor/Tr-no_1166.jpg,notumor,training,False,8732,d973a077924bba408f112fc3f78db3bd,230,282,RGB,33e8e8ccccc4f471,
Training/notumor/Tr-no_1167.jpg,notumor,training,False,9901,56e17a3732eac7405eba891046e07945,232,217,RGB,f1e0e8e8c8e8e172,
Training/notumor/Tr-no_1168.jpg,notumor,training,False,22482,085ef243d950892e7f2c83e3b87113f2,442,454,RGB,7161c8c8cccc7132,
Training/notumor/Tr-no_1169.jpg,notumor,training,False,16920,cd3644e2865af324bca5bd9160f8cc55,236,295,RGB,d0c86849e88de8e8,
Training/notumor/Tr-no_117.jpg,notumor,training,False,5882,c8b9e90a6a2ed05a0600ed432c436cfe,235,214,RGB,71e8d8d4d4c8e8f0,
Training/notumor/Tr-no_1170.jpg,notumor,training,False,7371,58f044151ee2e82c10c956dc18c0b386,201,251,RGB,70d0d4d6b0d2f0f0,
Training/notumor/Tr-no_1171.jpg,notumor,training,False,41709,ae63ee4a97edd8df5b4dc6d6f2e520f6,387,469,RGB,68f8d2d2f0f0e4e8,
Training/notumor/Tr-no_1172.jpg,notumor,training,False,14284,d5b6f3d3223ce99fdc2da2066969f085,236,236,RGB,78f8fcc4dc96d6e6,
Training/notumor/Tr-no_1173.jpg,notumor,training,False,8892,d0d750a6c5f5508a49d5d13911410e4f,225,225,RGB,61e8e8e8e8e061b2,
Training/notumor/Tr-no_1174.jpg,notumor,training,False,8533,2da623f4c9306e18da48519a08cb4750,173,201,RGB,e8e8e8e8e8d0e8f0,
Training/notumor/Tr-no_1175.jpg,notumor,training,False,55287,5b0248ff655efbcc8065d414ee30ce08,680,680,RGB,b170e0e8ecf0f079,
Training/notumor/Tr-no_1176.jpg,notumor,training,False,8570,51e9bbf60b4b3f97431deb694e03c88c,150,198,RGB,dcb2e84d4d55aad4,
Training/notumor/Tr-no_1177.jpg,notumor,training,False,15238,a337088f0b279da7c4e621f63957821b,200,252,RGB,71d8c84869468ed4,
Training/notumor/Tr-no_1178.jpg,notumor,training,False,25759,24e83deaaae9ab0f15565690e474f5fc,236,357,RGB,71e8e8c8c8e8c8f0,
Training/notumor/Tr-no_1179.jpg,notumor,training,False,64566,84482e0ddc1ea348e987987c7d9252dd,724,851,RGB,70f4d4d492b4d070,
Training/notumor/Tr-no_118.jpg,notumor,training,False,11048,f791ff141691d51494e04b6131560210,225,225,RGB,6179e8e8c8c87133,
Training/notumor/Tr-no_1180.jpg,notumor,training,False,10256,80c99987b5f8e27d7d3bb99c61cb34ce,236,243,RGB,3071d4d4f0e86830,
Training/notumor/Tr-no_1181.jpg,notumor,training,False,9740,e780378fad216c3edd60a85c3d0987b9,232,217,RGB,c4d4cab2b0b0d479,
Training/notumor/Tr-no_1182.jpg,notumor,training,False,15004,e20830b147f07e1cfcf55d993ed29daf,232,217,RGB,70f8e8e8ece87831,
Training/notumor/Tr-no_1183.jpg,notumor,training,False,61345,d9c32d64bae1e0350522351c6a7cea0b,630,630,RGB,70f0d4d4d4d4f070,
Training/notumor/Tr-no_1184.jpg,notumor,training,False,6514,a5d4ae0d7be2c432928fd293679cf447,192,192,RGB,3271d4ccd0d171b0,
Training/notumor/Tr-no_1185.jpg,notumor,training,False,8757,37f2a4317fd0da6be407985bf64e4b65,228,221,RGB,b178f0f4f0e0f479,
Training/notumor/Tr-no_1186.jpg,notumor,training,False,20837,c8d82716ca860a1dc3483555ce6be26d,236,203,RGB,69d4929292aae869,
Training/notumor/Tr-no_1187.jpg,notumor,training,False,9387,4c8a57ca4fda6790732ae397b23acfa3,220,212,RGB,3179d0f0f0c8f071,
Training/notumor/Tr-no_1188.jpg,notumor,training,False,161038,d0ba529e618ee5e2e8bf0f44a9a103c3,890,1075,RGB,79f0e0eccccce8e8,
Training/notumor/Tr-no_1189.jpg,notumor,training,False,15122,e3e953f3693ab0dcc2c271a69efe808c,207,243,RGB,70ecececccece470,
Training/notumor/Tr-no_119.jpg,notumor,training,False,8893,0ed774a3acf7075791e34f02712fde9d,201,251,RGB,70e8e8ed6d69aacc,
Training/notumor/Tr-no_1190.jpg,notumor,training,False,7299,ce0edd8064f376cf8360d63c4d9ebdd8,225,225,RGB,3169f8e8dcdce871,
Training/notumor/Tr-no_1191.jpg,notumor,training,False,30445,e39f8daee702d6e0fb4d5f527389f8d8,359,449,RGB,70f4d4d4f2b2f0f0,
Training/notumor/Tr-no_1192.jpg,notumor,training,False,11012,e01c3de160daf3552a43b39951573283,201,250,RGB,68d4aa9696d4d470,
Training/notumor/Tr-no_1193.jpg,notumor,training,False,40518,4ec44d5100d6811d26f083973f715750,428,417,RGB,61ccc48e8ecacc60,
Training/notumor/Tr-no_1194.jpg,notumor,training,False,8136,8dc28bba49492130fcb66efc2bccabb8,236,218,RGB,307169ccd4f069b2,
Training/notumor/Tr-no_1195.jpg,notumor,training,False,29220,d59b82dd5c78da493226d3f9d8adb54c,428,417,RGB,69e8c8ce8c8ccce9,
Training/notumor/Tr-no_1196.jpg,notumor,training,False,8273,8796449b446cf5cc15951033baa85c44,235,214,RGB,f0e8c8d4d4d8e871,
Training/notumor/Tr-no_1197.jpg,notumor,training,False,96013,33b2d802fee882d771f27d16823bbf4c,1000,714,RGB,39e8c8e4ccd8f434,
Training/notumor/Tr-no_1198.jpg,notumor,training,False,5995,ec31b7121aa4197845d4eacdc8b395ed,192,192,RGB,b271f4f4ccd470b0,
Training/notumor/Tr-no_1199.jpg,notumor,training,False,13260,e41d9b9bbd455ece99aec6dcba692f68,215,234,RGB,f1f0c4eccadae870,
Training/notumor/Tr-no_12.jpg,notumor,training,False,28134,60149cf28d2b9773d6e7213f39549a8d,630,630,L,b269e8e8c0cc70b2,
Training/notumor/Tr-no_120.jpg,notumor,training,False,30718,1e6adb5486c83c4f70bf2629415c2fc6,339,340,RGB,3370f8f0f4f4e933,
Training/notumor/Tr-no_1200.jpg,notumor,training,False,118796,56d8cf7a35c0e1ce58bf9d77817c03d3,393,400,RGBA,70f1d4d4f0f0f061,
Training/notumor/Tr-no_1201.jpg,notumor,training,False,26240,59b7c567c4721c98531ff66c9bc484ee,329,310,RGB,78e0e8cce8e89488,
Training/notumor/Tr-no_1202.jpg,notumor,training,False,5538,548e33ed869f17e827138225845df8e2,173,201,RGB,f0e8d4e8e8e8e8e8,
Training/notumor/Tr-no_1203.jpg,notumor,training,False,10979,9eb9f2c929d940f7333441cf7301f205,225,225,RGB,b269e0e8e8e8cc61,
Training/notumor/Tr-no_1204.jpg,notumor,training,False,9741,4682d82a39946d7a52227e5d9f23430b,207,243,RGB,f1d8c8ccc8c8c861,
Training/notumor/Tr-no_1205.jpg,notumor,training,False,7577,eabe8f8848daf6e6c0a0ae6f5b60129c,236,236,RGB,06f16968ece86932,
Training/notumor/Tr-no_1206.jpg,notumor,training,False,8955,8b16b1ab41ae4a919a2ce7236617a8f3,201,250,RGB,71d4d49696aad468,
Training/notumor/Tr-no_1207.jpg,notumor,training,False,8734,61f523f2d494d9d0088307e5c68b8b8c,225,225,RGB,3370ccece8e86969,
Training/notumor/Tr-no_1208.jpg,notumor,training,False,37547,75b704201c2125c4ac02a0acf836802d,331,406,RGB,f0b494d496b2d0e0,
Training/notumor/Tr-no_1209.jpg,notumor,training,False,16663,7fcb0db855729227a4bed590bba399c7,393,400,RGB,61f0f0f0d4d4f170,
Training/notumor/Tr-no_121.jpg,notumor,training,False,111486,46bdd15e88da99beefcb999aea360457,755,824,RGB,e8d49694e8e8d496,
Training/notumor/Tr-no_1210.jpg,notumor,training,False,39041,8e843db6827579ba56a39ea0ff73eff4,468,444,RGB,3170f0e8ead6d46c,
Training/notumor/Tr-no_1211.jpg,notumor,training,False,57979,8b68af150b7b772abdbfb177793a1764,630,630,RGB,7171d4d4c4d4d471,
Training/notumor/Tr-no_1212.jpg,notumor,training,False,45008,c1fda45aa2cffadff7782e45a12a516c,630,630,RGB,b261c4c4d4d4f030,
Training/notumor/Tr-no_1213.jpg,notumor,training,False,74115,cd0010b23c86c3c14b7e09fd05e6ce45,1024,1024,L,7170e8e8cccce071,
Training/notumor/Tr-no_1214.jpg,notumor,training,False,6709,fd432879a153929aa8c5947e2c24a5a4,212,238,RGB,69ccb2b2a28ae871,
Training/notumor/Tr-no_1215.jpg,notumor,training,False,8444,85375c22142305cdb972864739699dec,225,225,RGB,71f1e8d4ccc8f173,
Training/notumor/Tr-no_1216.jpg,notumor,training,False,16306,1fffd3936624d914dfdc9ec3d20f86a8,339,340,RGB,31f1f0f0f0f07031,
Training/notumor/Tr-no_1217.jpg,notumor,training,False,8453,64fb0c0d8db70eb7879cff1dafb6af4a,201,250,RGB,71d4d49696aad468,
Training/notumor/Tr-no_1218.jpg,notumor,training,False,11748,d8e941fcbcf0fed1aec2d8831b6977ec,276,326,RGB,e0e494a6b2a6f471,
Training/notumor/Tr-no_1219.jpg,notumor,training,False,35457,b4a241bb7743803e32b2a74348aa2d21,350,350,RGB,b271d4f0b0f0f071,
Training/notumor/Tr-no_122.jpg,notumor,training,False,30605,5b9d417518e09778f0de811524ee1951,504,540,RGB,b0f8d4ccccecf0b0,
Training/notumor/Tr-no_1220.jpg,notumor,training,False,9482,58341d7b706551bec1c5dcdc0abd17ef,201,251,RGB,70d0d4d4b0d2f0f0,
Training/notumor/Tr-no_1221.jpg,notumor,training,False,16557,43ce4328e82a1749faa31391795b49eb,215,234,RGB,f1f0e8ecccc8e8f0,
Training/notumor/Tr-no_1222.jpg,notumor,training,False,7655,db2f5851a04741bd8542eb70f62da2b4,225,225,RGB,b2f8dcdcd4d4f0b2,
Training/notumor/Tr-no_1223.jpg,notumor,training,False,15719,4e8598aa6cd14305f24704f432a12d66,200,252,RGB,f8cccc8e8e96ccf0,
Training/notumor/Tr-no_1224.jpg,notumor,training,False,23504,18a171eafa3b7e8e189f96931b607e46,504,540,RGB,b0f0ecccccd4f8b0,
Training/notumor/Tr-no_1225.jpg,notumor,training,False,8829,5c9009c29f85406f62d1901789b43ac8,201,251,RGB,ccaa694948e8e8e1,
Training/notumor/Tr-no_1226.jpg,notumor,training,False,13105,a6363255a28af9ed45dbf44346c61981,214,236,RGB,61e0d48ed4d4d4f0,
Training/notumor/Tr-no_1227.jpg,notumor,training,False,10078,bb3d6e178a9faa2fe259c63ac3293d9f,218,231,RGB,39e8e8e8ccdce8e8,
Training/notumor/Tr-no_1228.jpg,notumor,training,False,8838,7e10aa532c597eb3823edaafa9ee81ae,150,198,RGB,dcb2e84d4d55aad4,
Training/notumor/Tr-no_1229.jpg,notumor,training,False,8341,762e6653583419f9ec90f515644dc540,225,225,RGB,7170e8d4ccec7031,
Training/notumor/Tr-no_123.jpg,notumor,training,False,13291,dfaa0b739de61f939192be4eea7fd516,228,228,RGB,1670f1d4d8e87030,
Training/notumor/Tr-no_1230.jpg,notumor,training,False,10387,cda4339aa932f34697ab3758a02f8010,227,222,RGB,68cccece8cece869,
Training/notumor/Tr-no_1231.jpg,notumor,training,False,8250,cd59d5b06a171fca743c9e6510e6230c,215,234,RGB,f1e0ececcccae8f1,
Training/notumor/Tr-no_1232.jpg,notumor,training,False,29714,c998853fe6004a6ffe594f85b47f3764,428,417,RGB,69e8c8ce8c8ccce9,
Training/notumor/Tr-no_1233.jpg,notumor,training,False,10556,b5ea204c6b61b97f2d74827217a5da65,194,259,RGB,71f8cccce8e8e461,
Training/notumor/Tr-no_1234.jpg,notumor,training,False,12710,e450fb2bea94fad366ddebacbe26a4bb,201,250,RGB,71d4d49696aad468,
Training/notumor/Tr-no_1235.jpg,notumor,training,False,20545,1829d716613d6d3022da2f82368071ae,236,269,RGB,e0e0e0e4e6829818,
Training/notumor/Tr-no_1236.jpg,notumor,training,False,10664,9efd086982f718de0831a425316fd390,225,225,RGB,3371c8c8e8e86961,
Training/notumor/Tr-no_1237.jpg,notumor,training,False,9527,2c86bf24e7fc1936e53f92d35e7512f4,207,243,RGB,78ecececccece470,
Training/notumor/Tr-no_1238.jpg,notumor,training,False,47430,80ee434060adb68e7b4cfcaf2b089dd0,428,417,RGB,69e8ccce8c8ccce9,
Training/notumor/Tr-no_1239.jpg,notumor,training,False,5134,380fbddaed7b0320ffa00bf26047b467,236,213,RGB,f1e1e1e8e8f8e961,
Training/notumor/Tr-no_124.jpg,notumor,training,False,26535,5a4d851748a37166340f438a6c29c54f,393,400,RGB,7170d4d4f0d0f071,
Training/notumor/Tr-no_1240.jpg,notumor,training,False,45788,e83c5b3fc278777d5a563a2c45f855b1,417,424,RGB,71f0d4d4f0f8d471,
Training/notumor/Tr-no_1241.jpg,notumor,training,False,8849,0172e7c662451af8f192e8349ead1d10,173,201,RGB,f0e8d4e8e8e8e8e8,
Training/notumor/Tr-no_1242.jpg,notumor,training,False,22444,16ae0ed310da7fb1c9bfdb648544815e,236,300,RGB,d18c36322bb3ce78,
Training/notumor/Tr-no_1243.jpg,notumor,training,False,30111,cfc354c136aa814cb77f6e13c01fc1de,468,444,RGB,e9d4d4e8e8e8f170,
Training/notumor/Tr-no_1244.jpg,notumor,training,False,14368,19e1c11270a5105459a8f52090262d4a,201,251,RGB,70d0d4d6b0d2f0f0,
Training/notumor/Tr-no_1245.jpg,notumor,training,False,35931,547162f38043fe5cf612896adbaa193e,442,442,RGB,b271d4d4d4d4f071,
Training/notumor/Tr-no_1246.jpg,notumor,training,False,12254,813f1f1b6c77dc293dc0aabe9ae19376,227,262,RGB,f0f8ecccece8e871,
Training/notumor/Tr-no_1247.jpg,notumor,training,False,8770,9b87e110859c001e0683c3b049316858,225,225,RGB,3171d4d4dcd4d071,
Training/notumor/Tr-no_1248.jpg,notumor,training,False,16873,53706d21755245c6f3d4d925ecf1be89,201,244,RGB,71e8f4d4e8ecccd6,
Training/notumor/Tr-no_1249.jpg,notumor,training,False,9269,6bc7964a15dde0d45d34fba07f072252,150,198,RGB,d4aa554d4de8b2c4,
Training/notumor/Tr-no_125.jpg,notumor,training,False,21415,471b73b25c2363fc2c0b0b5a5460b759,236,240,RGB,e4f2f1d5b19a9ccc,
Training/notumor/Tr-no_1250.jpg,notumor,training,False,17085,7aec82bbbea5bc85d0e79e011a459740,442,442,RGB,b278e8e8cccce871,
Training/notumor/Tr-no_1251.jpg,notumor,training,False,9618,66fccf4d98f16ffb8b73d5f227423954,218,231,RGB,e8e8dccce8e8e839,
Training/notumor/Tr-no_1252.jpg,notumor,training,False,8806,ec114fdb89b903563288c7e5a25c8393,225,225,RGB,70f0d4d4d4d4f070,
Training/notumor/Tr-no_1253.jpg,notumor,training,False,10469,c00ff93d39654b9bd8772a3a49d91dfd,236,218,RGB,307169ccd4f069b2,
Training/notumor/Tr-no_1254.jpg,notumor,training,False,39376,69384c44c679eb8d9dafe8f3e5332b5f,356,474,RGB,71f8e8e8e8e8e031,
Training/notumor/Tr-no_1255.jpg,notumor,training,False,8817,664e37530b3ec4d10990dee62d65df01,225,225,RGB,30f0d4d4c4c461b2,
Training/notumor/Tr-no_1256.jpg,notumor,training,False,6234,a0fdbb818181e1debe010480a2712424,225,225,RGB,b260c4c4d4d4f0b2,
Training/notumor/Tr-no_1257.jpg,notumor,training,False,6766,3dcc4e10d5dff63d6372811e8fb18189,225,225,RGB,70f0d4d4d4d4f070,
Training/notumor/Tr-no_1258.jpg,notumor,training,False,11443,1deebdea5d1919a17a631a398bfc3d15,228,221,RGB,70e1d0d4f0b0d061,
Training/notumor/Tr-no_1259.jpg,notumor,training,False,9125,9f3ac93badbcca2e0dec7ff9cb1cd343,227,262,RGB,71e8e8ecccecf8f0,
Training/notumor/Tr-no_126.jpg,notumor,training,False,14603,9899b47c45cf2e9c7e439d53cf6ec30f,201,251,RGB,f0f0b2b0d4d4d071,
Training/notumor/Tr-no_1260.jpg,notumor,training,False,7462,8008175b84d21925bf7a6567aa6cc6f9,177,197,RGB,71e8cce8e8e8e871,
Training/notumor/Tr-no_1261.jpg,notumor,training,False,14413,e1a71b45c129191ed5a338f10040977f,235,227,RGB,b3f1e8e8f0f0f071,
Training/notumor/Tr-no_1262.jpg,notumor,training,False,32327,444ce4aedba2baedda8538b6ca2223a6,630,630,L,b279e8e8c0c470b2,
Training/notumor/Tr-no_1263.jpg,notumor,training,False,7684,20d11d23199a52b09cb9fb99f2dbc53d,206,244,RGB,e1f094d0c4ccf4f9,
Training/notumor/Tr-no_1264.jpg,notumor,training,False,14044,93d4bba38c027c84aee1f2a001e685a4,236,290,RGB,39e8ccec8cd6e831,
Training/notumor/Tr-no_1265.jpg,notumor,training,False,25759,24e83deaaae9ab0f15565690e474f5fc,236,357,RGB,71e8e8c8c8e8c8f0,
Training/notumor/Tr-no_1266.jpg,notumor,training,False,37840,9c3b9a6d3a731fd2c9e717d6fb9a9a31,468,444,RGB,70f1d0e8a894d4c9,
Training/notumor/Tr-no_1267.jpg,notumor,training,False,17506,1f23dacaac228811e45af94981be031c,236,236,RGB,78dcf8ec989eceee,
Training/notumor/Tr-no_1268.jpg,notumor,training,False,7099,10800f19c3ed55315a78dfd8e17fae81,232,217,RGB,0060f1d8d0717000,
Training/notumor/Tr-no_1269.jpg,notumor,training,False,36223,ac3206f48a79bfeaba900827bf1511f8,442,442,RGB,b261e8e8cccce031,
Training/notumor/Tr-no_127.jpg,notumor,training,False,50366,114fbd47e7fc705f8cffab5e5411483a,504,540,RGB,f2e0d4ccccc8f0b2,
Training/notumor/Tr-no_1270.jpg,notumor,training,False,13783,bda4b3bcdef416e15da238f25cc39084,201,250,RGB,70d4d69696aad4e8,
Training/notumor/Tr-no_1271.jpg,notumor,training,False,18977,3d0675a2ed4b7ba4d68e0d73095fc740,236,216,RGB,f8d2f0d2d99ab6e6,
Training/notumor/Tr-no_1272.jpg,notumor,training,False,7328,8f27ea36721a45b6ccba50fb3dbcea13,177,197,RGB,71e8e8e8e8cce871,
Training/notumor/Tr-no_1273.jpg,notumor,training,False,11998,ad68853a02f87def3ab7346f0b3b109f,225,225,RGB,b271dcccf4d0d469,
Training/notumor/Tr-no_1274.jpg,notumor,training,False,18316,87faa38085c7eba430487ff7d9599694,236,236,RGB,ecd68e8e9e9acc78,
Training/notumor/Tr-no_1275.jpg,notumor,training,False,12233,316dcc3b335adfd1c24c9f989289a482,201,250,RGB,79d4d496969ad468,
Training/notumor/Tr-no_1276.jpg,notumor,training,False,35408,ab6a31d4fd7b2dc2d4ebaed1e6cde01b,428,417,RGB,e9cc8c8ccec8f869,
Training/notumor/Tr-no_1277.jpg,notumor,training,False,10287,ffadd2c5a5b24fe3a0bad45d064b4191,420,280,RGB,3261696168686930,
Training/notumor/Tr-no_1278.jpg,notumor,training,False,13805,1a9604a7db0f7f361eb964b1a6ba6e76,215,234,RGB,70f0dcc8aca4e8f0,
Training/notumor/Tr-no_1279.jpg,notumor,training,False,5978,fdb5cd431059ccc4df1c08edbb8ac43b,300,168,RGB,32b27169697169b2,
Training/notumor/Tr-no_128.jpg,notumor,training,False,15754,5661d00b71c83e4629faec7c0af7efe0,217,248,RGB,71e8e8e8ccd4d44d,
Training/notumor/Tr-no_1280.jpg,notumor,training,False,7242,6822cef55523e42099b4cd5215fc5e7f,206,244,RGB,f9f4ccc4d094f0e1,
Training/notumor/Tr-no_1281.jpg,notumor,training,False,14699,d4213cadb7fdc260baf35de0ef3072bd,200,252,RGB,e8cccc8c8e96ccf0,
Training/notumor/Tr-no_1282.jpg,notumor,training,False,28897,b62f35eb6d7157ee89335243367761f1,428,417,RGB,68cccece8cece869,
Training/notumor/Tr-no_1283.jpg,notumor,training,False,44422,87e3454030fc6d077711f14b9f450119,630,630,RGB,71f0d4d4d4d47133,
Training/notumor/Tr-no_1284.jpg,notumor,training,False,7395,88ae2a46c4c881c57231a5239aecab91,225,225,RGB,70f0c8c8ccccf070,
Training/notumor/Tr-no_1285.jpg,notumor,training,False,9995,570a2e1a8b1c1513f3eeaefce22b77d5,236,263,RGB,b269ccccf0d4dc71,
Training/notumor/Tr-no_1286.jpg,notumor,training,False,5961,1a84a83c0feb8567aa46363f90913772,225,225,RGB,337171f0e0e86113,
Training/notumor/Tr-no_1287.jpg,notumor,training,False,19746,0f50cb09857625a3053f4c24990c3ed4,227,262,RGB,71e8e8c8ccc8e8f0,
Training/notumor/Tr-no_1288.jpg,notumor,training,False,136631,46e6159f43133d0a4739a0f84fa10411,785,848,RGB,61d0d4d4d4f0d470,
Training/notumor/Tr-no_1289.jpg,notumor,training,False,32146,75378ac81f02855ccf2b17a8492f3941,355,452,RGB,71f4ccccd4d4f831,
Training/notumor/Tr-no_129.jpg,notumor,training,False,28313,25faac854458973ea07975165f80c035,350,350,RGB,9271f0d4f0d0e471,
Training/notumor/Tr-no_1290.jpg,notumor,training,False,12785,55bc232802b2c8122e875919c6ccbcfa,225,225,RGB,00f178ece8e87030,
Training/notumor/Tr-no_1291.jpg,notumor,training,False,31382,c07e4455eaba1aa3be49247aa6129b90,452,509,RGB,71f0cccccccce071,
Training/notumor/Tr-no_1292.jpg,notumor,training,False,9296,3a6e7c851751062184252190f719b598,232,217,RGB,61d4f2f2b2acd4cc,
Training/notumor/Tr-no_1293.jpg,notumor,training,False,10754,da8398426642aed940e6301d2b8b8a40,201,250,RGB,71d4d49696aad468,
Training/notumor/Tr-no_1294.jpg,notumor,training,False,10808,d021c3eda970beeaa68fef57253e1feb,225,225,RGB,3371ecece8e86171,
Training/notumor/Tr-no_1295.jpg,notumor,training,False,15347,389129c317bcb056247e61ed58b5a3de,236,262,RGB,71e8e8e8ccccc879,
Training/notumor/Tr-no_1296.jpg,notumor,training,False,23519,70eed1d99bb5a74fbe883f211e8da993,642,361,RGB,f0717169e9f16170,
Training/notumor/Tr-no_1297.jpg,notumor,training,False,70613,47ce5e9e135a1b4f68b89fbda45a1852,630,630,RGB,f0f0d4d4c4c4e0b2,
Training/notumor/Tr-no_1298.jpg,notumor,training,False,14140,eb3ccb11fd49250218e47830e8f58773,225,225,RGB,79e8d4d8da9adcdc,
Training/notumor/Tr-no_1299.jpg,notumor,training,False,7057,b79b9a9f09f4a35922edbdd3afe2dbde,173,201,RGB,e8e8e8e8e8d4e8f0,
Training/notumor/Tr-no_13.jpg,notumor,training,False,19196,ea47353cbe2d300c44c1c50b9a31706e,208,242,RGB,e0d8c8cccccccae0,
Training/notumor/Tr-no_130.jpg,notumor,training,False,10168,10cdf136ff253b6b1bf95bbc916e0c9e,228,221,RGB,b978e8eccce8e471,
Training/notumor/Tr-no_1300.jpg,notumor,training,False,10503,116aa04287be8be3524175077a2c2e56,225,225,RGB,7169e8e8c8c87133,
Training/notumor/Tr-no_1301.jpg,notumor,training,False,10179,d2bf9b4b26f582755c413f49713aa096,200,252,RGB,c0aa44ecc8c8d871,
Training/notumor/Tr-no_1302.jpg,notumor,training,False,78104,fdea69d8f1eaf6ad0933a4e4ba3cc4f6,680,680,RGB,b170e0e8ecf0f069,
Training/notumor/Tr-no_1303.jpg,notumor,training,False,10504,34c2f640084112ffdc8202d1a6209566,225,225,RGB,7169e8e8c8c87133,
Training/notumor/Tr-no_1304.jpg,notumor,training,False,18695,06c825df4141e9c79e23dfa4af3486ca,359,449,RGB,70f0d4d4f0d0f0f0,
Training/notumor/Tr-no_1305.jpg,notumor,training,False,16144,385452ecc27a12ff66e36afc31e49048,236,222,RGB,64cef9e898d6e4c4,
Training/notumor/Tr-no_1306.jpg,notumor,training,False,9845,c935e37b5a06c84dab5f2c95ddb94d63,200,252,RGB,e8eccc8c8e96ccf0,
Training/notumor/Tr-no_1307.jpg,notumor,training,False,15427,8119d65eeb853979f88ace9e90e2b65e,207,225,RGB,70d48eaab292d471,
Training/notumor/Tr-no_1308.jpg,notumor,training,False,9713,02e9b844d49f24f8b6b82eaba89cab46,150,198,RGB,c496a84d4d558ad4,
Training/notumor/Tr-no_1309.jpg,notumor,training,False,24589,1b2d322078b0e4fe2357333142491edd,442,442,RGB,32e9e8e8e8e8e071,
Training/notumor/Tr-no_131.jpg,notumor,training,False,13047,46cd31ae0b9daa470c5a9460710d22f8,225,225,RGB,7961d4ccecd47033,
Training/notumor/Tr-no_1310.jpg,notumor,training,False,11882,4c33f2805c9f1b8d0dd431f919f886f2,212,238,RGB,69ccb2babaaee071,
Training/notumor/Tr-no_1311.jpg,notumor,training,False,16215,6c85da7232b257cd67373a7cc38916f7,200,252,RGB,f0cc968e8eccccf8,
Training/notumor/Tr-no_1312.jpg,notumor,training,False,23786,39b4bde661eca38587a19992136b45a9,339,340,RGB,3171e0d4d4d06831,
Training/notumor/Tr-no_1313.jpg,notumor,training,False,7890,021c41db346e7870a2d5326d185364c9,225,225,RGB,b271d0f0f0d4e8f2,
Training/notumor/Tr-no_1314.jpg,notumor,training,False,30061,ca34db6bc1f3abc9debedda1a06ad06f,442,454,RGB,7161c8c8cccc7133,
Training/notumor/Tr-no_1315.jpg,notumor,training,False,42735,159c7755cbca9b88df452a647d710f80,630,630,RGB,b2e0c4c4d4d4f0b0,
Training/notumor/Tr-no_1316.jpg,notumor,training,False,11520,72622502c4407a4cbdc8141151f0e585,228,221,RGB,60e1e8c8cce8d870,
Training/notumor/Tr-no_1317.jpg,notumor,training,False,14079,df7e8a0bf66346074cdfd208dca5b0fd,234,234,RGB,71e888f0f8f0d468,
Training/notumor/Tr-no_1318.jpg,notumor,training,False,88963,482d63fa6ea40fcf05e50744bc60a1b3,733,781,RGB,c1a8a05264868898,
Training/notumor/Tr-no_1319.jpg,notumor,training,False,17097,2a24c37fe4b7a2244a110e1b0f759a64,236,270,RGB,38f89f696cb9cc84,
Training/notumor/Tr-no_132.jpg,notumor,training,False,10141,bbfda1f5851b171529f0c2082f24a99e,225,225,RGB,3170ecccd4d47071,
Training/notumor/Tr-no_1320.jpg,notumor,training,False,64566,84482e0ddc1ea348e987987c7d9252dd,724,851,RGB,70f4d4d492b4d070,
Training/notumor/Tr-no_1321.jpg,notumor,training,False,7335,f8e2eaf5e8f55676bda561816b900644,225,225,RGB,70f0ccccc8c8f070,
Training/notumor/Tr-no_1322.jpg,notumor,training,False,11085,12dc48729f321df8fd1a9eca33adef89,225,225,RGB,61ccc8c8e8e061b2,
Training/notumor/Tr-no_1323.jpg,notumor,training,False,20514,23bb32fbe263720fe2acd160c5dafb5d,630,630,L,b279e8e8c0c470b2,
Training/notumor/Tr-no_1324.jpg,notumor,training,False,17263,3fe86a57573d8df2a2d34846fa9288aa,215,234,RGB,70f0c8c8c8ece8f0,
Training/notumor/Tr-no_1325.jpg,notumor,training,False,10708,bd99ed2eee8ca651ea8a27d711bb9eb8,214,236,RGB,61c496aed4d4d470,
Training/notumor/Tr-no_1326.jpg,notumor,training,False,36062,9a96042ca9379abbdb7be132cb833221,630,630,RGB,b279e8e8c0c470b2,
Training/notumor/Tr-no_1327.jpg,notumor,training,False,18585,45c75867f823ff6b9f719ff0afbd8a13,230,282,RGB,33e8e8ccccc4f071,
Training/notumor/Tr-no_1328.jpg,notumor,training,False,9402,2df2644a3ed00b8f6203ab8024c18e95,227,262,RGB,f0e0c8ccc8e8e871,
Training/notumor/Tr-no_1329.jpg,notumor,training,False,13362,34aacab3637d174e33fe175c35f84cfe,208,242,RGB,78f8f8f8dafeeeea,
Training/notumor/Tr-no_133.jpg,notumor,training,False,35931,547162f38043fe5cf612896adbaa193e,442,442,RGB,b271d4d4d4d4f071,
Training/notumor/Tr-no_1330.jpg,notumor,training,False,28639,aa86a91e84f337895ac6c95378e5cc54,468,444,RGB,70f1e8e8a8c4d4c9,
Training/notumor/Tr-no_1331.jpg,notumor,training,False,40231,6d407474c15b3b63fb013633ad08ebc9,512,512,RGB,70f8e8e8e8f07969,
Training/notumor/Tr-no_1332.jpg,notumor,training,False,16436,233fa4bdd12bee816dd81d728c69df39,200,252,RGB,f0cc968e8eccc4e0,
Training/notumor/Tr-no_1333.jpg,notumor,training,False,29392,eaed62da90b11d4efc075a06ac31932d,364,418,RGB,f0e8e8ccccc88ae8,
Training/notumor/Tr-no_1334.jpg,notumor,training,False,73953,86c4da692caccbe369acf7c886626083,600,605,RGB,b27170d4d4f46871,
Training/notumor/Tr-no_1335.jpg,notumor,training,False,15450,271b52a573e72ef87627be1b65779dbe,339,340,RGB,3170f0f0f0f0f131,
Training/notumor/Tr-no_1336.jpg,notumor,training,False,12856,208670d4d74e93c59795a71a6e8edaf1,201,251,RGB,d0c86849e88de8e8,
Training/notumor/Tr-no_1337.jpg,notumor,training,False,10186,0ffcccf8cab4a3be008587b56b159c0f,200,252,RGB,f4aacdc86cece471,
Training/notumor/Tr-no_1338.jpg,notumor,training,False,28967,a0b2a6412030b6411ec641b64883e854,428,417,RGB,69e8ec8ccececc68,
Training/notumor/Tr-no_1339.jpg,notumor,training,False,27824,e8cf02f5f074423443117f693bef9a33,393,400,RGB,70f1d4d4f0f0f061,
Training/notumor/Tr-no_134.jpg,notumor,training,False,11791,632120a6491595c8f2646222e132159e,225,225,RGB,c8d4d4d4b0f0d4e0,
Training/notumor/Tr-no_1340.jpg,notumor,training,False,35777,38dada77f12b1d738f241f921a2f2a41,428,417,RGB,f1cc8c8a8ecccc79,
Training/notumor/Tr-no_1341.jpg,notumor,training,False,33344,66abdf3031d35b5951c25f647a75ceef,504,540,RGB,b2f0ecccccd4f8b0,
Training/notumor/Tr-no_1342.jpg,notumor,training,False,11746,d3a84740886274142b7e238219f08978,225,225,RGB,f8e0e0ec99a6a684,
Training/notumor/Tr-no_1343.jpg,notumor,training,False,16166,12763d80a54e61f0651447e038f18dfd,442,442,L,70f0c8c8ccc4f070,
Training/notumor/Tr-no_1344.jpg,notumor,training,False,16987,b22b7e9d2aed996018b249972c69b6cf,232,216,RGB,64dae9fa98d6c48c,
Training/notumor/Tr-no_1345.jpg,notumor,training,False,12428,ea81cd0779b4f4f4cf3a8c46756780a6,206,244,RGB,f9d4b09429b2d4e1,
Training/notumor/Tr-no_1346.jpg,notumor,training,False,7041,7f4d91f6e5c91dc0501e9d9562042f58,206,244,RGB,60d0ccc4f4d2f078,
Training/notumor/Tr-no_1347.jpg,notumor,training,False,6895,f273d736e6185af12edcae1b43d9a85a,206,244,RGB,60d0ccc4f4d2f078,
Training/notumor/Tr-no_1348.jpg,notumor,training,False,17271,bfac3b362d3b0bf450aa3c01f88bc21b,224,223,RGB,70eec6cd999bcecc,
Training/notumor/Tr-no_1349.jpg,notumor,training,False,25113,c34bb3e1e11a907b77319cca81944657,504,540,RGB,b0f0ecccccd4f8b0,
Training/notumor/Tr-no_135.jpg,notumor,training,False,7865,5e152586e14861334475578ef8aec2f2,196,257,RGB,f0e0f4f6d496d4e8,
Training/notumor/Tr-no_1350.jpg,notumor,training,False,8287,714e4aee640a479098797d69544f4b0c,235,214,RGB,71e8e4d4d4ece8f0,
Training/notumor/Tr-no_1351.jpg,notumor,training,False,20081,ed2f2ce4b1d6cc91bf94e65ec0d56044,236,239,RGB,fcccccccbabccccc,
Training/notumor/Tr-no_1352.jpg,notumor,training,False,37045,ea628671e699830e92781223595c2a4b,469,470,RGB,70dcaa8aa6828889,
Training/notumor/Tr-no_1353.jpg,notumor,training,False,22862,3537e01c0387d344dbd0bb6c1b48b613,442,442,RGB,b2e1e8e8cccce031,
Training/notumor/Tr-no_1354.jpg,notumor,training,False,11823,161079c84cf9c4d249f1550b210ad227,225,225,RGB,39f8d0f8d8c894d4,
Training/notumor/Tr-no_1355.jpg,notumor,training,False,10526,2a431ec8cc14ccbb74555a7a70b2ffd7,227,222,RGB,69e8ec8ccececc68,
Training/notumor/Tr-no_1356.jpg,notumor,training,False,22278,dfb3989d7b0ae8e50d48e2ac0e86d47c,428,417,RGB,69e8c8ce8c8ccce1,
Training/notumor/Tr-no_1357.jpg,notumor,training,False,16606,1a13b0afb7e336c9738f7546648d5cc9,216,302,RGB,69c8e8e8e8ece8f8,
Training/notumor/Tr-no_1358.jpg,notumor,training,False,45496,51deaae698ce5ef826679a4b243219b1,550,664,RGB,69ccf0e4c4ecf0f1,
Training/notumor/Tr-no_1359.jpg,notumor,training,False,11611,a5e7be98cf6606e82a21eb539b41d3fa,206,244,RGB,e0d0ccd4f4d4f078,
Training/notumor/Tr-no_136.jpg,notumor,training,False,24657,cccbf1072f1631b086637c8a304e1fdc,512,512,RGB,71e8ccdcf8f86931,
Training/notumor/Tr-no_1360.jpg,notumor,training,False,20545,1829d716613d6d3022da2f82368071ae,236,269,RGB,e0e0e0e4e6829818,
Training/notumor/Tr-no_1361.jpg,notumor,training,False,8950,511b723a1596eb407ad326044a92c564,201,250,RGB,68d4aa9696d4d470,
Training/notumor/Tr-no_1362.jpg,notumor,training,False,31600,76d15186970c1638af98be58158d96e9,441,442,RGB,71e8c8ccc8ecc871,
Training/notumor/Tr-no_1363.jpg,notumor,training,False,20727,0a9bed3130b077b3892bb79c159ffb43,208,242,RGB,e8d8ec44d4b2f0f4,
Training/notumor/Tr-no_1364.jpg,notumor,training,False,36452,eab155e2862f3dc58c0ce15cd55a906a,630,630,RGB,71d4d4dcd4d47131,
Training/notumor/Tr-no_1365.jpg,notumor,training,False,13960,17f184fccdaa0c1e40b8bc353afcd0cf,227,222,RGB,79d4d48e8a96ccf1,
Training/notumor/Tr-no_1366.jpg,notumor,training,False,152132,1a7fdc089ced09565c2a7dad3a35b659,1280,720,RGB,b2f0f0f0e8f0f0f0,
Training/notumor/Tr-no_1367.jpg,notumor,training,False,8353,4c44f9cda91cb62c6dd49df78e1c25cb,235,214,RGB,71e8e4d4d4ece8f0,
Training/notumor/Tr-no_1368.jpg,notumor,training,False,24181,6618af80515329d862360e566ab8bc5c,504,540,RGB,b0f8d4ccccecf0b0,
Training/notumor/Tr-no_1369.jpg,notumor,training,False,9705,1a1cb34373c18fa9c5f27f20be171bb7,225,225,RGB,b271f8e8f4d0d479,
Training/notumor/Tr-no_137.jpg,notumor,training,False,23781,46aa3d5b123fbc56a0fb7f6c1e16c710,468,444,RGB,c9d4c4a8e8e8f170,
Training/notumor/Tr-no_1370.jpg,notumor,training,False,5596,733af69247781f7ea5d09dcd53d3c3b3,173,201,RGB,f0e8d4e8e8e8e8e8,
Training/notumor/Tr-no_1371.jpg,notumor,training,False,12082,ad4aa8c9caaf095ebe33a671029eabc5,201,251,RGB,71f4d4d4f2b0f0f0,
Training/notumor/Tr-no_1372.jpg,notumor,training,False,6037,2a4c2647710fba01c51118a4ee7dbefa,150,198,RGB,d08a554d4dc9b2dc,
Training/notumor/Tr-no_1373.jpg,notumor,training,False,15826,e8d1d169137b4d23eddab43cd1e7a6e2,200,252,RGB,d48e8d49cde8e471,
Training/notumor/Tr-no_1374.jpg,notumor,training,False,69322,33545775c68d06694c0cd52a399584a7,655,602,RGB,70dcf0c0d896b4f4,
Training/notumor/Tr-no_1375.jpg,notumor,training,False,12315,e588e090b1b50745ebfc1b70a4aa13d9,201,251,RGB,70d0d4d4b092f0f0,
Training/notumor/Tr-no_1376.jpg,notumor,training,False,26126,bc86c80c2aef5bfaff0e1de6a2bcdd7b,393,400,RGB,70f1d4d4f0f4f061,
Training/notumor/Tr-no_1377.jpg,notumor,training,False,14068,291c63c1a39ff4e4f8991d3cbd0584e8,201,251,RGB,70e0e8ed6d69aacc,
Training/notumor/Tr-no_1378.jpg,notumor,training,False,13106,2e3de2e90728f34969828955a1b242b2,235,229,RGB,29f0f0f8c8ccf8f1,
Training/notumor/Tr-no_1379.jpg,notumor,training,False,29015,3c6fa0ae2ede310bc6dc2dd7a6fbbaa3,442,442,RGB,70f0c8c8ccc4f070,
Training/notumor/Tr-no_138.jpg,notumor,training,False,33378,e8987ab719f704faf79a88816c763226,442,442,RGB,3179d4d4d4d4f071,
Training/notumor/Tr-no_1380.jpg,notumor,training,False,51267,4203b88f2ff81d366a5a4a77674314f6,494,600,RGB,70d0d29676aab4d8,
Training/notumor/Tr-no_1381.jpg,notumor,training,False,29674,fac21b1546d7fa98cdfa0f52cbe0ea82,630,630,L,b269e8e8ecccf1b2,
Training/notumor/Tr-no_1382.jpg,notumor,training,False,14907,1cb6f2039d2dd65c8fcc8462026bec5a,276,326,RGB,71f4b6b2b694e4e0,
Training/notumor/Tr-no_1383.jpg,notumor,training,False,33378,e8987ab719f704faf79a88816c763226,442,442,RGB,3179d4d4d4d4f071,
Training/notumor/Tr-no_1384.jpg,notumor,training,False,8631,b6f4f9af130a95c045a0e66424e70835,275,183,RGB,b2616960646869b0,
Training/notumor/Tr-no_1385.jpg,notumor,training,False,58801,e0e9fee7b1fe0b3a4fc4af3189e2dc1f,630,630,RGB,b2f8dcdcd4d4f0b0,
Training/notumor/Tr-no_1386.jpg,notumor,training,False,8883,b592098cdbf51462723470716807c340,225,225,RGB,6969e8e8eccc7033,
Training/notumor/Tr-no_1387.jpg,notumor,training,False,7480,74c52fc60a0973a214164903e64a04a1,206,244,RGB,78f0d2f4c4ccd060,
Training/notumor/Tr-no_1388.jpg,notumor,training,False,9599,1fc310b3407acf5b6becb3e4514c6dd7,236,213,RGB,e1e9f8e8e8e0e1f1,
Training/notumor/Tr-no_1389.jpg,notumor,training,False,8015,edff99b0528bbdb5f2340b24dddebaf7,228,221,RGB,b878e8ecccc8e471,
Training/notumor/Tr-no_139.jpg,notumor,training,False,37242,6520e7ac8604cc9e84c5e253d7cb05f0,630,630,RGB,71d4d4c4d4d47172,
Training/notumor/Tr-no_1390.jpg,notumor,training,False,71744,382a309c1662909431e041df2e825b7e,728,725,RGB,72e9e8e8e8c8f172,
Training/notumor/Tr-no_1391.jpg,notumor,training,False,18004,f45f7246353c745257d86170dc3e0de2,276,326,RGB,71f4a6b22614f4e0,
Training/notumor/Tr-no_1392.jpg,notumor,training,False,14368,19e1c11270a5105459a8f52090262d4a,201,251,RGB,70d0d4d6b0d2f0f0,
Training/notumor/Tr-no_1393.jpg,notumor,training,False,44008,05fe39a899414d2dab6cad25c301b32c,414,496,RGB,78d49292f0ccd4e8,
Training/notumor/Tr-no_1394.jpg,notumor,training,False,18095,214c518a9af5f41f30aca88cb982b58a,236,236,RGB,79f4d0d0dadcaccc,
Training/notumor/Tr-no_1395.jpg,notumor,training,False,11761,92d345cb0e551329cb0ab0041b1d531f,212,222,RGB,b1e0f0ececdacc78,
Training/notumor/Tr-no_1396.jpg,notumor,training,False,7708,a09a3ac86b9f48b057a9e9da476b1fb8,218,231,RGB,61e8e8e8ccc4e8e8,
Training/notumor/Tr-no_1397.jpg,notumor,training,False,46209,c6aa58f0d3713e5aec0cf8b373ba02e5,411,496,RGB,70d49292b2c8d4e0,
Training/notumor/Tr-no_1398.jpg,notumor,training,False,14151,b9504d1f84629a48b2de81a52aa0468a,210,213,RGB,387ceacada8ce4e4,
Training/notumor/Tr-no_1399.jpg,notumor,training,False,8683,7fc2021df007e4a89b0e26a6e529b31e,215,234,RGB,70f0c8c8c8a4e870,
Training/notumor/Tr-no_14.jpg,notumor,training,False,26202,e5437347d710af8e850b85b3680e7f9b,442,442,RGB,b279f8f0e8e07032,
Training/notumor/Tr-no_140.jpg,notumor,training,False,12549,fea54c293773eda95eec8d1007385e01,208,242,RGB,69d8ec44ccf2f0e4,
Training/notumor/Tr-no_1400.jpg,notumor,training,False,15092,7c17b4d2dae9f464590fd5ede35aa935,208,278,RGB,69e8e8e8e8cce870,
Training/notumor/Tr-no_141.jpg,notumor,training,False,8829,98e2224bbb75b451e006d46b37848ebb,230,282,RGB,33e8e8ccccdcd071,
Training/notumor/Tr-no_142.jpg,notumor,training,False,9886,5fddcb4dc6606fc7eecf83fb2db424d8,225,225,RGB,7179e8e8c8c87133,
Training/notumor/Tr-no_143.jpg,notumor,training,False,37063,2c3f26cee58e078bc32ac1d9d5dbc807,630,630,RGB,71d4d4c4d4d47172,
Training/notumor/Tr-no_144.jpg,notumor,training,False,16600,f167689e5f730b77afebbb22e074fbd9,235,227,RGB,70fcd4e8dcd8d894,
Training/notumor/Tr-no_145.jpg,notumor,training,False,28739,c7a0fd941cba81fb0c7a96bfbd691042,428,417,RGB,69e8c8ce8c8ccce9,
Training/notumor/Tr-no_146.jpg,notumor,training,False,10321,9a2aae72768f93c9e0742b436bd05c5f,194,259,RGB,61e4e8e8ccccf871,
Training/notumor/Tr-no_147.jpg,notumor,training,False,8717,7a56fd2c3caa55b420014c3de8cf6ff4,236,236,RGB,8472e9cd8c84cd61,
Training/notumor/Tr-no_148.jpg,notumor,training,False,5803,e0ca72d2d0e2ca3255f9417d3348fcd6,300,168,RGB,b26971696971b2b0,
Training/notumor/Tr-no_149.jpg,notumor,training,False,7561,1de56aeec84e2639479f1dd3cfa5a239,150,198,RGB,d48a554d4dc8f2dc,
Training/notumor/Tr-no_15.jpg,notumor,training,False,42790,eebc325944ed08f43ba3dcdabc9d43e6,600,450,RGB,327171f0e8e06071,
Training/notumor/Tr-no_150.jpg,notumor,training,False,28280,7cc3f40df3f7b00c6fa119ecfb93730f,502,513,RGB,3179e0c4d4ece870,
Training/notumor/Tr-no_151.jpg,notumor,training,False,7119,6c5b433153e823ae18884623d93bfeb5,200,252,RGB,71d8c8c8ec4caac0,
Training/notumor/Tr-no_152.jpg,notumor,training,False,18447,e43cc3022533c898b30efba4a989e239,359,449,RGB,f0f0d0f0d4d4f070,
Training/notumor/Tr-no_153.jpg,notumor,training,False,12064,ac721778aa23419cfae74c8fabd34ac7,225,225,RGB,b260d4f0f0d4e8b0,
Training/notumor/Tr-no_154.jpg,notumor,training,False,10979,9eb9f2c929d940f7333441cf7301f205,225,225,RGB,b269e0e8e8e8cc61,
Training/notumor/Tr-no_155.jpg,notumor,training,False,17485,d878d96555999e2b3f0936c5025c9c0d,330,220,RGB,7978f8fcd8dcece9,
Training/notumor/Tr-no_156.jpg,notumor,training,False,32146,75378ac81f02855ccf2b17a8492f3941,355,452,RGB,71f4ccccd4d4f831,
Training/notumor/Tr-no_157.jpg,notumor,training,False,20484,dbef0dcda2ca0faa6889750f65c426bc,214,236,RGB,e8d4d4d48ed4c461,
Training/notumor/Tr-no_158.jpg,notumor,training,False,21153,2e57c14bdd0c8f0c6c2916119e9ed027,400,442,RGB,32f0e8ccccc8e871,
Training/notumor/Tr-no_159.jpg,notumor,training,False,68106,793e29fa0d0944c1742c86e1a7bc877a,630,630,RGB,3171d4d4d4d4f071,
Training/notumor/Tr-no_16.jpg,notumor,training,False,5760,35770e4cfd325c0befa733e11da1191c,173,201,RGB,f0e8d4e8e8e8e8e8,
Training/notumor/Tr-no_160.jpg,notumor,training,False,21051,f16702fd77330c1ff702156bb2eec3c4,400,442,RGB,71e8c8cccce8f032,
Training/notumor/Tr-no_161.jpg,notumor,training,False,18754,3ae407bc3bbec019934caa81d8378af6,233,218,RGB,68eaf0f292d2ccac,
Training/notumor/Tr-no_162.jpg,notumor,training,False,42331,9b3bed0d7ec19bcabee35114da681343,550,664,RGB,69ccf0e4c4ecf071,
Training/notumor/Tr-no_163.jpg,notumor,training,False,15196,c079dccf65c802f71244b8b7c36e3b19,227,262,RGB,71e8e8cac8c8e0f0,
Training/notumor/Tr-no_164.jpg,notumor,training,False,12864,01175eea16b937c4aa669bb4dd7cd644,235,214,RGB,71e8e4d4d4ece8f0,
Training/notumor/Tr-no_165.jpg,notumor,training,False,12856,208670d4d74e93c59795a71a6e8edaf1,201,251,RGB,d0c86849e88de8e8,
Training/notumor/Tr-no_166.jpg,notumor,training,False,60739,42e06a1398060931e5f7490470f50954,750,750,RGB,043061e8e8e87132,
Training/notumor/Tr-no_167.jpg,notumor,training,False,15923,35136c80edf569bed6960e8db1d6f6bd,225,225,RGB,61e9ccd4ccc8f171,
Training/notumor/Tr-no_168.jpg,notumor,training,False,18352,bbe4e3817fcf574daf45adf8a2915106,236,236,RGB,79f4d0d0dadcaccc,
Training/notumor/Tr-no_169.jpg,notumor,training,False,10703,9cdc3e031d2d1f473fb3448e4cbfe0ab,225,225,RGB,70f0d4d4d4d4d070,
Training/notumor/Tr-no_17.jpg,notumor,training,False,11761,92d345cb0e551329cb0ab0041b1d531f,212,222,RGB,b1e0f0ececdacc78,
Training/notumor/Tr-no_170.jpg,notumor,training,False,12457,92a09eda81f4fea15dea754b78afaa51,235,214,RGB,71e8d8d4d4c8a8f0,
Training/notumor/Tr-no_171.jpg,notumor,training,False,25105,7fc051b5ca96c1f324e74abad857a992,275,301,RGB,d9d4c8c8ccccc8f0,
Training/notumor/Tr-no_172.jpg,notumor,training,False,20292,f3de5c1c10ae61a4605b062a693e0972,512,512,RGB,71e8c4c4e0e06962,
Training/notumor/Tr-no_173.jpg,notumor,training,False,14041,c03743fd455214695410b07a45445df6,210,234,RGB,e8ccf0e8c4cce8e8,
Training/notumor/Tr-no_174.jpg,notumor,training,False,24249,7269784311c0416571c63e4f7b433e2a,236,315,RGB,f896a62b0a8ac4e1,
Training/notumor/Tr-no_175.jpg,notumor,training,False,9018,ddb6cdd61f707b6230456bf7485648ca,225,225,RGB,71d4d4c4d4d47172,
Training/notumor/Tr-no_176.jpg,notumor,training,False,8743,ed1c9f00106192dea2c17d0c06859f7a,225,225,RGB,3171d4d4dcd4d071,
Training/notumor/Tr-no_177.jpg,notumor,training,False,9867,1b02f208a93586ed1e4c017ed4103352,420,280,RGB,3069686861696132,
Training/notumor/Tr-no_178.jpg,notumor,training,False,15257,644c9a2fa1e66c8bac282fccb4bdf62c,339,340,RGB,31f1f0f0f0f07031,
Training/notumor/Tr-no_179.jpg,notumor,training,False,15228,ca5eb4db4a092ef561f73f8e77088902,200,252,RGB,71e4e8cd499d8ed4,
Training/notumor/Tr-no_18.jpg,notumor,training,False,10365,251bc7b5440ceacba3d2dcfea87fb921,225,225,RGB,71f0d4d4d4d47173,
Training/notumor/Tr-no_180.jpg,notumor,training,False,21321,7eb4824fa78d9e22f5131ef19990dfb0,253,239,RGB,71e4e8e8acd2d6cc,
Training/notumor/Tr-no_181.jpg,notumor,training,False,13701,3d9359231e7590ebdbff71add8065923,201,251,RGB,ccaa694948e8f8f1,
Training/notumor/Tr-no_182.jpg,notumor,training,False,21948,3a78092a0aad3cce032ef34c559fa343,428,417,RGB,68cccece8cece861,
Training/notumor/Tr-no_183.jpg,notumor,training,False,57039,457f07acb845989ee16157ff82fd6758,550,664,RGB,69ccf0d8dc8ce871,
Training/notumor/Tr-no_184.jpg,notumor,training,False,7806,0d02c2280e7c0e1060a9bc1f9cc6e300,225,225,RGB,b2f8dcdcd4d4f0b2,
Training/notumor/Tr-no_185.jpg,notumor,training,False,20077,96fed90b309dd592cab446be39b1d42a,233,222,RGB,f8b84f9f8ed4cdcd,
Training/notumor/Tr-no_186.jpg,notumor,training,False,10179,d653837f905a50a7ce18b911dfb0c5c0,228,221,RGB,3178f0f4f0e0f479,
Training/notumor/Tr-no_187.jpg,notumor,training,False,7900,40b1f728d66012b0788d766ac550f5e5,225,225,RGB,b279dcdcd4d4f030,
Training/notumor/Tr-no_188.jpg,notumor,training,False,6523,62f2a2935995581ff512bb7d7e226094,225,225,RGB,6169e8e8c8cc7133,
Training/notumor/Tr-no_189.jpg,notumor,training,False,69496,cd224714f16dd2c0f38cf7e374d341cb,630,630,RGB,71e0d4d4d4d47133,
Training/notumor/Tr-no_19.jpg,notumor,training,False,76351,7a9e39c541dd3d4553fa9112cb1e2453,428,417,RGB,61e8ec8ccececc60,
Training/notumor/Tr-no_190.jpg,notumor,training,False,13578,63a03f84b2d451d56d3ea36c97662478,314,258,RGB,307169e8c8e86030,
Training/notumor/Tr-no_191.jpg,notumor,training,False,28313,b6235bd2b7275a4f9113a217e08e1885,380,530,RGB,0060d484d4d47030,
Training/notumor/Tr-no_192.jpg,notumor,training,False,25331,ed3cb7f0597dc0b0c7de56ba1ca90564,356,474,RGB,31e0e8e8e8e8f071,
Training/notumor/Tr-no_193.jpg,notumor,training,False,7877,d63904bd7e22b46b6d143e3f0b5453da,192,192,RGB,7070d4d4d4d47132,
Training/notumor/Tr-no_194.jpg,notumor,training,False,16776,fe2231f523d6d1cabd4670f11b829773,420,280,RGB,3261696168686930,
Training/notumor/Tr-no_195.jpg,notumor,training,False,3681,6aebc01d66126c7e6307bfdf938e11e8,192,192,RGB,327174f4ccd47030,
Training/notumor/Tr-no_196.jpg,notumor,training,False,26104,833431d3c05dd4975af7ca2b362dfc84,236,300,RGB,60e4eccccce8ccf0,
Training/notumor/Tr-no_197.jpg,notumor,training,False,9261,2506c25a45d1377af6fbaf7d9d8c5c0a,206,244,RGB,78f0d6f4ccccd060,
Training/notumor/Tr-no_198.jpg,notumor,training,False,73777,e0c3ce7e4015c6b109b11b17c60022ff,648,674,RGB,7cfcf4f898d6e6e6,
Training/notumor/Tr-no_199.jpg,notumor,training,False,5908,b4837b862312ae30cdd78fd5b1e38933,225,225,RGB,b2f8dcd4d4d4f0b0,
Training/notumor/Tr-no_2.jpg,notumor,training,False,9861,de6b4576d48cfce186903181bf0ed6ea,201,251,RGB,71f4d494f0b4f0f0,
Training/notumor/Tr-no_20.jpg,notumor,training,False,17015,0cedcdc4ec53849c56db864d2f8209ef,225,225,RGB,39ecf2fcd4aadade,
Training/notumor/Tr-no_200.jpg,notumor,training,False,9230,9dcc30c3f1c77625bf3c356eb1fef2d9,227,262,RGB,71e8e8c8ccc8e0f0,
Training/notumor/Tr-no_201.jpg,notumor,training,False,9487,526af808766e36d80999a964ef6e8b03,225,225,RGB,1361e8e8e8797133,
Training/notumor/Tr-no_202.jpg,notumor,training,False,11695,bc46a4280b8c2bc358594578bfbdc8c5,276,326,RGB,61f4a6b2a694e4e0,
Training/notumor/Tr-no_203.jpg,notumor,training,False,7058,13cd4feb27531f7497fee07de9bafbc7,225,225,RGB,70f0d4d4d4d4f070,
Training/notumor/Tr-no_204.jpg,notumor,training,False,31727,8f9ec2113e9f7af3f7a2cb064d6a5219,512,512,RGB,3169f8f8dcdce871,
Training/notumor/Tr-no_205.jpg,notumor,training,False,7869,c3f045f0b90ef81b5df54a2f90d1d386,225,225,RGB,70e0ccccececf070,
Training/notumor/Tr-no_206.jpg,notumor,training,False,5840,2e5f18f51e1f5a903db1f0d87d935dc0,225,225,RGB,70f0cce8ccc4f070,
Training/notumor/Tr-no_207.jpg,notumor,training,False,8639,f539e630c910f5948bf83d4f1a7a9026,225,225,RGB,30f1e8e8c8e17000,
Training/notumor/Tr-no_208.jpg,notumor,training,False,19027,5bb24e6f73d52c50e2105667ad704db8,237,248,RGB,71e8e8e8d08ccccc,
Training/notumor/Tr-no_209.jpg,notumor,training,False,31147,06f710dd2b1e412feb2055cf6aa59518,468,444,RGB,b070e8e8e8d4d868,
Training/notumor/Tr-no_21.jpg,notumor,training,False,6828,600604d539ebd92e5864d88fb09de33d,225,225,RGB,70f0d4d4d4d4f070,
Training/notumor/Tr-no_210.jpg,notumor,training,False,11818,2b91f94d49e0d8b4a16de50fc205e58f,225,225,RGB,337170f4d8f87933,
Training/notumor/Tr-no_211.jpg,notumor,training,False,6260,ba0bb0472cea6599718e4c5e4ef4919d,225,225,RGB,f0f0d4d4d4dcf8b2,
Training/notumor/Tr-no_212.jpg,notumor,training,False,6093,6057c2a9206f7718dee75c73b1fa87ac,225,225,RGB,70f0ccccc8c8f070,
Training/notumor/Tr-no_213.jpg,notumor,training,False,7521,16a3efd686e5518d8c2dfb0ccd85d2b8,173,201,RGB,e8e8e8e8e8d4e8f0,
Training/notumor/Tr-no_214.jpg,notumor,training,False,64101,709b55e1515506410439becf8024d2ae,629,585,RGB,78d2f0d2d99ab6e6,
Training/notumor/Tr-no_215.jpg,notumor,training,False,30939,b52c60c8b8d5b52ddaddebf06e9d22b1,442,442,RGB,c8c4f0b2f2cccce8,
Training/notumor/Tr-no_216.jpg,notumor,training,False,9250,68803d11b68e5582ccdc179ae9f8276e,150,198,RGB,dcb2e84d4d55aad4,
Training/notumor/Tr-no_217.jpg,notumor,training,False,31516,9fc3b080c7fe9c1d3927b877b975b5f1,359,449,RGB,71f0d4d4f0d0f0f0,
Training/notumor/Tr-no_218.jpg,notumor,training,False,15664,1d4351df70e547d21684fa5a21ca6937,210,264,RGB,32e1d4b496d4fc39,
Training/notumor/Tr-no_219.jpg,notumor,training,False,16776,fe2231f523d6d1cabd4670f11b829773,420,280,RGB,3261696168686930,
Training/notumor/Tr-no_22.jpg,notumor,training,False,306492,0fd660197f112597ad4225a48213405c,550,664,RGBA,69ccf0e4c4cee071,
Training/notumor/Tr-no_220.jpg,notumor,training,False,6021,da2a476aca5e9062374ab9975de99f46,225,225,RGB,3271f8e8f4f0d469,
Training/notumor/Tr-no_221.jpg,notumor,training,False,5684,7dad64ff79ea664162f6b10b5584ec23,192,192,RGB,70f1d4ccd0d071b2,
Training/notumor/Tr-no_222.jpg,notumor,training,False,20691,4b88b25dd180341b1613481f0105d472,233,243,RGB,69cce8dce8eadcb4,
Training/notumor/Tr-no_223.jpg,notumor,training,False,11679,f8ea84d196ada1792d87d4bd3333f0a4,227,222,RGB,69e0ec8ccececc68,
Training/notumor/Tr-no_224.jpg,notumor,training,False,10180,0cc82102690c7ecbba7b211e9dca4da6,225,225,RGB,70f0d4d4d4d4f070,
Training/notumor/Tr-no_225.jpg,notumor,training,False,13049,da5fc0ba9cc27144719fdc27d3a3cc11,225,225,RGB,3170ccccd4d06071,
Training/notumor/Tr-no_226.jpg,notumor,training,False,21954,26133a79a4a7cec78f32cc30438a8bc6,442,454,RGB,3271ccccc8c86171,
Training/notumor/Tr-no_227.jpg,notumor,training,False,9905,285db1c9a5fbb4fb570b51385f02566e,201,251,RGB,f0f0b4f094d4f471,
Training/notumor/Tr-no_228.jpg,notumor,training,False,14803,8d67c8578558895294951bbb9bda56e3,225,225,RGB,b271c4e8d0f4d461,
Training/notumor/Tr-no_229.jpg,notumor,training,False,10915,57aa1991a67eecbf6bd508031304c28d,236,213,RGB,71e1f1e8e0d8e961,
Training/notumor/Tr-no_23.jpg,notumor,training,False,19065,6e6a713e4973eedc2c1a71712aa23fd9,359,449,RGB,71f0d494f0b4f0f0,
Training/notumor/Tr-no_230.jpg,notumor,training,False,18352,bbe4e3817fcf574daf45adf8a2915106,236,236,RGB,79f4d0d0dadcaccc,
Training/notumor/Tr-no_231.jpg,notumor,training,False,49671,b4abf2bb615049dd7c8159232aab79d1,400,442,RGB,71e8cccccce870b2,
Training/notumor/Tr-no_232.jpg,notumor,training,False,10180,0cc82102690c7ecbba7b211e9dca4da6,225,225,RGB,70f0d4d4d4d4f070,
Training/notumor/Tr-no_233.jpg,notumor,training,False,37641,b110f342fe10d1c76cbd4b5b5a57cc75,350,350,RGB,78e4ea9a9ae6ece8,
Training/notumor/Tr-no_234.jpg,notumor,training,False,25251,852be8c96eb9e8073eace575b5ced572,359,449,RGB,71f0d4d4f2b0f0f0,
Training/notumor/Tr-no_235.jpg,notumor,training,False,73953,86c4da692caccbe369acf7c886626083,600,605,RGB,b27170d4d4f46871,
Training/notumor/Tr-no_236.jpg,notumor,training,False,24385,4c79c4229241fd03a439f39cc9333d26,504,540,RGB,f2e0d4ccccc8f0b2,
Training/notumor/Tr-no_237.jpg,notumor,training,False,12088,2f691f92b6bb5a13c6f691a173902144,225,225,RGB,70f0d4ccd4d4f070,
Training/notumor/Tr-no_238.jpg,notumor,training,False,12232,76fbde3a6fbb84079cf4a85cf9734be9,228,221,RGB,f968e8eccccce471,
Training/notumor/Tr-no_239.jpg,notumor,training,False,40900,52c920300f08a872032ae4c38cbfbf20,512,512,RGB,7269e0e8c4cce871,
Training/notumor/Tr-no_24.jpg,notumor,training,False,29116,5b6ca7a5a94398ac120fdb5d1003a120,428,417,RGB,e9cc8c8ccec8e869,
Training/notumor/Tr-no_240.jpg,notumor,training,False,16654,13fd32f4b20c92e1f12c974210ec3248,222,252,RGB,69e0d4d496aad4f0,
Training/notumor/Tr-no_241.jpg,notumor,training,False,9238,74e300144fd708559fd0200b6e927db5,225,225,RGB,70f0d4d4d4d4f070,
Training/notumor/Tr-no_242.jpg,notumor,training,False,25605,3a32ad37c9b830034f9b5dd5635099db,472,537,RGB,70ecd29296ccfcec,
Training/notumor/Tr-no_243.jpg,notumor,training,False,7165,e0faf75feb91fcaa8638ca4a4f9d17ba,225,225,RGB,3169f8e8dcdce871,
Training/notumor/Tr-no_244.jpg,notumor,training,False,15584,840b8071cc3279b6332301470adccc98,208,225,RGB,71d48eaab296d461,
Training/notumor/Tr-no_245.jpg,notumor,training,False,17788,b2545b21f51c996ff97cf0b2d1664cb7,208,242,RGB,e0c8c8cccccccee0,
Training/notumor/Tr-no_246.jpg,notumor,training,False,12880,47864e2bd360ebe9e0c5357428e90507,200,252,RGB,e8c8ccce8e96cce0,
Training/notumor/Tr-no_247.jpg,notumor,training,False,10938,55059c3698134cd82579dcff019f52e4,236,251,RGB,3279cc96b2d8e132,
Training/notumor/Tr-no_248.jpg,notumor,training,False,58538,a0bb7fb086b7397c51527ca0506f45b1,416,489,RGB,70e8929b9292f4f0,
Training/notumor/Tr-no_249.jpg,notumor,training,False,7066,acbab50d5e1b53b3a2e9ead2eff0bb0e,225,225,RGB,70f0d4d4d4d4f070,
Training/notumor/Tr-no_25.jpg,notumor,training,False,14930,09bc9d4cef5085f0e82d9a259004746b,218,231,RGB,31e8e8e8cccce8e8,
Training/notumor/Tr-no_250.jpg,notumor,training,False,13582,665bf16ea1489fb798ee0dd3acaade79,236,236,RGB,70f0ee9a9ceeee9c,
Training/notumor/Tr-no_251.jpg,notumor,training,False,54027,5f3f35febe40fd2cb6b373b78e92780c,630,630,L,70f0d4d4d4d4f070,
Training/notumor/Tr-no_252.jpg,notumor,training,False,14779,3df3298f76987128ea39e7ac8a7d26ea,232,217,RGB,3168e8ece8e8f870,
Training/notumor/Tr-no_253.jpg,notumor,training,False,30673,8f3c126d49485b3289f16ea5e8a7b8df,630,630,RGB,b2e0c4c4d4d4f0b0,
Training/notumor/Tr-no_254.jpg,notumor,training,False,5706,e13a3500e495f36a3ac1a47590180d73,173,201,RGB,e8e8e8e8e8d4e8f0,
Training/notumor/Tr-no_255.jpg,notumor,training,False,11791,632120a6491595c8f2646222e132159e,225,225,RGB,c8d4d4d4b0f0d4e0,
Training/notumor/Tr-no_256.jpg,notumor,training,False,11430,712f5f678165118258d51f95a1d430f5,206,244,RGB,78f0d4f4d4ccd0e0,
Training/notumor/Tr-no_257.jpg,notumor,training,False,38244,d714400d805bd76db205020e1e8793f1,439,512,RGB,c9f8e878e8cc88f0,
Training/notumor/Tr-no_258.jpg,notumor,training,False,282592,be979313d8730a67d6e98af76a31d20d,1375,1446,RGB,c8ccd0ccd4ccec78,
Training/notumor/Tr-no_259.jpg,notumor,training,False,7640,0a439093f52cc5cf98893b6d82023fb2,150,198,RGB,dcf2c84d4d558ad4,
Training/notumor/Tr-no_26.jpg,notumor,training,False,15280,cb48e8818230050ba450b276bc2755f5,225,225,RGB,71e8d4d4d4d47171,
Training/notumor/Tr-no_260.jpg,notumor,training,False,7656,fa656f0c1a51c3b4cbd5c9e712656cc8,218,231,RGB,79e8e8e8ccdce8e8,
Training/notumor/Tr-no_261.jpg,notumor,training,False,11184,c767afc139c419a9bb2d0fe292730951,236,251,RGB,32c9dcb4b2a2c461,
Training/notumor/Tr-no_262.jpg,notumor,training,False,8522,5bde3eb0e3625a789f421b696b6a3096,225,225,RGB,73f1c8ccd4e8f171,
Training/notumor/Tr-no_263.jpg,notumor,training,False,33196,61e676baf05abcdf63de77990e42e059,550,664,RGB,69ccf0e4c4cee071,
Training/notumor/Tr-no_264.jpg,notumor,training,False,7600,c729e8808b45042814fe1676fb3b2fa0,206,244,RGB,f9f4ccc4d090f0e1,
Training/notumor/Tr-no_265.jpg,notumor,training,False,13605,a0a44ba2bb1229028d5ff4ba017b7303,225,225,RGB,70f0d4c4d4d4f070,
Training/notumor/Tr-no_266.jpg,notumor,training,False,42842,ddc078bd915180ad86e3f60c2e57ebc3,550,664,RGB,68ccf0d8dcc8e070,
Training/notumor/Tr-no_267.jpg,notumor,training,False,8729,43c78211c6e1a083d7107c12bfb2d76a,225,225,RGB,70f0d4d4d4d4f070,
Training/notumor/Tr-no_268.jpg,notumor,training,False,29298,ebe6d5d8286f71fa992ed715554ee0ca,339,340,RGB,3171e0f0f0d06831,
Training/notumor/Tr-no_269.jpg,notumor,training,False,8228,bcb0941f2d9cb2405fdc76e2d777dc5f,209,242,RGB,71e8e8c8ccece8f0,
Training/notumor/Tr-no_27.jpg,notumor,training,False,7488,d702b168018233bc60b1407368f448ad,177,197,RGB,70e8e8e8e8cce871,
Training/notumor/Tr-no_270.jpg,notumor,training,False,37689,f78584fe6b4c63abc84a1b2ecb6ce73f,630,630,RGB,b2e0c4c4d4d4f0b0,
Training/notumor/Tr-no_271.jpg,notumor,training,False,7913,fee84e5791fb5d0c4acd9a7edcc61dce,225,225,RGB,b0e8d4f0f0f460b2,
Training/notumor/Tr-no_272.jpg,notumor,training,False,43622,907881bec98d901fc8f380b625dc19c1,630,630,RGB,b0f0d4d4c4c4e0b2,
Training/notumor/Tr-no_273.jpg,notumor,training,False,29392,eaed62da90b11d4efc075a06ac31932d,364,418,RGB,f0e8e8ccccc88ae8,
Training/notumor/Tr-no_274.jpg,notumor,training,False,33012,02ca354a9c6dcfb0d234f3990937191d,446,512,RGB,0271f8cccccce838,
Training/notumor/Tr-no_275.jpg,notumor,training,False,12237,bdd44deccd89e3fbb600afd18878a9ac,236,262,RGB,71e8e8e8ccccc879,
Training/notumor/Tr-no_276.jpg,notumor,training,False,9548,7bdba228cf4b25547961f9bdc56cee2a,218,231,RGB,61e8e8e8ccc4e8e8,
Training/notumor/Tr-no_277.jpg,notumor,training,False,30294,2c573b33740bcc44dc5abdff6d0a4788,468,444,RGB,70f1e8e8e8d4d4e9,
Training/notumor/Tr-no_278.jpg,notumor,training,False,21145,72325cce2b3a1f3833d38e8e82a1e996,400,442,RGB,32f0e8ccccc8e871,
Training/notumor/Tr-no_279.jpg,notumor,training,False,36763,61ef6f873d653c09e598a5aabbddd524,350,350,RGB,b8c9c8ccf0e8c4f0,
Training/notumor/Tr-no_28.jpg,notumor,training,False,14964,6540b075d2203949621fb7e5319e51d3,236,236,RGB,b0d4d2f2f0f8f8e9,
Training/notumor/Tr-no_280.jpg,notumor,training,False,45175,bdad00de17000453a6986b7064548f21,512,512,RGB,00f178ece8e87030,
Training/notumor/Tr-no_281.jpg,notumor,training,False,12785,55bc232802b2c8122e875919c6ccbcfa,225,225,RGB,00f178ece8e87030,
Training/notumor/Tr-no_282.jpg,notumor,training,False,33034,06918f190df4f021470c0d636b30cee5,550,664,RGB,71e0cec4e4f0cc69,
Training/notumor/Tr-no_283.jpg,notumor,training,False,47042,d98d2fe003344120dcef8bfab42ecc2c,428,417,RGB,69e8cc8ccececc60,
Training/notumor/Tr-no_284.jpg,notumor,training,False,43710,11b8cd45b5fb07384f4e8adfafaed387,630,630,L,70f0d4ccd4d4f070,
Training/notumor/Tr-no_285.jpg,notumor,training,False,10650,866a5a608e661eb2bd5bbdff7add0abd,215,234,RGB,b1f0e8ecccc8e8f1,
Training/notumor/Tr-no_286.jpg,notumor,training,False,25348,8f28d62d4262b492f7838e8653bc6ee5,356,474,RGB,71f0e8e8e8e8e031,
Training/notumor/Tr-no_287.jpg,notumor,training,False,10547,8dfd3d4fdfc9d27e0967aa2e41b9e159,225,225,RGB,7371d4d4d4d4f071,
Training/notumor/Tr-no_288.jpg,notumor,training,False,82291,e42b3eea55b05907ab362e2789dc2afa,630,630,RGB,3171d4d4dcd4d071,
Training/notumor/Tr-no_289.jpg,notumor,training,False,20567,7113642c23bc3e0e49a77a0e7d14ca71,236,223,RGB,68eaf09292d6ccac,
Training/notumor/Tr-no_29.jpg,notumor,training,False,10180,0cc82102690c7ecbba7b211e9dca4da6,225,225,RGB,70f0d4d4d4d4f070,
Training/notumor/Tr-no_290.jpg,notumor,training,False,18734,0961a3d77693e06c0448cf32545399be,380,530,RGB,0060d484d4d47030,
Training/notumor/Tr-no_291.jpg,notumor,training,False,29117,1ca665c4698503ffe21bbdf746a213b2,400,442,RGB,b270e8ccc4ece871,
Training/notumor/Tr-no_292.jpg,notumor,training,False,15035,d795de8b9314fe99576e961fd4859590,235,261,RGB,71f0d6eaa892d4e8,
Training/notumor/Tr-no_293.jpg,notumor,training,False,4386,a83cb7f08470fe605a874d75e12aec8a,150,198,RGB,dcb2c94d4d558ad0,
Training/notumor/Tr-no_294.jpg,notumor,training,False,6931,5d3e399f17b431ea456168be48a6591a,232,217,RGB,007070e4f4717000,
Training/notumor/Tr-no_295.jpg,notumor,training,False,26848,73365480e18936285cece3d5392eaf56,350,350,RGB,9271e8ccccece870,
Training/notumor/Tr-no_296.jpg,notumor,training,False,5400,f2d752015a3e051d3c185d49efab64b5,218,231,RGB,79e8e8e8ccdce8e8,
Training/notumor/Tr-no_297.jpg,notumor,training,False,9624,eafa55390fa62761c0fbfab4a1d9ad77,228,221,RGB,60e1e8c8cce8d871,
Training/notumor/Tr-no_298.jpg,notumor,training,False,16158,35be81f4e30b52843e0ec3b93aaf79a7,278,253,RGB,f0f0e8f4f0d4f4f0,
Training/notumor/Tr-no_299.jpg,notumor,training,False,18704,8f69a241813a14458584fae736fbc0cf,236,250,RGB,7cfcf4f898d6e6e6,
Training/notumor/Tr-no_3.jpg,notumor,training,False,8180,5ed04e936c2ca5be7b78620bfe7be8d8,236,236,RGB,d0e0e8e8ccc8e0f0,
Training/notumor/Tr-no_30.jpg,notumor,training,False,16792,9b45493bb19ef42b7c01ba2a8249c6ce,200,210,RGB,6cfcead89a86e4cc,
Training/notumor/Tr-no_300.jpg,notumor,training,False,11593,1f8e24f187a6ccdeb6cf9ff4122f1227,212,280,RGB,12786cccc4c46831,
Training/notumor/Tr-no_301.jpg,notumor,training,False,7847,452981199f941ea1c7ce07f1a14c453c,225,225,RGB,c8d4d4d4b0f0d4e8,
Training/notumor/Tr-no_302.jpg,notumor,training,False,29004,8530d64b0697a54268bc5d3a3fc960ad,380,530,RGB,00f8d4ded4d4f130,
Training/notumor/Tr-no_303.jpg,notumor,training,False,40699,da1f6dc0235a585e6b719c3ad0977012,630,630,RGB,b261c4c4d4d4f030,
Training/notumor/Tr-no_304.jpg,notumor,training,False,34775,8d5cb4ac464ba805ec639f4c38da6191,512,512,RGB,3169f0e8dcdce871,
Training/notumor/Tr-no_305.jpg,notumor,training,False,33849,48103b0bdb35c0ee3d45c8b302098f96,456,501,RGB,c190a864a6888889,
Training/notumor/Tr-no_306.jpg,notumor,training,False,10478,c9f1ee736629f22ebd8126aa1202bbb8,225,225,RGB,7161e8e8ecec7133,
Training/notumor/Tr-no_307.jpg,notumor,training,False,12290,be2baf9b6e3702b044ea69563fdd0b52,203,248,RGB,68e8cce4e8d0d45c,
Training/notumor/Tr-no_308.jpg,notumor,training,False,25759,24e83deaaae9ab0f15565690e474f5fc,236,357,RGB,71e8e8c8c8e8c8f0,
Training/notumor/Tr-no_309.jpg,notumor,training,False,7915,2096c365f8ffbd0417a4f8930bee0865,225,225,RGB,69d4f0f4e8f87132,
Training/notumor/Tr-no_31.jpg,notumor,training,False,53928,ae6059e90daa310d82dccfcf62a603c3,630,630,RGB,72e9e8f0f0e869e8,
Training/notumor/Tr-no_310.jpg,notumor,training,False,7779,0fd8d5b2406a446db256bda95017cf9e,225,225,RGB,70f0ccccc8c8f070,
Training/notumor/Tr-no_311.jpg,notumor,training,False,7945,ae7c8111179cb144c6ab362b77ac7d65,150,198,RGB,c4b0ec4d4d55aed4,
Training/notumor/Tr-no_312.jpg,notumor,training,False,10651,73437eabee6b1ae4723b444c9271b2a5,214,236,RGB,69dc968ad4d4d4f0,
Training/notumor/Tr-no_313.jpg,notumor,training,False,9524,7578eda8ae3e386ccc54440be4e3432f,228,221,RGB,72e1f0d0f0f8d061,
Training/notumor/Tr-no_314.jpg,notumor,training,False,36796,e71ce456b9d3b690feda282db3caa5d9,630,630,RGB,7271d4d4c4d4d471,
Training/notumor/Tr-no_315.jpg,notumor,training,False,165993,342b29d63e0103afbe3fab52b8536af2,850,872,RGB,71f0d4f4b2d4f831,
Training/notumor/Tr-no_316.jpg,notumor,training,False,9228,a33a6def4dfa739377a9da6e9510278b,225,225,RGB,61e8e8e8e8e061b2,
Training/notumor/Tr-no_317.jpg,notumor,training,False,9757,1a680a17439838d8eedb7fce39e35dea,207,243,RGB,78ecececccece470,
Training/notumor/Tr-no_318.jpg,notumor,training,False,22467,43b6108d86dfaa83423ebaf38943b1d3,442,454,RGB,7171ececcccc7133,
Training/notumor/Tr-no_319.jpg,notumor,training,False,8856,54c62042469ae33523d40cf2e9c09b34,225,225,RGB,6169e8e8c8cc7133,
Training/notumor/Tr-no_32.jpg,notumor,training,False,9661,eb6f1edfda5be74759fce0f59c9cc943,225,225,RGB,1361e8e8e8797133,
Training/notumor/Tr-no_320.jpg,notumor,training,False,30804,2c78a41ae700682d357fb1bf937fd2fa,630,630,RGB,b0f0d4d4dcdcf8b2,
Training/notumor/Tr-no_321.jpg,notumor,training,False,34504,5dfd13159102cb8326e912736818ff42,630,630,RGB,3171d4d4dcd4d471,
Training/notumor/Tr-no_322.jpg,notumor,training,False,30907,30e12e819877a94fab2aa35b100ae645,630,630,L,70f0d4d4d4d4f070,
Training/notumor/Tr-no_323.jpg,notumor,training,False,7861,b4cffbc214ceb7e332eb1dff6ff8a444,192,192,RGB,3271d4d4d4d47070,
Training/notumor/Tr-no_324.jpg,notumor,training,False,7971,4b11f2852ff89ac0fb40f27016ef8095,150,198,RGB,d4ae554d4decb0c0,
Training/notumor/Tr-no_325.jpg,notumor,training,False,10709,5cba73d939059697c0183cf830f339bd,234,218,RGB,027178e8e8e0e069,
Training/notumor/Tr-no_326.jpg,notumor,training,False,20278,dbc0377d3a893f670d0b5136c4d4e6d5,512,512,RGB,6269e0e0c4c4e871,
Training/notumor/Tr-no_327.jpg,notumor,training,False,20820,355871f816645a958563f873375486ff,236,236,RGB,39f0e8ccd8d4e464,
Training/notumor/Tr-no_328.jpg,notumor,training,False,5721,5831570fb6ae4c3fb1b2ec1201a0d991,225,225,RGB,70f0ccc8ccccf070,
Training/notumor/Tr-no_329.jpg,notumor,training,False,11727,c22d45a3525c6c1cb2bb393528162841,201,250,RGB,71d4d49696aad468,
Training/notumor/Tr-no_33.jpg,notumor,training,False,10764,abc9f201b392dad28c540a188b1d9244,228,221,RGB,7168f4d4f0f2f479,
Training/notumor/Tr-no_330.jpg,notumor,training,False,8733,78c6f2102e0ba73c47a344d2880b4071,225,225,RGB,b2f8dcdcd4d4f0b2,
Training/notumor/Tr-no_331.jpg,notumor,training,False,9686,7bfcc82552adae4a42fa943ae97051da,201,251,RGB,f0f0d2b0d6d4d070,
Training/notumor/Tr-no_332.jpg,notumor,training,False,59850,d6172ae0a9ae2b58a3c67ad4812be2a1,380,530,RGB,3070d4d484d46000,
Training/notumor/Tr-no_333.jpg,notumor,training,False,7395,df32b58f69b6919dcf36b7d8ee83be05,236,213,RGB,707870e8e8e06878,
Training/notumor/Tr-no_334.jpg,notumor,training,False,6144,2d8972b4811049fee023e31b0b5e6163,227,222,RGB,61e8ec8ccececc60,
Training/notumor/Tr-no_335.jpg,notumor,training,False,7884,ca3bd0bac336ef8ca03a976173d40e68,225,225,RGB,70f0ececccccf070,
Training/notumor/Tr-no_336.jpg,notumor,training,False,11421,60e89afed7faaf91fbf1002ccdcbc611,254,198,RGB,f0e4f8d4dae4ec6c,
Training/notumor/Tr-no_337.jpg,notumor,training,False,19848,415d373d5e0852af267751a0c1983836,227,262,RGB,f0e8ecccece8e871,
Training/notumor/Tr-no_338.jpg,notumor,training,False,24017,6acb7d1d6943390cb744733d7fc53c76,468,444,RGB,3170e0e8ead4d46c,
Training/notumor/Tr-no_339.jpg,notumor,training,False,7161,125b924df493fde416f7b6a013263486,225,225,RGB,70f0d4d4d4d4f070,
Training/notumor/Tr-no_34.jpg,notumor,training,False,14533,0d2b9aa3b0a846d39841b6df8f72be72,205,214,RGB,71d4968aae96d470,
Training/notumor/Tr-no_340.jpg,notumor,training,False,8309,9b95189cc3d9cfda16291a26c808c7b6,201,251,RGB,e1e8e8484969aacc,
Training/notumor/Tr-no_341.jpg,notumor,training,False,78104,fdea69d8f1eaf6ad0933a4e4ba3cc4f6,680,680,RGB,b170e0e8ecf0f069,
Training/notumor/Tr-no_342.jpg,notumor,training,False,32871,f77a4a5753806915e692e24626e54300,393,400,RGB,70f1d0d4d4d4f071,
Training/notumor/Tr-no_343.jpg,notumor,training,False,22175,62dee272d0cfae9d70300edede33155a,442,454,RGB,7161c8c8cccc7132,
Training/notumor/Tr-no_344.jpg,notumor,training,False,14271,ab557cb36fe189781cb124e8119945b1,209,234,RGB,e8ccf8e8d4cce8e8,
Training/notumor/Tr-no_345.jpg,notumor,training,False,26927,5ea045fd9007f5b2d54473fb90ee951a,442,442,RGB,b278e8c8cccce871,
Training/notumor/Tr-no_346.jpg,notumor,training,False,13653,99a9b7e8335e6d7d333a645f024038e1,235,216,RGB,8e3340e6b26433d6,
Training/notumor/Tr-no_347.jpg,notumor,training,False,5758,7ad8460ca454f9b05aa869952c5f1063,225,225,RGB,b269e0e8e8e8cc61,
Training/notumor/Tr-no_348.jpg,notumor,training,False,18245,c447fd25166699ce8984ddf18b0f55a2,236,236,RGB,78f0f4e092dee6e6,
Training/notumor/Tr-no_349.jpg,notumor,training,False,17096,d3692b5c51d63ded1b913019a2027789,224,286,RGB,69f4d4d4a8aad4f8,
Training/notumor/Tr-no_35.jpg,notumor,training,False,5316,ccfff7250b6b04676662c3a81d289782,173,201,RGB,e8e8e8e8e8d4e8f0,
Training/notumor/Tr-no_350.jpg,notumor,training,False,15621,2fbb196a5602a19b707418bf5a1c56bf,225,225,RGB,7961c8eccccc7033,
Training/notumor/Tr-no_351.jpg,notumor,training,False,10846,7ff61eeab3dd590beb6a5ea5be33bdcd,225,225,RGB,70f0d4d4d4d4d070,
Training/notumor/Tr-no_352.jpg,notumor,training,False,33222,8d3815d7ea2015ce5d6dd5edb8ffdf9a,504,540,RGB,b0f0ecccccd4f8b0,
Training/notumor/Tr-no_353.jpg,notumor,training,False,8818,8a033c7b69de5efa5270f2307eea4a06,225,225,RGB,70f0cccccce8f070,
Training/notumor/Tr-no_354.jpg,notumor,training,False,14962,3b6ef5512b42228d412c5247f9f53ff5,228,221,RGB,f968e8eccce8e471,
Training/notumor/Tr-no_355.jpg,notumor,training,False,19830,f6a9eaf4aa3433477850ac6883e7f961,201,251,RGB,f0f0b2f2d494d4f0,
Training/notumor/Tr-no_356.jpg,notumor,training,False,50259,f026747e5401d8a361e0566ad9166b5d,626,575,RGB,b069e8e8ccd47030,
Training/notumor/Tr-no_357.jpg,notumor,training,False,8790,dd4ce80b4b99672d79d1a23f4f52ab02,230,282,RGB,71f4c4cccce8e833,
Training/notumor/Tr-no_358.jpg,notumor,training,False,13879,d7b8c5133dfd63f6de881062d5fc9f93,208,248,RGB,e8f0ccccecd4f8f0,
Training/notumor/Tr-no_359.jpg,notumor,training,False,49609,c6137a2108587723850ee8ebd0d30789,400,442,RGB,32f1e8cccccce871,
Training/notumor/Tr-no_36.jpg,notumor,training,False,11592,82cd6e9c75e1f5f3a5dec7aa9af4152c,201,250,RGB,71d4d49696aad4e8,
Training/notumor/Tr-no_360.jpg,notumor,training,False,8657,2f3fd272dbe51e1005cd30dae8aa13e1,225,225,RGB,3070e8e8ec78f100,
Training/notumor/Tr-no_361.jpg,notumor,training,False,17659,5eceadf1ea6f5a1062a254fbbe12e7bf,201,250,RGB,e8d4a296d6d4d471,
Training/notumor/Tr-no_362.jpg,notumor,training,False,12624,f4a6f0089b53f4f15640c03704624cd7,235,233,RGB,69e888f0f8f0d469,
Training/notumor/Tr-no_363.jpg,notumor,training,False,62712,a2cddba09a5b7cc4a77d84c2db9f7899,430,483,RGB,79e4d6969296d8f8,
Training/notumor/Tr-no_364.jpg,notumor,training,False,7803,af3a478127cdc55afc89afefe90260a7,228,221,RGB,70d8e8ccc8e8e160,
Training/notumor/Tr-no_365.jpg,notumor,training,False,26145,bca402ba95baff7510626e5403a4971d,350,350,RGB,b269e0e8e8e8cc61,
Training/notumor/Tr-no_366.jpg,notumor,training,False,12087,9019bae22d5b28c30f75e148f9bbff1e,228,221,RGB,71e4ccccecf868f9,
Training/notumor/Tr-no_367.jpg,notumor,training,False,6653,17f984a9544afcb70c85602f50508741,192,192,RGB,327174f4ccd470b0,
Training/notumor/Tr-no_368.jpg,notumor,training,False,9873,f6d5c905aa5aa1433b37275cad3cc4ca,232,217,RGB,3178e8ece8e8f870,
Training/notumor/Tr-no_369.jpg,notumor,training,False,38903,1d0442fd2d823702d83a75ba8fb886c9,504,540,RGB,b070ecccccd4f8b0,
Training/notumor/Tr-no_37.jpg,notumor,training,False,25439,c07d0b44b49ffa149c6415a6174fa9b9,359,449,RGB,71f0d4d4b0d2f0f0,
Training/notumor/Tr-no_370.jpg,notumor,training,False,35843,e25f555e0aab054df7c21bdfab765bd1,400,442,RGB,32f1e8ccdcc8e871,
Training/notumor/Tr-no_371.jpg,notumor,training,False,61345,d9c32d64bae1e0350522351c6a7cea0b,630,630,RGB,70f0d4d4d4d4f070,
Training/notumor/Tr-no_372.jpg,notumor,training,False,8948,36ee4d2806a56198f5d331bc63b5e9c1,230,282,RGB,71d0dccccce8e833,
Training/notumor/Tr-no_373.jpg,notumor,training,False,95946,95ad87900eb30b7c156a33370957c13b,680,680,RGB,62f1f8e8c8f0f061,
Training/notumor/Tr-no_374.jpg,notumor,training,False,10940,9109705dd3afe2731ba2484789df026e,201,250,RGB,71d4d49696aad468,
Training/notumor/Tr-no_375.jpg,notumor,training,False,6399,dcef70022c5c6d430c69a8b31336557c,201,250,RGB,71d4d49696aad468,
Training/notumor/Tr-no_376.jpg,notumor,training,False,23703,0f4f52fdf26e4689daa7eff79a2e17ba,321,351,RGB,714cd6b2ba96dc79,
Training/notumor/Tr-no_377.jpg,notumor,training,False,6014,74fe56272c80bfb58202b4f7afd6df72,192,192,RGB,b271d0d0ccd47170,
Training/notumor/Tr-no_378.jpg,notumor,training,False,9013,78af9b32838cc236c50d12fe90d2eea3,201,250,RGB,e8d4aa9296d4d471,
Training/notumor/Tr-no_379.jpg,notumor,training,False,10307,e239ed30032f51ea6a14f9b1193012c4,225,225,RGB,30f0d4ccd4d4f070,
Training/notumor/Tr-no_38.jpg,notumor,training,False,16448,16070d6308e588331f6706db73380438,196,257,RGB,f0e0f4f6d496d4e8,
Training/notumor/Tr-no_380.jpg,notumor,training,False,17506,1f23dacaac228811e45af94981be031c,236,236,RGB,78dcf8ec989eceee,
Training/notumor/Tr-no_381.jpg,notumor,training,False,6013,e99824501d736f8433418be8da3c32d5,192,192,RGB,b070d4ccf4f471b2,
Training/notumor/Tr-no_382.jpg,notumor,training,False,10435,2c92b773c1dd7f7d171d08bfcb1e486c,225,225,RGB,3371c8c8e8e86971,
Training/notumor/Tr-no_383.jpg,notumor,training,False,18772,9c856845544d5264bebfadbad48eb175,236,268,RGB,71aa8accd0e0d8e9,
Training/notumor/Tr-no_384.jpg,notumor,training,False,8845,b060608b6043e8027e12842df753c31a,225,225,RGB,3371ccc8e8e86961,
Training/notumor/Tr-no_385.jpg,notumor,training,False,9863,e2dab3ca83d71a3cb0b32fc8434b545a,420,280,RGB,3261696168686930,
Training/notumor/Tr-no_386.jpg,notumor,training,False,7266,636cc44226b6c31723e02ef144d9e6d2,225,225,RGB,b269e0e8e8e8cc61,
Training/notumor/Tr-no_387.jpg,notumor,training,False,17506,1f23dacaac228811e45af94981be031c,236,236,RGB,78dcf8ec989eceee,
Training/notumor/Tr-no_388.jpg,notumor,training,False,18154,aefc8e18544fc436f74fb90128910a57,276,326,RGB,61f4a6b2a694e4e0,
Training/notumor/Tr-no_389.jpg,notumor,training,False,10976,be5ba993f511e6965ff3ced4fec3cc1c,234,218,RGB,027178e8e8e0e069,
Training/notumor/Tr-no_39.jpg,notumor,training,False,21151,507b8cce35345774276e288c48b575ef,400,442,RGB,b370e8ccccece870,
Training/notumor/Tr-no_390.jpg,notumor,training,False,5114,0a6b7d0d6665c38f4c94db5980bcf661,228,221,RGB,3178f0f4f0e0f479,
Training/notumor/Tr-no_391.jpg,notumor,training,False,8228,e49f76019b513257ead12dec87b53394,225,225,RGB,e0d4b0f2d4d4d4ec,
Training/notumor/Tr-no_392.jpg,notumor,training,False,10111,68bd85d48d663c695a67f531d69c1fe8,420,280,RGB,b0796979e9696930,
Training/notumor/Tr-no_393.jpg,notumor,training,False,19873,f64f067011c779dff68960c26256d8c8,441,442,RGB,71c8ecc8ccc8e871,
Training/notumor/Tr-no_394.jpg,notumor,training,False,11677,2e43e8dcce5cf44bb08d62d179e2dce8,218,231,RGB,31e8e8e8ccc8c8e8,
Training/notumor/Tr-no_395.jpg,notumor,training,False,15269,65aaa27c5b9f655ef9efcdf75519339a,218,231,RGB,71e8e8e8ccc4e8e8,
Training/notumor/Tr-no_396.jpg,notumor,training,False,10096,98b4da1ea4f4af862155037daa2f77f0,206,244,RGB,78f0d6f4d4ccd060,
Training/notumor/Tr-no_397.jpg,notumor,training,False,5862,a0a5d277244205e68bbb70073837d5f1,300,168,RGB,b0b27169697169b2,
Training/notumor/Tr-no_398.jpg,notumor,training,False,13101,ed3028f03f117994d0a136ef9956633b,215,234,RGB,f1f0cceccadae8f0,
Training/notumor/Tr-no_399.jpg,notumor,training,False,33424,d82fae270c9f77fb5f8b21fa3eb9965b,393,400,RGB,7170f4d4d4d4f071,
Training/notumor/Tr-no_4.jpg,notumor,training,False,14730,96ada10c960bf7138a812539173893ab,232,217,RGB,72e1e8c8e8e8e0f1,
Training/notumor/Tr-no_40.jpg,notumor,training,False,107824,7ce25d17c7839af995b51e5e308cbd08,825,832,RGB,3169d4d4f0f0f871,
Training/notumor/Tr-no_400.jpg,notumor,training,False,34394,5474914546a6267f70286341ef9c9052,630,630,RGB,3171d4d4dcd4d471,
Training/notumor/Tr-no_401.jpg,notumor,training,False,8148,f1784c8124c232869b15ec455802ed9d,225,225,RGB,61d4f0d0c8e07132,
Training/notumor/Tr-no_402.jpg,notumor,training,False,12924,6adb3990b0e97423215e58e5c1c2e91e,201,251,RGB,71f4d4d4f2b0f0f0,
Training/notumor/Tr-no_403.jpg,notumor,training,False,12637,598f17c0ec4018ec17c037a6406f4945,201,251,RGB,f0f0b0f2d4d4f471,
Training/notumor/Tr-no_404.jpg,notumor,training,False,24654,04cbc0687a49922eaad5d4ad1cac9cb1,512,512,RGB,7269e0e0c4cce071,
Training/notumor/Tr-no_405.jpg,notumor,training,False,8913,982f6ab1d04eb2b4970f9ff54542fb96,230,282,RGB,33e8e8ccccc4f471,
Training/notumor/Tr-no_406.jpg,notumor,training,False,9212,0778b513768265a0fb2b335fa8cc24dd,236,213,RGB,f1e1e0e8e8f8e961,
Training/notumor/Tr-no_407.jpg,notumor,training,False,20420,68ebae69c42bbb3a6f525a0d966c66fe,236,309,RGB,71cc8e8fab8ad470,
Training/notumor/Tr-no_408.jpg,notumor,training,False,12598,fc6ff0af19a89f3e2c2c4b1d7f5b9dc6,236,236,RGB,70e8cc8c94d4d972,
Training/notumor/Tr-no_409.jpg,notumor,training,False,32004,39d48a336c87df30be64734d51349f26,504,540,RGB,f2e0d4ccccc8f0b2,
Training/notumor/Tr-no_41.jpg,notumor,training,False,70115,4153b4c54d40f7533aa20b47f0c69278,630,630,RGB,3371d4d4d4d4e071,
Training/notumor/Tr-no_410.jpg,notumor,training,False,37547,75b704201c2125c4ac02a0acf836802d,331,406,RGB,f0b494d496b2d0e0,
Training/notumor/Tr-no_411.jpg,notumor,training,False,36062,9a96042ca9379abbdb7be132cb833221,630,630,RGB,b279e8e8c0c470b2,
Training/notumor/Tr-no_412.jpg,notumor,training,False,21850,ddc6fd51d45cb3a708c10fb921485ce9,236,366,RGB,f8d89d9a38d74fb3,
Training/notumor/Tr-no_413.jpg,notumor,training,False,12496,effcde21ef13908e6b3086a57f205d97,206,244,RGB,e1f094d0d4ccf4e8,
Training/notumor/Tr-no_414.jpg,notumor,training,False,21915,10d71c4adf53f3d0790f00092cd7b099,442,454,RGB,3271ccccc8c86171,
Training/notumor/Tr-no_415.jpg,notumor,training,False,40209,083b5fb9b7819e3c4dc5e9b3a7b824a0,275,301,L,d9d4c8c8ccccc8f0,
Training/notumor/Tr-no_416.jpg,notumor,training,False,12461,1387112a2ca5824007c964f73761ca75,235,229,RGB,6060e8e8c8e8d870,
Training/notumor/Tr-no_417.jpg,notumor,training,False,63183,c95dcd1657bfd03889dac44cb6038d79,550,664,RGB,e9ccf0e4c4cae071,
Training/notumor/Tr-no_418.jpg,notumor,training,False,6780,dc7d6146f1e3bdfe054df9e0047b6716,300,168,RGB,30b26969697969b2,
Training/notumor/Tr-no_419.jpg,notumor,training,False,15574,f38666c045376195d91213c94ccd1e2f,225,225,RGB,7171d4d4d4d4e071,
Training/notumor/Tr-no_42.jpg,notumor,training,False,8493,5ac9df6391579a6e94698342330b0489,225,225,RGB,00f178ece8e87030,
Training/notumor/Tr-no_420.jpg,notumor,training,False,9387,4c8a57ca4fda6790732ae397b23acfa3,220,212,RGB,3179d0f0f0c8f071,
Training/notumor/Tr-no_421.jpg,notumor,training,False,80949,4a22015417b3ab93cd89679e4fa22129,1000,583,RGB,f261e9f0e8e8f0f0,
Training/notumor/Tr-no_422.jpg,notumor,training,False,51697,f23e6460302a85d1c238cad234568219,504,540,RGB,b2f0c8ccccd4e0f2,
Training/notumor/Tr-no_423.jpg,notumor,training,False,35854,8039b6fdb903c359232053b858fca09f,409,442,RGB,61f0ececccd4d4f0,
Training/notumor/Tr-no_424.jpg,notumor,training,False,6406,700d8f4b3372056e74eeeeca8320202e,173,201,RGB,e8e8e8e8e8d4e8f0,
Training/notumor/Tr-no_425.jpg,notumor,training,False,10548,2c0226c30c2f797d09ded7eb4fbc4428,227,222,RGB,68cccece8cece869,
Training/notumor/Tr-no_426.jpg,notumor,training,False,15893,d389e6f867c213b6a564e29455113322,235,264,RGB,78d4d4d4a2a294f0,
Training/notumor/Tr-no_427.jpg,notumor,training,False,9522,ca00f551c1f10fe0cbf2e3b90cdfc638,150,198,RGB,c4b2e84d4d55aad4,
Training/notumor/Tr-no_428.jpg,notumor,training,False,31462,0f3fdf0dcd37c8eca0b7f09395d635f2,444,506,RGB,69ecd4d692d6c470,
Training/notumor/Tr-no_429.jpg,notumor,training,False,7629,023df05503a3d19baa3fcd55a7702cb3,225,225,RGB,79cce8e8e8f869b2,
Training/notumor/Tr-no_43.jpg,notumor,training,False,15287,570dac1fc1d035ab025b3132a5b653ae,214,236,RGB,f0d4d4d48a96dc69,
Training/notumor/Tr-no_430.jpg,notumor,training,False,12710,e450fb2bea94fad366ddebacbe26a4bb,201,250,RGB,71d4d49696aad468,
Training/notumor/Tr-no_431.jpg,notumor,training,False,10436,f2e57480e883eac631a4f46db36d135c,232,217,RGB,307170d4d4f0e020,
Training/notumor/Tr-no_432.jpg,notumor,training,False,9568,8c41b4677361db2c16b2082c88f54c89,150,198,RGB,d08a554d4de896dc,
Training/notumor/Tr-no_433.jpg,notumor,training,False,51558,bc7e75fa5d8cff54b445b79275272d54,630,630,RGB,69f8f8f8cccce871,
Training/notumor/Tr-no_434.jpg,notumor,training,False,17442,35e8a453a49865af3d47d02e343376c4,235,257,RGB,e0f0d4d494b8d2e8,
Training/notumor/Tr-no_435.jpg,notumor,training,False,41446,961071052eb301a3e0cd452df5cfa975,400,442,RGB,32f1e8ccccc8e871,
Training/notumor/Tr-no_436.jpg,notumor,training,False,15583,505fa0f6548ddc2720ec422ea7b9ac36,236,232,RGB,70f8f8f4d89ee4e4,
Training/notumor/Tr-no_437.jpg,notumor,training,False,17058,17c6323f64cbbeee0e690ea0126ee96a,227,262,RGB,71e8e8c8ccc8e0f0,
Training/notumor/Tr-no_438.jpg,notumor,training,False,7887,b065deb819600afc9012cf180e23a0ce,192,192,RGB,b071d4d4d4d4f170,
Training/notumor/Tr-no_439.jpg,notumor,training,False,11586,4ff34837d29366db706caf864a265755,276,326,RGB,e0e494a6b2a6f471,
Training/notumor/Tr-no_44.jpg,notumor,training,False,7299,ce0edd8064f376cf8360d63c4d9ebdd8,225,225,RGB,3169f8e8dcdce871,
Training/notumor/Tr-no_440.jpg,notumor,training,False,10135,23a633423d0b81faac5b5fe79c2094bc,225,225,RGB,0070e1c8e8e8f130,
Training/notumor/Tr-no_441.jpg,notumor,training,False,19242,8e9ba3a5971ee0f6aa7868dd15c5fb7a,441,442,RGB,71e8eccce8c8ec71,
Training/notumor/Tr-no_442.jpg,notumor,training,False,7971,99d63f3b7ed4fea3146e21a7ca61f375,209,242,RGB,d8f4e0c8c8f8f054,
Training/notumor/Tr-no_443.jpg,notumor,training,False,51639,67f4d05d1a851867f2e1b114b627ad7f,504,540,RGB,b2f0ecccccd4f8b0,
Training/notumor/Tr-no_444.jpg,notumor,training,False,6930,ce175eda2b7e4f5114ab457414401dc5,232,217,RGB,007071d0d8f16000,
Training/notumor/Tr-no_445.jpg,notumor,training,False,36928,f1e90b4524042af9f8984ab5f5ac45fd,350,350,RGB,f0e0c88eccd0d0e8,
Training/notumor/Tr-no_446.jpg,notumor,training,False,7274,76eee50be56a3486539a5f5c7514f7d4,236,213,RGB,61e9f8e8e8e1e1f1,
Training/notumor/Tr-no_447.jpg,notumor,training,False,38799,b6ce0a54d799d61f77617809c5e78ef2,428,417,RGB,61e8ec8ccececc60,
Training/notumor/Tr-no_448.jpg,notumor,training,False,45175,bdad00de17000453a6986b7064548f21,512,512,RGB,00f178ece8e87030,
Training/notumor/Tr-no_449.jpg,notumor,training,False,10498,2808e8a37a4ee88efd039aa9ab1f853b,225,225,RGB,71f1d4d4ccc8f173,
Training/notumor/Tr-no_45.jpg,notumor,training,False,16211,a3d72768917a15e3e29f7b233bc30e92,201,251,RGB,f090b2729496d4f1,
Training/notumor/Tr-no_450.jpg,notumor,training,False,10441,25467ae5c16d6df6476c69ce91876d4a,196,257,RGB,f8d496d4f6f4e0f0,
Training/notumor/Tr-no_451.jpg,notumor,training,False,59915,45d9d86e82aba98bf0ab19f33a5a8f5c,600,600,RGB,b271f0e8e8f0f071,
Training/notumor/Tr-no_452.jpg,notumor,training,False,12956,f6e6f34cb08c2c645cb9297276e63809,225,225,RGB,3370d4ecccc46179,
Training/notumor/Tr-no_453.jpg,notumor,training,False,7384,f00fedb2caae86192d3f329576e5b625,218,231,RGB,79e8e8e8ccdce8e8,
Training/notumor/Tr-no_454.jpg,notumor,training,False,35982,1e98f507c83df39e1aefd1e4c2724d7d,354,443,RGB,31f8e8e8e8e8e870,
Training/notumor/Tr-no_455.jpg,notumor,training,False,37869,2e793e328d071f0be0cd3a7445d15dc6,267,328,RGB,e8f2faccccd6ece8,
Training/notumor/Tr-no_456.jpg,notumor,training,False,25183,a22409dc025014c2b7101e9913384c38,350,393,RGB,69ccb2aae8a8e831,
Training/notumor/Tr-no_457.jpg,notumor,training,False,12489,79aabb912ab1cb658dbbf9692d35bf27,236,201,RGB,78ecdaea9ab6c6e0,
Training/notumor/Tr-no_458.jpg,notumor,training,False,6096,addb9b6936f16abf00068a8ca4f6d520,225,225,RGB,70f0ccccececf070,
Training/notumor/Tr-no_459.jpg,notumor,training,False,9968,40da03aa22fb2373f965134a85094f8d,200,200,RGB,70f0d4d4f0ccb4f4,
Training/notumor/Tr-no_46.jpg,notumor,training,False,9149,3ab7f4b4e96274e88a84e1984db4da44,225,225,RGB,70f0d4d4d4d4f070,
Training/notumor/Tr-no_460.jpg,notumor,training,False,7975,744a91b47fb29ed986e4b0a800b496a5,228,221,RGB,71e4e8ccece878b8,
Training/notumor/Tr-no_461.jpg,notumor,training,False,7760,43aedb61937169dbd32ac92455e5127d,225,225,RGB,337171f0e0e86113,
Training/notumor/Tr-no_462.jpg,notumor,training,False,10632,e7b4c1b1e5960e4aca362afb5f48d833,207,207,RGB,71cc94969696c471,
Training/notumor/Tr-no_463.jpg,notumor,training,False,50259,f026747e5401d8a361e0566ad9166b5d,626,575,RGB,b069e8e8ccd47030,
Training/notumor/Tr-no_464.jpg,notumor,training,False,5931,5b32ba8aac328d3696db77036ce07a16,225,225,RGB,c8d4d4d4b0f0d4e0,
Training/notumor/Tr-no_465.jpg,notumor,training,False,8899,37dfdeb5735ee853bd551e6e97fef1f0,208,242,RGB,e0c8c8cccccccee0,
Training/notumor/Tr-no_466.jpg,notumor,training,False,15173,0b09ccc298ce3572289f626d37dab613,207,243,RGB,78ecececcce8e470,
Training/notumor/Tr-no_467.jpg,notumor,training,False,10470,5e557d9baf30af12789906cb32cc3009,214,236,RGB,69dc968ad4d4d4f0,
Training/notumor/Tr-no_468.jpg,notumor,training,False,10073,c0da0bddec6a537a77c399a35ba71b31,225,225,RGB,61d4f4d0e8e071b2,
Training/notumor/Tr-no_469.jpg,notumor,training,False,28908,2a8d44e3bcaaa7429c99e8af2a6fd934,428,417,RGB,e9cc8c8ccec8e869,
Training/notumor/Tr-no_47.jpg,notumor,training,False,9018,c0ffe86f3bcf35d02455bed01cf19e91,150,198,RGB,c4b2e84d4d55aad4,
Training/notumor/Tr-no_470.jpg,notumor,training,False,11155,2abc47341e8db1dbae4bfc4927c567c9,227,222,RGB,e9cc8c8ccec8e869,
Training/notumor/Tr-no_471.jpg,notumor,training,False,18866,32841725490c079c55d66a2c7486a3a7,339,340,RGB,3170d0d0f0e0f131,
Training/notumor/Tr-no_472.jpg,notumor,training,False,13582,665bf16ea1489fb798ee0dd3acaade79,236,236,RGB,70f0ee9a9ceeee9c,
Training/notumor/Tr-no_473.jpg,notumor,training,False,14360,2979f0422f022037f032b69fda8cbcba,227,262,RGB,71e8e8c8ccc8e0f0,
Training/notumor/Tr-no_474.jpg,notumor,training,False,41544,daa02cee711bec666750b39f25495511,409,442,L,61f0ececccd4d4f0,
Training/notumor/Tr-no_475.jpg,notumor,training,False,11520,72622502c4407a4cbdc8141151f0e585,228,221,RGB,60e1e8c8cce8d870,
Training/notumor/Tr-no_476.jpg,notumor,training,False,52256,95d2d82355b9b1d1273ba70b2780e463,630,630,RGB,b0e0c4c4d4d4f0f0,
Training/notumor/Tr-no_477.jpg,notumor,training,False,29710,cc88ab25460467b2fc861d470a28eaf8,468,444,RGB,e9e4d4e8e8e8f170,
Training/notumor/Tr-no_478.jpg,notumor,training,False,75343,4af5d892e6a0bfc5a3e12a463f99261b,550,664,RGB,68ccf0d8dcc8e070,
Training/notumor/Tr-no_479.jpg,notumor,training,False,9055,98aa204f96b3936895e05f7caaf193a6,150,198,RGB,d4aa554d4de8b2dc,
Training/notumor/Tr-no_48.jpg,notumor,training,False,26202,e5437347d710af8e850b85b3680e7f9b,442,442,RGB,b279f8f0e8e07032,
Training/notumor/Tr-no_480.jpg,notumor,training,False,6166,39ac4c135f71aa21f1e251269560f80d,300,168,RGB,b0717168687069f0,
Training/notumor/Tr-no_481.jpg,notumor,training,False,51481,8ae9f5d827f2145cbdadfcbb8d42ab55,622,777,RGB,20e0d4d0f0ccd068,
Training/notumor/Tr-no_482.jpg,notumor,training,False,53388,2608f46aeb3065c5c7a2486baf99e6c1,421,486,RGB,78d492929294ccf0,
Training/notumor/Tr-no_483.jpg,notumor,training,False,18312,07dee3fcce71204f5e78fac3e84f4d23,230,282,RGB,33e8e8ccccdcf071,
Training/notumor/Tr-no_484.jpg,notumor,training,False,11799,f2a006fcf70e46aac9f9ca7c65f3a334,206,244,RGB,60d4d2d461b2d478,
Training/notumor/Tr-no_485.jpg,notumor,training,False,12029,41c20fcc11ca7caa1e3684fe3c2c1cb2,218,231,RGB,e8cce4cce8e8e861,
Training/notumor/Tr-no_486.jpg,notumor,training,False,15476,564d3b81b447a6a62883e7a8bc5476cf,227,300,RGB,70e8e8e978cce8f0,
Training/notumor/Tr-no_487.jpg,notumor,training,False,17032,f1277f9ee45d44187523901cc1008eed,224,262,RGB,013cfe8f9bb694ac,
Training/notumor/Tr-no_488.jpg,notumor,training,False,12914,ef664509ea1faf76cf1571f5ab019268,201,251,RGB,71f4d4d4f2b0f0f0,
Training/notumor/Tr-no_489.jpg,notumor,training,False,11726,a83d2926ffcf0eeae9da3599bc3cf72c,228,221,RGB,60e1e0c8ccccd870,
Training/notumor/Tr-no_49.jpg,notumor,training,False,49362,0a962db894376a9e5e0d670915473231,442,454,RGB,7161c8c8cccc7133,
Training/notumor/Tr-no_490.jpg,notumor,training,False,31382,c07e4455eaba1aa3be49247aa6129b90,452,509,RGB,71f0cccccccce071,
Training/notumor/Tr-no_491.jpg,notumor,training,False,9404,bd1de6cf5b9a4252c095428df0cba8a8,228,221,RGB,79f4e0f0f4f078b1,
Training/notumor/Tr-no_492.jpg,notumor,training,False,51558,bc7e75fa5d8cff54b445b79275272d54,630,630,RGB,69f8f8f8cccce871,
Training/notumor/Tr-no_493.jpg,notumor,training,False,14611,6142acdc1f1b32e31ea0f73324b5f356,233,210,RGB,386cdafafad8ceee,
Training/notumor/Tr-no_494.jpg,notumor,training,False,25759,24e83deaaae9ab0f15565690e474f5fc,236,357,RGB,71e8e8c8c8e8c8f0,
Training/notumor/Tr-no_495.jpg,notumor,training,False,8154,45fcb6cf8b901f7f9657485ed7a0c665,225,225,RGB,3379e8f8f0707133,
Training/notumor/Tr-no_496.jpg,notumor,training,False,15029,6525b3649df63a5cd342844500625dfb,216,202,RGB,fc86ddecd21858dc,
Training/notumor/Tr-no_497.jpg,notumor,training,False,5721,a3b2244c30bd3fb962294268c254b5d7,173,201,RGB,f0e8d4e8e8e8e8e8,
Training/notumor/Tr-no_498.jpg,notumor,training,False,17978,4e09361579944ee7a4fafe0d5dab3993,350,393,RGB,69ccb2b2baaee871,
Training/notumor/Tr-no_499.jpg,notumor,training,False,12235,4295eee904f5e6c205b01cbae01efab6,227,222,RGB,61e8ec8ccececc60,
Training/notumor/Tr-no_5.jpg,notumor,training,False,55697,f4b4f54022e5d07d1cfecf6868492299,630,630,RGB,70f0d4d4d4d4f070,
Training/notumor/Tr-no_50.jpg,notumor,training,False,8945,d5f02041373efa37ac5677734f8d63fc,225,225,RGB,71d0d4dcd4d47131,
Training/notumor/Tr-no_500.jpg,notumor,training,False,9879,2111debea64350099cb45d90c9954294,200,252,RGB,e8c8ccce8e94cce0,
Training/notumor/Tr-no_501.jpg,notumor,training,False,8189,79d0077065ba05f6adb7388a1d4719e4,232,217,RGB,107169c8d8e16000,
Training/notumor/Tr-no_502.jpg,notumor,training,False,7049,ae63f20d0c3029f82437ca5729134f69,236,213,RGB,f1e1e1e8e8f8e961,
Training/notumor/Tr-no_503.jpg,notumor,training,False,37052,30833b6b027eb1ca54cdd37ae88213e6,339,415,RGB,e1d4b4b6b2b2d4e9,
Training/notumor/Tr-no_504.jpg,notumor,training,False,12963,e90b876a79ebbc6339ed54428d3f7349,227,222,RGB,e9cc8c8ccec8f869,
Training/notumor/Tr-no_505.jpg,notumor,training,False,46257,26db07a732a8dc8659b8a1e7d9df4d97,407,485,RGB,e8c8e8ecec6982ec,
Training/notumor/Tr-no_506.jpg,notumor,training,False,156011,854e55da7ca2dbd62216ee61e2052f95,1024,1024,RGB,e4eae8e8dcc2b2b2,
Training/notumor/Tr-no_507.jpg,notumor,training,False,10936,39933c76efec810229d42009c47398d3,196,257,RGB,f0f8d090d496d4e0,
Training/notumor/Tr-no_508.jpg,notumor,training,False,49153,914304bcaa212f6c1207ecf721a2bcf7,630,630,RGB,b279dcdcd4d4f030,
Training/notumor/Tr-no_509.jpg,notumor,training,False,9371,8610967e6cf6354be53d9715bb2abc09,208,248,RGB,e8f0ccccc8d4e0f0,
Training/notumor/Tr-no_51.jpg,notumor,training,False,31885,730de075c07f305e41117039084f42cd,468,444,RGB,e9d4d4e8e8e8f170,
Training/notumor/Tr-no_510.jpg,notumor,training,False,8955,ed8aff1da3e7690a2451afa38acfc3aa,212,238,RGB,71e88aa2b2b2cc69,
Training/notumor/Tr-no_511.jpg,notumor,training,False,7361,7793024f235f4165b1dac6e5df4624de,225,225,RGB,6069e0e0c4c4e871,
Training/notumor/Tr-no_512.jpg,notumor,training,False,46290,dcc7a1db2e726ca2291928126191a25b,550,664,RGB,68ccf0d8dcc8e070,
Training/notumor/Tr-no_513.jpg,notumor,training,False,10127,80dcb6561e8dba190aad5b6464a1b42f,206,244,RGB,f9f4ccccd094f0e1,
Training/notumor/Tr-no_514.jpg,notumor,training,False,12237,65e6232a1a02072aca28874460d9437c,201,251,RGB,70d0d4d4b0b2f0f0,
Training/notumor/Tr-no_515.jpg,notumor,training,False,6040,c2abc5d6f77d9e5ea92dbaf4f4ed1548,225,225,RGB,70f0ccecccc4f070,
Training/notumor/Tr-no_516.jpg,notumor,training,False,14151,b9504d1f84629a48b2de81a52aa0468a,210,213,RGB,387ceacada8ce4e4,
Training/notumor/Tr-no_517.jpg,notumor,training,False,7602,9b9bd17e941861d5713caace6e7b9d95,150,198,RGB,dcf2c84d4d558ad4,
Training/notumor/Tr-no_518.jpg,notumor,training,False,42451,40881ffd0417f7d60164cbec5265be37,336,380,RGB,61d4d4b4b0b6fcf9,
Training/notumor/Tr-no_519.jpg,notumor,training,False,14987,cc712e0106aa07953906b25f2e7a5598,233,226,RGB,3271e8e8f0f4f070,
Training/notumor/Tr-no_52.jpg,notumor,training,False,37109,70002894f13c8a26346d6453071d2494,470,508,RGB,70c8ecb696ccc0c8,
Training/notumor/Tr-no_520.jpg,notumor,training,False,16191,db91bc187f17cccca2c4611a600dd5e7,201,249,RGB,e89c9e2a2aaa96f4,
Training/notumor/Tr-no_521.jpg,notumor,training,False,7047,b188ae46db1604666c3afb097b1cc180,173,201,RGB,f0e8d4e8e8e8e8e8,
Training/notumor/Tr-no_522.jpg,notumor,training,False,7143,77d84ba95eacd41f5f1f214b38f29b7b,236,236,RGB,8892f0716969e8b8,
Training/notumor/Tr-no_523.jpg,notumor,training,False,17837,b1c4cd092f42ad80d0eba66ae8a1d4b7,255,236,RGB,71d4f0c4d89694f4,
Training/notumor/Tr-no_524.jpg,notumor,training,False,66814,7ab84ada9eeadbc4f93ae1afcf38628b,630,630,RGB,b271d0dcd4f4d071,
Training/notumor/Tr-no_525.jpg,notumor,training,False,21549,fdd97467cf80bd5546b940765620ea96,251,273,RGB,71e8e8c4a8a8cccc,
Training/notumor/Tr-no_526.jpg,notumor,training,False,5697,c0a8ddebb2a06cb7d2df33ce51f18459,192,192,RGB,b271f4f4ccd470b0,
Training/notumor/Tr-no_527.jpg,notumor,training,False,12126,7a74b756081ee5fadc78f5729133b5d9,232,217,RGB,307168f4e4687810,
Training/notumor/Tr-no_528.jpg,notumor,training,False,12536,944205bba3c0eaa9f54382387ecc4455,227,262,RGB,f0f8ecccece8e871,
Training/notumor/Tr-no_529.jpg,notumor,training,False,11716,bf0ef7ad56cae2d8d463a0cfd8557973,173,201,RGB,f0e8d4e8e8e8e8e8,
Training/notumor/Tr-no_53.jpg,notumor,training,False,7525,918a98be9f62977fe9aeb3fd741e6584,173,201,RGB,e8e8e8e8e8d4e8f0,
Training/notumor/Tr-no_530.jpg,notumor,training,False,7884,e20205920c3a24a53d1cc7ddede1ec8f,225,225,RGB,f2e8d4f0f0d071b2,
Training/notumor/Tr-no_531.jpg,notumor,training,False,11802,7eace6952937acb0916cd41bb3c4d656,229,214,RGB,71e8d8d4d4cca8f0,
Training/notumor/Tr-no_532.jpg,notumor,training,False,11685,2c00d2ea08a848e65bfc36f78c2f3f94,228,221,RGB,60e9e0c8ccccd870,
Training/notumor/Tr-no_533.jpg,notumor,training,False,12914,c87dbb8684ebdb40acbc8b63f000a7c8,221,257,RGB,61f0cccc9686d470,
Training/notumor/Tr-no_534.jpg,notumor,training,False,11737,ff0139122892f719f48b23fb732bed05,235,229,RGB,29f0f0f8c8ccf8f1,
Training/notumor/Tr-no_535.jpg,notumor,training,False,17317,05b45654c9c3196486ab02d5045a9e80,225,225,RGB,f0d69694aa6970f0,
Training/notumor/Tr-no_536.jpg,notumor,training,False,34722,196fee6ff00bfc8de983dfa2460dbd5f,630,630,RGB,3171d4d4dcd4d471,
Training/notumor/Tr-no_537.jpg,notumor,training,False,12620,6adda2f647be1a756acbd7495482b1d8,236,236,RGB,b269c4d4d4d469b2,
Training/notumor/Tr-no_538.jpg,notumor,training,False,4437,464636a79cf4d95cf5840cfe614bfed2,225,225,RGB,b2f8dcdcd4d4f0b2,
Training/notumor/Tr-no_539.jpg,notumor,training,False,14040,87e3305713604aecf1a86891fc8929cd,212,236,RGB,e8f0f8f8d0cce8e0,
Training/notumor/Tr-no_54.jpg,notumor,training,False,37070,60b3ea70a421c1ee180f5e0bd3eba33e,442,454,RGB,7171ececccc47133,
Training/notumor/Tr-no_540.jpg,notumor,training,False,10393,b57daf6bdf4eba86d249368f83891067,232,217,RGB,007071f4e4707000,
Training/notumor/Tr-no_541.jpg,notumor,training,False,10832,c38d7a4dc353798c0c237e748f3c7f4d,214,236,RGB,f0d4d4d48a96dc69,
Training/notumor/Tr-no_542.jpg,notumor,training,False,24850,5bed6815003d1c0d70d9d65f7eabca5a,356,474,RGB,31e8e8e8e8e8f031,
Training/notumor/Tr-no_543.jpg,notumor,training,False,12956,568236b6d5966f4a23af6b3784bd29a5,212,236,RGB,e8f0f8f8d0cce8e0,
Training/notumor/Tr-no_544.jpg,notumor,training,False,10157,c2b260033b80845f3c6fc9ade495a5a1,200,252,RGB,f0cc968e8cccece8,
Training/notumor/Tr-no_545.jpg,notumor,training,False,10268,7c3b0337ad375d94ab3ccfcdba51e411,196,257,RGB,f0e0f4f6d496d4e8,
Training/notumor/Tr-no_546.jpg,notumor,training,False,35957,d471e7c6fe659af44f100cefff05a06a,428,417,RGB,61ccc48e8ecacc60,
Training/notumor/Tr-no_547.jpg,notumor,training,False,7075,2fc07cb58872d90158afd40984b5e266,225,225,RGB,6069e0e0c4c4e871,
Training/notumor/Tr-no_548.jpg,notumor,training,False,9127,d6f042b148099668e23f1e596e74beb3,300,168,RGB,f0697068687171b0,
Training/notumor/Tr-no_549.jpg,notumor,training,False,7214,782f4d0d6b1017a18609b0732070a518,228,221,RGB,7061f0d0f0f8d061,
Training/notumor/Tr-no_55.jpg,notumor,training,False,8681,ff14362d5185c9218ad29278b9a6b29f,215,234,RGB,f1f0ececcccae8f1,
Training/notumor/Tr-no_550.jpg,notumor,training,False,14699,d4213cadb7fdc260baf35de0ef3072bd,200,252,RGB,e8cccc8c8e96ccf0,
Training/notumor/Tr-no_551.jpg,notumor,training,False,13790,75e36bb4b78541fa7070b5dbc17a3acd,227,222,RGB,f1cc868a8ed4d469,
Training/notumor/Tr-no_552.jpg,notumor,training,False,55651,b0a6951b92aa859847f0f6d1cd959537,630,630,RGB,3171d4d4d4d4d071,
Training/notumor/Tr-no_553.jpg,notumor,training,False,10974,2a864f406bd9ae6ac6558929a5b91aa6,215,234,RGB,70e8ecccc8e8f070,
Training/notumor/Tr-no_554.jpg,notumor,training,False,9299,c6b742c6510e871ad946de38b5452a2b,227,262,RGB,f0e0c8ccc8e8e871,
Training/notumor/Tr-no_555.jpg,notumor,training,False,6924,5e94a3b2581303e333782dbeeb438efc,232,217,RGB,61d4f2f2b2acd4cc,
Training/notumor/Tr-no_556.jpg,notumor,training,False,10076,7e27bc1a0e26d83b144b58d979e87799,206,244,RGB,e1f094d0ccccf4f9,
Training/notumor/Tr-no_557.jpg,notumor,training,False,11721,e01a8a59a4952991d86dbedc77833c66,276,326,RGB,e0e494a6b2a6f471,
Training/notumor/Tr-no_558.jpg,notumor,training,False,28658,89814495e863126d591a7b47090efd7a,428,417,RGB,68cccece8cece869,
Training/notumor/Tr-no_559.jpg,notumor,training,False,19344,79ee916b7b7037c4e54832658aa2848a,220,275,RGB,71d0d4d6b0d2f0f0,
Training/notumor/Tr-no_56.jpg,notumor,training,False,13213,f6a666f3aad6223c98e59c677b06310c,225,225,RGB,3171d4d4dcd4d071,
Training/notumor/Tr-no_560.jpg,notumor,training,False,29189,2554145f8d571aa1fe78e7b4bf3b4196,380,530,RGB,30f1d4d4ded4f800,
Training/notumor/Tr-no_561.jpg,notumor,training,False,20039,2ca61dc8f1f961d51beaddb46feb7385,441,442,RGB,71e8c8ccc8ecc871,
Training/notumor/Tr-no_562.jpg,notumor,training,False,28639,879cb1806c88af383eb66731e8559585,434,512,RGB,61e0f0c4cccce8e0,
Training/notumor/Tr-no_563.jpg,notumor,training,False,12390,0f300475b4cf6799922173042b8d1d42,208,242,RGB,d0f0b0ccddc8c469,
Training/notumor/Tr-no_564.jpg,notumor,training,False,14958,b71e64834740e5c0589d52e7145a83f0,232,217,RGB,72e1e8c8e8e8e0f1,
Training/notumor/Tr-no_565.jpg,notumor,training,False,71744,382a309c1662909431e041df2e825b7e,728,725,RGB,72e9e8e8e8c8f172,
Training/notumor/Tr-no_566.jpg,notumor,training,False,10172,6e3bb624c6533521b19ac43617fe490e,420,280,RGB,b0796979e9696930,
Training/notumor/Tr-no_567.jpg,notumor,training,False,11864,3dadcfad9fe25243398f226539313669,150,198,RGB,f8f2c84d4d558ad4,
Training/notumor/Tr-no_568.jpg,notumor,training,False,9635,c8113ec26a31cfef43693d3a035a85fe,225,225,RGB,b271e0e8d0f0d461,
Training/notumor/Tr-no_569.jpg,notumor,training,False,14255,c2c5423dd557bd3557a8bd8d4f359acf,203,243,RGB,e8e8cccce8d6d8f8,
Training/notumor/Tr-no_57.jpg,notumor,training,False,15456,86c1457eb0cec6fd05353d9fb6215370,201,251,RGB,70f4d4d4f2b2b0f0,
Training/notumor/Tr-no_570.jpg,notumor,training,False,7969,45bf3a2730881783e2cf6766e44da91a,150,198,RGB,d4ae554d4decb0c4,
Training/notumor/Tr-no_571.jpg,notumor,training,False,10345,5454e93fa3abda07b7313e8f1fa5eb6e,200,252,RGB,f0cc968e8ccccce8,
Training/notumor/Tr-no_572.jpg,notumor,training,False,160131,b4e35c8ff7a8c169d3f6010bd0720935,442,454,RGBA,7161c8c8cccc7132,
Training/notumor/Tr-no_573.jpg,notumor,training,False,11559,701f3d2c3c2d028e24885363196826b9,201,250,RGB,71d4d49696aad4e8,
Training/notumor/Tr-no_574.jpg,notumor,training,False,14214,9b9fa81d482dca915115130705ff8633,225,225,RGB,b271d8e8f4d0d479,
Training/notumor/Tr-no_575.jpg,notumor,training,False,10284,cbceddcf59b2e11ea2feb78c2c6f936a,214,236,RGB,f0d4d4d48a96dc69,
Training/notumor/Tr-no_576.jpg,notumor,training,False,12432,aa084bb813f66c29deb9693b54969eab,225,225,RGB,b2f9d4f0f0d4e8f0,
Training/notumor/Tr-no_577.jpg,notumor,training,False,127722,d52e77fd0e12cfd96d437f00bce28eef,1024,1024,RGB,71f1e8e8cccce871,
Training/notumor/Tr-no_578.jpg,notumor,training,False,8295,d30f6686fdeb5d3618de2675bbb695cd,215,234,RGB,f1f0ececcccae8f1,
Training/notumor/Tr-no_579.jpg,notumor,training,False,13004,8fe49fdfd19a97616394d4ece3d0184b,236,228,RGB,2970f0f8c8ccf871,
Training/notumor/Tr-no_58.jpg,notumor,training,False,27719,2c7025438fab31a227acfa917e126d33,332,442,RGB,e9f0d4d4d496f870,
Training/notumor/Tr-no_580.jpg,notumor,training,False,10896,aad73744aed2c7dcbfd8e0229b73a8d7,236,213,RGB,f1e1f1e8e0d8e961,
Training/notumor/Tr-no_581.jpg,notumor,training,False,107824,7ce25d17c7839af995b51e5e308cbd08,825,832,RGB,3169d4d4f0f0f871,
Training/notumor/Tr-no_582.jpg,notumor,training,False,80949,4a22015417b3ab93cd89679e4fa22129,1000,583,RGB,f261e9f0e8e8f0f0,
Training/notumor/Tr-no_583.jpg,notumor,training,False,5655,2bfc0c7c0f3743d87714609f54380bfc,173,201,RGB,f0e8d4e8e8e8e8e8,
Training/notumor/Tr-no_584.jpg,notumor,training,False,15588,c99f625c2bdedbc282490b8fe0c69fd1,207,243,RGB,f1d8c8ccc8c8c8f1,
Training/notumor/Tr-no_585.jpg,notumor,training,False,12796,2393c9bad06d58125406dc92306ffe0c,227,222,RGB,69e0ec8ccececc68,
Training/notumor/Tr-no_586.jpg,notumor,training,False,9789,f5f9d605da23cf95d1c1cb780df8530e,201,251,RGB,71f4d494f0b4f0f0,
Training/notumor/Tr-no_587.jpg,notumor,training,False,7459,70b25c8a31ccbabd27933c0e9771bf0a,225,225,RGB,71e8dcdce8f86931,
Training/notumor/Tr-no_588.jpg,notumor,training,False,10908,9fd7bb93bb0e52f47db21ccdc091a9fc,218,231,RGB,79e8e8e8ccdce8e8,
Training/notumor/Tr-no_589.jpg,notumor,training,False,11862,c77d9a4b8670f3cc6d63956a2430faf4,218,231,RGB,e8c8c8cce8e8e871,
Training/notumor/Tr-no_59.jpg,notumor,training,False,7372,0bb17495444a428b84b51cae15bf4812,225,225,RGB,7979e0d4e8e06131,
Training/notumor/Tr-no_590.jpg,notumor,training,False,10502,47405b5f57d0617c6ca9081c1554c1b5,215,234,RGB,b1f0e8ecccc8e8f1,
Training/notumor/Tr-no_591.jpg,notumor,training,False,16055,3d6a646873b6adc93d8a4dbb68404da7,236,221,RGB,64cef9e898d6e4c4,
Training/notumor/Tr-no_592.jpg,notumor,training,False,9671,c4f747d9f250191c247eb718137ebe8f,232,217,RGB,ccd4acb2f2f2d461,
Training/notumor/Tr-no_593.jpg,notumor,training,False,9339,65156eae12296be47330549eb8593d81,208,242,RGB,e4f0f0cc44ecd869,
Training/notumor/Tr-no_594.jpg,notumor,training,False,13765,a50b5fb2a4c2fd2a9b4df80a688f4beb,236,295,RGB,d0c86849e88de8e8,
Training/notumor/Tr-no_595.jpg,notumor,training,False,12599,8b4b5c62f084ff63f9a28175bec42b4b,201,251,RGB,f0f092b0d4d4d071,
Training/notumor/Tr-no_596.jpg,notumor,training,False,9274,f1eb034a676759de1b26917343951906,225,225,RGB,70f0cccccce8f070,
Training/notumor/Tr-no_597.jpg,notumor,training,False,12245,3863dcfcc5b7c4da5fe25b73e0548b6b,201,251,RGB,f0f092b0d4d4d071,
Training/notumor/Tr-no_598.jpg,notumor,training,False,14917,5f2dec2cb5113e7d18a8b78187eea046,194,259,RGB,61e4e8e8c8ccf871,
Training/notumor/Tr-no_599.jpg,notumor,training,False,7330,49b0a60ec1b42b4571c2c6bec2ba44c2,236,213,RGB,707878e8e8e06878,
Training/notumor/Tr-no_6.jpg,notumor,training,False,55251,6afe882e0167cc6566c5ce845c1bf57c,680,680,RGB,79f0f0ece8e070b1,
Training/notumor/Tr-no_60.jpg,notumor,training,False,4386,a83cb7f08470fe605a874d75e12aec8a,150,198,RGB,dcb2c94d4d558ad0,
Training/notumor/Tr-no_600.jpg,notumor,training,False,58801,e0e9fee7b1fe0b3a4fc4af3189e2dc1f,630,630,RGB,b2f8dcdcd4d4f0b0,
Training/notumor/Tr-no_601.jpg,notumor,training,False,9146,0f498b465137a5331ae89c37d52d17a5,192,192,RGB,f070d4ccd4d47132,
Training/notumor/Tr-no_602.jpg,notumor,training,False,9707,5fd8acdb98186c9228d203a286dd4caf,225,225,RGB,3269e8f8ec6869b3,
Training/notumor/Tr-no_603.jpg,notumor,training,False,38915,c1e60cb0b6355d0c11173e3075abffa2,504,540,RGB,f2e0c8ccccd4e0f2,
Training/notumor/Tr-no_604.jpg,notumor,training,False,8136,503df22ee5f105839f5bb8b19f38b0eb,225,225,RGB,3170ecccd4e87071,
Training/notumor/Tr-no_605.jpg,notumor,training,False,17182,eb986db6e54da65b18a05cc4a9fe019c,214,236,RGB,e8d4d4d4ae96c461,
Training/notumor/Tr-no_606.jpg,notumor,training,False,15730,47de6b02c55fb97b1d294a9193cbf5cc,235,227,RGB,b3f1e8e8f0f0f071,
Training/notumor/Tr-no_607.jpg,notumor,training,False,5795,165dfe7fd37875570718eabf1e3e828e,259,194,RGB,4cf07169696971f0,
Training/notumor/Tr-no_608.jpg,notumor,training,False,12586,957341c21149e99a0984b0bbea8aef84,202,250,RGB,d8f0d0d48a8ae8f8,
Training/notumor/Tr-no_609.jpg,notumor,training,False,7366,a1b7263f26a95be46572c4d182248872,236,213,RGB,7868e0e8e8787870,
Training/notumor/Tr-no_61.jpg,notumor,training,False,5033,85eb1d4246b6f1a539a7c0aa8ff49126,206,244,RGB,60d0ccc4f4d2f078,
Training/notumor/Tr-no_610.jpg,notumor,training,False,7189,cca613bcd2e3bfe6496559ded56d8087,225,225,RGB,1271c4ccd0d47010,
Training/notumor/Tr-no_611.jpg,notumor,training,False,46099,610228d7967b27c0eade9452a8677c6b,630,630,L,70f0d4d4d4d4f070,
Training/notumor/Tr-no_612.jpg,notumor,training,False,36340,a0cf78c17b7d5af66b1248afdb69a1cd,630,630,RGB,3171d4d4dcd4d071,
Training/notumor/Tr-no_613.jpg,notumor,training,False,8988,2811b13cce8f394e60e6cb34b62b9470,201,250,RGB,e8d4aa9696d4d471,
Training/notumor/Tr-no_614.jpg,notumor,training,False,21156,f75f2a80d34787fdcc2ee44622f21460,400,442,RGB,b370e8ccccece870,
Training/notumor/Tr-no_615.jpg,notumor,training,False,8726,b68f00de8137aed2ba5ffcf86bd07ccd,228,221,RGB,70e1f0d0f0f8d061,
Training/notumor/Tr-no_616.jpg,notumor,training,False,21262,2b88a1dec72667cd75871abd7d53d60e,320,344,RGB,70ccb4aacaaacce8,
Training/notumor/Tr-no_617.jpg,notumor,training,False,66814,7ab84ada9eeadbc4f93ae1afcf38628b,630,630,RGB,b271d0dcd4f4d071,
Training/notumor/Tr-no_618.jpg,notumor,training,False,12066,aed2489087ed84f075641ffebe39c063,208,242,RGB,f888ccccccecece8,
Training/notumor/Tr-no_619.jpg,notumor,training,False,14144,0eba51f3a477d21835bcf85f6ee4cc07,228,221,RGB,60e1e8c8cce8d871,
Training/notumor/Tr-no_62.jpg,notumor,training,False,28313,25faac854458973ea07975165f80c035,350,350,RGB,9271f0d4f0d0e471,
Training/notumor/Tr-no_620.jpg,notumor,training,False,11020,2cf46008c8f9ed85b861884df24599bc,220,275,L,70d0d4d6b0d2f0f0,
Training/notumor/Tr-no_621.jpg,notumor,training,False,6034,228c0c1d9f4f44edfb33e085d3e5aa42,300,168,RGB,f0697068687171b0,
Training/notumor/Tr-no_622.jpg,notumor,training,False,70850,1ee2f37cbd71a0f2b5b7530544d2aa2c,630,630,RGB,b2f8dcdcd4d4f0b0,
Training/notumor/Tr-no_623.jpg,notumor,training,False,6007,fddcf00af911d95ce15591680ed85f09,192,192,RGB,b271f4f4ccd470b0,
Training/notumor/Tr-no_624.jpg,notumor,training,False,11858,a1c91bd56de946a924bbc17e10528af1,173,201,RGB,e8e8e8e8e8d4e8f0,
Training/notumor/Tr-no_625.jpg,notumor,training,False,157613,26344889747a45f401bb2ebae9e5b14a,728,725,P,72e9e8e8e8c8f172,
Training/notumor/Tr-no_626.jpg,notumor,training,False,9061,1d39767cea25183914fa573a0107d307,225,225,RGB,7271d4d4c4d4d471,
Training/notumor/Tr-no_627.jpg,notumor,training,False,19375,007c16c3cf1201303d6014ed7c6a5d3a,441,442,RGB,71e8eccce8c8ec71,
Training/notumor/Tr-no_628.jpg,notumor,training,False,28630,6a19cca735344750a3ae0039d438f50d,428,417,RGB,69e8ec8ccececc68,
Training/notumor/Tr-no_629.jpg,notumor,training,False,11740,e10fabda7b0e48de7bd1e915a2cc8b37,225,225,RGB,70f0d4ccc4d4f070,
Training/notumor/Tr-no_63.jpg,notumor,training,False,35854,8039b6fdb903c359232053b858fca09f,409,442,RGB,61f0ececccd4d4f0,
Training/notumor/Tr-no_630.jpg,notumor,training,False,38913,b3d5bb3d43f53f0d576990cdff2de2da,472,537,RGB,70c8b49696ccc0c8,
Training/notumor/Tr-no_631.jpg,notumor,training,False,10124,6e7a2ddb031834c7d061977d0296f6b7,225,225,RGB,79d4d0f4e8f871b2,
Training/notumor/Tr-no_632.jpg,notumor,training,False,55676,c07735308845e8cd9bccb2faf612d456,550,664,RGB,69ccf0e4c4cee071,
Training/notumor/Tr-no_633.jpg,notumor,training,False,32264,be73c5bffca864ac31ee80ec79f0a3c7,468,444,RGB,70f1e8e8e8c4d4e9,
Training/notumor/Tr-no_634.jpg,notumor,training,False,15484,615b573e2be9f3eedc5050feba78a0b1,339,340,RGB,31f1f0f0f0f07031,
Training/notumor/Tr-no_635.jpg,notumor,training,False,8523,a30745a6072cdd29bb873243e7a81bf3,225,225,RGB,3169f8e8dcccf871,
Training/notumor/Tr-no_636.jpg,notumor,training,False,18154,aefc8e18544fc436f74fb90128910a57,276,326,RGB,61f4a6b2a694e4e0,
Training/notumor/Tr-no_637.jpg,notumor,training,False,8829,75050e767b663bbbed4c35ac7cefc71e,225,225,RGB,b279dcdcd4d4f030,
Training/notumor/Tr-no_638.jpg,notumor,training,False,15855,b43ac57b78e6c93f8ad6549827de5739,205,249,RGB,e8d49eaa2aaa92f4,
Training/notumor/Tr-no_639.jpg,notumor,training,False,5713,1b1e28388b7c7f2ad38d65480a08d6c1,236,236,RGB,06f16968ece86932,
Training/notumor/Tr-no_64.jpg,notumor,training,False,20996,f7c3d7c58f682a5d80dde15d4a99f111,400,442,RGB,70e8eccccce870b3,
Training/notumor/Tr-no_640.jpg,notumor,training,False,8776,4dfce484d8c4c7106954fd85e60156c3,212,238,RGB,69ccb2b2a28ae871,
Training/notumor/Tr-no_641.jpg,notumor,training,False,32632,2e12aa02d5e14f048e74ecc80ad43bc1,468,444,RGB,68d4d4e8e8e07031,
Training/notumor/Tr-no_642.jpg,notumor,training,False,44008,05fe39a899414d2dab6cad25c301b32c,414,496,RGB,78d49292f0ccd4e8,
Training/notumor/Tr-no_643.jpg,notumor,training,False,24948,f825d9cb0b4beaddc1dea88a76a9e51e,359,449,RGB,71f0d4d4f2b0f0f0,
Training/notumor/Tr-no_644.jpg,notumor,training,False,20063,927035e3e5deaa90414d1219e3b37b64,200,252,RGB,f0cc968e8ccccce8,
Training/notumor/Tr-no_645.jpg,notumor,training,False,9422,de5363e571f77a966a5a27cc5494cdc6,227,262,RGB,71e8e8ecccecf8f0,
Training/notumor/Tr-no_646.jpg,notumor,training,False,30225,5826164f1f398f6e589578ac72816c91,441,442,RGB,71e8eccce8c8ec71,
Training/notumor/Tr-no_647.jpg,notumor,training,False,9989,b6fdc0b220ee7f7ab9ff89d89cc631b4,225,225,RGB,71f0d4d4d4d47131,
Training/notumor/Tr-no_648.jpg,notumor,training,False,17020,21e97c9a3c476333e5cb7cd6365f5bba,442,442,RGB,71e8ccccc8e878b2,
Training/notumor/Tr-no_649.jpg,notumor,training,False,32715,06c3e21e888012e7845da47b26b742e8,411,501,RGB,f9e0b4b688aad4e8,
Training/notumor/Tr-no_65.jpg,notumor,training,False,9720,fd9fa76e5c842150fc8f2cef049615f7,232,217,RGB,dcd4acb2f2f2d461,
Training/notumor/Tr-no_650.jpg,notumor,training,False,14537,205039ef14830af4250af86c1b8a9eea,233,228,RGB,b974f8ccde9cc4cc,
Training/notumor/Tr-no_651.jpg,notumor,training,False,22573,3d66879294e0b28c19096c358c240005,428,417,RGB,61e8ec8ccececc68,
Training/notumor/Tr-no_652.jpg,notumor,training,False,4142,28286f8d8f93a1d5f714e322f3a323dc,275,183,RGB,3261696168686930,
Training/notumor/Tr-no_653.jpg,notumor,training,False,12250,aa0c249cefbcd4f24ab92dd5d5379d4b,225,225,RGB,00f178ecece87030,
Training/notumor/Tr-no_654.jpg,notumor,training,False,13052,8861985bfd287898a5cdf763c7f77c2e,204,247,RGB,6cec9ed4b6d4e8e0,
Training/notumor/Tr-no_655.jpg,notumor,training,False,27933,8f875f442ebed251fa3baedf7b4413e7,400,442,RGB,32f0e8ccccc8e871,
Training/notumor/Tr-no_656.jpg,notumor,training,False,13251,d6fac9640c6558bc3f8a509d7a5ee01a,225,225,RGB,71e8e8e8e8e061b2,
Training/notumor/Tr-no_657.jpg,notumor,training,False,9126,3c8dc26cb4e0571e504ddea91409c163,225,225,RGB,3171d4d4dcd4d471,
Training/notumor/Tr-no_658.jpg,notumor,training,False,21756,2d3b04b209470ffb0f5ffb3850808f21,244,274,RGB,71e8e8eaaaac968e,
Training/notumor/Tr-no_659.jpg,notumor,training,False,10156,34fa0ee7e555165118e7e160ec78ac44,206,244,RGB,60d0ccccf4d6f078,
Training/notumor/Tr-no_66.jpg,notumor,training,False,3848,2425479e1c8ff8a4f2f852c5e6957dad,173,201,RGB,e8e8e8e8e8d4e8f0,
Training/notumor/Tr-no_660.jpg,notumor,training,False,46209,c6aa58f0d3713e5aec0cf8b373ba02e5,411,496,RGB,70d49292b2c8d4e0,
Training/notumor/Tr-no_661.jpg,notumor,training,False,12883,95ca29ffc6b31852b41c19dac3ce46ad,200,252,RGB,e0cc968ececcc8e8,
Training/notumor/Tr-no_662.jpg,notumor,training,False,12538,299b59cb741ab4ea650ca1bb67fb6796,225,225,RGB,3370d4c8ccd47961,
Training/notumor/Tr-no_663.jpg,notumor,training,False,7845,cfc100ff4a015f49827f56dd93649722,225,225,RGB,70e0ccccececf070,
Training/notumor/Tr-no_664.jpg,notumor,training,False,14611,6142acdc1f1b32e31ea0f73324b5f356,233,210,RGB,386cdafafad8ceee,
Training/notumor/Tr-no_665.jpg,notumor,training,False,9008,175ff0141836821e49f636d49a556efa,225,225,RGB,7271d4d4c4d4d471,
Training/notumor/Tr-no_666.jpg,notumor,training,False,11710,fed0573128c8de227d47c0a84bdfe5ef,225,225,RGB,3271f8e8f4f0d469,
Training/notumor/Tr-no_667.jpg,notumor,training,False,22354,ae60741046cd71c93ededc1e2a2dbc7a,350,393,RGB,69ccb2babaaee071,
Training/notumor/Tr-no_668.jpg,notumor,training,False,7283,5dbbf602cf194178ac838c68a0463861,225,225,RGB,6069e0e0c4c4e871,
Training/notumor/Tr-no_669.jpg,notumor,training,False,12555,f3b36303c587cbac84305c20f8d01e2d,225,225,RGB,6179d4ccc8d47033,
Training/notumor/Tr-no_67.jpg,notumor,training,False,12616,ace73b14011423cb2b3c6b6f8e6485c8,225,225,RGB,0070e1c8c8e8f070,
Training/notumor/Tr-no_670.jpg,notumor,training,False,13728,503ecf3f3f5172bced6ec09580c6999e,225,218,RGB,6169e8e8c8ccf871,
Training/notumor/Tr-no_671.jpg,notumor,training,False,5710,90e7859d08674c6c798c8bd96421d0ce,192,192,RGB,b070d4ccf4f471b2,
Training/notumor/Tr-no_672.jpg,notumor,training,False,28688,4bb38641bf46fd098852888b664a70b4,380,530,RGB,3070d4d484d46000,
Training/notumor/Tr-no_673.jpg,notumor,training,False,31704,0abe34033d22367d0fe55445050a6f7e,442,442,RGB,b278e8c8cccce871,
Training/notumor/Tr-no_674.jpg,notumor,training,False,14039,78a16b2244a7587f8c1a587fae16947c,211,236,RGB,e8f0f8f8d0cce8e8,
Training/notumor/Tr-no_675.jpg,notumor,training,False,44244,a8d9e4218e221a222d371a3edbe9fb7c,630,630,RGB,b2f8dcdcd4d4f0b2,
Training/notumor/Tr-no_676.jpg,notumor,training,False,11758,46a7e6045dc579f9747a6eb5031417e4,218,231,RGB,31e8e8e8ccc8c8e8,
Training/notumor/Tr-no_677.jpg,notumor,training,False,13121,46187030cd69d096f561e16f2b53752e,236,243,RGB,3071d4d4f0e86830,
Training/notumor/Tr-no_678.jpg,notumor,training,False,19831,b6b96533a553fccb2cf413a991056d86,441,442,RGB,71c8ecc8ccc8e871,
Training/notumor/Tr-no_679.jpg,notumor,training,False,49850,97d46789d556713f6d515c956c2b602a,442,454,RGB,7169ececcccc7133,
Training/notumor/Tr-no_68.jpg,notumor,training,False,10062,1e2e3bd21c8c9d5a1543d2e12e926931,232,217,RGB,70f8e8e8ece87831,
Training/notumor/Tr-no_680.jpg,notumor,training,False,8899,5d77551a1ce22a63b2f6c6d67fb2c21c,201,250,RGB,71d4d49692aad4e8,
Training/notumor/Tr-no_681.jpg,notumor,training,False,8190,32f8385149fd8c67ce3ccb848343c019,225,225,RGB,c8d4d4d4b0f0d4e8,
Training/notumor/Tr-no_682.jpg,notumor,training,False,22462,c7c3a5865c5c22d7ca1806184587ab0e,442,442,RGB,b2e1e8e8cccce031,
Training/notumor/Tr-no_683.jpg,notumor,training,False,72738,5858cf40a10ec185becbe5f84c295ea0,680,680,RGB,b170e0e8ecf0f069,
Training/notumor/Tr-no_684.jpg,notumor,training,False,12550,2b6b3b3e38f7708c531f92f22b10c2da,235,228,RGB,2870f0f8c8ccf870,
Training/notumor/Tr-no_685.jpg,notumor,training,False,8557,04347bfccc09152a499900527e177062,225,225,RGB,70f0cccccce8f071,
Training/notumor/Tr-no_686.jpg,notumor,training,False,26919,536683a3268a40e970d63d2a83f58c6e,504,488,RGB,70e0d4ccd8686969,
Training/notumor/Tr-no_687.jpg,notumor,training,False,7999,936afed842f0ecf567dab9093cee4fad,235,214,RGB,71e8d8d4d4c8e8f0,
Training/notumor/Tr-no_688.jpg,notumor,training,False,13557,83578e7ca3644b6c325a40f06fa86fe9,225,225,RGB,71f1d4d4d4d4cc71,
Training/notumor/Tr-no_689.jpg,notumor,training,False,31736,4150f9a0344a380177221b0c4d353a42,512,512,RGB,7269e0e0c4c4e871,
Training/notumor/Tr-no_69.jpg,notumor,training,False,14296,ebd0a54a7b151a9578e4c27c595caffa,207,243,RGB,78ecececccece470,
Training/notumor/Tr-no_690.jpg,notumor,training,False,24534,d40b3e4cabd2a2072747c631ae85a623,359,449,RGB,f0f0b0f2d4d4f071,
Training/notumor/Tr-no_691.jpg,notumor,training,False,12163,ced356e9bb609f155546485ff59bff87,150,198,RGB,e4aa554d4dcc90d0,
Training/notumor/Tr-no_692.jpg,notumor,training,False,52569,7108f7b2a94c8401f13dae47f666b4e1,416,512,RGB,31e0d0d0d4aad6e8,
Training/notumor/Tr-no_693.jpg,notumor,training,False,55697,f4b4f54022e5d07d1cfecf6868492299,630,630,RGB,70f0d4d4d4d4f070,
Training/notumor/Tr-no_694.jpg,notumor,training,False,7882,d1cdc1f9f67ceb6e236c2abba649295c,232,217,RGB,72e1e8c8e8e8e0f1,
Training/notumor/Tr-no_695.jpg,notumor,training,False,12966,1886d4cc561b9aa4885118fa4fc4c3f1,225,225,RGB,3170d4d4d4d4cc71,
Training/notumor/Tr-no_696.jpg,notumor,training,False,7159,920fb1da20a36a12754271888f1c8023,225,225,RGB,71e8dcdce8f06931,
Training/notumor/Tr-no_697.jpg,notumor,training,False,13386,798a2d0de0bfa2bd26bf35d3ed353798,215,234,RGB,70e8dacaecc4f0f1,
Training/notumor/Tr-no_698.jpg,notumor,training,False,12094,cd055b6d7034c48351ea16440d65cfd6,236,260,RGB,b270e8e8e8c8e871,
Training/notumor/Tr-no_699.jpg,notumor,training,False,24589,1b2d322078b0e4fe2357333142491edd,442,442,RGB,32e9e8e8e8e8e071,
Training/notumor/Tr-no_7.jpg,notumor,training,False,52605,f6114f23720eddf4a40bef468c308c48,630,630,RGB,79cebaf11932ecec,
Training/notumor/Tr-no_70.jpg,notumor,training,False,12126,76b5738b6c18ba2d1fdb10daf751514c,420,280,RGB,b2616961686869b2,
Training/notumor/Tr-no_700.jpg,notumor,training,False,9683,7b87a432aa0fd085c8175861d59926c3,236,236,RGB,b270cdd4d4cc69b2,
Training/notumor/Tr-no_701.jpg,notumor,training,False,8015,a963309696660298e06acc86a16f72e9,228,221,RGB,60e1e8c8cce8d870,
Training/notumor/Tr-no_702.jpg,notumor,training,False,16334,a9f96ef19692b1c78cfad347002fe5f3,200,248,RGB,c8949e2a2baa96f4,
Training/notumor/Tr-no_703.jpg,notumor,training,False,6118,72e638d7e6895d1b61ea8d6e7c879cfb,150,198,RGB,d08a554d4dc9b2dc,
Training/notumor/Tr-no_704.jpg,notumor,training,False,8544,40d1df478b1d1e7085bca996f80850da,227,222,RGB,e1cc8c8ccec8e879,
Training/notumor/Tr-no_705.jpg,notumor,training,False,59503,f227bffefb6d550d7f8d9d44a3058a31,500,500,RGB,68ccb2f69a96c4a6,
Training/notumor/Tr-no_706.jpg,notumor,training,False,19742,66d38e7bc779e99b60b0171058dd7ef0,256,256,RGB,1370f0f0fadacccc,
Training/notumor/Tr-no_707.jpg,notumor,training,False,12875,090141b013141e9119f576d2950374fb,214,236,RGB,61e0d48ed4d4d4f0,
Training/notumor/Tr-no_708.jpg,notumor,training,False,10192,8ec6e1ed44d7d21459724a8a98fa337a,214,236,RGB,f0d4d4d48a96dc69,
Training/notumor/Tr-no_709.jpg,notumor,training,False,7131,2ca71290ea22b0cba13f831083c5f818,225,225,RGB,70f0d4d4d4d4f070,
Training/notumor/Tr-no_71.jpg,notumor,training,False,18540,8a302024c43f6b8a42c339737c8237b7,230,282,RGB,71f0c4cccce8e833,
Training/notumor/Tr-no_710.jpg,notumor,training,False,12102,f5917fb16e5f2ad2ca8e827833fd4dfc,225,225,RGB,3271dcccf4d0d479,
Training/notumor/Tr-no_711.jpg,notumor,training,False,9747,bc18bd861ff5a6aad5105f5b16349453,150,198,RGB,d48a554d4de896c0,
Training/notumor/Tr-no_712.jpg,notumor,training,False,117320,97278bf2d1089b20a7c0092006ee3459,1024,830,RGB,d8f4f0e0f89898ec,
Training/notumor/Tr-no_713.jpg,notumor,training,False,9352,43286fb198c88d7bcbebbb049ce3497e,225,225,RGB,71e8ccdcf8f86931,
Training/notumor/Tr-no_714.jpg,notumor,training,False,8183,fd58ef09df5df296227e78b0ed4e5e09,232,217,RGB,107169ece4707800,
Training/notumor/Tr-no_715.jpg,notumor,training,False,79678,4864b5fdf97f12e2e4398f3bdd5251ab,630,630,RGB,b2f8dcdcd4d4f0b0,
Training/notumor/Tr-no_716.jpg,notumor,training,False,22081,67ec1b30862f64de8686b860b3a1e59a,428,417,RGB,61e8cc8ccececc60,
Training/notumor/Tr-no_717.jpg,notumor,training,False,6230,4f28a2b3616278493eba7610efa300ca,225,225,RGB,3170ecccd4e87071,
Training/notumor/Tr-no_718.jpg,notumor,training,False,6759,fee812a9b99a16a9031f0f9c85b9ddc7,225,225,RGB,3169f8e8dcdce871,
Training/notumor/Tr-no_719.jpg,notumor,training,False,16956,855c4050a3a928dd2f2ee9f800cb8873,236,295,RGB,71cc9eaaab9ef071,
Training/notumor/Tr-no_72.jpg,notumor,training,False,8006,afaacc3fa91169228d7a2520d9cf251e,225,225,RGB,1361e8e0f0717133,
Training/notumor/Tr-no_720.jpg,notumor,training,False,38799,b6ce0a54d799d61f77617809c5e78ef2,428,417,RGB,61e8ec8ccececc60,
Training/notumor/Tr-no_721.jpg,notumor,training,False,11391,43a7b114cc14ecb127e3feb427e8a2dc,225,225,RGB,b260f4f0f0d4e8b0,
Training/notumor/Tr-no_722.jpg,notumor,training,False,6679,b1dbde1d7f81a93264b29cf5c78ed674,228,221,RGB,3178f0f4f0e0f479,
Training/notumor/Tr-no_723.jpg,notumor,training,False,8175,562cc858458ff6ea53d8532747c389ed,232,217,RGB,107169ece4707800,
Training/notumor/Tr-no_724.jpg,notumor,training,False,24761,a5fa193e04bf0085cb4be9983d3292a2,356,474,RGB,31e8e8e8e8e8f031,
Training/notumor/Tr-no_725.jpg,notumor,training,False,10979,9eb9f2c929d940f7333441cf7301f205,225,225,RGB,b269e0e8e8e8cc61,
Training/notumor/Tr-no_726.jpg,notumor,training,False,15042,35aace8c33988d8886e0d8c3e3928201,225,225,RGB,3170d4d4d4d4e871,
Training/notumor/Tr-no_727.jpg,notumor,training,False,10961,e6330f12f0945d336767b05b8441848b,214,236,RGB,69dc968ad4d4d4f0,
Training/notumor/Tr-no_728.jpg,notumor,training,False,10754,d93d3da64562674f66548c103743cf1b,196,257,RGB,e0d496d490d0f8f0,
Training/notumor/Tr-no_729.jpg,notumor,training,False,9424,0615be5bfa0e370a3be807e7d6288137,225,225,RGB,70f0d4c4d4d4f070,
Training/notumor/Tr-no_73.jpg,notumor,training,False,13213,f6a666f3aad6223c98e59c677b06310c,225,225,RGB,3171d4d4dcd4d071,
Training/notumor/Tr-no_730.jpg,notumor,training,False,17433,c00ff450511705c42d3a8273cc785de0,350,393,RGB,71c88aa2b2b2cc69,
Training/notumor/Tr-no_731.jpg,notumor,training,False,7230,bb1d183c1e50a0b2d04cd09125db0030,228,221,RGB,3178f0f4f0e0f479,
Training/notumor/Tr-no_732.jpg,notumor,training,False,11427,d09e7eebb452d23192f2c7536ece4a9d,225,225,RGB,79ccecece8d879b2,
Training/notumor/Tr-no_733.jpg,notumor,training,False,10057,22013ea52d45260a13282826ebd063e6,225,225,RGB,3170ecccd4d47071,
Training/notumor/Tr-no_734.jpg,notumor,training,False,12235,4295eee904f5e6c205b01cbae01efab6,227,222,RGB,61e8ec8ccececc60,
Training/notumor/Tr-no_735.jpg,notumor,training,False,39175,931c5d28f03fa83a1c120b6546c38c90,359,449,RGB,70d0d4d4b092f0f0,
Training/notumor/Tr-no_736.jpg,notumor,training,False,7095,d9346bc0a44f99e848b2054c597442bf,236,213,RGB,f1e1e1e8e8f8e9e1,
Training/notumor/Tr-no_737.jpg,notumor,training,False,58709,792fae23c6cb29875f3b74d1337f197a,600,519,RGB,1271ccd4f0f8f070,
Training/notumor/Tr-no_738.jpg,notumor,training,False,18352,bbe4e3817fcf574daf45adf8a2915106,236,236,RGB,79f4d0d0dadcaccc,
Training/notumor/Tr-no_739.jpg,notumor,training,False,10068,7ca0caefb9289b291b15c5040e4455f2,206,244,RGB,e1f094d0c4ccf4f9,
Training/notumor/Tr-no_74.jpg,notumor,training,False,14570,1e4c17a2391600a09ac3beebb165a068,220,275,L,70d0d4d4b0d2f0f0,
Training/notumor/Tr-no_740.jpg,notumor,training,False,11316,30a5d3ac5a6e70b5f7ee284f0ab440b9,227,222,RGB,68cccece8cece869,
Training/notumor/Tr-no_741.jpg,notumor,training,False,6668,8555f293b767eded93e98573bdf9e620,192,192,RGB,3271d4ccd0d171b0,
Training/notumor/Tr-no_742.jpg,notumor,training,False,7991,11add46c9c309f81bbed993e10b1acd7,150,198,RGB,c4b0ec4d4d55aed4,
Training/notumor/Tr-no_743.jpg,notumor,training,False,9667,4b24a48bcac423fba8236ca33d63cc79,236,213,RGB,7078f0e8e8e06878,
Training/notumor/Tr-no_744.jpg,notumor,training,False,9472,f8aa9999d5e9fb8517c309c2e73d3937,225,225,RGB,f0f8d4dcd4d4f0f0,
Training/notumor/Tr-no_745.jpg,notumor,training,False,15244,cedd18ecd91954fb35b741a30a606b49,208,217,RGB,b2e0e8e8f0b4c869,
Training/notumor/Tr-no_746.jpg,notumor,training,False,12350,c4189111d357c0fd6c713633646a4eff,225,225,RGB,f2e8d4f0d0d4f9b2,
Training/notumor/Tr-no_747.jpg,notumor,training,False,10600,5a2b03cf1973b4e0c5e18a7b439b900e,236,236,RGB,d0e0e8e8ccc8e0f0,
Training/notumor/Tr-no_748.jpg,notumor,training,False,6890,053d3b21509586bc70eb5c30f0c62518,206,244,RGB,60d0ccc4f4d2f078,
Training/notumor/Tr-no_749.jpg,notumor,training,False,33685,e89ab6994c617c31786bfff5c406d0ab,512,512,RGB,b279f8f0e8e0f0b2,
Training/notumor/Tr-no_75.jpg,notumor,training,False,12319,d0a8363c1590f97e5bfa65ae3bdfd305,212,238,RGB,69ccb2aae8eae831,
Training/notumor/Tr-no_750.jpg,notumor,training,False,20463,d966ed9f01d9fac152e7a4bed63ac281,236,236,RGB,79f0c8dcd8d4e4e4,
Training/notumor/Tr-no_751.jpg,notumor,training,False,7869,02e13b0f5d022f8b668a098e355a2687,225,225,RGB,b260f4f0f0d4e8b0,
Training/notumor/Tr-no_752.jpg,notumor,training,False,25300,cb1985b9ecaeb7943a39f8f2e95f65bd,356,474,RGB,71f0e8e8e8e8e031,
Training/notumor/Tr-no_753.jpg,notumor,training,False,10393,b57daf6bdf4eba86d249368f83891067,232,217,RGB,007071f4e4707000,
Training/notumor/Tr-no_754.jpg,notumor,training,False,12874,7b23e870aeb9761f8b864bec65e5c9c1,196,257,RGB,e0e0f4e6d4d4d4e8,
Training/notumor/Tr-no_755.jpg,notumor,training,False,41446,961071052eb301a3e0cd452df5cfa975,400,442,RGB,32f1e8ccccc8e871,
Training/notumor/Tr-no_756.jpg,notumor,training,False,11438,27bf28d7237860a1f1f03e3d72d5c0c2,201,250,RGB,e8d4aa9696d4d471,
Training/notumor/Tr-no_757.jpg,notumor,training,False,12444,699243f170de5c773fdf0c684e9d4280,225,225,RGB,7179d4ccc8d47033,
Training/notumor/Tr-no_758.jpg,notumor,training,False,10943,cce2c88efe125045cfbcbff0f8ff70ef,196,257,RGB,f0f8d090d496d4e0,
Training/notumor/Tr-no_759.jpg,notumor,training,False,9293,e569f721cc2aa764b0f04cb85793653d,225,225,RGB,7269e0e0c4cce071,
Training/notumor/Tr-no_76.jpg,notumor,training,False,9314,14c6370cb4fc30abdc51cae0560d1ae1,225,225,RGB,b279f8e8e8e8e879,
Training/notumor/Tr-no_760.jpg,notumor,training,False,6882,1b0b5e95c978a932741e084838811246,236,236,RGB,3069e8e8dcd8e070,
Training/notumor/Tr-no_761.jpg,notumor,training,False,10940,44ca851835d395a19c7ff216a5b31eef,225,225,RGB,3161e8e8ecec7133,
Training/notumor/Tr-no_762.jpg,notumor,training,False,6118,7b0494c300f1eb9ed3b55ef1c715db74,150,198,RGB,c4924c4d4d55aed4,
Training/notumor/Tr-no_763.jpg,notumor,training,False,12991,bd12225700693c193b4f6a120e3eb4b1,235,227,RGB,6160e8e8c8e8d871,
Training/notumor/Tr-no_764.jpg,notumor,training,False,127722,d52e77fd0e12cfd96d437f00bce28eef,1024,1024,RGB,71f1e8e8cccce871,
Training/notumor/Tr-no_765.jpg,notumor,training,False,7322,c0d2564643113d07d7229e9c6b16f811,225,225,RGB,71e8dcdce8f06931,
Training/notumor/Tr-no_766.jpg,notumor,training,False,63465,713df8b9d91cb6721c6e2478df82fc02,562,592,RGB,69e8e8e8e8e8f8d0,
Training/notumor/Tr-no_767.jpg,notumor,training,False,52569,7108f7b2a94c8401f13dae47f666b4e1,416,512,RGB,31e0d0d0d4aad6e8,
Training/notumor/Tr-no_768.jpg,notumor,training,False,15744,d7889c87cdab7a19875e492733e11b58,207,243,RGB,e1c8c8c8ccc8d8f1,
Training/notumor/Tr-no_769.jpg,notumor,training,False,13952,5d3ffa28223623209af7426300a37c35,201,251,RGB,ccaa696dede8e070,
Training/notumor/Tr-no_77.jpg,notumor,training,False,20151,5de79e41a296c0bbe949d1a1cbe42a37,236,294,RGB,79f8f4c4ac6222c8,
Training/notumor/Tr-no_770.jpg,notumor,training,False,22859,d7c362af5ef99bb68896b5f184dc0ab5,442,442,RGB,b278e8e8ccccf871,
Training/notumor/Tr-no_771.jpg,notumor,training,False,22304,f70c4bc5533e405d1ef1cbf1d41b7d46,428,417,RGB,60cccece8cece861,
Training/notumor/Tr-no_772.jpg,notumor,training,False,29026,86527e0ac3e48b7b73cdeb2fc2497da5,428,417,RGB,e9cc8c8ccec8e869,
Training/notumor/Tr-no_773.jpg,notumor,training,False,5628,3a85a9ad5cfffa52f7077dd285c0aa15,173,201,RGB,e8e8e8e8e8d4e8f0,
Training/notumor/Tr-no_774.jpg,notumor,training,False,6770,1383c8a62264194b6158718f2f60baec,225,225,RGB,00f178ece8e87030,
Training/notumor/Tr-no_775.jpg,notumor,training,False,9774,4598657f5e60513a50b45013e8c717cf,207,243,RGB,61c8c8c8ccc8d8f1,
Training/notumor/Tr-no_776.jpg,notumor,training,False,8623,831a203252d3ceea324de630f336f7ed,173,201,RGB,f0e8d4e8e8e8e8e8,
Training/notumor/Tr-no_777.jpg,notumor,training,False,31827,365ff1084aeff1257aad4f401035d44a,630,614,RGB,71e8e8e8e8c4e471,
Training/notumor/Tr-no_778.jpg,notumor,training,False,14360,2979f0422f022037f032b69fda8cbcba,227,262,RGB,71e8e8c8ccc8e0f0,
Training/notumor/Tr-no_779.jpg,notumor,training,False,17096,d3692b5c51d63ded1b913019a2027789,224,286,RGB,69f4d4d4a8aad4f8,
Training/notumor/Tr-no_78.jpg,notumor,training,False,15992,aef85a4ec8d5b7dd3d08aa977e88fd8d,226,213,RGB,7cf0e8c69a9cc4cc,
Training/notumor/Tr-no_780.jpg,notumor,training,False,7476,beea2fac64ad938f44d12328a0914f9f,173,201,RGB,f0e8d4e8e8e8e8e8,
Training/notumor/Tr-no_781.jpg,notumor,training,False,14368,19e1c11270a5105459a8f52090262d4a,201,251,RGB,70d0d4d6b0d2f0f0,
Training/notumor/Tr-no_782.jpg,notumor,training,False,14900,5b87cc98bccb673975488bd1c85ccc89,235,304,RGB,e8cc8e8c74e8ccf0,
Training/notumor/Tr-no_783.jpg,notumor,training,False,16209,aa995991294e90b0a448dae20d5cf70f,236,257,RGB,71f0e8e8e8e8aac0,
Training/notumor/Tr-no_784.jpg,notumor,training,False,5982,e6bcbffa084562d62f0b447b98fc2cbe,225,225,RGB,70f0c0c8ccccf070,
Training/notumor/Tr-no_785.jpg,notumor,training,False,30683,22aa8132f3145d4a12f084445c66c310,441,442,RGB,71ecc8e8ccece871,
Training/notumor/Tr-no_786.jpg,notumor,training,False,15016,e7e6c4c4d3f3a59be6cac0eca3a8301c,234,225,RGB,3271e8e8f0f4f070,
Training/notumor/Tr-no_787.jpg,notumor,training,False,16121,81291f34d808d7f4033c8a87d04f8362,442,442,L,70f0ececccccf070,
Training/notumor/Tr-no_788.jpg,notumor,training,False,21197,1fc4e009cba923decb6c5a6cfd65bb4d,400,442,RGB,71e8eccccce870b2,
Training/notumor/Tr-no_789.jpg,notumor,training,False,8440,d5d28dcda2da4f1ee99d85a159ebc8d4,225,225,RGB,73f1c8ccd4e8f171,
Training/notumor/Tr-no_79.jpg,notumor,training,False,42479,f4ded630c0c84d13bd84b368193bdbff,680,680,RGB,69f0f0c8e8f8f162,
Training/notumor/Tr-no_790.jpg,notumor,training,False,33173,95c09ed5cb1d6ddc99c30a34e84546e5,550,664,RGB,71e0cec4e4f0cc69,
Training/notumor/Tr-no_791.jpg,notumor,training,False,12128,c9248433974e6cd8f6a9203e8a9d080e,227,262,RGB,71e8e8c8ccc8e0f0,
Training/notumor/Tr-no_792.jpg,notumor,training,False,12176,c50db8a8e0cc9b5e9f216b5cee9b4b41,232,217,RGB,3071e8d0d8e8e120,
Training/notumor/Tr-no_793.jpg,notumor,training,False,10668,e451ebeaafd925c68f39a4a53961aaaa,194,259,RGB,61e4e8e8ccccf871,
Training/notumor/Tr-no_794.jpg,notumor,training,False,30086,4c2541557255785fa206c65950e43cde,630,630,RGB,b0f0d4d4c4c4e0b2,
Training/notumor/Tr-no_795.jpg,notumor,training,False,9595,c4bf754311ba81f3a1a1241a406d135c,218,231,RGB,39e8e8e8ccdce8e8,
Training/notumor/Tr-no_796.jpg,notumor,training,False,19151,9d40a35639acf70d3ea40c067f5a9896,229,280,RGB,e0f8c8c4e8d0dcdc,
Training/notumor/Tr-no_797.jpg,notumor,training,False,41831,db8aba4a5df982db4387cbe8b7ec0e6e,630,630,RGB,b0f0d4d4c4c4e0b2,
Training/notumor/Tr-no_798.jpg,notumor,training,False,22083,c7f765bf78e96dea5f8921757e5be02e,442,442,RGB,b278e8e8ccccf871,
Training/notumor/Tr-no_799.jpg,notumor,training,False,35860,ccffd5b014d043687ba5d980285bda36,630,630,RGB,71d0d4dcd4d47131,
Training/notumor/Tr-no_8.jpg,notumor,training,False,165993,342b29d63e0103afbe3fab52b8536af2,850,872,RGB,71f0d4f4b2d4f831,
Training/notumor/Tr-no_80.jpg,notumor,training,False,32048,007b04ebf987a8b78f7140f8807fd920,504,540,RGB,b0f8d4ccccecf0b0,
Training/notumor/Tr-no_800.jpg,notumor,training,False,6019,b7062f895ddefa9a1ded708ab3013f70,192,192,RGB,72f1d4ccd0d071b2,
Training/notumor/Tr-no_801.jpg,notumor,training,False,13572,4a2c99db77fd882b24b65be41a5a1e18,225,225,RGB,3169f8e8dccce871,
Training/notumor/Tr-no_802.jpg,notumor,training,False,12581,ff167b87ac25af331b17ae3017769c06,225,225,RGB,70f0e8c8c8e17000,
Training/notumor/Tr-no_803.jpg,notumor,training,False,27427,1b14139e419799044ee696be63dd40fd,442,442,RGB,32e1e8c8cccce831,
Training/notumor/Tr-no_804.jpg,notumor,training,False,9459,274f5f6d65739f421e303107f5259df5,225,225,RGB,30f0d4ccd4d4f070,
Training/notumor/Tr-no_805.jpg,notumor,training,False,12191,b19a1c74da3e0977cb2e05e6a4b6cc9f,200,252,RGB,e8cccc8c8e96ccf0,
Training/notumor/Tr-no_806.jpg,notumor,training,False,28073,46df98ff4751a82dd3fa456d3a5251dd,630,630,L,b269e8e8e8e871b2,
Training/notumor/Tr-no_807.jpg,notumor,training,False,14831,e32eb1f0607fdfc71cc1f9d22487559b,232,217,RGB,f1e0e8e8c8e8e172,
Training/notumor/Tr-no_808.jpg,notumor,training,False,10349,a159cf4f1ccb4a17afc0e6ddb8164300,200,252,RGB,e0cc948ececcc8e8,
Training/notumor/Tr-no_809.jpg,notumor,training,False,11268,cb52717d36274190c7f34838a03f1af8,215,234,RGB,70e8ecccc8e8f070,
Training/notumor/Tr-no_81.jpg,notumor,training,False,11391,43a7b114cc14ecb127e3feb427e8a2dc,225,225,RGB,b260f4f0f0d4e8b0,
Training/notumor/Tr-no_810.jpg,notumor,training,False,29015,3c6fa0ae2ede310bc6dc2dd7a6fbbaa3,442,442,RGB,70f0c8c8ccc4f070,
Training/notumor/Tr-no_811.jpg,notumor,training,False,34543,622c84e86f9713c38ba302037baf16d6,428,417,RGB,69f8c8ce8c8ccce9,
Training/notumor/Tr-no_812.jpg,notumor,training,False,33502,878e14abf51d56db9fc632b9b140198c,550,664,RGB,69ccf0d8dc8ce871,
Training/notumor/Tr-no_813.jpg,notumor,training,False,12060,5562eae4e5ebc10b36e46caeb073fbc5,236,236,RGB,b269ccccccc4e932,
Training/notumor/Tr-no_814.jpg,notumor,training,False,10466,d6cec9e5ebd13844f8dfb633dd9fbfca,219,211,RGB,f0f0e8e8e8e8e8e0,
Training/notumor/Tr-no_815.jpg,notumor,training,False,35624,d44334e9a15634627c24657dc7e2a2ee,428,417,RGB,60ccc68e8ec4cc61,
Training/notumor/Tr-no_816.jpg,notumor,training,False,14906,6119e8d3172ad5a550a6401e146ff5d5,225,259,RGB,3249dcaaaaaacc79,
Training/notumor/Tr-no_817.jpg,notumor,training,False,32715,06c3e21e888012e7845da47b26b742e8,411,501,RGB,f9e0b4b688aad4e8,
Training/notumor/Tr-no_818.jpg,notumor,training,False,8537,2ed1535356acb172ebf1f6212728814d,225,225,RGB,b261c4c4d4d4f030,
Training/notumor/Tr-no_819.jpg,notumor,training,False,14989,60e765179ae22c1d69cb6c1233f17354,236,220,RGB,78f4f6d4d89ee6f6,
Training/notumor/Tr-no_82.jpg,notumor,training,False,5188,9964811e6799f0a80627e6df1c1b77f7,225,225,RGB,70f0d4d4d4d4f070,
Training/notumor/Tr-no_820.jpg,notumor,training,False,8040,7636121928c480d6141d945e513e461f,225,225,RGB,337171f0e0e86113,
Training/notumor/Tr-no_821.jpg,notumor,training,False,200227,d017c4e724b25cb69d7f0b560e5f826d,680,680,RGB,b170e0e8ecf0f069,
Training/notumor/Tr-no_822.jpg,notumor,training,False,13087,04ad12436c5b59dac34ff27b48e8dd9a,235,227,RGB,29f0f0f8c8ccf8f1,
Training/notumor/Tr-no_823.jpg,notumor,training,False,8838,cf8871ec3f048ae7c414d5ce64bbe220,225,225,RGB,6969e8e8eccc7033,
Training/notumor/Tr-no_824.jpg,notumor,training,False,8681,b79029e193e7d4f9f9626ec8ccf93da0,230,282,RGB,71d0dccccce8e833,
Training/notumor/Tr-no_825.jpg,notumor,training,False,28639,aa86a91e84f337895ac6c95378e5cc54,468,444,RGB,70f1e8e8a8c4d4c9,
Training/notumor/Tr-no_826.jpg,notumor,training,False,19488,6fb57a4bd089cbd4d38411b262c1717b,208,242,RGB,f888ccccccece4e8,
Training/notumor/Tr-no_827.jpg,notumor,training,False,6224,aead5a250295abad3594f474bf6aec9e,150,198,RGB,d08a554d4dc9b2dc,
Training/notumor/Tr-no_828.jpg,notumor,training,False,28358,4e147258864dec0242e85a0fb3b6af85,359,449,RGB,f0f0b2b0d4d4d071,
Training/notumor/Tr-no_829.jpg,notumor,training,False,7965,28840bc15b81552aded007ed7be34ae6,225,225,RGB,70f0ccccc8c8f070,
Training/notumor/Tr-no_83.jpg,notumor,training,False,21155,638b1882d110457448e482c8d3c036e6,400,442,RGB,71e8c8cccce8f032,
Training/notumor/Tr-no_830.jpg,notumor,training,False,8388,3f220aeb3a323cd85096cfbc7b57a9a4,235,214,RGB,f0e8ecd4d4e4e871,
Training/notumor/Tr-no_831.jpg,notumor,training,False,136631,46e6159f43133d0a4739a0f84fa10411,785,848,RGB,61d0d4d4d4f0d470,
Training/notumor/Tr-no_832.jpg,notumor,training,False,9821,ce6001ef0d44e80eccd0e52011cb62ab,236,236,RGB,397cd0f4d8aeb4fd,
Training/notumor/Tr-no_833.jpg,notumor,training,False,30280,1bfee6c951673b151e1ce122551a1ced,359,449,RGB,71f4d494f2b2f0f0,
Training/notumor/Tr-no_834.jpg,notumor,training,False,40881,47801c8e328f4aa292067f2cf5a2108d,512,512,RGB,3069f8e8dccce871,
Training/notumor/Tr-no_835.jpg,notumor,training,False,6293,34c41ac2288b30b780067d5c5e03bd2d,300,168,RGB,f0707169e8f169f0,
Training/notumor/Tr-no_836.jpg,notumor,training,False,6665,7ac4cab3da730fc7150dd5d6326953aa,192,192,RGB,b071d1d0ccd47132,
Training/notumor/Tr-no_837.jpg,notumor,training,False,11646,1dcf3d5e79ca5649586e252594baad5e,276,326,RGB,61f4a6b2a694e4e0,
Training/notumor/Tr-no_838.jpg,notumor,training,False,7229,1d37c99317176afec5f6d46be4d56cef,228,221,RGB,79f4e0f0f4f07831,
Training/notumor/Tr-no_839.jpg,notumor,training,False,38799,b6ce0a54d799d61f77617809c5e78ef2,428,417,RGB,61e8ec8ccececc60,
Training/notumor/Tr-no_84.jpg,notumor,training,False,9498,59892fbac61d95524521fe36bfad593b,150,198,RGB,f496e84d4d558ad0,
Training/notumor/Tr-no_840.jpg,notumor,training,False,69322,33545775c68d06694c0cd52a399584a7,655,602,RGB,70dcf0c0d896b4f4,
Training/notumor/Tr-no_841.jpg,notumor,training,False,29734,f845ac5512c4131c93fd549f1d5f76f8,359,449,RGB,70d0d4d6b092f0f0,
Training/notumor/Tr-no_842.jpg,notumor,training,False,13468,1cd4b52baf686e010b8581dc290edb74,196,257,RGB,e8d4d4d4e6f4e0e0,
Training/notumor/Tr-no_843.jpg,notumor,training,False,20463,d966ed9f01d9fac152e7a4bed63ac281,236,236,RGB,79f0c8dcd8d4e4e4,
Training/notumor/Tr-no_844.jpg,notumor,training,False,114456,ada5790e0748c54695e1b607911550f7,717,717,RGB,60f0f0f0e0d06060,
Training/notumor/Tr-no_845.jpg,notumor,training,False,7882,2a2e517ae7d77b877d6457e2aa08cd23,228,221,RGB,70d8e8ccc8e8e160,
Training/notumor/Tr-no_846.jpg,notumor,training,False,16812,bfa696d934f47cee4a0873f972a35c21,235,261,RGB,71f0d6eaa892d4e8,
Training/notumor/Tr-no_847.jpg,notumor,training,False,6758,4b827a115009aee4cf3ffc8c2f7028ae,225,225,RGB,3169f8e8dcdce871,
Training/notumor/Tr-no_848.jpg,notumor,training,False,8901,01d7f3a18b83e1f944513bec8e81c407,201,251,RGB,ccaa696dede8e870,
Training/notumor/Tr-no_849.jpg,notumor,training,False,12861,fe3fedc45a1ef12636a1bd1f4031e5b1,200,252,RGB,f8cc968e8ccccce8,
Training/notumor/Tr-no_85.jpg,notumor,training,False,52384,37bd24249462db354ca545d74fa77915,468,444,RGB,b170e0e8e8d4d468,
Training/notumor/Tr-no_850.jpg,notumor,training,False,20653,22a175f24590fcc6c1a080ec64346fce,339,340,RGB,7370f8f0f0f4f133,
Training/notumor/Tr-no_851.jpg,notumor,training,False,10148,f1926a7952a3e2245be16ed06c227b24,200,252,RGB,c0aa4cecc9c8d871,
Training/notumor/Tr-no_852.jpg,notumor,training,False,8408,40d0dbd11b1a9aef10da4d9ca13a7f26,227,222,RGB,60cccace8cece861,
Training/notumor/Tr-no_853.jpg,notumor,training,False,73877,ddbb2673e9183e21dab3be3e56c37319,550,664,RGB,69ccf0e4c4ecf071,
Training/notumor/Tr-no_854.jpg,notumor,training,False,20545,1829d716613d6d3022da2f82368071ae,236,269,RGB,e0e0e0e4e6829818,
Training/notumor/Tr-no_855.jpg,notumor,training,False,8307,d4884f184e895ead4bf7596647350f43,201,251,RGB,e1e8e8484969aacc,
Training/notumor/Tr-no_856.jpg,notumor,training,False,10853,b41544b9caf43da688fe3aa4918f0853,214,236,RGB,f0d4d4d4ae96c461,
Training/notumor/Tr-no_857.jpg,notumor,training,False,10585,e9688d2d202570fb3f0a9fff97162b64,236,236,RGB,b07044d4d2ceec31,
Training/notumor/Tr-no_858.jpg,notumor,training,False,16501,946c9dddb897667df23486492cf97b62,393,400,RGB,70f1d4d4f0f0f061,
Training/notumor/Tr-no_859.jpg,notumor,training,False,24645,ea78fb4c299ff6829660fb8aa177ff65,512,512,RGB,3169f8f8dccce871,
Training/notumor/Tr-no_86.jpg,notumor,training,False,15880,cdf4e6e706f06498de8e4687eb4857b0,200,252,RGB,e0cccc8e8e96ccf0,
Training/notumor/Tr-no_860.jpg,notumor,training,False,11532,25fa01729da98d55f447b7586fc3336b,230,282,RGB,33e8e8ccccdcd071,
Training/notumor/Tr-no_861.jpg,notumor,training,False,11744,47eaeaf40e9f46bb84887d028f02a76e,208,242,RGB,e0c8c8cccccccee0,
Training/notumor/Tr-no_862.jpg,notumor,training,False,9137,f46d96d6e73630fc61ad1f3db7c0b5f9,225,225,RGB,70f0e8ccccccf070,
Training/notumor/Tr-no_863.jpg,notumor,training,False,136631,46e6159f43133d0a4739a0f84fa10411,785,848,RGB,61d0d4d4d4f0d470,
Training/notumor/Tr-no_864.jpg,notumor,training,False,6264,6b3c032ec42efd24bdeb87534f6ce0bd,225,225,RGB,70f0c8c8ccc4f070,
Training/notumor/Tr-no_865.jpg,notumor,training,False,20013,11118ff96dd17a149cba79f43a30ec31,235,257,RGB,e8d49694e8e8d496,
Training/notumor/Tr-no_866.jpg,notumor,training,False,37869,2e793e328d071f0be0cd3a7445d15dc6,267,328,RGB,e8f2faccccd6ece8,
Training/notumor/Tr-no_867.jpg,notumor,training,False,7675,4cc9cfa7d7d184c4dc2b812b56d5e804,228,221,RGB,60e1e8c8cce8d870,
Training/notumor/Tr-no_868.jpg,notumor,training,False,8484,0c3b792e4a80db8bf2e0d6d0e4b2f989,225,225,RGB,3371ccc8e8e86961,
Training/notumor/Tr-no_869.jpg,notumor,training,False,14943,d69ffd99f748666fb02d44bed19f7e08,225,225,RGB,3371ccccc8e86961,
Training/notumor/Tr-no_87.jpg,notumor,training,False,17493,2a67331c5443d0cddb53d9167236c7aa,350,393,RGB,71e8aebab2b2cc69,
Training/notumor/Tr-no_870.jpg,notumor,training,False,45254,790287c6713dd96be2a947004d7f1779,630,630,L,30f0d4ccd4d4f070,
Training/notumor/Tr-no_871.jpg,notumor,training,False,94987,6c188ec1074e64b3581b6ee4b9e306c6,850,745,RGB,79ecd4d8f0d8cae8,
Training/notumor/Tr-no_872.jpg,notumor,training,False,12988,4bb4e278677833186fa60a9e12178ef1,236,273,RGB,d8f4e8c8c8f8f054,
Training/notumor/Tr-no_873.jpg,notumor,training,False,24362,e1cb133691282fea718a6233937cbccd,359,449,RGB,71f0d4d4b0f2f0f0,
Training/notumor/Tr-no_874.jpg,notumor,training,False,10416,8201d429cd1794ee5e46fb384ffd52da,232,217,RGB,107170d4d4707810,
Training/notumor/Tr-no_875.jpg,notumor,training,False,24096,4085530e6e7bbfd869721186d27c4cb2,468,444,RGB,3170e0e8ead4d46c,
Training/notumor/Tr-no_876.jpg,notumor,training,False,36834,81e96a08a3d564cad3db79a70757849a,630,630,RGB,71d4d4dcd4d47131,
Training/notumor/Tr-no_877.jpg,notumor,training,False,19940,259dd682b30ed56d4eaacb41831b41a3,441,442,RGB,71e8eccce8c8ec71,
Training/notumor/Tr-no_878.jpg,notumor,training,False,9861,c3d50f75f5b338312642eb0164d0b071,232,217,RGB,72e1e8c8e8e8e0f1,
Training/notumor/Tr-no_879.jpg,notumor,training,False,21158,5a1aba37d7122d6aaaf131fa6cd52797,230,274,RGB,71e8e8aaaaaab296,
Training/notumor/Tr-no_88.jpg,notumor,training,False,8800,5071f00a95dd6db007706c8a327b4818,201,251,RGB,70e8e8ed6d69aacc,
Training/notumor/Tr-no_880.jpg,notumor,training,False,41675,7be661c7ec1d3c648894b51bb7ffdf3e,605,613,RGB,71e8e8e8e8cce870,
Training/notumor/Tr-no_881.jpg,notumor,training,False,21218,6aadfc1096d5bb51018f06e7b1023404,278,280,RGB,7cdce8f89a9eccec,
Training/notumor/Tr-no_882.jpg,notumor,training,False,9509,4bd4119de88ed218a00e207b45ea84c3,207,243,RGB,78ecececccece470,
Training/notumor/Tr-no_883.jpg,notumor,training,False,8895,5912bfef2a2ed1fb107f964af3178c33,173,201,RGB,e8e8e8e8e8d0e8f0,
Training/notumor/Tr-no_884.jpg,notumor,training,False,14285,47413aa8d97afe63156ca0cd890628e2,208,248,RGB,e8f0ccccc8d4e0f0,
Training/notumor/Tr-no_885.jpg,notumor,training,False,5919,52884d35670fb1bf6423560e90abbfd7,150,198,RGB,dcb2c94d4d558ad0,
Training/notumor/Tr-no_886.jpg,notumor,training,False,12593,d923509d281c5bb5b51972bf1e2680fd,225,225,RGB,3271c4ccd0f4d461,
Training/notumor/Tr-no_887.jpg,notumor,training,False,17833,7c54fe7973d3fe9c702eed7aba12f9b5,210,201,RGB,78fcd4f4dcc8c8b8,
Training/notumor/Tr-no_888.jpg,notumor,training,False,10020,fdd4e152bdadbf2731fa4481bc41bce5,420,280,RGB,3069686861696132,
Training/notumor/Tr-no_889.jpg,notumor,training,False,7041,7f4d91f6e5c91dc0501e9d9562042f58,206,244,RGB,60d0ccc4f4d2f078,
Training/notumor/Tr-no_89.jpg,notumor,training,False,11122,a34c69e1fad221d4a3e3de2d7c2e6300,173,201,RGB,f0e8d4e8e8e8e8e8,
Training/notumor/Tr-no_890.jpg,notumor,training,False,7793,3142a4c4d7b9ea45c2f1618b5661a54e,225,225,RGB,3271f8e8f4f0d479,
Training/notumor/Tr-no_891.jpg,notumor,training,False,12985,e92c4c47b73fdd3578868bf6412dce6a,235,214,RGB,f0e8ecd4d4e4e871,
Training/notumor/Tr-no_892.jpg,notumor,training,False,11227,bc4404d7824a083e254adc8c58f70f80,227,222,RGB,69e8c8ce8c8ccce9,
Training/notumor/Tr-no_893.jpg,notumor,training,False,95980,51a3b1ef6f530b5fdaef6bb01ca5ad3d,680,680,RGB,3970e0e8ecf0f079,
Training/notumor/Tr-no_894.jpg,notumor,training,False,15820,f8df73cf27184118cf1b4057936aa500,235,215,RGB,7cf0e8c69e9cc4cc,
Training/notumor/Tr-no_895.jpg,notumor,training,False,42537,65dedc47c873f920cf7a742bd76f534c,680,680,RGB,69f0f0ece8e070b1,
Training/notumor/Tr-no_896.jpg,notumor,training,False,10497,4c4bfb9135d51b7b91fa3ab26e4abd96,194,259,RGB,79d8e8e8cccce071,
Training/notumor/Tr-no_897.jpg,notumor,training,False,35830,c4396f1df3b6050228d3d2d42fc1d7f1,350,350,RGB,70f0e88accd4d0e8,
Training/notumor/Tr-no_898.jpg,notumor,training,False,7569,5ad153b3fef14fd766528aed256c9f40,177,197,RGB,70e8e8e8e8cce871,
Training/notumor/Tr-no_899.jpg,notumor,training,False,34702,119a0f04b836a95396bedbe8a4555706,438,502,RGB,69e8e4d4c6cee4f0,
Training/notumor/Tr-no_9.jpg,notumor,training,False,10777,4f9f3c5d72d4a0006a13851a5a8de18b,225,225,RGB,3170ecccd4d47071,
Training/notumor/Tr-no_90.jpg,notumor,training,False,20868,33c56e184f1729167e9d39abc1a4776d,314,260,RGB,71c9cccc8cd4c971,
Training/notumor/Tr-no_900.jpg,notumor,training,False,19076,8280a26ded8958ad876c053fca1a0101,235,277,RGB,79f4d4b2f2fab6ec,
Training/notumor/Tr-no_901.jpg,notumor,training,False,16951,d27fe2b6904669a2188ad7786bc378a8,442,442,RGB,71e8cccce8e878b2,
Training/notumor/Tr-no_902.jpg,notumor,training,False,11428,f98f1aefd1d86bd6accbd76511fd9081,201,250,RGB,68d4aa9696d4d470,
Training/notumor/Tr-no_903.jpg,notumor,training,False,6164,0913eff5b6cf1744b4ba55c8d10221c8,150,198,RGB,f4ae554d4d48b2c4,
Training/notumor/Tr-no_904.jpg,notumor,training,False,5868,90fe1de5a8d425e70f21201ae75f56d0,275,183,RGB,3261696168686930,
Training/notumor/Tr-no_905.jpg,notumor,training,False,28157,6d808a958b1bc10fe8e896b3e368fa92,450,504,RGB,69e8f0c4c4cce870,
Training/notumor/Tr-no_906.jpg,notumor,training,False,27719,2c7025438fab31a227acfa917e126d33,332,442,RGB,e9f0d4d4d496f870,
Training/notumor/Tr-no_907.jpg,notumor,training,False,112295,78b161bae77c8aa837c3cc5c8f3ac3a8,652,600,RGB,e8f8f6f2d09ae6ee,
Training/notumor/Tr-no_908.jpg,notumor,training,False,14213,b51b2709f7644f3eadd78d46d0c05f79,275,301,L,d9d4c8c8ccccc8d0,
Training/notumor/Tr-no_909.jpg,notumor,training,False,72720,c62d7e923b468f119e2eb1ec5034a0c2,680,680,RGB,62f1f8e8c8f0f069,
Training/notumor/Tr-no_91.jpg,notumor,training,False,12309,b95587f22f42f1f85bf840692b8442fd,225,225,RGB,3070e8ecec78f100,
Training/notumor/Tr-no_910.jpg,notumor,training,False,8636,0ca6da38ac7a873e700e54f4032d8157,225,225,RGB,0070e1c8e8e8f130,
Training/notumor/Tr-no_911.jpg,notumor,training,False,15039,09c70286382573b296e62475fd66d6ab,236,236,RGB,ecd68e8e9e9acc78,
Training/notumor/Tr-no_912.jpg,notumor,training,False,97655,d7d9c66e4d2c772d6900dcc443c840f0,1024,1024,L,7171e8e8cccce871,
Training/notumor/Tr-no_913.jpg,notumor,training,False,13751,d4d96660bb95b2a1ee554c4ee714ac60,236,243,RGB,7cde9ed91fcee6c7,
Training/notumor/Tr-no_914.jpg,notumor,training,False,8633,9ef1dc087860407ba41c04c22562728d,201,250,RGB,71d4d49696aad4e9,
Training/notumor/Tr-no_915.jpg,notumor,training,False,11183,de88a59391de1bbee66c47250ffce401,236,213,RGB,707870e8f8e46878,
Training/notumor/Tr-no_916.jpg,notumor,training,False,34775,8d5cb4ac464ba805ec639f4c38da6191,512,512,RGB,3169f0e8dcdce871,
Training/notumor/Tr-no_917.jpg,notumor,training,False,10459,264142903905fa2a9aec28feaaee730d,214,236,RGB,f0d4d4d4ae96c461,
Training/notumor/Tr-no_918.jpg,notumor,training,False,41675,7be661c7ec1d3c648894b51bb7ffdf3e,605,613,RGB,71e8e8e8e8cce870,
Training/notumor/Tr-no_919.jpg,notumor,training,False,29252,1b4b38b48c59b8b5fec6724ef2f58f6c,442,442,RGB,72e9e8f0f0e869e8,
Training/notumor/Tr-no_92.jpg,notumor,training,False,42451,40881ffd0417f7d60164cbec5265be37,336,380,RGB,61d4d4b4b0b6fcf9,
Training/notumor/Tr-no_920.jpg,notumor,training,False,15476,564d3b81b447a6a62883e7a8bc5476cf,227,300,RGB,70e8e8e978cce8f0,
Training/notumor/Tr-no_921.jpg,notumor,training,False,30991,e9070c100fb307754582c4b3bbaa8e16,442,454,RGB,7171ececcccc7133,
Training/notumor/Tr-no_922.jpg,notumor,training,False,12008,06fe0b5fa1c8d02443d92335a11ba5da,218,231,RGB,71e8e8e8cce4ece8,
Training/notumor/Tr-no_923.jpg,notumor,training,False,9223,d03f2c2ca14846645c6258ecae2ead47,225,225,RGB,70f0d4ccd4d4f070,
Training/notumor/Tr-no_924.jpg,notumor,training,False,9314,23c96abe99399432a0c51e51347090f2,225,225,RGB,71e0ccc4e0e06972,
Training/notumor/Tr-no_925.jpg,notumor,training,False,44171,467e1d92491f2b2d7ae13bd01f6887e7,630,630,RGB,71f0d4d4d4d47133,
Training/notumor/Tr-no_926.jpg,notumor,training,False,9672,80a93ae436cc69677f657a9f0fc1376d,225,225,RGB,b271f8e8f4d0d479,
Training/notumor/Tr-no_927.jpg,notumor,training,False,7472,bc2a591acef28a6cea260719cad4457e,236,213,RGB,f1e1e1e8e8f8e961,
Training/notumor/Tr-no_928.jpg,notumor,training,False,9229,1bea083839f56dcb11c9651414ff6f26,227,262,RGB,f0f8ecccece8e871,
Training/notumor/Tr-no_929.jpg,notumor,training,False,7960,13eb4bf5389ec13e29c6372e3d22e532,235,214,RGB,71e8d8d4d4c8e8f0,
Training/notumor/Tr-no_93.jpg,notumor,training,False,14435,b59c196cbb359e515d0a6abe39ed2256,205,249,RGB,e8d49eaa2aaa92f4,
Training/notumor/Tr-no_930.jpg,notumor,training,False,15159,b3985de17782311036e2c40e43eba428,236,260,RGB,b270e8e8e8c8e871,
Training/notumor/Tr-no_931.jpg,notumor,training,False,33685,e89ab6994c617c31786bfff5c406d0ab,512,512,RGB,b279f8f0e8e0f0b2,
Training/notumor/Tr-no_932.jpg,notumor,training,False,11478,6167e82ed6905462e6a73d47f975f06f,276,326,RGB,e8d8d69ab292d070,
Training/notumor/Tr-no_933.jpg,notumor,training,False,72192,61d0aeacb5768eca8d91ed7915c5648b,926,649,RGB,c4d0e8e4ba989ee6,
Training/notumor/Tr-no_934.jpg,notumor,training,False,14350,09255c96f534ca40c3c7c9b006c08e77,230,282,RGB,33e8c88e8c9cd071,
Training/notumor/Tr-no_935.jpg,notumor,training,False,165993,342b29d63e0103afbe3fab52b8536af2,850,872,RGB,71f0d4f4b2d4f831,
Training/notumor/Tr-no_936.jpg,notumor,training,False,63842,fe72406f8c205f64297cb57d14a5aa5e,630,630,RGB,b2f8dcdcd4d4f0f0,
Training/notumor/Tr-no_937.jpg,notumor,training,False,12034,6b1cccb9a9959eb4a692fa71ec6eef25,208,242,RGB,e0ceccccccc8c8e0,
Training/notumor/Tr-no_938.jpg,notumor,training,False,13435,00f332c9c2eb8660876654db64d67dad,225,225,RGB,70f0d4d4c4d4f070,
Training/notumor/Tr-no_939.jpg,notumor,training,False,25418,919c0bf82f05a91dc80db25c0fffea1b,356,474,RGB,31f0e8e8e8e8f831,
Training/notumor/Tr-no_94.jpg,notumor,training,False,11363,87f7550997955fcbc77426708fca2c3f,225,225,RGB,3371f0d0e4e06133,
Training/notumor/Tr-no_940.jpg,notumor,training,False,13506,73631e4a7298c51db6fc249e3c03a367,225,225,RGB,71f1ccccd4f4f171,
Training/notumor/Tr-no_941.jpg,notumor,training,False,12278,8057e2eb5eff1f9aab851e3b442b730b,225,225,RGB,00f178ecece87030,
Training/notumor/Tr-no_942.jpg,notumor,training,False,15441,456894452d8401362ca5083d838d3fe6,194,259,RGB,71e0ccece8e8d879,
Training/notumor/Tr-no_943.jpg,notumor,training,False,13256,ff58c0337e6a89a733ea65e825f8f70b,214,236,RGB,f0d4d4d48ed4e061,
Training/notumor/Tr-no_944.jpg,notumor,training,False,11473,7537345258bc563506d86b10ab58079e,201,250,RGB,e8d4aa9696d4d471,
Training/notumor/Tr-no_945.jpg,notumor,training,False,14654,b92d91f6a6eceebb4836b21e4df11524,236,213,RGB,7078f0e8e8e06878,
Training/notumor/Tr-no_946.jpg,notumor,training,False,9553,6495fc05280819be82ed863052127a82,236,236,RGB,b269ccccccc4e932,
Training/notumor/Tr-no_947.jpg,notumor,training,False,9954,b87cc7dfddced616844b0c0808083223,218,231,RGB,61e8e8e8ccc4e8e8,
Training/notumor/Tr-no_948.jpg,notumor,training,False,12606,56ddeddcfd4db1a6a4532c84c80ca995,227,222,RGB,69f8c8ce8c8ccce9,
Training/notumor/Tr-no_949.jpg,notumor,training,False,12142,b60303945bad1da6e6a4d0626020b114,150,198,RGB,f090cc4d4d55aac4,
Training/notumor/Tr-no_95.jpg,notumor,training,False,9380,b7b02ec6477248657f6a2718f3541495,225,225,RGB,337179e8e8e86113,
Training/notumor/Tr-no_950.jpg,notumor,training,False,8519,45bd7de04f46ba4899075a5a0cde8c10,225,225,RGB,6169e8e8c8cc7133,
Training/notumor/Tr-no_951.jpg,notumor,training,False,35782,8f6f9087624aa8a02b7cb14f23019a2a,442,442,RGB,b278e8e8ccccf871,
Training/notumor/Tr-no_952.jpg,notumor,training,False,12465,909294f21b42fd503c2bdccac878690a,206,244,RGB,e8f4ccd4d094f0e1,
Training/notumor/Tr-no_953.jpg,notumor,training,False,11287,ec25192e3c65e8a61f79b7ca72777371,215,234,RGB,70f0e8c8ccece870,
Training/notumor/Tr-no_954.jpg,notumor,training,False,16309,49231610d4ac430a3209e3c14bb8f74d,206,244,RGB,f9f4ccd4d0b4d4e1,
Training/notumor/Tr-no_955.jpg,notumor,training,False,14544,f11fea5655ad9a8a49edc1584f003cc3,220,275,L,71d0d4d4b0d2f0f0,
Training/notumor/Tr-no_956.jpg,notumor,training,False,11046,13c68561c7daa3e674ad8634fe48db0b,225,225,RGB,b261e0e8c8c8cc61,
Training/notumor/Tr-no_957.jpg,notumor,training,False,16396,9e1ea2649433876a28b158eba91ffece,214,236,RGB,e0d4d4d48a96dc79,
Training/notumor/Tr-no_958.jpg,notumor,training,False,19042,c6a596f30afbb0f140d07f83ff118266,380,530,RGB,30f1d4d4ded4f900,
Training/notumor/Tr-no_959.jpg,notumor,training,False,16244,7d5bb24e96e3e482fc7372101793190c,200,243,RGB,c8949a2a2baa96f4,
Training/notumor/Tr-no_96.jpg,notumor,training,False,6878,2fa892e95bf969a3e775861b4b58c511,232,217,RGB,007071f4e4707000,
Training/notumor/Tr-no_960.jpg,notumor,training,False,7728,4c9e077bed70122f42f112431db556b2,177,197,RGB,71e8cce8e8e8e871,
Training/notumor/Tr-no_961.jpg,notumor,training,False,16925,0c605a8ba4bd62d497872fb1e08758b0,201,250,RGB,e8d4aa9694d4d470,
Training/notumor/Tr-no_962.jpg,notumor,training,False,8630,5392a4502bf3e1db5a84ce99a7c7acaa,225,225,RGB,00f178ece8e87030,
Training/notumor/Tr-no_963.jpg,notumor,training,False,15287,570dac1fc1d035ab025b3132a5b653ae,214,236,RGB,f0d4d4d48a96dc69,
Training/notumor/Tr-no_964.jpg,notumor,training,False,11722,dc0e4ff1de17bd63892ec28bad668d6f,206,244,RGB,e1f094d0d4ccf4f8,
Training/notumor/Tr-no_965.jpg,notumor,training,False,15902,9bfc3788cf90d9b1dbedab3af967e26b,339,340,RGB,33f1f0f0f0f07033,
Training/notumor/Tr-no_966.jpg,notumor,training,False,8939,48ed73de65aea9aeda658a000e61c365,230,282,RGB,33e8e8ccccc4f471,
Training/notumor/Tr-no_967.jpg,notumor,training,False,63465,713df8b9d91cb6721c6e2478df82fc02,562,592,RGB,69e8e8e8e8e8f8d0,
Training/notumor/Tr-no_968.jpg,notumor,training,False,46275,1a7a816fb2bf48c87c9b8789212d94fb,550,664,RGB,70e0c8dcd8f0cc68,
Training/notumor/Tr-no_969.jpg,notumor,training,False,72192,61d0aeacb5768eca8d91ed7915c5648b,926,649,RGB,c4d0e8e4ba989ee6,
Training/notumor/Tr-no_97.jpg,notumor,training,False,9376,66d7326ed1518319a479568d37cff57f,208,248,RGB,e8e0ccccecd4f8f0,
Training/notumor/Tr-no_970.jpg,notumor,training,False,9825,51a5e95616d54cea8a38a54e0dbbb73b,236,236,RGB,78e4e6d6a8f4d9c8,
Training/notumor/Tr-no_971.jpg,notumor,training,False,16148,aa2e54e1a7bc26ef78313a93c29bb7b3,339,340,RGB,3370f0f0f0f0e133,
Training/notumor/Tr-no_972.jpg,notumor,training,False,13508,7a90d81ed4d74832b4d62e12861b5a0b,201,251,RGB,f1f8e8484969aacc,
Training/notumor/Tr-no_973.jpg,notumor,training,False,13008,c8e3da4f0e7fb50fe1fc1dc894fe546e,200,252,RGB,f8cc968e8ccccce8,
Training/notumor/Tr-no_974.jpg,notumor,training,False,11766,6eb93cfd63d681847b2d5f3ba975c340,208,242,RGB,e8ececcccccc88f8,
Training/notumor/Tr-no_975.jpg,notumor,training,False,42496,d622afbfb7c33690172e0369252ca76c,680,680,RGB,62f1f8e8c8f0f069,
Training/notumor/Tr-no_976.jpg,notumor,training,False,6672,74d43387fd5f5f08297417acd5558c5b,192,192,RGB,3271d4ccd0d171b0,
Training/notumor/Tr-no_977.jpg,notumor,training,False,11459,26c0900bf911e5ed884762f141ab3fcc,233,208,RGB,7169f0e4d4cce871,
Training/notumor/Tr-no_978.jpg,notumor,training,False,11432,822450ec762df8937bb87461d0ad34fa,227,213,RGB,70e9e0e4c4dce871,
Training/notumor/Tr-no_979.jpg,notumor,training,False,15020,1321404eeda420e57f4d1da4d00076de,225,225,RGB,6179e8c8cccc7133,
Training/notumor/Tr-no_98.jpg,notumor,training,False,52569,7108f7b2a94c8401f13dae47f666b4e1,416,512,RGB,31e0d0d0d4aad6e8,
Training/notumor/Tr-no_980.jpg,notumor,training,False,19715,1749f27e1f22a8adc7a404d79ab035c4,339,340,RGB,31f1e0e0d0d07031,
Training/notumor/Tr-no_981.jpg,notumor,training,False,19860,c54cec15dfbe7b2d1e88eb6e675f2dae,441,442,RGB,71ecc8e8ccece871,
Training/notumor/Tr-no_982.jpg,notumor,training,False,24920,d7259adbaa6ae191dcb3cd7bb42af711,356,474,RGB,31e8e8e8e8e8f031,
Training/notumor/Tr-no_983.jpg,notumor,training,False,15495,1009a3b0b045954cfab5fd2693b41bcb,227,262,RGB,71e8e8acccecf8f0,
Training/notumor/Tr-no_984.jpg,notumor,training,False,5868,128812089cedb7820eb2d30e55eb8cae,228,221,RGB,60e1e8c8cce8d870,
Training/notumor/Tr-no_985.jpg,notumor,training,False,16669,826a11ea67b9ff6782afc3b610256590,393,400,RGB,70f1d4d4f0f0f061,
Training/notumor/Tr-no_986.jpg,notumor,training,False,22067,e1b7951bd0c6f3096cf16559a794351e,428,417,RGB,61e8ec8ccececc60,
Training/notumor/Tr-no_987.jpg,notumor,training,False,16653,ccc80481e9d98685cee7a40116c9a12e,393,400,RGB,7170d4d4f0f0f071,
Training/notumor/Tr-no_988.jpg,notumor,training,False,23358,98fb899b2e9c0f212835124577e2cdd9,442,442,L,70f0e8ccccccf070,
Training/notumor/Tr-no_989.jpg,notumor,training,False,10908,9fd7bb93bb0e52f47db21ccdc091a9fc,218,231,RGB,79e8e8e8ccdce8e8,
Training/notumor/Tr-no_99.jpg,notumor,training,False,9303,4df066ee679c4157479bd3d31cfdd330,232,217,RGB,79d4b0b0b2cad4c4,
Training/notumor/Tr-no_990.jpg,notumor,training,False,45788,e83c5b3fc278777d5a563a2c45f855b1,417,424,RGB,71f0d4d4f0f8d471,
Training/notumor/Tr-no_991.jpg,notumor,training,False,8640,8325127b2ee53660c214f4b90bc62aa6,228,221,RGB,79f4e0f0f4f078b0,
Training/notumor/Tr-no_992.jpg,notumor,training,False,10114,93bf6dcc43b49602afe49a0580d84d8f,225,225,RGB,b271e0e8d0f4d461,
Training/notumor/Tr-no_993.jpg,notumor,training,False,24645,367e19ea6b5900ee6507febdeb7b73e7,230,282,RGB,33e8e8ccccdcd071,
Training/notumor/Tr-no_994.jpg,notumor,training,False,8596,58ba604efb12ac059627587f90ab766c,227,222,RGB,e1cc8c8ccec8e879,
Training/notumor/Tr-no_995.jpg,notumor,training,False,31704,0abe34033d22367d0fe55445050a6f7e,442,442,RGB,b278e8c8cccce871,
Training/notumor/Tr-no_996.jpg,notumor,training,False,10128,dc4cc3ca9d08bf32daa26ceb9d4f19bc,206,244,RGB,f9f4ccc4d094f0e1,
Training/notumor/Tr-no_997.jpg,notumor,training,False,12634,20efc7beb6a4f33cbcee65e5333f4120,208,242,RGB,69d8ec44ccf0f0e4,
Training/notumor/Tr-no_998.jpg,notumor,training,False,56256,40e772a2f0b49cc9de602444188412b5,853,480,RGB,6869e8e8e8686969,
Training/notumor/Tr-no_999.jpg,notumor,training,False,30643,91bb85714d6a2a14f500b96ac52f7a76,441,442,RGB,71e8eccce8c8ec71,
Training/pituitary/Tr-pi_1.jpg,pituitary,training,False,37470,7a9d69e707f7c1f82bbfb4d7c6468423,512,512,RGB,f8e0eae88aaaf0d4,
Training/pituitary/Tr-pi_10.jpg,pituitary,training,False,36840,a03f98eb817ef46f69ea31aab19ec630,512,512,RGB,e9cce8ccb2ccc8a8,
Training/pituitary/Tr-pi_100.jpg,pituitary,training,False,38447,dfddb28b40a802ad6a54416029c08536,512,512,RGB,78e6f0e3bb129c98,
Training/pituitary/Tr-pi_1000.jpg,pituitary,training,False,29637,6999098147b3d86a9968a2f24aa1f9b5,512,512,L,e4f8a88ac6d4d26e,
Training/pituitary/Tr-pi_1001.jpg,pituitary,training,False,37078,963c17b84217495d72c6b4655195fb82,512,512,RGB,ecaa8d27ab9f9414,
Training/pituitary/Tr-pi_1002.jpg,pituitary,training,False,36727,d1bca4f26d65864b0c86d77955e9f7b4,512,512,RGB,33f0e8e892aaaaaa,
Training/pituitary/Tr-pi_1003.jpg,pituitary,training,False,26598,09cbe152b82c4bd9e73ab3a50c91e876,512,512,L,71cce8b6aae8f069,
Training/pituitary/Tr-pi_1004.jpg,pituitary,training,False,28723,da2d278c9f9e27628774026c36f21c0e,512,512,L,986448a41656deec,
Training/pituitary/Tr-pi_1005.jpg,pituitary,training,False,39150,e48191f0e2b40b0c3e86fa2921b26818,512,512,RGB,f0ca698d9b2bae08,
Training/pituitary/Tr-pi_1006.jpg,pituitary,training,False,36618,ca2792d0ffcb38b03870997c6d50b331,512,512,RGB,78d2b896249684e4,
Training/pituitary/Tr-pi_1007.jpg,pituitary,training,False,29683,aeb6c1f98c9bc1578ed5520647dbcabe,512,512,L,c4aeaaaa9ae8cccc,
Training/pituitary/Tr-pi_1008.jpg,pituitary,training,False,27518,95eb4f162a90ade163fb56c7deae6b0f,512,512,L,e1a4e2555a96d6dc,
Training/pituitary/Tr-pi_1009.jpg,pituitary,training,False,24173,2fa3f0e11defe03f46f9e3e03cb0f1fc,512,512,L,70e8cc96ccccd4e0,
Training/pituitary/Tr-pi_101.jpg,pituitary,training,False,26754,1708dbd25a65bbea322c0c8af8df3d5d,512,512,L,71e0d8e8b4faecd8,
Training/pituitary/Tr-pi_1010.jpg,pituitary,training,False,30963,9df78b6c780898a0ce89e72d6d9366a3,512,512,RGB,39ecf2e4bcb6d6f6,
Training/pituitary/Tr-pi_1011.jpg,pituitary,training,False,26391,88327fcda817b921a0ca9a08700e0923,512,512,L,71eceaaa92aaaab2,
Training/pituitary/Tr-pi_1012.jpg,pituitary,training,False,26561,3d6c535bd7b6dc68fc163e67c7932828,512,512,L,69cca8a88ea8f0dc,
Training/pituitary/Tr-pi_1013.jpg,pituitary,training,False,29109,66458b8055a430e41c232d26ed5c4552,512,512,L,61ccaaaaa28ac8ca,
Training/pituitary/Tr-pi_1014.jpg,pituitary,training,False,27819,3f4a12c1ccc24dc7d69f0dda3670a811,512,512,L,71ece8b6a6eae8e8,
Training/pituitary/Tr-pi_1015.jpg,pituitary,training,False,20686,8f37a6d678635a7e2144ad7de2fe37f8,512,512,L,30e0cc94f2d0c870,
Training/pituitary/Tr-pi_1016.jpg,pituitary,training,False,34566,2888c566c6f8838aaec9dd80b29e296c,512,512,RGB,d4e8e8a8aaead4d4,
Training/pituitary/Tr-pi_1017.jpg,pituitary,training,False,33025,2745ef259b0a20ae610e500300c55252,512,512,RGB,71d4aa928aaad4f0,
Training/pituitary/Tr-pi_1018.jpg,pituitary,training,False,35886,fcc6aecc4f7d6bd323c9b105b46cb9e1,512,512,RGB,e8d2acadac14cc98,
Training/pituitary/Tr-pi_1019.jpg,pituitary,training,False,28422,e3f6e544e2b51fe8ad53a4e9e43b1c28,512,512,L,71e8eaaa92aacacc,
Training/pituitary/Tr-pi_102.jpg,pituitary,training,False,32419,77655169acf02a63d16db36b55753f91,512,512,RGB,64d8a5e2f4d39af6,
Training/pituitary/Tr-pi_1020.jpg,pituitary,training,False,25424,4650a031547578b5ca415956ad00608f,512,512,L,71e8aaeaa8a8d071,
Training/pituitary/Tr-pi_1021.jpg,pituitary,training,False,23548,caf15c0727c7fc693d9cc9c798121b55,512,512,L,71e896b2ecc8d071,
Training/pituitary/Tr-pi_1022.jpg,pituitary,training,False,28492,85e3c7da6a5204ab512e4afdfec5bb3a,512,512,L,60ecc696f2ead4f1,
Training/pituitary/Tr-pi_1023.jpg,pituitary,training,False,19750,970272f54e887040ee2d6baab7f5afd0,512,512,RGB,b261c0e8c8d470b2,
Training/pituitary/Tr-pi_1024.jpg,pituitary,training,False,32415,4299e901d5ec8dcee02f4de12a35a32e,512,512,RGB,70f6bae5a6a296cc,
Training/pituitary/Tr-pi_1025.jpg,pituitary,training,False,19655,9bee5a881319dc69f5ca996ddea58e51,512,512,L,82e0dcd6b2d4e8b0,
Training/pituitary/Tr-pi_1026.jpg,pituitary,training,False,24186,aa95d2ea51c6c63f55582b721be9b2b5,512,512,L,71dce8fa92bab6f6,
Training/pituitary/Tr-pi_1027.jpg,pituitary,training,False,32094,c680b4f03a767619e8e42484d93d3d7f,512,512,RGB,ccb44ed6ae969ebe,
Training/pituitary/Tr-pi_1028.jpg,pituitary,training,False,30362,f602648fd44d63837e7e55fd4804d3c5,512,512,L,8c6240044696cccc,
Training/pituitary/Tr-pi_1029.jpg,pituitary,training,False,184591,bdca7bf66eb2bc308eeb749b5ef5d7ac,900,741,RGB,fcf0eadad2d4f4e4,
Training/pituitary/Tr-pi_103.jpg,pituitary,training,False,36513,c979b7f34c524c88f291ded46205729b,512,512,RGB,71f8ecccd0eccccc,
Training/pituitary/Tr-pi_1030.jpg,pituitary,training,False,27172,6fcb104c3fc708070386eddc78cf50fa,512,512,L,e0e8e8b6b2aaaec2,
Training/pituitary/Tr-pi_1031.jpg,pituitary,training,False,24520,dfd08870678db9fe608488fa5d9c5c63,512,512,L,71dce8f2b2b2aaa8,
Training/pituitary/Tr-pi_1032.jpg,pituitary,training,False,24730,da376fbede56d64c60ce54240798f8b4,512,512,L,71e8a8b2cce8e0f0,
Training/pituitary/Tr-pi_1033.jpg,pituitary,training,False,31522,1127d6283dd34e73e41efde3f5d5bafb,512,512,RGB,61ccaac8b0aa88b0,
Training/pituitary/Tr-pi_1034.jpg,pituitary,training,False,30187,f888797ab6904155c47794514b298aae,512,512,L,c866520c5616decd,
Training/pituitary/Tr-pi_1035.jpg,pituitary,training,False,18504,9bf463b40be065d39dfd4769bdfd1cfd,512,512,L,b2f0ccd4ccd470b2,
Training/pituitary/Tr-pi_1036.jpg,pituitary,training,False,28754,453b3362aa9f91d233632dec2165b08c,512,512,L,c0aa4e1b2a0696d4,
Training/pituitary/Tr-pi_1037.jpg,pituitary,training,False,26212,901396677526fa3b86101cb95114f886,512,512,L,f0c892b4cce8f0f0,
Training/pituitary/Tr-pi_1038.jpg,pituitary,training,False,32046,5f61cfd4a31d374d5a2681e7d3d2ea64,512,512,RGB,61c8aac8b2aac8b0,
Training/pituitary/Tr-pi_1039.jpg,pituitary,training,False,34508,9251294820ada5238d3359161de861fd,512,512,RGB,f1c8aaeaa2b68eae,
Training/pituitary/Tr-pi_104.jpg,pituitary,training,False,22993,75cfc2dc9c45117bc8805440320e6afb,512,512,L,61e4ea80aa92d6c8,
Training/pituitary/Tr-pi_1040.jpg,pituitary,training,False,23281,d5c87b2ae7fe46125f6c4dd8569d40fc,512,512,L,61d0e0d8c0e4ccd8,
Training/pituitary/Tr-pi_1041.jpg,pituitary,training,False,32724,1e42dcef2fdbe33f2c937508bf11b88d,512,512,RGB,71e8aab2a8e8f031,
Training/pituitary/Tr-pi_1042.jpg,pituitary,training,False,27120,96db9d1c9fd4d343fac3223958c794a6,512,512,L,71e8e8aaa2b4ccd4,
Training/pituitary/Tr-pi_1043.jpg,pituitary,training,False,22520,f42939bda4e5fd1ba44e84d01a0125ea,512,512,L,e184c2985a8e9694,
Training/pituitary/Tr-pi_1044.jpg,pituitary,training,False,28138,a7d7aa01cd858fe8290ed872c4e9ba9e,512,512,L,a8940c02b2a69898,
Training/pituitary/Tr-pi_1045.jpg,pituitary,training,False,34597,c956f6e9720055f8673665414be2eed5,512,512,RGB,f1c88aaa88e8f0e8,
Training/pituitary/Tr-pi_1046.jpg,pituitary,training,False,36773,8265e7d7aae4663d22ba93651d32f4bb,512,512,RGB,7ce2e88dd2d2cea4,
Training/pituitary/Tr-pi_1047.jpg,pituitary,training,False,23821,12cb0aea4d0f4c93ffc3b2399eac1f7a,512,512,RGB,82f0cc94f4cce8f0,
Training/pituitary/Tr-pi_1048.jpg,pituitary,training,False,28563,34518f10ece0c8d64ace2e84ce8f264f,512,512,L,68d4aab2aaaaf2e0,
Training/pituitary/Tr-pi_1049.jpg,pituitary,training,False,80129,96cac39f9a8cd0d4ad053ebecc64a7c7,538,548,RGB,94eae8f0320a2aa2,
Training/pituitary/Tr-pi_105.jpg,pituitary,training,False,37896,ddea8f41dc07c7ec8722295c25904535,512,512,RGB,70e6edeea61584e2,
Training/pituitary/Tr-pi_1050.jpg,pituitary,training,False,23894,b58ebaabe786d3191118a1db83d12a17,512,512,L,71d888b2cce8d4c8,
Training/pituitary/Tr-pi_1051.jpg,pituitary,training,False,25656,31bfb7295dfa79a19b7db4fe02ff6fa3,512,512,L,50e892f2eaf8d471,
Training/pituitary/Tr-pi_1052.jpg,pituitary,training,False,22905,10e3c5e7bb6b4233da037056a21d199d,512,512,L,60e8d4b2a8d4f0b2,
Training/pituitary/Tr-pi_1053.jpg,pituitary,training,False,28411,da6495f31cd807b6751749f3751fa26b,512,512,L,c1b0e094aa96cccc,
Training/pituitary/Tr-pi_1054.jpg,pituitary,training,False,33331,648ae044ab962f46de427ee6e0ffdad2,512,512,RGB,e8f2ed9e9314c6cc,
Training/pituitary/Tr-pi_1055.jpg,pituitary,training,False,28388,d84cc8568e68c28f9d3058dde9e77335,512,512,RGB,79d8a8dee2b694ec,
Training/pituitary/Tr-pi_1056.jpg,pituitary,training,False,34493,6f163de4558daa6ea7740613eb8936d6,512,512,RGB,d4e8ce92b0b0ecf0,
Training/pituitary/Tr-pi_1057.jpg,pituitary,training,False,28022,12e251a28ec487987e2a50b13abd809f,512,512,L,e1d4a09abe9ecc64,
Training/pituitary/Tr-pi_1058.jpg,pituitary,training,False,28929,f5e594cc2693e2688e2c38b841c108d2,512,512,L,c8b4e4869294c8e8,
Training/pituitary/Tr-pi_1059.jpg,pituitary,training,False,29472,1b3e9cee48cc80e2872aad68298c4d85,512,512,L,d8c4b0b2b2d46c31,
Training/pituitary/Tr-pi_106.jpg,pituitary,training,False,33214,f873d81569d77d26abc9cff93c6dc734,512,512,RGB,f0e8aa92aab2d071,
Training/pituitary/Tr-pi_1060.jpg,pituitary,training,False,22356,adbc4627a6dcbe6881187a5f09d02179,512,512,L,70f0c8d6e8d4d870,
Training/pituitary/Tr-pi_1061.jpg,pituitary,training,False,32509,584d6a0229efbadef04d46c5628c4b7f,512,512,RGB,71e8cce8a2aae8d0,
Training/pituitary/Tr-pi_1062.jpg,pituitary,training,False,32256,e7967551746f7c3329bccf3f4512be87,512,512,RGB,66c4c6f69296f6f2,
Training/pituitary/Tr-pi_1063.jpg,pituitary,training,False,34998,61f1e9cb51889b296e6fea08867bc5d4,470,432,RGB,d0b2ccd8b3297071,
Training/pituitary/Tr-pi_1064.jpg,pituitary,training,False,37800,eaa2258d854255da21ee9999cd7f462d,512,512,RGB,f0f24d15adad8a1a,
Training/pituitary/Tr-pi_1065.jpg,pituitary,training,False,26772,c179dcbe93bfafaa5a902876fbae3496,512,512,L,33e0b2aab2baaaba,
Training/pituitary/Tr-pi_1066.jpg,pituitary,training,False,23967,5ad94b5699e4bf777aeff977b0492098,512,512,L,61c8a2c492b296c8,
Training/pituitary/Tr-pi_1067.jpg,pituitary,training,False,39538,f146a871b08caad245c44737bf41aded,512,512,RGB,c8cacab2a4cca488,
Training/pituitary/Tr-pi_1068.jpg,pituitary,training,False,26459,caf3d85410cc3d92daa324596367f564,512,512,L,f0ccccb2b2aad471,
Training/pituitary/Tr-pi_1069.jpg,pituitary,training,False,34347,8edd7c1e42fbec99ecf6b434bdf38ca9,512,512,RGB,71cca8aab2b2eaaa,
Training/pituitary/Tr-pi_107.jpg,pituitary,training,False,36985,7ec62e0140d76cf6be5e2981c41246f6,512,512,RGB,ecca8fa7bd978494,
Training/pituitary/Tr-pi_1070.jpg,pituitary,training,False,28449,9e150c99d3c8eac83f92896ea2c4dd5a,512,512,L,a1bc0c36b6b2b8b0,
Training/pituitary/Tr-pi_1071.jpg,pituitary,training,False,26904,51e083128ee310d25cab89a4b175624b,512,512,RGB,b261c0e8c8d470b2,
Training/pituitary/Tr-pi_1072.jpg,pituitary,training,False,34036,6eaf26e8be5a253fce332fbef92316d4,512,512,RGB,71e8e8aaa2aaccd4,
Training/pituitary/Tr-pi_1073.jpg,pituitary,training,False,31814,08422ec00b1f2e307ef241a22759b882,512,512,RGB,79fcf2dcf4b294ec,
Training/pituitary/Tr-pi_1074.jpg,pituitary,training,False,29624,f25f3f100fd2f6c18abfc81fc70d0d43,512,512,RGB,31f8d6cef6b296ec,
Training/pituitary/Tr-pi_1075.jpg,pituitary,training,False,30360,5897674f989df144d201b308d22fa1d1,512,512,L,f0a4690e262b8aef,
Training/pituitary/Tr-pi_1076.jpg,pituitary,training,False,26916,df691b455857626f711e13133791d583,512,512,L,e8e8a8b6b2ae8e82,
Training/pituitary/Tr-pi_1077.jpg,pituitary,training,False,31692,a33e36ee114f55774fee891ad832faea,512,512,RGB,7cce98e6ad8e667e,
Training/pituitary/Tr-pi_1078.jpg,pituitary,training,False,28502,32d42634374d508e6a75c8db14bedc91,512,512,L,e8f4aae8b2eae8d4,
Training/pituitary/Tr-pi_1079.jpg,pituitary,training,False,33773,3087dd86997b974309f0a2acd70ef599,512,512,RGB,70ccccb2b2aad470,
Training/pituitary/Tr-pi_108.jpg,pituitary,training,False,32979,af1c569cbbf647aa0a7605dbcd38c7e6,512,512,RGB,e8e8e8b2baaaf0c8,
Training/pituitary/Tr-pi_1080.jpg,pituitary,training,False,36208,953289676af5b46079268ceaaa4a8288,512,512,RGB,dce8e8b4aae8d4d0,
Training/pituitary/Tr-pi_1081.jpg,pituitary,training,False,25220,eee79ac24870ea7c90291641c417ccc3,512,512,L,63d0a4ccc0b694d8,
Training/pituitary/Tr-pi_1082.jpg,pituitary,training,False,36942,fab41df33abfa85d624e44f15f8bdf83,512,512,RGB,78f2e8f6bab20c98,
Training/pituitary/Tr-pi_1083.jpg,pituitary,training,False,14157,2489f4d345d74b1d0fb6bea606f7398b,256,256,RGB,71e8e8e8c4e8eaf0,
Training/pituitary/Tr-pi_1084.jpg,pituitary,training,False,23024,87ced3e26238e02906dcab79b994ec88,512,512,L,71e88ad6ccf8d071,
Training/pituitary/Tr-pi_1085.jpg,pituitary,training,False,31585,ecbb01233d090cb01acb13134338a88d,512,512,RGB,ccf4ccccaa969ebe,
Training/pituitary/Tr-pi_1086.jpg,pituitary,training,False,34573,9309ea52242d9172f04f9c5ab076c843,512,512,RGB,71cc8aaab29286ae,
Training/pituitary/Tr-pi_1087.jpg,pituitary,training,False,34577,6581dfad9934bb01dd1729322d179e5f,512,512,RGB,71e0e8b28ecceae8,
Training/pituitary/Tr-pi_1088.jpg,pituitary,training,False,31993,ab9bbf958e3698d8b2b741b86eb9ea20,512,512,RGB,71f8b6b2aac8c471,
Training/pituitary/Tr-pi_1089.jpg,pituitary,training,False,36126,abbf2007117a27593eb146c5d9310cfc,512,512,RGB,e8c8eab2aa8c9e0e,
Training/pituitary/Tr-pi_109.jpg,pituitary,training,False,33233,27f6a058895e505130d359cd3c191d03,512,512,RGB,71c8e8aab2e8e8f0,
Training/pituitary/Tr-pi_1090.jpg,pituitary,training,False,31841,5d9456087abb31e23dca928dfb7c9d5e,512,512,RGB,78ecfaaca49256ec,
Training/pituitary/Tr-pi_1091.jpg,pituitary,training,False,36166,9220ca9023e74a57fd1f0535d12373fa,512,512,RGB,74f4a9dab2bd84cc,
Training/pituitary/Tr-pi_1092.jpg,pituitary,training,False,26557,92ace54b9f28dca021a9e7b5b92e85a3,512,512,L,70e8ceb2f2d8fc71,
Training/pituitary/Tr-pi_1093.jpg,pituitary,training,False,39877,4cd9853ade7413ad6ba61871b07746e4,512,512,RGB,68c4aaa2a2aa8a86,
Training/pituitary/Tr-pi_1094.jpg,pituitary,training,False,31854,09d3bf6a56017530eb3a85182b39ff28,512,512,RGB,f1c8aa8eccaad4f1,
Training/pituitary/Tr-pi_1095.jpg,pituitary,training,False,32834,eddf61ff0eefc971836869a8e722ebd7,512,512,RGB,e4ccaaaab2ccccdc,
Training/pituitary/Tr-pi_1096.jpg,pituitary,training,False,23447,6d626726516f781c78aa1f7ec58631c8,512,512,L,61c4a295dab2dbd8,
Training/pituitary/Tr-pi_1097.jpg,pituitary,training,False,34454,3f5b4623c84ff56c36418f65d7967c5e,512,512,RGB,71cce8e0b2e8e8c8,
Training/pituitary/Tr-pi_1098.jpg,pituitary,training,False,38348,0140560cc9a91abc3e62e9e1bec6c5ea,512,512,RGB,b2e8c8d4d4ccccc9,
Training/pituitary/Tr-pi_1099.jpg,pituitary,training,False,33421,d1301bfaf1b4f4528b7b0d500ea151a8,512,512,RGB,71cce8aab2f0cccc,
Training/pituitary/Tr-pi_11.jpg,pituitary,training,False,36170,7d90bd78773c0666d865c2a466879668,512,512,RGB,78f2e876bab28c98,
Training/pituitary/Tr-pi_110.jpg,pituitary,training,False,37573,df9f8a388ab91f2aa721a8259738a4e0,512,512,RGB,dca0e8a8b2ead2d0,
Training/pituitary/Tr-pi_1100.jpg,pituitary,training,False,35834,4fc28a49b2fe045a07261215df81918e,512,512,RGB,69cca8a2b2a8cccc,
Training/pituitary/Tr-pi_1101.jpg,pituitary,training,False,28457,6ae9d3a7563ad2285118b9d0004608dd,512,512,L,c0b6665452969fce,
Training/pituitary/Tr-pi_1102.jpg,pituitary,training,False,31470,5e4ae20dbc749d2ce1363ce26a69995c,512,512,RGB,d4a88a8e9a8a9cd4,
Training/pituitary/Tr-pi_1103.jpg,pituitary,training,False,22648,21c242bd74c2a653353d106273279da1,512,512,L,71e88a8eced4d471,
Training/pituitary/Tr-pi_1104.jpg,pituitary,training,False,32178,ae03d6d8b5e790a74e2795bc0efb78e8,512,512,RGB,71e8aab68e8aa2e8,
Training/pituitary/Tr-pi_1105.jpg,pituitary,training,False,23306,e40e05421046f55200f7b45f0fb7926d,512,512,L,71c88eaaf2d4c871,
Training/pituitary/Tr-pi_1106.jpg,pituitary,training,False,20830,38e20b4e4a4bc29de32b4194d5927b9a,512,512,L,70dcd4f0e8d4d471,
Training/pituitary/Tr-pi_1107.jpg,pituitary,training,False,35032,e051593604f68ccbcdd7f4b23a9fcebf,512,512,RGB,71e0e8b2a6aeeae8,
Training/pituitary/Tr-pi_1108.jpg,pituitary,training,False,21786,c1cc2605e757cb2a95922ffc3eb764de,512,512,L,ccccb2b28e96d670,
Training/pituitary/Tr-pi_1109.jpg,pituitary,training,False,33063,e8d383c9c3486fb41c3773230a4040e2,512,512,RGB,78cceadeb692d42c,
Training/pituitary/Tr-pi_111.jpg,pituitary,training,False,20521,226a75f6fb8ad4f566f1e99f54782e2e,512,512,L,78c894f0e8d0f471,
Training/pituitary/Tr-pi_1110.jpg,pituitary,training,False,22047,f0fc5434e96688af72afdfbc467bb74b,512,512,L,f0e8b4f2aab0c471,
Training/pituitary/Tr-pi_1111.jpg,pituitary,training,False,23245,1407728ac9e230f41013b2b13c9056a4,512,512,L,70e8ccd0f8e8f070,
Training/pituitary/Tr-pi_1112.jpg,pituitary,training,False,27920,0536dde08435cbea17d7e4841ebe2f88,512,512,L,d8ccb2b2aad2ec71,
Training/pituitary/Tr-pi_1113.jpg,pituitary,training,False,25281,cda962a88b86c27025bce28e6571238f,512,512,RGB,9378c49af29a94a4,
Training/pituitary/Tr-pi_1114.jpg,pituitary,training,False,28934,2fb075e441dcae7389c639321ea394d2,512,512,RGB,79d0acc4eaa2b6e8,
Training/pituitary/Tr-pi_1115.jpg,pituitary,training,False,24083,86627bd56e21a0a8a26864aa536b43a1,512,512,L,b2e8ccd4d4ccf0e8,
Training/pituitary/Tr-pi_1116.jpg,pituitary,training,False,27605,3f4fee6c4289d743dc400dfdf82eb1d4,512,512,L,71ece8b2aaece4e8,
Training/pituitary/Tr-pi_1117.jpg,pituitary,training,False,29669,d7fc84534880f123cbb10b4adf6c0202,512,512,RGB,79dcbad6b49296e4,
Training/pituitary/Tr-pi_1118.jpg,pituitary,training,False,34127,dceac0ac63e83eba11a3ae308b4a4d4d,512,512,RGB,68ecaab0b2aae8cc,
Training/pituitary/Tr-pi_1119.jpg,pituitary,training,False,28528,038b3418524d9dd8db3655b79156d0b2,512,512,RGB,70d8ac94b0d4e830,
Training/pituitary/Tr-pi_112.jpg,pituitary,training,False,28935,82507eb6b54e10997d6f2961eb552244,512,512,L,61ccaae8b2aaaaba,
Training/pituitary/Tr-pi_1120.jpg,pituitary,training,False,35061,1404fba6327f6ddfb03d80dfe2a2d838,512,512,RGB,ecceb0eadcb6e6ee,
Training/pituitary/Tr-pi_1121.jpg,pituitary,training,False,38242,2e12ebbd9f753034221a48aeb1bc3167,512,512,RGB,7cf2cdecbd92c4e4,
Training/pituitary/Tr-pi_1122.jpg,pituitary,training,False,268812,45e8c308a42e1995239b2934f71bace3,1338,1304,RGB,e8d092d4d44c88da,
Training/pituitary/Tr-pi_1123.jpg,pituitary,training,False,31348,994d84d1082d3997e7202ef180346086,512,512,L,e8ece8eab6aeaaa6,
Training/pituitary/Tr-pi_1124.jpg,pituitary,training,False,22377,93087c4a11022702322341be68e8b9a0,512,512,L,70c8c8d8e0d0e4b1,
Training/pituitary/Tr-pi_1125.jpg,pituitary,training,False,29118,e19cf5e00f80736c8da793d5354c55e0,512,512,L,e19c660a58149adc,
Training/pituitary/Tr-pi_1126.jpg,pituitary,training,False,36467,a78eb9c96af571ee3a0ac266a9933021,512,512,RGB,7acaccb392aae6f2,
Training/pituitary/Tr-pi_1127.jpg,pituitary,training,False,26538,d075ae911f6b97e58c5d3e33d5d934bf,512,512,L,68c0e8e8b2eae8cc,
Training/pituitary/Tr-pi_1128.jpg,pituitary,training,False,34503,49d3da4b7d8cb4049abf0fcb7c24fc89,512,512,RGB,71e8e8aab6acdccc,
Training/pituitary/Tr-pi_1129.jpg,pituitary,training,False,24355,51ee3a33f3ab17e147665a41d90c3686,512,512,L,c0b2ecd472949c90,
Training/pituitary/Tr-pi_113.jpg,pituitary,training,False,32698,d7f306bf93cd2be07164150bac0fda04,512,512,RGB,71e0aab68eaab2c4,
Training/pituitary/Tr-pi_1130.jpg,pituitary,training,False,29404,f9a823c9163eb96c3fb99b5a9b234aab,512,512,L,d4eae0e8b2a8a4f0,
Training/pituitary/Tr-pi_1131.jpg,pituitary,training,False,25237,918c6174a399ecedad64b4abe5c6c9a3,512,512,L,63c0a4ccc0b684d8,
Training/pituitary/Tr-pi_1132.jpg,pituitary,training,False,34388,468c0abe37fb84651cd7c35817f7c3e4,512,512,RGB,69d4a8b28eaab2d4,
Training/pituitary/Tr-pi_1133.jpg,pituitary,training,False,31317,4f31b1205ef8eb6d72b4a6206d349c79,512,512,RGB,b068c4d4e8d0f0b2,
Training/pituitary/Tr-pi_1134.jpg,pituitary,training,False,26966,e6d2f6325690eac3122c2235be73aab5,512,512,RGB,70e8ecf4e8d0d070,
Training/pituitary/Tr-pi_1135.jpg,pituitary,training,False,23225,14b27c7f2bc69c6c3ed1238d58105962,512,512,L,70d8b4f0e8d0ecf1,
Training/pituitary/Tr-pi_1136.jpg,pituitary,training,False,28778,11e949bd4e2f8a71d20e9ae735947114,512,512,RGB,78deb86665ba96d6,
Training/pituitary/Tr-pi_1137.jpg,pituitary,training,False,23876,71abccca2578f56750cee50239c733fe,512,512,L,70f0ccc4e2d0e872,
Training/pituitary/Tr-pi_1138.jpg,pituitary,training,False,32886,d3669c4a071f3fae7aaf28ac39abfa1d,512,512,RGB,39ecd288e496d6b6,
Training/pituitary/Tr-pi_1139.jpg,pituitary,training,False,42532,b2f46088cb8b97bad9455d452dfadd96,512,512,RGB,e8e8e8cc949ee2e0,
Training/pituitary/Tr-pi_114.jpg,pituitary,training,False,27990,3029a8acc842a0f2447c57189b25ed86,512,512,L,f8846a4c526e4cdf,
Training/pituitary/Tr-pi_1140.jpg,pituitary,training,False,29350,481e36ec6798f3a743579a2dcbd3e2e4,512,512,RGB,72e8e4e8b28ee8d4,
Training/pituitary/Tr-pi_1141.jpg,pituitary,training,False,17975,f42b5158758283a16a02bff8e06c623f,512,512,L,68dcd4f0e8e8f070,
Training/pituitary/Tr-pi_1142.jpg,pituitary,training,False,26852,b0bdd2cfb227ae0b9be7541cd71deaf0,512,512,L,71ece8aab2e8e0f0,
Training/pituitary/Tr-pi_1143.jpg,pituitary,training,False,27868,664d6b003554e7cc4253749ac3f5cd15,512,512,L,d4e8e892aaead4f4,
Training/pituitary/Tr-pi_1144.jpg,pituitary,training,False,31227,a3b3a1b313ca6ae586743a150ab83418,512,512,RGB,79dcb2d47ab296ec,
Training/pituitary/Tr-pi_1145.jpg,pituitary,training,False,19797,f2aba898b9d74b986afb47f710d6ed2c,512,512,L,68c8dcf4e8f0f0f0,
Training/pituitary/Tr-pi_1146.jpg,pituitary,training,False,27870,1c546d804eec4c5efe4b7da2cef8897e,512,512,RGB,ccccb2b28e9694f1,
Training/pituitary/Tr-pi_1147.jpg,pituitary,training,False,35946,580667174b0af19186f48c4b11cd8d0c,512,512,RGB,78d4f2a68286ccd9,
Training/pituitary/Tr-pi_1148.jpg,pituitary,training,False,26190,ed0d62952b71f55088beee8693c3eb50,512,512,RGB,60e0ccb0b2d0e8b2,
Training/pituitary/Tr-pi_1149.jpg,pituitary,training,False,33270,7e1b7fd5f766fe2dff2b0927fc077b6c,512,512,RGB,6cd6a8d4b496c6ee,
Training/pituitary/Tr-pi_115.jpg,pituitary,training,False,26332,efe89af75745d6a4e08db76e719b1e26,512,512,L,c984e295d2968c88,
Training/pituitary/Tr-pi_1150.jpg,pituitary,training,False,34914,69734cadea1d067a4e1350444788f1f7,512,512,RGB,61c8e8aaaaaaa8f0,
Training/pituitary/Tr-pi_1151.jpg,pituitary,training,False,37650,03758622e188059eea56a3db78aca28e,512,512,RGB,69cce8c8aee8a8e8,
Training/pituitary/Tr-pi_1152.jpg,pituitary,training,False,33891,499e94ee4fc729e7ccb379dc7ea80da7,512,512,RGB,33e8ccaae886ecec,
Training/pituitary/Tr-pi_1153.jpg,pituitary,training,False,21708,1a56ef4b7c71a01cc2a6ec9649854bb0,512,512,L,61c08890caca89c8,
Training/pituitary/Tr-pi_1154.jpg,pituitary,training,False,46623,e3ba2a330b921704ecae3a47624106e3,512,512,RGB,c4a8c8d4b2ca8ab0,
Training/pituitary/Tr-pi_1155.jpg,pituitary,training,False,38348,0140560cc9a91abc3e62e9e1bec6c5ea,512,512,RGB,b2e8c8d4d4ccccc9,
Training/pituitary/Tr-pi_1156.jpg,pituitary,training,False,31148,c4af590cf3c0c866ad29cfabf181b81a,512,512,RGB,71c4e8a8b2cce8e8,
Training/pituitary/Tr-pi_1157.jpg,pituitary,training,False,29271,0d5c23873a186d6356538a787aa34121,512,512,L,e184f2925a96d6c8,
Training/pituitary/Tr-pi_1158.jpg,pituitary,training,False,28999,985b6372b2edc0ad424d8b92abb35d5e,512,512,RGB,78deb8e6a58a96d6,
Training/pituitary/Tr-pi_1159.jpg,pituitary,training,False,36634,ad3d0090866a8da082ec7e35d16bb103,512,512,RGB,30eccbedb99294c4,
Training/pituitary/Tr-pi_116.jpg,pituitary,training,False,34304,440375ae916586d15c1b0f56b9b8ca59,512,512,RGB,71ece8aab2b2eccc,
Training/pituitary/Tr-pi_1160.jpg,pituitary,training,False,25527,cb20b50f6efb21126ae1529dd332b8d0,512,512,RGB,68ccf4f0e8c4f070,
Training/pituitary/Tr-pi_1161.jpg,pituitary,training,False,24258,5a9962976dd9a4ca5608192e7c02eb74,512,512,L,60ccccfab2d0d470,
Training/pituitary/Tr-pi_1162.jpg,pituitary,training,False,32695,f9682c65d14760aaae63984bcf740df8,512,512,RGB,71e8eab294aad4d0,
Training/pituitary/Tr-pi_1163.jpg,pituitary,training,False,24263,0b66ab3d6be077a02b60e4d1557a9511,512,512,L,71d4e8aa92cce8e8,
Training/pituitary/Tr-pi_1164.jpg,pituitary,training,False,25890,b9e4ec5cf5f176e2465da20d9b82f187,512,512,L,71ece8aab2e8e8f0,
Training/pituitary/Tr-pi_1165.jpg,pituitary,training,False,23347,475d8f97d2d07b809cfc23ef41de76b4,512,512,L,71f0b2b2ecd4d471,
Training/pituitary/Tr-pi_1166.jpg,pituitary,training,False,25781,4b7c4fba560381e256b37cfb540ead73,512,512,L,71d4aab6aeaad470,
Training/pituitary/Tr-pi_1167.jpg,pituitary,training,False,37150,45587ea3aba61eed50a07b81acf021ed,512,512,RGB,c8c08aae90dca488,
Training/pituitary/Tr-pi_1168.jpg,pituitary,training,False,24908,94a8a892ec5a8d9f9cc3a5d49088ffde,512,512,RGB,b0e4d492a2ecd4f0,
Training/pituitary/Tr-pi_1169.jpg,pituitary,training,False,28207,8433ff764b2ae0023306a1d73657c950,512,512,L,68eceac8b4c8ccc9,
Training/pituitary/Tr-pi_117.jpg,pituitary,training,False,25011,8eff586d34b08b6ea1e52428f6b8100a,512,512,L,70e8a8d4c8d8d0f0,
Training/pituitary/Tr-pi_1170.jpg,pituitary,training,False,26956,14f53b98d4f9cd82498585dbeee9b369,512,512,L,70ecaeaaeee8f0e0,
Training/pituitary/Tr-pi_1171.jpg,pituitary,training,False,36981,7e1ed08f8368601ad7e8f5d677c70f56,512,512,RGB,78cab1bfe587a6e4,
Training/pituitary/Tr-pi_1172.jpg,pituitary,training,False,27054,f01624ef9a9d818266f79db47f1bd4ad,512,512,L,71cca6a8b2b2aaf2,
Training/pituitary/Tr-pi_1173.jpg,pituitary,training,False,31282,5fa32aee97599f3e8cb1dd5ee87b6520,512,512,RGB,71e8ac94c4ccc871,
Training/pituitary/Tr-pi_1174.jpg,pituitary,training,False,33513,56aafbe6c058fb2d55035e92ea473239,512,512,RGB,39f8d6b86e96d676,
Training/pituitary/Tr-pi_1175.jpg,pituitary,training,False,17016,acfb1cb95cdb286064b8e015f9327bac,512,512,L,b0e0d4d0eccce871,
Training/pituitary/Tr-pi_1176.jpg,pituitary,training,False,26546,dae956b8593298f240e2626abe856de9,512,512,L,71e8aab28eaab4d8,
Training/pituitary/Tr-pi_1177.jpg,pituitary,training,False,25680,4a747b7ffdf0ade0b5d70e52263e8962,512,512,L,71e8aa928eaab2d8,
Training/pituitary/Tr-pi_1178.jpg,pituitary,training,False,28646,5b3fc9958442f429ab0fa260bdef89b6,512,512,L,cce8e8f2cecad4d4,
Training/pituitary/Tr-pi_1179.jpg,pituitary,training,False,27202,3444f8ceaa7df0a3fc4136d2ca2fd134,512,512,L,71e8e8aa9aaae8c4,
Training/pituitary/Tr-pi_118.jpg,pituitary,training,False,31719,945f2bc04f0fee91a1072debb3ba2430,512,512,RGB,79ccb2ecfa9296cc,
Training/pituitary/Tr-pi_1180.jpg,pituitary,training,False,23568,d91ef47a6ea8811815ede575d70fa146,512,512,L,f0c8cad2a8d4e0b0,
Training/pituitary/Tr-pi_1181.jpg,pituitary,training,False,225311,3665fdf79547807d98e5053427a45a98,1168,1178,RGB,38fcddf876d58aa6,
Training/pituitary/Tr-pi_1182.jpg,pituitary,training,False,38563,e860206763706c534de4f6feb8b83f4b,512,512,RGB,70cee9eea39fd6c4,
Training/pituitary/Tr-pi_1183.jpg,pituitary,training,False,27978,4ca6afd1c3776498df440edf3dff33f7,512,512,L,d1904a84a242decc,
Training/pituitary/Tr-pi_1184.jpg,pituitary,training,False,22100,cd2c54d3a1eb6b8f7d016ed63417eef6,512,512,L,68ec94a2a8d4f0b2,
Training/pituitary/Tr-pi_1185.jpg,pituitary,training,False,35159,b5a55ba1154201418c72615ac364865d,512,512,RGB,7cd2e8d6ba968ccc,
Training/pituitary/Tr-pi_1186.jpg,pituitary,training,False,28460,d1df20af161a5455d721df2f14f65855,512,512,RGB,70f0ec84e8d4c470,
Training/pituitary/Tr-pi_1187.jpg,pituitary,training,False,268072,6c9fee8d2f733b06b500a0ab9d0c3fd3,1335,1302,RGB,e8d092d4d44c88da,
Training/pituitary/Tr-pi_1188.jpg,pituitary,training,False,33634,8241ffb867195468c67b81fde5c77665,512,512,RGB,71e0c8b0b2aaaab2,
Training/pituitary/Tr-pi_1189.jpg,pituitary,training,False,25752,29fdb2e6636999d334a69e5af7eb8325,512,512,RGB,72e8ccb4a8f0f8b0,
Training/pituitary/Tr-pi_119.jpg,pituitary,training,False,35394,351dc1b885e6e67b349337610ec4a157,512,512,RGB,60ece8ccd0c8b0f0,
Training/pituitary/Tr-pi_1190.jpg,pituitary,training,False,32135,630cffa2128731e97198108bdc1e7e71,512,512,RGB,f0e8ead4cce4e0f0,
Training/pituitary/Tr-pi_1191.jpg,pituitary,training,False,29582,96d714cac3c204aeaea07d8c26ee7f55,512,512,L,69ccaab296aaaa96,
Training/pituitary/Tr-pi_1192.jpg,pituitary,training,False,27558,b5e66a74ec492be497f59a08e2450ba6,512,512,L,c8d44a5acaceccee,
Training/pituitary/Tr-pi_1193.jpg,pituitary,training,False,35369,1794877e464791a2e8cabcde2ab45f49,512,512,RGB,71c8e8b2aac8d8e8,
Training/pituitary/Tr-pi_1194.jpg,pituitary,training,False,24817,8b5fc172c1c3078f4e4225059116e480,512,512,L,71e8c8e892aeead4,
Training/pituitary/Tr-pi_1195.jpg,pituitary,training,False,25709,38a61cb73d628ea66cf20b40c5fb9aed,512,512,L,70e8aa86ccaad470,
Training/pituitary/Tr-pi_1196.jpg,pituitary,training,False,268812,45e8c308a42e1995239b2934f71bace3,1338,1304,RGB,e8d092d4d44c88da,
Training/pituitary/Tr-pi_1197.jpg,pituitary,training,False,30492,f7761ff0fe6aa7b47a1d8632cd6c5f26,512,512,RGB,70e8a6b6e8e0f471,
Training/pituitary/Tr-pi_1198.jpg,pituitary,training,False,32356,a0829e5f57ad7000827d4e2a1f67c136,512,512,L,68f0e8f0d68ef8f8,
Training/pituitary/Tr-pi_1199.jpg,pituitary,training,False,37796,8cff07266133439191b08656d2744dcc,512,512,RGB,e0c8e8aa928aea92,
Training/pituitary/Tr-pi_12.jpg,pituitary,training,False,27974,7479a359845f522f2de3cb17bbde33ed,512,512,L,a9840c54a496b0b0,
Training/pituitary/Tr-pi_120.jpg,pituitary,training,False,35727,680022005ea0acdf17c86efc8f81b931,383,436,RGB,70dcaae9b2aadcd6,
Training/pituitary/Tr-pi_1200.jpg,pituitary,training,False,28740,43fbeaa509ce3c95205b6d4daa68eef2,512,512,L,71cc8eaa92aaaaaa,
Training/pituitary/Tr-pi_1201.jpg,pituitary,training,False,22608,f90c6fb50329c25db618afc42d6162fa,512,512,L,70e8ccf2eaf0c470,
Training/pituitary/Tr-pi_1202.jpg,pituitary,training,False,33705,b24b5a97d95fc7b34bbf73682304899f,512,512,RGB,f4cc8e929eb2c4e1,
Training/pituitary/Tr-pi_1203.jpg,pituitary,training,False,32632,055cfb1fd574bf0a829d1bcb492af651,512,512,RGB,f4e8b2969eb6d4f1,
Training/pituitary/Tr-pi_1204.jpg,pituitary,training,False,32522,c502d94078da9146833465c94f8152f5,512,512,RGB,71dcb24eb4d28eec,
Training/pituitary/Tr-pi_1205.jpg,pituitary,training,False,25014,8d450c6a36d72479dae6b3fcfe098d14,512,512,L,71c4aac4d2929490,
Training/pituitary/Tr-pi_1206.jpg,pituitary,training,False,27901,6133a9d86ea885865759f3250be2c78c,512,512,L,69cceaaab2cccccc,
Training/pituitary/Tr-pi_1207.jpg,pituitary,training,False,26904,51e083128ee310d25cab89a4b175624b,512,512,RGB,b261c0e8c8d470b2,
Training/pituitary/Tr-pi_1208.jpg,pituitary,training,False,24286,f03d2b37633375245b84df4f0e0a7999,512,512,RGB,60ccd0f0a8eaf071,
Training/pituitary/Tr-pi_1209.jpg,pituitary,training,False,14677,ca3ad7e6cd4825a0d5cff84d11757bed,202,202,RGB,f0c8f1b38cc6a545,
Training/pituitary/Tr-pi_121.jpg,pituitary,training,False,29986,f2cb93f2b40ff155d7cdc56cb5a26969,512,512,RGB,38fcf8cca492d6e6,
Training/pituitary/Tr-pi_1210.jpg,pituitary,training,False,26453,f8e67d60b89f0d9184a6c9da825abfec,512,512,L,c0b6a4c452969c88,
Training/pituitary/Tr-pi_1211.jpg,pituitary,training,False,46623,e3ba2a330b921704ecae3a47624106e3,512,512,RGB,c4a8c8d4b2ca8ab0,
Training/pituitary/Tr-pi_1212.jpg,pituitary,training,False,31880,fa9e3c7b9e7b6d1623a8840c0d4d3ad3,512,512,RGB,71f0b6b2a8d0c471,
Training/pituitary/Tr-pi_1213.jpg,pituitary,training,False,29747,f468dcd6d4ff085f5993f3e4cde61fd6,512,512,L,c1a048344616cecc,
Training/pituitary/Tr-pi_1214.jpg,pituitary,training,False,32157,4570e8d9aa6f530cb2f977ee49749a86,512,512,RGB,78c4fab68aa688c9,
Training/pituitary/Tr-pi_1215.jpg,pituitary,training,False,34857,6e75179cf2dbe8466272da06b584f986,512,512,RGB,f0e88ab2aab2d471,
Training/pituitary/Tr-pi_1216.jpg,pituitary,training,False,27852,fce73112cc20ebf24a6a95309a34545c,512,512,L,e8c8e8a6aaaaf2cc,
Training/pituitary/Tr-pi_1217.jpg,pituitary,training,False,33325,095e66fd8c62e80ccce018ab9d1421da,512,512,RGB,33e8e8eab2aeaab2,
Training/pituitary/Tr-pi_1218.jpg,pituitary,training,False,30231,23bb738272f8716c20015e5d8bb1cf1e,512,512,RGB,31e8ccb2c8d0d471,
Training/pituitary/Tr-pi_1219.jpg,pituitary,training,False,26570,de5c6138bfc122aca10819ff44b0b69a,512,512,L,70d4aab092aaaaa8,
Training/pituitary/Tr-pi_122.jpg,pituitary,training,False,27866,c5228c92e5989497eb9623eec6c40da4,512,512,L,71e8e88a8aeaf2f0,
Training/pituitary/Tr-pi_1220.jpg,pituitary,training,False,24764,4ea06c543302b6e533584d25cd72fbce,512,512,L,c1acc2995a8e9688,
Training/pituitary/Tr-pi_1221.jpg,pituitary,training,False,35645,30fe81c2268b8bbf2bd1bd72e156443b,512,512,RGB,78cabd8dadb7868c,
Training/pituitary/Tr-pi_1222.jpg,pituitary,training,False,36135,a0416c6af2c6d76a2d2f038f5fd1a20d,512,512,RGB,74cbeca2a594cccc,
Training/pituitary/Tr-pi_1223.jpg,pituitary,training,False,29680,2aa038410c7ea7c1b7fcaed2dc5ecf04,512,512,RGB,6cdaac6ea8960ccc,
Training/pituitary/Tr-pi_1224.jpg,pituitary,training,False,34321,a2cc7743d7b0fb1f46b23a87402faa9a,512,512,RGB,71c8a8b2b6aaaab2,
Training/pituitary/Tr-pi_1225.jpg,pituitary,training,False,26503,e44511ad4151814a0afaa03a0faa3b53,512,512,L,71ecdae8d0f6ccf4,
Training/pituitary/Tr-pi_1226.jpg,pituitary,training,False,20366,9bb26c8ed72bef9e70d2bf2152278870,512,512,L,f0e8ccd4f0d0e8b2,
Training/pituitary/Tr-pi_1227.jpg,pituitary,training,False,29327,774c8e7d4deabb3ad1c7447443bc924a,512,512,RGB,78f4eacea4a4c6ec,
Training/pituitary/Tr-pi_1228.jpg,pituitary,training,False,26497,6346da489bd55880a5ecd4c144d00398,512,512,RGB,70e8ecb0b2f0f8b2,
Training/pituitary/Tr-pi_1229.jpg,pituitary,training,False,21823,fd04b22e8ab1b9f554d21825f9320256,512,512,L,f8c8d4f2e8d4e0b0,
Training/pituitary/Tr-pi_123.jpg,pituitary,training,False,33017,8cb35ec3971584d5cbdfa1a3fa34954b,512,512,L,68e8e8ccd686b8f8,
Training/pituitary/Tr-pi_1230.jpg,pituitary,training,False,38195,d0d8381c98c8a1ab0a04c9312e91b49f,512,512,RGB,e8aaf19f9d171e4c,
Training/pituitary/Tr-pi_1231.jpg,pituitary,training,False,35075,8eff79f4cbfa690ca5e0bf96c8b6928a,512,512,RGB,71c8e8e8b4b6a8a8,
Training/pituitary/Tr-pi_1232.jpg,pituitary,training,False,27341,6b4519bdc74b971c7fac33a82ca3de66,512,512,L,71cca2a8b2b2a8b0,
Training/pituitary/Tr-pi_1233.jpg,pituitary,training,False,31963,43129e4c872fec2fe1ff07dba13871c6,512,512,RGB,70c4eaa6d2868cc9,
Training/pituitary/Tr-pi_1234.jpg,pituitary,training,False,30341,b8c85b14132cc6bb74a4202a5a31e84e,512,512,L,e1b0e85062b2cfee,
Training/pituitary/Tr-pi_1235.jpg,pituitary,training,False,24993,d417fb3ddec93d99e3da78576af837a0,512,512,L,f0ecccd4cca8c470,
Training/pituitary/Tr-pi_1236.jpg,pituitary,training,False,22454,b0f906af4030b88ce84fcd238f486086,512,512,L,70e8cc9cb0fad471,
Training/pituitary/Tr-pi_1237.jpg,pituitary,training,False,28851,cf07f96aa3e96969eac616a2b6c182ff,512,512,RGB,79d8a8dce2b694e8,
Training/pituitary/Tr-pi_1238.jpg,pituitary,training,False,25676,59ad29f5620ab77bc44b4bfb515d4b39,512,512,L,70e8e896e894e071,
Training/pituitary/Tr-pi_1239.jpg,pituitary,training,False,25980,c7a0b513bea1a4c79b2213fc146236d3,512,512,L,71f8ccf2b6aaaab2,
Training/pituitary/Tr-pi_124.jpg,pituitary,training,False,27627,da520a37b39d74a87452a53b5ae35118,512,512,RGB,b2e8c4d4f0d069b2,
Training/pituitary/Tr-pi_1240.jpg,pituitary,training,False,37587,06f052863680259e27102ab6b2560c53,512,512,RGB,78deb0b2a49694cc,
Training/pituitary/Tr-pi_1241.jpg,pituitary,training,False,27596,5a521e8208c54b86d4c979defab45c48,512,512,RGB,70c8c4d4c8e8f871,
Training/pituitary/Tr-pi_1242.jpg,pituitary,training,False,29079,ee0f41701a973a19cf62de31db0692e7,512,512,RGB,b0ecccccf0e2c870,
Training/pituitary/Tr-pi_1243.jpg,pituitary,training,False,26681,4543cd31b17521fcfa82c30d65fa2126,512,512,L,f884624c16664edf,
Training/pituitary/Tr-pi_1244.jpg,pituitary,training,False,35104,c44c9682b65cdbe65a17f9e23ed301ed,512,512,RGB,33e8ccaaea86ecec,
Training/pituitary/Tr-pi_1245.jpg,pituitary,training,False,32414,28a17949fa66ee9bb4089a046319f185,512,512,RGB,31e0ccb892ccaab2,
Training/pituitary/Tr-pi_1246.jpg,pituitary,training,False,33489,1e341ae5d9e614dc83625cb5f6cb27be,512,512,RGB,71cce8aab2ece8f0,
Training/pituitary/Tr-pi_1247.jpg,pituitary,training,False,23957,651613adf31040c4286d17770466d3e8,512,512,RGB,70c884b2eaccf870,
Training/pituitary/Tr-pi_1248.jpg,pituitary,training,False,30637,63d5dd6d307d2a6b2a7413fa6e1bd6ea,512,512,RGB,71e8ea92c8a8d071,
Training/pituitary/Tr-pi_1249.jpg,pituitary,training,False,30565,7f811fc48e26cd9dc03bce747297688d,512,512,RGB,71cce8aaaab8c4c4,
Training/pituitary/Tr-pi_125.jpg,pituitary,training,False,30683,7f36911adbf775aa48c8c36a15a416a2,512,512,RGB,61e8aab2e8ccd4f1,
Training/pituitary/Tr-pi_1250.jpg,pituitary,training,False,30236,fbc4da8b94d9a7ce0725b9e0393105cf,512,512,RGB,39ecfaccd49a94e4,
Training/pituitary/Tr-pi_1251.jpg,pituitary,training,False,34829,871cd88213f65c9768691a350a31d3ed,512,512,RGB,78d2a9bd9a96e4c4,
Training/pituitary/Tr-pi_1252.jpg,pituitary,training,False,74371,72767d52cc2aad37a5cfb24ff23bb06a,624,607,RGB,d2bdece4202b669e,
Training/pituitary/Tr-pi_1253.jpg,pituitary,training,False,29650,79c133f966313498cd57b4c9fef24400,512,512,RGB,31e8d2fae69a96cc,
Training/pituitary/Tr-pi_1254.jpg,pituitary,training,False,31488,9e171efdffb9871035ac888bdb3f7135,512,512,RGB,39ecb2baaa9296cc,
Training/pituitary/Tr-pi_1255.jpg,pituitary,training,False,19114,b980897dd4138c128b7687d11ae4dcd9,512,512,L,70e8ccd4f0d47192,
Training/pituitary/Tr-pi_1256.jpg,pituitary,training,False,37482,e8b86afcce0bcd16edc4f1d4918bfc6e,512,512,RGB,dca0c8e892ead8d0,
Training/pituitary/Tr-pi_1257.jpg,pituitary,training,False,30300,8a46d6e74f880a82df895e9b14758e21,512,512,L,71c8aaeab6aaaaba,
Training/pituitary/Tr-pi_1258.jpg,pituitary,training,False,34465,e68a9629220df646f38a31f86a39f49e,512,512,RGB,6cdab8dcf49696ee,
Training/pituitary/Tr-pi_1259.jpg,pituitary,training,False,34081,e6c275fa53317f1cd90491a44b6a9a59,512,512,RGB,71c0aaaaa2aaaaf2,
Training/pituitary/Tr-pi_126.jpg,pituitary,training,False,23521,eb630c20213b714353c391472ddac98e,512,512,L,f0c8c88ca8e8d4f0,
Training/pituitary/Tr-pi_1260.jpg,pituitary,training,False,34640,03d537784140cda8db92d2151070635a,512,512,RGB,71e8e8aab2d2ccd4,
Training/pituitary/Tr-pi_1261.jpg,pituitary,training,False,28154,eea6572c0d43fbfc6cbe7de7a803a082,512,512,L,79ece8aab2aaaaf0,
Training/pituitary/Tr-pi_1262.jpg,pituitary,training,False,28970,327bf2dcaa285539452a75d80564ee75,512,512,RGB,39ecd2d2d09a94ee,
Training/pituitary/Tr-pi_1263.jpg,pituitary,training,False,33141,dc9bafc905b94e812df689a59d6945f0,512,512,RGB,fcaac8d4b0d6c6ee,
Training/pituitary/Tr-pi_1264.jpg,pituitary,training,False,31115,8a6cd3ed5b21316c063843beca6502ec,512,512,RGB,71dcb2d46a9296ee,
Training/pituitary/Tr-pi_1265.jpg,pituitary,training,False,21203,5c1604ee24bc160b3c4c814e89054beb,512,512,L,60d88cbae2f0e070,
Training/pituitary/Tr-pi_1266.jpg,pituitary,training,False,25300,ab239a4f4a4f39448c0d57aa75aa133b,512,512,L,3369e8ba8aaae8ce,
Training/pituitary/Tr-pi_1267.jpg,pituitary,training,False,29449,51956bd278363d396d24dee6f63276f5,512,512,L,71cc8eaab6928a8a,
Training/pituitary/Tr-pi_1268.jpg,pituitary,training,False,37264,b6d6b4a9af66e1c2a2e8f9ef97234529,512,512,RGB,78ca9894a49694c0,
Training/pituitary/Tr-pi_1269.jpg,pituitary,training,False,27573,b904b62ca41ebf3ddaa816e6089c418a,512,512,L,e8d8aaa2b2a8f0f0,
Training/pituitary/Tr-pi_127.jpg,pituitary,training,False,29508,f28fb68eca5667bc8d6e641b8d1b2f58,512,512,RGB,39ecd2aea49a9ae6,
Training/pituitary/Tr-pi_1270.jpg,pituitary,training,False,24893,542ee1169245cf0dd3926e9f0cfc6fdd,512,512,L,70e8ac8acaaac4e4,
Training/pituitary/Tr-pi_1271.jpg,pituitary,training,False,35137,d5a210261423873d4be958591be48251,512,512,RGB,71ece8f2aae8e868,
Training/pituitary/Tr-pi_1272.jpg,pituitary,training,False,36829,3ed85a4adcb6594aa8138eb61cc7ffc1,512,512,RGB,71e8e8e8b0aae8a8,
Training/pituitary/Tr-pi_1273.jpg,pituitary,training,False,24476,f248840c4f461a3afab3c5b4e33a6837,512,512,L,71e8acb2eaaaf471,
Training/pituitary/Tr-pi_1274.jpg,pituitary,training,False,26448,c379e7e94f72a90c50650e7c0f711572,512,512,L,71eceab2aeeae8ec,
Training/pituitary/Tr-pi_1275.jpg,pituitary,training,False,34720,93e05a21d69334441341e5013c9bc5c7,512,512,RGB,71cc82eab2b2aab0,
Training/pituitary/Tr-pi_1276.jpg,pituitary,training,False,31265,c9c9ce6ea684fd6876a37cb04dd81e2d,512,512,RGB,ecd6ac4ea8968ccc,
Training/pituitary/Tr-pi_1277.jpg,pituitary,training,False,28496,f20215c3b606e9927fb360bfb731bdda,512,512,L,71ccacb2aaae96ce,
Training/pituitary/Tr-pi_1278.jpg,pituitary,training,False,25865,28b32c3afdcfd5e9595f194e5cdcb861,512,512,L,71cce8b0b2e8e8e8,
Training/pituitary/Tr-pi_1279.jpg,pituitary,training,False,27005,d26bc14a6fd4b3c5846ebdf142f66968,512,512,L,79ece8aab2aa8a9a,
Training/pituitary/Tr-pi_128.jpg,pituitary,training,False,25275,19efcebf14eb04f272c9eed748979229,512,512,L,73f8cce0b68caab2,
Training/pituitary/Tr-pi_1280.jpg,pituitary,training,False,32039,2b4356cca38d27122197780886bea089,512,512,RGB,71dcb8daa4f2dee4,
Training/pituitary/Tr-pi_1281.jpg,pituitary,training,False,39477,887ae7916bdaf7d449a1fa4abbd9cfd9,512,512,RGB,e8d8c8a8928aaab2,
Training/pituitary/Tr-pi_1282.jpg,pituitary,training,False,21913,94d507d2a084794a441d87892d3c9def,512,512,RGB,72e8d4f4ccd0d870,
Training/pituitary/Tr-pi_1283.jpg,pituitary,training,False,35761,c21375f8028fea272091f54e5b0535fb,512,512,RGB,f4dadc949296a4c4,
Training/pituitary/Tr-pi_1284.jpg,pituitary,training,False,27310,320293d6fff1627b1d3b6c3e6fc07c1d,512,512,L,61ccaaeaaab2d4d6,
Training/pituitary/Tr-pi_1285.jpg,pituitary,training,False,33571,4dc1dc765dfde7fe0c50d37090bad93a,512,512,RGB,68c4e8aab2e8cc4c,
Training/pituitary/Tr-pi_1286.jpg,pituitary,training,False,27963,4443ac30ac570870839686639c04a826,512,512,L,e0b44c966a16c6cc,
Training/pituitary/Tr-pi_1287.jpg,pituitary,training,False,29284,eb79fba46e299c42cf7b973a373e368c,512,512,RGB,60e8ecd4c8c8f0f0,
Training/pituitary/Tr-pi_1288.jpg,pituitary,training,False,27914,25c026d94c3e8fbe622c90e277a86a13,512,512,L,e0e8a8b6b2aea282,
Training/pituitary/Tr-pi_1289.jpg,pituitary,training,False,27118,9dc60fda9bf2e7181526ac14d94a716f,512,512,L,e9ccaaeab2aacccc,
Training/pituitary/Tr-pi_129.jpg,pituitary,training,False,27225,af9908a4742f7357f20d80fc9119a8f3,512,512,RGB,70e8ccb4b8f0e870,
Training/pituitary/Tr-pi_1290.jpg,pituitary,training,False,28844,23b624b24e81942505e5390a0a46749d,512,512,L,71cc8aaabaaaaaa8,
Training/pituitary/Tr-pi_1291.jpg,pituitary,training,False,33992,3a56a764e142878e8b335117faafe621,512,512,RGB,e4e892b2aaa4c471,
Training/pituitary/Tr-pi_1292.jpg,pituitary,training,False,36321,325c2c587d159e54a0f3cf21f80c3772,512,512,RGB,6cd2e9db9296c4c4,
Training/pituitary/Tr-pi_1293.jpg,pituitary,training,False,31122,95c0323de09174ae928e6a6e87a3182f,512,512,L,c8944a8b4206d7c6,
Training/pituitary/Tr-pi_1294.jpg,pituitary,training,False,36556,c437d5f237516273fd54c37ac7ebdba2,512,512,RGB,e8d0aae8b2e8e8cc,
Training/pituitary/Tr-pi_1295.jpg,pituitary,training,False,28416,bb321de96b3ba4435c45ea7f82243b05,512,512,RGB,71e8aa86c8d4d471,
Training/pituitary/Tr-pi_1296.jpg,pituitary,training,False,25567,0d1d2d35b7965d7550c06213e38f8590,512,512,L,d9e448a8d4349190,
Training/pituitary/Tr-pi_1297.jpg,pituitary,training,False,28322,ac4521ea92378cf9bb132dffa5387730,512,512,L,68d4aab2aaaaf2c0,
Training/pituitary/Tr-pi_1298.jpg,pituitary,training,False,29687,b9d97f691af934c8631f6e44ead8f1fd,512,512,RGB,79dcba5c2cb0a6ec,
Training/pituitary/Tr-pi_1299.jpg,pituitary,training,False,26725,173bec38b24f31db562066ca26388326,512,512,L,71dca8b296aaaed6,
Training/pituitary/Tr-pi_13.jpg,pituitary,training,False,25788,e71ae7bbb3386646a1459e5ed4655c75,512,512,RGB,70d8d490a8c4f0b2,
Training/pituitary/Tr-pi_130.jpg,pituitary,training,False,18710,db4f41ea41a7de6047a1cc56f424e0a5,512,512,L,30ecdab2a8cce070,
Training/pituitary/Tr-pi_1300.jpg,pituitary,training,False,37688,fed9619dd7164b3ec32b73b2d73e182e,512,512,RGB,78dcb05ba59694cc,
Training/pituitary/Tr-pi_1301.jpg,pituitary,training,False,29349,9fa15fe749ea5478e55410086a2314fb,512,512,RGB,f0e8e8f0e8c8e0f0,
Training/pituitary/Tr-pi_1302.jpg,pituitary,training,False,22620,7ad78e159261f055095d5413fbeacaf4,512,512,RGB,b0f0ee92c8dcd470,
Training/pituitary/Tr-pi_1303.jpg,pituitary,training,False,37573,0d59611c87b5e19eeee7fc5ba56b9a8d,512,512,RGB,78f2f8d6aa94c4c0,
Training/pituitary/Tr-pi_1304.jpg,pituitary,training,False,33168,d6325d5604d3ad4e52a2dddef7966573,512,512,RGB,31e8c0e8e88e8ea0,
Training/pituitary/Tr-pi_1305.jpg,pituitary,training,False,31022,42f53b692ef649959f0f7ec02770989e,512,512,RGB,70c4fab68686ccc1,
Training/pituitary/Tr-pi_1306.jpg,pituitary,training,False,28326,ff9e3017d5ebc226f8849dfcd1950982,512,512,L,68cce8e8b698ccc9,
Training/pituitary/Tr-pi_1307.jpg,pituitary,training,False,21902,fdfa29676ab9d500db155b8698466c26,512,512,L,70e8ccf4f0c8f0b2,
Training/pituitary/Tr-pi_1308.jpg,pituitary,training,False,25890,aab42d47c92e68a710b97fc8fff44f32,512,512,L,61c4ea85abb297c4,
Training/pituitary/Tr-pi_1309.jpg,pituitary,training,False,34589,b6276f725b9a3661ea24de2d01adf881,512,512,RGB,b2e8d0d4ccccd469,
Training/pituitary/Tr-pi_131.jpg,pituitary,training,False,33704,ba9c0fe1cd8afe414b9ebdbc8630f571,512,512,RGB,79e8eaae8caad8d0,
Training/pituitary/Tr-pi_1310.jpg,pituitary,training,False,25636,84190d64c510fcf4fe8dce02efae5583,512,512,L,71cce8e8d2d2aae8,
Training/pituitary/Tr-pi_1311.jpg,pituitary,training,False,26139,779919469031542d1cda164b9a93fff5,512,512,L,71ccdaead4f6ecf4,
Training/pituitary/Tr-pi_1312.jpg,pituitary,training,False,35643,43b659a79a651a9f7c3118ad70d46806,512,512,RGB,f6d98dbb959784cc,
Training/pituitary/Tr-pi_1313.jpg,pituitary,training,False,22464,3eed96ae24d7682a42b4894a6899fd6f,512,512,L,60ecac8ae2f4d870,
Training/pituitary/Tr-pi_1314.jpg,pituitary,training,False,30065,8ea30f04659fd57bfe65356bd9c7ad82,512,512,L,61c8aaeab2aaaaba,
Training/pituitary/Tr-pi_1315.jpg,pituitary,training,False,29327,713e72f5def40516e420799d1f079917,512,512,L,c4e8c8ccc8aaaaf8,
Training/pituitary/Tr-pi_1316.jpg,pituitary,training,False,32902,5668e1ccbee5675d8e4e00157762a54d,512,512,RGB,71c8e8c8b4b0aae8,
Training/pituitary/Tr-pi_1317.jpg,pituitary,training,False,20874,756b886693cd8e913d99156db8a34de4,512,512,L,b0f8c8d6b2e8e0f0,
Training/pituitary/Tr-pi_1318.jpg,pituitary,training,False,29522,b9db6f5584e584c60967cc986a8a09c6,512,512,L,c8a45a4a4ac6efec,
Training/pituitary/Tr-pi_1319.jpg,pituitary,training,False,26992,8b2dabb463b2346f294a15c4562bdc42,512,512,L,73e8cca8b6aaecf4,
Training/pituitary/Tr-pi_132.jpg,pituitary,training,False,30598,690f2c41084c1b8727b1c51812153004,512,512,RGB,79d8aadca2b614ec,
Training/pituitary/Tr-pi_1320.jpg,pituitary,training,False,23542,f99ec13fecab7561f5c978e964db0554,512,512,RGB,b068c4d4e8d0f0b2,
Training/pituitary/Tr-pi_1321.jpg,pituitary,training,False,29010,28ad8ecbbe60b4a6c32de9d7a9a26968,512,512,RGB,dcb0ccd4a4165e3c,
Training/pituitary/Tr-pi_1322.jpg,pituitary,training,False,29625,350e402318253ab32a6e30cb2fc7ff25,512,512,RGB,f0f0ccb2b2f4ecf0,
Training/pituitary/Tr-pi_1323.jpg,pituitary,training,False,33614,b612aa0d702020c3dd896f4294000a02,512,512,RGB,78ccba66dd92964e,
Training/pituitary/Tr-pi_1324.jpg,pituitary,training,False,29038,70a2740360e80ede53783e7c66995956,512,512,RGB,38ecdaeca4b6d6e6,
Training/pituitary/Tr-pi_1325.jpg,pituitary,training,False,29996,c057744d59bd9dc5907313ec385c72d9,512,512,RGB,39fcfaeca4b4d6e6,
Training/pituitary/Tr-pi_1326.jpg,pituitary,training,False,30394,d7bfd8174d2e344ba2f3a2b739bda381,512,512,RGB,31f0d29aa29294e4,
Training/pituitary/Tr-pi_1327.jpg,pituitary,training,False,36479,ad5bfec1418f2b31c171069475b4731e,512,512,RGB,e8ccaaaab2e8e8c8,
Training/pituitary/Tr-pi_1328.jpg,pituitary,training,False,22237,b33d4fa77291be18e9872626161f6427,512,512,L,f0ecccd4c8a8d471,
Training/pituitary/Tr-pi_1329.jpg,pituitary,training,False,27361,d2d236991bf8d0bc37a596e5eef122bd,512,512,RGB,70e4ccd4b0d4d471,
Training/pituitary/Tr-pi_133.jpg,pituitary,training,False,23263,c236b21447d8f7de6f2062ba7f114eeb,512,512,RGB,60c894b2caecf870,
Training/pituitary/Tr-pi_1330.jpg,pituitary,training,False,28564,d056913e23eb25316196d04375f60f49,512,512,L,8c604c52429eccec,
Training/pituitary/Tr-pi_1331.jpg,pituitary,training,False,33284,260b6e5853eb4b986ee2edf771dfc6c9,512,512,RGB,78d4eab6d2868cc1,
Training/pituitary/Tr-pi_1332.jpg,pituitary,training,False,35839,d193940d4758dc4c0e04080c1d737760,512,512,RGB,70ecaab0b2aaa8cc,
Training/pituitary/Tr-pi_1333.jpg,pituitary,training,False,22277,92de441887b9f7e9b46064850d0188fa,512,512,L,70e8dcd2a8f0c070,
Training/pituitary/Tr-pi_1334.jpg,pituitary,training,False,33482,3575cd7cc8df80e23c54405e1a603c30,512,512,RGB,e0ece8b2b2aaf0c8,
Training/pituitary/Tr-pi_1335.jpg,pituitary,training,False,31263,dcdb3141b9fc09eb77989b501e72e114,512,512,RGB,e9cce8e8b2cce8cc,
Training/pituitary/Tr-pi_1336.jpg,pituitary,training,False,24122,9b9dd1bed6f6b1a0adff82f41f903279,512,512,L,60ecb2b2aa8cf071,
Training/pituitary/Tr-pi_1337.jpg,pituitary,training,False,34835,43de62a9201b7c1dc3d70651193f6348,512,512,RGB,71ccb2d469b6d6ec,
Training/pituitary/Tr-pi_1338.jpg,pituitary,training,False,35777,e0dd4eac1fa34cc7e591770d88ba2958,512,512,RGB,71e8ccb296eaeae8,
Training/pituitary/Tr-pi_1339.jpg,pituitary,training,False,46623,e3ba2a330b921704ecae3a47624106e3,512,512,RGB,c4a8c8d4b2ca8ab0,
Training/pituitary/Tr-pi_134.jpg,pituitary,training,False,29878,4801836e0fc139dfc88eb517c382e887,512,512,L,e19870382297c6e6,
Training/pituitary/Tr-pi_1340.jpg,pituitary,training,False,28857,6f11ec52846481991341a61a01bc85e0,512,512,RGB,f0e0c4b0aaf0d871,
Training/pituitary/Tr-pi_1341.jpg,pituitary,training,False,24697,64c5701044449e8b4cc023a66ce624a9,512,512,L,71c8aab2e8e0f071,
Training/pituitary/Tr-pi_1342.jpg,pituitary,training,False,30945,55a8c9d4ab5ff2bea1966f8b0357bb35,512,512,RGB,31e0ea92b2e8f471,
Training/pituitary/Tr-pi_1343.jpg,pituitary,training,False,34395,92b91fd965a4cc7edfcb3407bd8f472f,512,512,RGB,e8c8ca96aa8abe1e,
Training/pituitary/Tr-pi_1344.jpg,pituitary,training,False,37934,f0e09f099f703f88372efd9599bcffc2,512,512,RGB,e8daa5adad1c08c8,
Training/pituitary/Tr-pi_1345.jpg,pituitary,training,False,39492,e15f8386011fa2d0a71f801f1968e7e2,512,512,RGB,eed9cc979f87c4cc,
Training/pituitary/Tr-pi_1346.jpg,pituitary,training,False,37419,c0d6073da71dbff9d1668cd7b08c8059,512,512,RGB,70e2f5e6ae95c4ca,
Training/pituitary/Tr-pi_1347.jpg,pituitary,training,False,11297,c21e17d62cd6ec720745da8302d1f7ca,256,256,L,f0e8eaf4cce0e8f0,
Training/pituitary/Tr-pi_1348.jpg,pituitary,training,False,32929,400a6c2f4198dc1ecf03f8adc14a10bf,512,512,RGB,f1e8aa9ec8aad4f1,
Training/pituitary/Tr-pi_1349.jpg,pituitary,training,False,29014,2f8138ad918e141d6f0a6a60cc0a70f1,512,512,RGB,70c8ccb4eaf0f871,
Training/pituitary/Tr-pi_135.jpg,pituitary,training,False,29686,9e5483f224b18b87ce605cbe05c4b33f,512,512,RGB,39fcfce4dce6b6e4,
Training/pituitary/Tr-pi_1350.jpg,pituitary,training,False,28716,60b479046e6ea2c44753293a235e9814,512,512,L,c1b86c4ab4b49adc,
Training/pituitary/Tr-pi_1351.jpg,pituitary,training,False,24970,56564ce72b4ede4a2dfeed628bb5320d,512,512,L,e1c8a092ae9aee6c,
Training/pituitary/Tr-pi_1352.jpg,pituitary,training,False,14677,ca3ad7e6cd4825a0d5cff84d11757bed,202,202,RGB,f0c8f1b38cc6a545,
Training/pituitary/Tr-pi_1353.jpg,pituitary,training,False,23201,beeed09efa63b5ba0dba313a8a770da7,512,512,L,e190ac088a8e96c8,
Training/pituitary/Tr-pi_1354.jpg,pituitary,training,False,25342,bf740a9d66fdc6fcbdde086f550d89e2,512,512,L,71e8cce898aae8f0,
Training/pituitary/Tr-pi_1355.jpg,pituitary,training,False,36359,a81d27e74c9ded89c75a3dc57eca2662,512,512,RGB,e8e0aac8b2ecc4cc,
Training/pituitary/Tr-pi_1356.jpg,pituitary,training,False,30069,86321ad2ba388cebc8433ee0f7de96f4,512,512,RGB,71ec8eaaa0d4ec71,
Training/pituitary/Tr-pi_1357.jpg,pituitary,training,False,25213,4aa78fe36ed6bed3e531869fc2cc1e85,512,512,L,d9e448a05034a690,
Training/pituitary/Tr-pi_1358.jpg,pituitary,training,False,37494,9bd4e11777e8c2d1310f5bfa026f4034,512,512,RGB,f4c3f8eaa5968ccc,
Training/pituitary/Tr-pi_1359.jpg,pituitary,training,False,35321,a4e46b53be4d39342dee5dea38066ae8,512,512,RGB,d4d49696cce8f0f0,
Training/pituitary/Tr-pi_136.jpg,pituitary,training,False,36306,61c65c6c6ae02bb607fa393508f75b34,512,512,RGB,71e8a2aaa2aeaac2,
Training/pituitary/Tr-pi_1360.jpg,pituitary,training,False,38762,24cc7b2af7a6a59e5106ac77e6e98193,512,512,RGB,e0b6698cbca98a08,
Training/pituitary/Tr-pi_1361.jpg,pituitary,training,False,34602,e6bf670ed6df076faa4f4b79c803d1cb,512,512,RGB,e8e8ea92b28a8ebe,
Training/pituitary/Tr-pi_1362.jpg,pituitary,training,False,29320,5a3ed0178cd537afd525ba22dcc0f6b1,512,512,RGB,79e8b2b2c8c8e471,
Training/pituitary/Tr-pi_1363.jpg,pituitary,training,False,34886,dd6cf7c1aa4daae580136ac38438132a,512,512,RGB,73e8cca292b2aaba,
Training/pituitary/Tr-pi_1364.jpg,pituitary,training,False,25023,92095e2952e67f861e36a26260652e30,512,512,L,d1a452984624acb0,
Training/pituitary/Tr-pi_1365.jpg,pituitary,training,False,30206,5068077c05604774c1e16d993e556932,512,512,RGB,f0e8c4b2aad4f0b2,
Training/pituitary/Tr-pi_1366.jpg,pituitary,training,False,35293,35551159033370fca9c875b4359f4593,512,512,RGB,71f8caa88aeac4dc,
Training/pituitary/Tr-pi_1367.jpg,pituitary,training,False,34248,307feec9aa5363b7e4d649de4bda8955,512,512,RGB,f1f0aa968c8ea2d4,
Training/pituitary/Tr-pi_1368.jpg,pituitary,training,False,26908,209de8d8dcd6fb5fa9c5f71ebac03c0f,512,512,RGB,74ecd2d0e8b2d471,
Training/pituitary/Tr-pi_1369.jpg,pituitary,training,False,38841,5611278166eb617cc0aa1d12ca42d523,512,512,RGB,71e4aaa892aaaaa0,
Training/pituitary/Tr-pi_137.jpg,pituitary,training,False,35523,736465cd2bd6dd5dee3b0048e9fa2942,512,512,RGB,71c8e8929aa8e8e8,
Training/pituitary/Tr-pi_1370.jpg,pituitary,training,False,38787,bca2f816ebdc116ed42cc5a8086cd05b,512,512,RGB,74e5f2ead98beec8,
Training/pituitary/Tr-pi_1371.jpg,pituitary,training,False,25289,845bb4a5b6733aa19eac560bc40d1c58,512,512,L,c9a4e0a0b4ac9090,
Training/pituitary/Tr-pi_1372.jpg,pituitary,training,False,29635,c1013a88f2a09f686e66c7d70396e34d,512,512,RGB,31e8ca92e8c8f071,
Training/pituitary/Tr-pi_1373.jpg,pituitary,training,False,27235,a729dfce4b28da333b30b7969001c474,512,512,L,c1b44884466b9ecc,
Training/pituitary/Tr-pi_1374.jpg,pituitary,training,False,18206,deb2ebf185d3d6207de206e6e4546473,512,512,L,28ecd2b2acc8e070,
Training/pituitary/Tr-pi_1375.jpg,pituitary,training,False,31309,5c0a00ec5f567aa19da0ea8eb03d0cfc,512,512,RGB,b0e8ccd4d4ccf0e8,
Training/pituitary/Tr-pi_1376.jpg,pituitary,training,False,23634,284df022a28137d6b9a4d2e4dc092919,512,512,L,31e8c8b2a28a9cd6,
Training/pituitary/Tr-pi_1377.jpg,pituitary,training,False,31439,c7d39d4805b2e23b3ffb727ab6c4db2c,512,512,RGB,71f0eab2cce4d4e4,
Training/pituitary/Tr-pi_1378.jpg,pituitary,training,False,25049,0292ddf15cbbf5bea4a02ed525a4cc6b,512,512,L,71c8e8e0b6e8eccd,
Training/pituitary/Tr-pi_1379.jpg,pituitary,training,False,24546,11b6b64b29f85054efbccdcaa3b6af69,512,512,L,61c8a288a0b696cc,
Training/pituitary/Tr-pi_138.jpg,pituitary,training,False,30099,56aead3157b059c49eec1e2dbebad01f,512,512,L,f1b0e8d1e2928fe6,
Training/pituitary/Tr-pi_1380.jpg,pituitary,training,False,29615,ea8bd10492e003137e816400c2aeceb1,512,512,RGB,b2e8c8d4d4ccccc9,
Training/pituitary/Tr-pi_1381.jpg,pituitary,training,False,36167,37457510060f921594eef92f068f2dc9,512,512,RGB,61c8e8aab2aaaaf0,
Training/pituitary/Tr-pi_1382.jpg,pituitary,training,False,29080,be148659ebcb49223cf1b52280c87f4b,512,512,RGB,71e8ae8e8cc4d471,
Training/pituitary/Tr-pi_1383.jpg,pituitary,training,False,28765,729508a7e08caadc8c39cfbd80bf7094,512,512,L,71e0ccd4b2e8e8e8,
Training/pituitary/Tr-pi_1384.jpg,pituitary,training,False,34640,2bd6a059962700c1e6140ad564c0e252,512,512,RGB,71ccaaaaaab2aaea,
Training/pituitary/Tr-pi_1385.jpg,pituitary,training,False,31212,4822756b77a070273bbec07d0b8d7e5a,512,512,RGB,79ecfaccb49496ec,
Training/pituitary/Tr-pi_1386.jpg,pituitary,training,False,22676,59fded6835fedbbc57a6ee38d2223a26,512,512,L,60cc94aaa8d4f0b2,
Training/pituitary/Tr-pi_1387.jpg,pituitary,training,False,37327,db1df2f24f856091b0c114bb7a495ed0,512,512,RGB,70c2e9adb5968c4c,
Training/pituitary/Tr-pi_1388.jpg,pituitary,training,False,34840,1c79db188f71cb870f75f11f09453ecc,512,512,RGB,33e0e8eab2aaaaaa,
Training/pituitary/Tr-pi_1389.jpg,pituitary,training,False,28073,139a60b82c99af927f2f320ba850843a,512,512,L,d024c8ba5ad6cccc,
Training/pituitary/Tr-pi_139.jpg,pituitary,training,False,83353,5ee9cff6443e7ccdd96792a8fc985aa4,685,681,RGB,aae8e2b22aaa2b2b,
Training/pituitary/Tr-pi_1390.jpg,pituitary,training,False,24963,6fde83aa40a3f10dfc3e511b79590b73,512,512,L,71e092b2aae4dc71,
Training/pituitary/Tr-pi_1391.jpg,pituitary,training,False,36518,ee11f39a228895c65ab223f65430a429,512,512,RGB,e8d4aab2aaaab0f8,
Training/pituitary/Tr-pi_1392.jpg,pituitary,training,False,27856,d63ddb1fe112346002226b643d8fca51,512,512,RGB,70e8ccd0e8c0e0b0,
Training/pituitary/Tr-pi_1393.jpg,pituitary,training,False,23750,72cf8041bf1d44f1a035c5b4f5ebf2d0,512,512,L,70e8dcb2aad4f0b2,
Training/pituitary/Tr-pi_1394.jpg,pituitary,training,False,29751,3668ed9085d384256e6dd4aebe06f346,512,512,RGB,39ecfac4f0ba94f6,
Training/pituitary/Tr-pi_1395.jpg,pituitary,training,False,28320,2068b06f88a0fb766bb04e3f1e7ed765,512,512,L,71e0ccd0b2e8e8e8,
Training/pituitary/Tr-pi_1396.jpg,pituitary,training,False,36278,32d4b28a2c8ea856660f4a9874989ab4,512,512,RGB,ecda8d27bb979494,
Training/pituitary/Tr-pi_1397.jpg,pituitary,training,False,28896,7ca9d7836bf9bd9c6be7c67a5ef81a58,512,512,L,f0a462864c16d6cc,
Training/pituitary/Tr-pi_1398.jpg,pituitary,training,False,26743,5e1876dc6b8ee13fa3498cb73788ca5b,512,512,L,c1a04842b694d8d8,
Training/pituitary/Tr-pi_1399.jpg,pituitary,training,False,49394,58e47a3e12d09d40c54a8672b481c175,441,429,RGB,d2bdece4202b769e,
Training/pituitary/Tr-pi_14.jpg,pituitary,training,False,31085,ebb63a46b78deec4d8a837cf92632c34,512,512,RGB,31e0ea92a2e8f471,
Training/pituitary/Tr-pi_140.jpg,pituitary,training,False,29701,1b864673cf027375f193def3017830ec,512,512,RGB,38ecfaeca4b6b6e4,
Training/pituitary/Tr-pi_1400.jpg,pituitary,training,False,34493,8cfd271014f3d46319faf6ed0e174ad2,512,512,RGB,30ecd1b5a59494c0,
Training/pituitary/Tr-pi_141.jpg,pituitary,training,False,24970,3af281602007d5bcc671c930aca15be4,512,512,L,a84488805424d0c0,
Training/pituitary/Tr-pi_142.jpg,pituitary,training,False,23590,3a05ceb8f2c0e3128081aa5940cc4866,512,512,RGB,70d8dcb2b0c4f0b2,
Training/pituitary/Tr-pi_143.jpg,pituitary,training,False,24907,0ac77c7814bb4f5c54738c7d2f9d9cdc,512,512,L,71f092b2eaf0dc71,
Training/pituitary/Tr-pi_144.jpg,pituitary,training,False,19650,010541c51ed07d2fa15dd79925e934de,512,512,L,e068ccd4ead4e0b2,
Training/pituitary/Tr-pi_145.jpg,pituitary,training,False,27009,822f90cb1331fbc7c133aea4b185d606,512,512,L,71f8e8b28ecca8e8,
Training/pituitary/Tr-pi_146.jpg,pituitary,training,False,21549,4351b1f37a430f8fc178d3cae997f1d1,512,512,L,70e8c8b0b2d0c870,
Training/pituitary/Tr-pi_147.jpg,pituitary,training,False,34423,2b6426976119b8b65fb5c2e74341be3a,512,512,RGB,d4ece8aeb2aaf0c8,
Training/pituitary/Tr-pi_148.jpg,pituitary,training,False,23660,15b50760d200960c140cad71458ba37d,512,512,L,61c8e8a0b2e8e8c9,
Training/pituitary/Tr-pi_149.jpg,pituitary,training,False,22194,afa1e59b805fbbcb421368ad158e42df,512,512,L,61c0a0ccda9696c8,
Training/pituitary/Tr-pi_15.jpg,pituitary,training,False,29460,3a9ea87aacf9d23397869ffcba53c41a,512,512,RGB,31f0d69ea6b294e4,
Training/pituitary/Tr-pi_150.jpg,pituitary,training,False,27698,0f18cc390a4c088848b220b55263f98d,512,512,L,e1ac424e4a129ecc,
Training/pituitary/Tr-pi_151.jpg,pituitary,training,False,29796,7f8938c3034fde4dad6dbfb75a5dde64,512,512,L,71c8e894b2aae8c4,
Training/pituitary/Tr-pi_152.jpg,pituitary,training,False,17651,c1cfb0e72cb91aea3fdd8baaf1022144,512,512,L,30e088b6ecc4d470,
Training/pituitary/Tr-pi_153.jpg,pituitary,training,False,25158,e4efa26ccfe0ea42339b637fd0e339f8,512,512,L,f180a0588aba96cc,
Training/pituitary/Tr-pi_154.jpg,pituitary,training,False,26660,8d660ee9a5f75254224ac71f3ff7973a,512,512,RGB,60ececd0e8a0d471,
Training/pituitary/Tr-pi_155.jpg,pituitary,training,False,33016,ebe47628ded4ee406ebfc7dc8ec7ba0e,512,512,RGB,e9cc8aa8f8f2f471,
Training/pituitary/Tr-pi_156.jpg,pituitary,training,False,24337,e14e47aaaf3a94fd5dfa4fc6709e6457,512,512,L,71e8ca96d4cccc71,
Training/pituitary/Tr-pi_157.jpg,pituitary,training,False,33728,12e744df1340b3d6c3c0a597e2babdc4,512,512,RGB,f0ecb6d2cce8f0f0,
Training/pituitary/Tr-pi_158.jpg,pituitary,training,False,25964,37aa30f92d7077068014f7f49f2e1a70,512,512,L,71cce8aab2f0cccc,
Training/pituitary/Tr-pi_159.jpg,pituitary,training,False,29283,643cea3376f20f7bce463065ab243179,512,512,RGB,70e8c8d4d4ccf869,
Training/pituitary/Tr-pi_16.jpg,pituitary,training,False,32970,6296b26a023d294dc065c1a75f6cedc1,512,512,RGB,71e8e8e8aab2e8e8,
Training/pituitary/Tr-pi_160.jpg,pituitary,training,False,46623,e3ba2a330b921704ecae3a47624106e3,512,512,RGB,c4a8c8d4b2ca8ab0,
Training/pituitary/Tr-pi_161.jpg,pituitary,training,False,31155,3144a1ba0865cffdce33da91c4f33be6,512,512,RGB,71e8e4c8b28ae8f0,
Training/pituitary/Tr-pi_162.jpg,pituitary,training,False,29037,f72b79dc923211364acedb111f3c3f9d,512,512,RGB,71e8ea9accbad071,
Training/pituitary/Tr-pi_163.jpg,pituitary,training,False,34335,667db113b8954435f1ceab3122f5b296,512,512,RGB,31f092aab2a2aaa2,
Training/pituitary/Tr-pi_164.jpg,pituitary,training,False,34838,208199f836f52ee6ef5a1f7a14768d77,512,512,RGB,71e8e8e8d2b0c8e4,
Training/pituitary/Tr-pi_165.jpg,pituitary,training,False,18807,4852ebe462e32456dc4fe65790c3ddd5,512,512,L,b0c8d4f4e8d4f470,
Training/pituitary/Tr-pi_166.jpg,pituitary,training,False,23166,fdb3d2d867ab584f541859b8266cc5d8,512,512,L,31ecdcd2d2c8ccc9,
Training/pituitary/Tr-pi_167.jpg,pituitary,training,False,33971,1e93be41f7799cf65e4ab14798c669e8,512,512,RGB,61c8a8aaa2b6aec6,
Training/pituitary/Tr-pi_168.jpg,pituitary,training,False,36496,a5a784533eafd8af1bb42d671c3bd6e3,512,512,RGB,71cccab2aa8a9684,
Training/pituitary/Tr-pi_169.jpg,pituitary,training,False,28929,c3c37ee6ba2f664a518ad9ae2291facd,512,512,L,e4ecae8af6c4daee,
Training/pituitary/Tr-pi_17.jpg,pituitary,training,False,189502,008c98403b057fc344bf0a9f2e7de6c2,900,741,RGB,7cf0eacad2d4ece4,
Training/pituitary/Tr-pi_170.jpg,pituitary,training,False,21794,75081f84a810a1b211dc0042cf625184,512,512,L,70e8ccf4e8fcf0b0,
Training/pituitary/Tr-pi_171.jpg,pituitary,training,False,21029,118be381eb721c281773725f0f6c89e4,512,512,L,d1c8b4f4e8b2d071,
Training/pituitary/Tr-pi_172.jpg,pituitary,training,False,33503,acc3c2f5eaf8e7cbe6a6c0449d943980,512,512,RGB,71c8a0a8d49088d0,
Training/pituitary/Tr-pi_173.jpg,pituitary,training,False,38570,a190895b68b5962790d468f50395c773,512,512,RGB,71e4aaa8b2aaaaa0,
Training/pituitary/Tr-pi_174.jpg,pituitary,training,False,37355,f51fd32a639e76675fb263baa707f79b,512,512,RGB,78c689ada5d7a6c0,
Training/pituitary/Tr-pi_175.jpg,pituitary,training,False,21032,04fff36981034af5c9fe468ad8fec6b1,512,512,L,71e8a88eccccc871,
Training/pituitary/Tr-pi_176.jpg,pituitary,training,False,35745,43964d1bc8e03b36231bb5996661eda7,512,512,RGB,6cd8a4b5ac8cc888,
Training/pituitary/Tr-pi_177.jpg,pituitary,training,False,26167,da05759c504c0d354f4f3d06d6e85192,512,512,L,33e894a8b28aa8b4,
Training/pituitary/Tr-pi_178.jpg,pituitary,training,False,36919,abe9d61e5d4912718fd44e6fb768a330,512,512,RGB,71cc8eaab6aaaaa8,
Training/pituitary/Tr-pi_179.jpg,pituitary,training,False,26997,ab63e493d1e043eab164bfd5e2bd6386,512,512,L,71c8e8e8a88ce8b0,
Training/pituitary/Tr-pi_18.jpg,pituitary,training,False,23768,06b6f14419060a22f738e36368abc491,512,512,L,61c4eaa4a89ad7c8,
Training/pituitary/Tr-pi_180.jpg,pituitary,training,False,27914,796b9c7a43b02d8342fbf6251c56fc0e,512,512,L,71cca8b2aaaa8ed6,
Training/pituitary/Tr-pi_181.jpg,pituitary,training,False,30397,7d1d189b4d94abe05b2cb5a2134e9d79,512,512,L,f9847a58c26e5cde,
Training/pituitary/Tr-pi_182.jpg,pituitary,training,False,25895,9a15c1f3ec35e209f17c34a5b5af6340,512,512,L,70e88ab2eae8f471,
Training/pituitary/Tr-pi_183.jpg,pituitary,training,False,28397,6de1d4093ec3204746bdeec7dce7bee6,512,512,L,e8e0aae8b2c8d4cc,
Training/pituitary/Tr-pi_184.jpg,pituitary,training,False,30476,cd113953c61bc99872bef5aee5fdf9b7,512,512,RGB,6ccab4f6dacee6f6,
Training/pituitary/Tr-pi_185.jpg,pituitary,training,False,32989,5ed8e2fa1391a19c01f5a0e519305f12,512,512,RGB,78ccbade969214cc,
Training/pituitary/Tr-pi_186.jpg,pituitary,training,False,28239,4abecec5a599d58af987cc0e3360edc1,512,512,RGB,70e8ccd2b2f0d4f1,
Training/pituitary/Tr-pi_187.jpg,pituitary,training,False,34602,a7ccff469de46c4f0a25c2451765b741,512,512,RGB,70d6b9ad85960c4c,
Training/pituitary/Tr-pi_188.jpg,pituitary,training,False,21782,5979cd3f1bce547d2b82993bfc77b7c6,512,512,L,e1d0a88c9a9298c8,
Training/pituitary/Tr-pi_189.jpg,pituitary,training,False,18449,328e91b1b605bb7473496107d895c5ee,512,512,L,68ccf0f8e8d4e070,
Training/pituitary/Tr-pi_19.jpg,pituitary,training,False,39976,0feb0dd26a0851cbd39a69fce8042271,512,512,RGB,7cf2edb1b5a7c4c8,
Training/pituitary/Tr-pi_190.jpg,pituitary,training,False,35739,8c03f4a6096e16d6ece59b10ae822f69,512,512,RGB,e8e0e8aaaa889a0e,
Training/pituitary/Tr-pi_191.jpg,pituitary,training,False,36564,6cd02777a78d0ff23df9ea3dbd27e642,512,512,RGB,6ac2ce9392b2e2f2,
Training/pituitary/Tr-pi_192.jpg,pituitary,training,False,28058,9b037a42aa7158b2ae12a0e060dbd6a3,512,512,L,c8a44acacec6abf6,
Training/pituitary/Tr-pi_193.jpg,pituitary,training,False,39045,99e0890275f773a6baa17d02fc0bdefb,512,512,RGB,70f2c8f4b9b20c88,
Training/pituitary/Tr-pi_194.jpg,pituitary,training,False,27595,2a76337afe68e9229cdc91d559384b57,512,512,L,73e8a2aab2baaaba,
Training/pituitary/Tr-pi_195.jpg,pituitary,training,False,49394,58e47a3e12d09d40c54a8672b481c175,441,429,RGB,d2bdece4202b769e,
Training/pituitary/Tr-pi_196.jpg,pituitary,training,False,35667,b612dcd3013b4c3eaa58f75d9bab10a6,512,512,RGB,d4e8e8b2aaa8d4d0,
Training/pituitary/Tr-pi_197.jpg,pituitary,training,False,28489,e6130a277630eabb0934d2f85950190d,512,512,L,71e8e8aab2aecce8,
Training/pituitary/Tr-pi_198.jpg,pituitary,training,False,28351,1e9f65c632089c37a10bbf57ddac0acd,512,512,L,71e0c8c8d4c8cccc,
Training/pituitary/Tr-pi_199.jpg,pituitary,training,False,31127,7912950ce96728c38ce5ac89b5b11bfc,512,512,RGB,79ecfaccb4b2b6e4,
Training/pituitary/Tr-pi_2.jpg,pituitary,training,False,27714,7683c18e3d250a84e045f57a816ab12b,512,512,L,63c8a49084a694d8,
Training/pituitary/Tr-pi_20.jpg,pituitary,training,False,25419,ff328160e2a863d087d8379ab1af10f8,512,512,L,cca2cd948a9284c2,
Training/pituitary/Tr-pi_200.jpg,pituitary,training,False,32107,4e2928f769cfd012b81074fbcd16f798,512,512,RGB,eeddeefad5caf4fe,
Training/pituitary/Tr-pi_201.jpg,pituitary,training,False,33872,2e70eb8c2a3cd668c9ee302d71898b81,512,512,RGB,71e8aa9ad0aad461,
Training/pituitary/Tr-pi_202.jpg,pituitary,training,False,25968,6d9812290229d3c76fc17f5fe468e02e,512,512,L,71cce8a8b2c8e8f0,
Training/pituitary/Tr-pi_203.jpg,pituitary,training,False,34210,7d2fa8255b9ec3b1f323aea01b2e9eb8,512,512,RGB,7cf2eded9d9ac6e4,
Training/pituitary/Tr-pi_204.jpg,pituitary,training,False,21035,0c60c80a6e58aceca5b461a197485442,512,512,L,70e8c8e0b2e8f0b2,
Training/pituitary/Tr-pi_205.jpg,pituitary,training,False,36129,e17042907ec6ff34d10ccf647bafd6c4,512,512,RGB,e9c8e8c492e4cc6c,
Training/pituitary/Tr-pi_206.jpg,pituitary,training,False,16271,de3d25edd8866f73c7b451601252319c,201,210,RGB,e8ece8f0d0ac8aaa,
Training/pituitary/Tr-pi_207.jpg,pituitary,training,False,26238,6294be8d158196cd504ddc6a8b0a9847,512,512,L,71f8ecf2b2aaaab2,
Training/pituitary/Tr-pi_208.jpg,pituitary,training,False,21404,af9046cee39512752e42ae38ef8a9532,512,512,L,60ec94b2e8dcf0b2,
Training/pituitary/Tr-pi_209.jpg,pituitary,training,False,32178,cbc5fb368efb8c75546d61add8803509,512,512,RGB,79ecf2d4b49296ec,
Training/pituitary/Tr-pi_21.jpg,pituitary,training,False,27899,8b65e0c1349eb59e83ca06795050a8f2,512,512,RGB,70e8ccd0e0e8f0b2,
Training/pituitary/Tr-pi_210.jpg,pituitary,training,False,31987,5192cbd5c7ca564a9e7ee98752c391ee,512,512,RGB,71e8ea96ece8e8e8,
Training/pituitary/Tr-pi_211.jpg,pituitary,training,False,26634,28d97a80494c388966a0fc9c8ffdb666,512,512,L,71e4e8b2a6eae8e8,
Training/pituitary/Tr-pi_212.jpg,pituitary,training,False,32363,3d3ca385ca3c5c2e785614492bf8afc2,512,512,RGB,71c4e8b0b2a29a90,
Training/pituitary/Tr-pi_213.jpg,pituitary,training,False,29315,2870bee0393c325b74405add48cb9661,512,512,L,f0b04d530a4aaca7,
Training/pituitary/Tr-pi_214.jpg,pituitary,training,False,24311,76523907a65380d9d5dde2fedbf70978,512,512,L,79e8aab2ccccd470,
Training/pituitary/Tr-pi_215.jpg,pituitary,training,False,29615,1847638914edfd3380a9230c0e55d884,512,512,RGB,38e8f8eca496d6e6,
Training/pituitary/Tr-pi_216.jpg,pituitary,training,False,35447,1fdc3b5761a571c2a53b0d4df2f4515e,512,512,RGB,ecd0aca5ac8ccc88,
Training/pituitary/Tr-pi_217.jpg,pituitary,training,False,27565,5d0d462ff44467b17b075fdc6098deaf,512,512,L,71e0acb2b6a8c8cc,
Training/pituitary/Tr-pi_218.jpg,pituitary,training,False,25992,a05ee920e6e590233c619559104b154c,512,512,L,71cca8a8b6c8c849,
Training/pituitary/Tr-pi_219.jpg,pituitary,training,False,32109,aed3ca36e8986f68f4c8ea486decc347,512,512,RGB,71ccea94c2c498d8,
Training/pituitary/Tr-pi_22.jpg,pituitary,training,False,31856,44cf3c71e3d371ef39e32dffd82054f5,512,512,RGB,f1e8aa8aaaa8f071,
Training/pituitary/Tr-pi_220.jpg,pituitary,training,False,25493,8fa9a4d352375e1c0827508a3e9aab3d,512,512,RGB,f0e8e8f8b0e0f0b2,
Training/pituitary/Tr-pi_221.jpg,pituitary,training,False,32090,05c3caea567ffd77caf79c12654b87e5,512,512,RGB,79dcba5464b224d4,
Training/pituitary/Tr-pi_222.jpg,pituitary,training,False,28479,76fd8379410e37ba526586cd1b29865e,512,512,RGB,78fcdacca49696ec,
Training/pituitary/Tr-pi_223.jpg,pituitary,training,False,25964,4990b6b540339c92e1107ccb133b0f78,512,512,RGB,70e8ecf4e8f0c870,
Training/pituitary/Tr-pi_224.jpg,pituitary,training,False,35690,b64a5693635080e5ed21bea423198bfc,512,512,RGB,78c2cdfdb19684c4,
Training/pituitary/Tr-pi_225.jpg,pituitary,training,False,36430,0c65f470d9aff8cc26df417ec684e1e9,512,512,RGB,e9e8aae8aaaaf0c8,
Training/pituitary/Tr-pi_226.jpg,pituitary,training,False,33465,7cc0af4852da3d91e60e133c93218520,512,512,RGB,79ccb4ecbc9296ec,
Training/pituitary/Tr-pi_227.jpg,pituitary,training,False,24915,14967d80278064a72ae1747de6b53364,512,512,L,71c4e2a4dab084c8,
Training/pituitary/Tr-pi_228.jpg,pituitary,training,False,37497,cf5e712a668639af2353340b3689dccc,512,512,RGB,74f1cca2b49464e4,
Training/pituitary/Tr-pi_229.jpg,pituitary,training,False,31876,019f8b7d5a0d418509399b63588743cc,512,512,RGB,61e8a8e8b2aac8b4,
Training/pituitary/Tr-pi_23.jpg,pituitary,training,False,24713,08adac7ab14dd7c878456a4b619bfb58,512,512,L,73e8cca8b48aecf4,
Training/pituitary/Tr-pi_230.jpg,pituitary,training,False,27155,31e9093795e1e0e8974f2248bdf917e8,512,512,L,71cce8a8b4c8c849,
Training/pituitary/Tr-pi_231.jpg,pituitary,training,False,37034,f98ec662436b2b5e80d90d3c0aca29e3,512,512,RGB,71cc8eaaa2aaaae8,
Training/pituitary/Tr-pi_232.jpg,pituitary,training,False,26061,a5866d0b32f1fb453342b6ccfedd6dd3,512,512,RGB,78c8d4b4caf4f871,
Training/pituitary/Tr-pi_233.jpg,pituitary,training,False,34625,855ba8a417f6d669094e81005dd7bd93,512,512,RGB,71e8e8a8b4aaa8a8,
Training/pituitary/Tr-pi_234.jpg,pituitary,training,False,25398,afee890067211fcce7951ab45be147bc,512,512,L,68cc8eeae0b0d071,
Training/pituitary/Tr-pi_235.jpg,pituitary,training,False,32452,bc7736eeeb92f79e9b74958be05424ac,512,512,RGB,68cce892b2e8e868,
Training/pituitary/Tr-pi_236.jpg,pituitary,training,False,37066,5170ff4b94fa1de6ab2616b84e1eb86d,512,512,RGB,71c0aaaaa2aaaad2,
Training/pituitary/Tr-pi_237.jpg,pituitary,training,False,33941,3b4774f5debca296f33daf6f368d1fcb,512,512,RGB,71c4e892aae8f068,
Training/pituitary/Tr-pi_238.jpg,pituitary,training,False,23314,08f1f75d6c09526fb7ab6f28eb01fa3b,512,512,L,ccb2c9ccaa968783,
Training/pituitary/Tr-pi_239.jpg,pituitary,training,False,27201,4a04f6191bd56edff0a96dcfe1b22ee4,512,512,L,69d4eab28eaab2d0,
Training/pituitary/Tr-pi_24.jpg,pituitary,training,False,28175,4e40529acd13ce706ffe973191986ca9,512,512,RGB,9378c4b2f29ad4b4,
Training/pituitary/Tr-pi_240.jpg,pituitary,training,False,35865,50f4a22c43e940062b34ff2b7c170ca7,512,512,RGB,e8d8ad9c9794c4cc,
Training/pituitary/Tr-pi_241.jpg,pituitary,training,False,31413,e4b355d1b5aa026192fb62c7754bab31,512,512,RGB,31e892aaaa9296e4,
Training/pituitary/Tr-pi_242.jpg,pituitary,training,False,28363,f2d3bf8bfa7c7377598e5361f9252080,512,512,RGB,68ecd4b0e8ccf0f0,
Training/pituitary/Tr-pi_243.jpg,pituitary,training,False,29071,b704cbb788b8efa608f8b3221552c69c,512,512,RGB,f8e8d490ead4f0b2,
Training/pituitary/Tr-pi_244.jpg,pituitary,training,False,28919,6074508445c6b2bccc255dd12878b7fc,512,512,RGB,f0e8ccb0a8f0d071,
Training/pituitary/Tr-pi_245.jpg,pituitary,training,False,32903,fa5d247e4eff2b5963cfd6e8038b992e,512,512,RGB,d4ac88a28a8c94d4,
Training/pituitary/Tr-pi_246.jpg,pituitary,training,False,16405,b7f875bedfac719015cc81bc888151b3,225,225,RGB,f0e8bab2a8a8a2ea,
Training/pituitary/Tr-pi_247.jpg,pituitary,training,False,13847,9746a2f671313d4c23de67ac1890a150,256,256,RGB,71e8e8e8cce8e8f0,
Training/pituitary/Tr-pi_248.jpg,pituitary,training,False,32553,c27674cd26e0b87c48e9c103bb68f3c8,512,512,RGB,71c8e4a8d098c8f0,
Training/pituitary/Tr-pi_249.jpg,pituitary,training,False,23103,56b1c17c8363392ae932b32415c2caec,512,512,L,63c8a4ccc4b68eda,
Training/pituitary/Tr-pi_25.jpg,pituitary,training,False,30173,ba2d447d1f7adde54f33983a914dd90c,512,512,RGB,39f4fad4f09294cc,
Training/pituitary/Tr-pi_250.jpg,pituitary,training,False,24435,bc44589553260f9c1965a1a7b07f14b8,512,512,L,71e8aab2e8a8c873,
Training/pituitary/Tr-pi_251.jpg,pituitary,training,False,25173,5fccdf887177165040baa64c0bf22574,512,512,L,71e0a896ccccf0f8,
Training/pituitary/Tr-pi_252.jpg,pituitary,training,False,34065,52dc34068dd818e43151164a466fc93e,512,512,RGB,71e8c8b29ae8e8e8,
Training/pituitary/Tr-pi_253.jpg,pituitary,training,False,27441,9df81aa075888a21d23ee31a8af7996a,512,512,L,79ece8aab2aaaab2,
Training/pituitary/Tr-pi_254.jpg,pituitary,training,False,30660,656e8ef11e54674eca9734bccd34936c,512,512,RGB,f0e8e8f4c8ccd0f0,
Training/pituitary/Tr-pi_255.jpg,pituitary,training,False,31014,f85fea652832722669a4001b3e1b3530,512,512,L,cce8e8ca92aaaab2,
Training/pituitary/Tr-pi_256.jpg,pituitary,training,False,27744,8bc7190bf645697870696a234309124c,512,512,L,c8a0c4969296c8f8,
Training/pituitary/Tr-pi_257.jpg,pituitary,training,False,34813,a1a4da2064d72997e1817bfbe38c13f9,512,512,RGB,70c8cca2b2aad470,
Training/pituitary/Tr-pi_258.jpg,pituitary,training,False,22356,f2a4ca0ced580693a1465ea855ecbb63,512,512,L,f4d4d8b2bab4e470,
Training/pituitary/Tr-pi_259.jpg,pituitary,training,False,27895,73398e4864b8e13c3ff399ad2b8e1974,512,512,RGB,60ecd4b0e8d4f0f0,
Training/pituitary/Tr-pi_26.jpg,pituitary,training,False,32015,c6a44ceb2d6f62e6d96e56b02765483f,512,512,RGB,73e8eceab2aaca94,
Training/pituitary/Tr-pi_260.jpg,pituitary,training,False,36077,1353b6cb8a1609f01678fb41be222788,512,512,RGB,61c8e8aab2aaaab2,
Training/pituitary/Tr-pi_261.jpg,pituitary,training,False,34589,b6276f725b9a3661ea24de2d01adf881,512,512,RGB,b2e8d0d4ccccd469,
Training/pituitary/Tr-pi_262.jpg,pituitary,training,False,25668,8b77abcb000ac3970dcbb49bc50d2ec7,512,512,L,cce28d44a8968682,
Training/pituitary/Tr-pi_263.jpg,pituitary,training,False,32777,025e0598ddd1b6352639e3179abec3b0,512,512,RGB,71c8c4e8f088e8d2,
Training/pituitary/Tr-pi_264.jpg,pituitary,training,False,35846,2f1016c90043a2e770db25e4fe88d9c3,512,512,RGB,61cca8b2b2c8c8c8,
Training/pituitary/Tr-pi_265.jpg,pituitary,training,False,23632,6456a22976fd362e43da9492d3648c69,512,512,RGB,f268ccd4ccccf1b2,
Training/pituitary/Tr-pi_266.jpg,pituitary,training,False,25022,9172fb00e914d8d4ec09aeb13aafb978,512,512,L,71c884b6b2e0d4e9,
Training/pituitary/Tr-pi_267.jpg,pituitary,training,False,32312,7c8afec9d312c95cc686b677ced726a1,512,512,RGB,39ecdac8fc92d6e4,
Training/pituitary/Tr-pi_268.jpg,pituitary,training,False,34644,ae57965ae35d605c7aed8995e5577630,512,512,RGB,61c8c8aab2aaaea6,
Training/pituitary/Tr-pi_269.jpg,pituitary,training,False,32087,423bdb16af75544f71b1d14071aab817,512,512,RGB,71ecde92b2a8d468,
Training/pituitary/Tr-pi_27.jpg,pituitary,training,False,22396,fba8a9f6c3efa2215c1532b3d3f0ca7d,512,512,L,60ec96aaeaf4d870,
Training/pituitary/Tr-pi_270.jpg,pituitary,training,False,23212,03e42317de30c5e4fbb45bf8104d3d42,512,512,L,f0c8ccacb2ead471,
Training/pituitary/Tr-pi_271.jpg,pituitary,training,False,22979,9e68a2e6062474a8c66823585a642a68,512,512,L,73e8e8e8ea8e8ea2,
Training/pituitary/Tr-pi_272.jpg,pituitary,training,False,35593,505c6a0858bdc29464ecb6dda9b1c9b1,512,512,RGB,71e8ccb292eacae8,
Training/pituitary/Tr-pi_273.jpg,pituitary,training,False,23788,951bf968ca99ca54f82a0d6561fdc6f8,512,512,L,61e4cac4a8b2d6c8,
Training/pituitary/Tr-pi_274.jpg,pituitary,training,False,28288,7584bc10be284982237c791cea07fbb6,512,512,RGB,71f8e892c8d0d471,
Training/pituitary/Tr-pi_275.jpg,pituitary,training,False,34481,50777c0ccb64467f0530ae82619f3d20,512,512,RGB,71d8ecc8d4e8e8cc,
Training/pituitary/Tr-pi_276.jpg,pituitary,training,False,35469,9342808d42a98a5f0156587f3c2b6d55,512,512,RGB,71e4c8e8f094c8ec,
Training/pituitary/Tr-pi_277.jpg,pituitary,training,False,36244,4354c36d7a699b1e38b4166a4b061791,512,512,RGB,e9c8a8ecd2eccc6c,
Training/pituitary/Tr-pi_278.jpg,pituitary,training,False,37021,111c8e59935fa46bc33d924813881611,512,512,RGB,79c4eab296aa8a94,
Training/pituitary/Tr-pi_279.jpg,pituitary,training,False,34463,bbaeef7bdde4555352ef316d88a079a2,512,512,RGB,71e8e8a2b2aaccdc,
Training/pituitary/Tr-pi_28.jpg,pituitary,training,False,34047,12abed97827b3a0376e15d934e725f82,512,512,RGB,71c8aad2b2aaaaf0,
Training/pituitary/Tr-pi_280.jpg,pituitary,training,False,27800,520395a83e48130d72d3f2697816be07,512,512,L,71c0e8eab2eae8c8,
Training/pituitary/Tr-pi_281.jpg,pituitary,training,False,23609,eade42eb685eb5754b7745469fe0fff8,512,512,L,71e8aa96cce8e471,
Training/pituitary/Tr-pi_282.jpg,pituitary,training,False,26958,b2340bfd753e004f3243a538637526d0,512,512,L,71cce8f8b2e8e8ec,
Training/pituitary/Tr-pi_283.jpg,pituitary,training,False,29363,5021eb8edaa58bb3aa7fd1f08ab04fd4,512,512,L,e8ece8aaa6aca8b6,
Training/pituitary/Tr-pi_284.jpg,pituitary,training,False,27016,fb778b1f8fa81aaf4bb44141737b0e0b,512,512,L,71e8e8ea92a8eaea,
Training/pituitary/Tr-pi_285.jpg,pituitary,training,False,33561,15cf7ebeefbbb7e57abf759acc3af7ef,512,512,RGB,71e8e8eab2aac8f0,
Training/pituitary/Tr-pi_286.jpg,pituitary,training,False,29953,00748c6aaa5c199b07f8fa7140fc19c1,350,400,RGB,d4e8685503492a96,
Training/pituitary/Tr-pi_287.jpg,pituitary,training,False,33690,3bafcd367c3089404945446dd0efcaa5,512,512,RGB,73e8e8e8b2aac8f0,
Training/pituitary/Tr-pi_288.jpg,pituitary,training,False,35767,a160dbccc1838ad87b9a3499caa659d7,512,512,RGB,ecca8f87bf979488,
Training/pituitary/Tr-pi_289.jpg,pituitary,training,False,17327,050a0a7197d211da193931e8b19d0dcc,512,512,L,b0e4c4b2eadcf0b2,
Training/pituitary/Tr-pi_29.jpg,pituitary,training,False,37600,83340a32f3be418940fb3800a5751c23,512,512,RGB,79ccaaaabaaaecac,
Training/pituitary/Tr-pi_290.jpg,pituitary,training,False,22567,a83d3097a6399fca02f5b0549128698f,512,512,L,c492c4d4da9381c3,
Training/pituitary/Tr-pi_291.jpg,pituitary,training,False,36044,36cfb3430d88d059f78823c4668f150d,512,512,RGB,f0c8aaaa86ceb2d4,
Training/pituitary/Tr-pi_292.jpg,pituitary,training,False,37393,08edcaa3d9fc46b98e09e6dc22b5a9dd,512,512,RGB,70d6e9ad9597ac88,
Training/pituitary/Tr-pi_293.jpg,pituitary,training,False,28939,53376a11b95e29072f9094239f15b8c9,512,512,L,71e8e8b6aaaaf0cc,
Training/pituitary/Tr-pi_294.jpg,pituitary,training,False,34321,bc3cbea9442076880397eff4959209ff,512,512,RGB,71e8aab2acaad4d0,
Training/pituitary/Tr-pi_295.jpg,pituitary,training,False,37997,ad1a71edab57c38bb688c3dff8d6cbc7,512,512,RGB,7cf2ece4bc96c4c4,
Training/pituitary/Tr-pi_296.jpg,pituitary,training,False,22402,d1e8d3bfa9ecfabd2aed83dfa047600a,512,512,L,b2e8ccd6e8f0e870,
Training/pituitary/Tr-pi_297.jpg,pituitary,training,False,28148,0217b5039101a3deb791d19b07e0bd4c,512,512,L,68cce8d8b6d8ccc8,
Training/pituitary/Tr-pi_298.jpg,pituitary,training,False,27483,803ea5ee7c42a5adfb82037b4e4e08c2,512,512,RGB,70e8ecf2b2f0ecf0,
Training/pituitary/Tr-pi_299.jpg,pituitary,training,False,29564,8303a4afc137e15eade9ede5705a9598,512,512,RGB,39e4b2aaaa3224ce,
Training/pituitary/Tr-pi_3.jpg,pituitary,training,False,22136,9ea04788481fa8ba52a2bc690b3a2ef8,512,512,L,70e8ccb4b2f0c470,
Training/pituitary/Tr-pi_30.jpg,pituitary,training,False,35512,d3c5f5993859f00f448f6f8e02b68865,512,512,RGB,d4e8e8b0b2a8f0d0,
Training/pituitary/Tr-pi_300.jpg,pituitary,training,False,25222,46579e31651a3e9e9dfd6b02ec824c44,512,512,L,c1ac6299588e9298,
Training/pituitary/Tr-pi_301.jpg,pituitary,training,False,34571,f6414f0e2245d3c12a4270313e17b286,512,512,RGB,71e8c8aab2baecec,
Training/pituitary/Tr-pi_302.jpg,pituitary,training,False,35573,c70d2b7ad5446536ef55d4cbe26e2cc0,512,512,RGB,71cce8a8b2a8e8cc,
Training/pituitary/Tr-pi_303.jpg,pituitary,training,False,34502,bfe7850c6e508eb229cd4129c877ce38,512,512,RGB,74e2e1bd92d6a4e4,
Training/pituitary/Tr-pi_304.jpg,pituitary,training,False,28475,1d9ee5d16062b426d4c976cbe94695ae,512,512,RGB,f0ececccf2e2c871,
Training/pituitary/Tr-pi_305.jpg,pituitary,training,False,29982,80af9489f127f846cd6c7deb9acfff36,512,512,RGB,71ece8d2b2e8e86c,
Training/pituitary/Tr-pi_306.jpg,pituitary,training,False,189502,008c98403b057fc344bf0a9f2e7de6c2,900,741,RGB,7cf0eacad2d4ece4,
Training/pituitary/Tr-pi_307.jpg,pituitary,training,False,29805,8e478257ccee4b4e4e5af44cd446ecc8,512,512,RGB,79f4f8e4dcd8c4e4,
Training/pituitary/Tr-pi_308.jpg,pituitary,training,False,39832,9a12c0679ca50511da9612b19a6db6bc,512,512,RGB,ecf1649d9f86cccc,
Training/pituitary/Tr-pi_309.jpg,pituitary,training,False,26383,e56995e83ad18347ea3023300033037f,512,512,L,71e8e8eaaaaaa8cc,
Training/pituitary/Tr-pi_31.jpg,pituitary,training,False,36225,37675664e769daa0a87a5bb618e861b9,512,512,RGB,6ad2cbbbb29ae6e6,
Training/pituitary/Tr-pi_310.jpg,pituitary,training,False,23721,41b8bb61c2baebe51589854e4ac42cc5,512,512,L,68ccb2aaaa8af071,
Training/pituitary/Tr-pi_311.jpg,pituitary,training,False,35906,406052e058bc64ffed1f9c9e2b65687c,512,512,RGB,74e6ecda959484cc,
Training/pituitary/Tr-pi_312.jpg,pituitary,training,False,21558,fc47a0a1a724933a6e5d40ea77cb374c,512,512,L,70e8c8dee8d4d470,
Training/pituitary/Tr-pi_313.jpg,pituitary,training,False,23589,403e886f2160e7135ab63eca2234bb96,512,512,RGB,82f0d494f0d4c0f2,
Training/pituitary/Tr-pi_314.jpg,pituitary,training,False,29715,8e7aae5d6f89a83ed4c5e8d90e880fab,512,512,RGB,71e88a94ccc0f471,
Training/pituitary/Tr-pi_315.jpg,pituitary,training,False,35819,5f3f431a86bc7ad0af74887a07cccb70,512,512,RGB,71cceab2aaaa8694,
Training/pituitary/Tr-pi_316.jpg,pituitary,training,False,37975,de13a6c8a5c32863e8242cb2aa4a39aa,512,512,RGB,74faedf1959784c8,
Training/pituitary/Tr-pi_317.jpg,pituitary,training,False,20361,ea261570f64df6164277f6ebdc7ca28e,512,512,L,d9dcf4f0eaa8f071,
Training/pituitary/Tr-pi_318.jpg,pituitary,training,False,36433,676fb3efc8f4a9472f9aede115c8b538,512,512,RGB,71e8ccf0b2e8e8e8,
Training/pituitary/Tr-pi_319.jpg,pituitary,training,False,23733,5a51d08f57bf0b7ff321d21aa9407c81,512,512,L,71eceab2aaaab2f0,
Training/pituitary/Tr-pi_32.jpg,pituitary,training,False,26766,4550acf419337d999e42a4252396d1e5,512,512,L,71eceab292aaaab2,
Training/pituitary/Tr-pi_320.jpg,pituitary,training,False,35906,406052e058bc64ffed1f9c9e2b65687c,512,512,RGB,74e6ecda959484cc,
Training/pituitary/Tr-pi_321.jpg,pituitary,training,False,34500,2092626d48d87e9339fab7d1c4c4ac1a,512,512,RGB,e9cca8a8b2a8eccc,
Training/pituitary/Tr-pi_322.jpg,pituitary,training,False,30476,b83fd4aec80ae0efef76011167ac8d3e,512,512,RGB,6ad9f2edcccef6f7,
Training/pituitary/Tr-pi_323.jpg,pituitary,training,False,30485,4d2417fd4e72a5e5869d4fc0080790ef,512,512,RGB,f1e8ca92a8aad071,
Training/pituitary/Tr-pi_324.jpg,pituitary,training,False,25007,bd7480361cbe469999a69a302818659c,512,512,L,79ccaaecb2aaecb2,
Training/pituitary/Tr-pi_325.jpg,pituitary,training,False,14575,8c19f56584f250d2091aed74184276b1,256,256,RGB,f0e8aaf0f0f0f0f0,
Training/pituitary/Tr-pi_326.jpg,pituitary,training,False,26332,be8bb6228e0636ade80e470f6d4bc748,512,512,RGB,b2e8cc94f0e0f8f0,
Training/pituitary/Tr-pi_327.jpg,pituitary,training,False,27975,a724c9c4734ef5f13be6d4b9226ed5ef,512,512,L,e8e8a8b6aace8285,
Training/pituitary/Tr-pi_328.jpg,pituitary,training,False,24956,790cb427a58b2f112e686cfb9ba2a33e,512,512,L,d4eaaeaaaaeed6d4,
Training/pituitary/Tr-pi_329.jpg,pituitary,training,False,27070,b8d61e59098849efa6ce13f874249ed9,512,512,L,f0e8aeb2aab2d471,
Training/pituitary/Tr-pi_33.jpg,pituitary,training,False,34301,7369cae0138d170c747efdffe71bf7e8,512,512,RGB,f1c88c96ccb0d470,
Training/pituitary/Tr-pi_330.jpg,pituitary,training,False,31952,9139bddf57043a528098bbdf5ef15bd4,512,512,RGB,39e4b2baa2a294cc,
Training/pituitary/Tr-pi_331.jpg,pituitary,training,False,32030,205060dc7b00b7badf2d42088ce66011,512,512,RGB,71d4aad4b4b6d6f6,
Training/pituitary/Tr-pi_332.jpg,pituitary,training,False,25756,f1d2f63e1daab93081e0a0bf71f51d20,512,512,L,31e8d8e8b28eecd2,
Training/pituitary/Tr-pi_333.jpg,pituitary,training,False,29491,3c30ac22e133b20a4754214483ed4ab3,512,512,RGB,f1e8aa968e82d071,
Training/pituitary/Tr-pi_334.jpg,pituitary,training,False,28281,d1c66e90caffc0a6e64c8c6b76a113b5,512,512,RGB,31f8d6daf6b296ec,
Training/pituitary/Tr-pi_335.jpg,pituitary,training,False,19399,c23e254b4836de04fd68046cd0eee177,512,512,L,f068ccd0e8d0e0b2,
Training/pituitary/Tr-pi_336.jpg,pituitary,training,False,30309,23deaba6501937532beec37af6ff5ff5,512,512,RGB,71e8aa96cce0c871,
Training/pituitary/Tr-pi_337.jpg,pituitary,training,False,30048,b5ff5cd00b48f1120c6260d958e0ee3e,512,512,L,c4a8a8a29aeccecc,
Training/pituitary/Tr-pi_338.jpg,pituitary,training,False,25458,9097172d602710326accf88f867460fd,512,512,L,71e8a8b296a2d4e4,
Training/pituitary/Tr-pi_339.jpg,pituitary,training,False,23279,071da502697424be5312f4070a2d5fc7,512,512,L,32e9dcb48ca8c8d4,
Training/pituitary/Tr-pi_34.jpg,pituitary,training,False,35686,55d372181efc89d2bfad024ff98caec5,512,512,RGB,e8ece892aaaab0cc,
Training/pituitary/Tr-pi_340.jpg,pituitary,training,False,33005,60dde3d20f9b07c2c6fe34d7d84e35df,512,512,RGB,71cce8caaae8ec68,
Training/pituitary/Tr-pi_341.jpg,pituitary,training,False,13514,759645276641e073390926246d0fde1c,256,256,RGB,f0e8ecd4cce0e8f0,
Training/pituitary/Tr-pi_342.jpg,pituitary,training,False,28213,475843a97769b73118e9c7db9eeb8c7d,512,512,L,e1a048a422629fcc,
Training/pituitary/Tr-pi_343.jpg,pituitary,training,False,31178,9965f31f00ced76942dd4884d277e1a0,512,512,RGB,7cf2ecf6dacee6f6,
Training/pituitary/Tr-pi_344.jpg,pituitary,training,False,26882,6a4252f03b347c4f80d92de68411edd0,512,512,L,d4c8e888b2aaf0ec,
Training/pituitary/Tr-pi_345.jpg,pituitary,training,False,24396,9da6b7458c66ea16ee862a2315b3e404,512,512,L,f0c8cc8cb8ead471,
Training/pituitary/Tr-pi_346.jpg,pituitary,training,False,35790,98b76ee22beba74f64e078327cba5de0,512,512,RGB,7ce2d9b794dac8c8,
Training/pituitary/Tr-pi_347.jpg,pituitary,training,False,36454,af9ff04b1eeb05a9da8bdbcca1e49adf,512,512,RGB,78daa5ddd296c4c4,
Training/pituitary/Tr-pi_348.jpg,pituitary,training,False,35348,3f132d52ed0c60d270e240f2ebe6d519,512,512,RGB,78da9814a49694c4,
Training/pituitary/Tr-pi_349.jpg,pituitary,training,False,26170,2cba34e72f0d738a3f4a6714a3481b8a,512,512,L,71e8aaaaba8aaab4,
Training/pituitary/Tr-pi_35.jpg,pituitary,training,False,36855,968c2e3cb420fbd86895f46b72785957,512,512,RGB,71f8ccd4b2e8e8e8,
Training/pituitary/Tr-pi_350.jpg,pituitary,training,False,24500,bf145b5e2e639519d02d24c061c22cd3,512,512,L,d4eaae8ea6aec6d4,
Training/pituitary/Tr-pi_351.jpg,pituitary,training,False,30751,b03bd38df7469f640868cf621b407f48,512,512,RGB,71e8cab6aa8ad071,
Training/pituitary/Tr-pi_352.jpg,pituitary,training,False,36864,c87813ab79bdcc6729d936a2106a2c10,512,512,RGB,7cf2ecefbd96d4c4,
Training/pituitary/Tr-pi_353.jpg,pituitary,training,False,21465,19bfac67d38578d25a5130872c01e642,512,512,L,70d8ccd4b2d4d470,
Training/pituitary/Tr-pi_354.jpg,pituitary,training,False,30106,2a98ef6c56df10df89d5aa53b742fd65,512,512,L,f89269cec24aaaef,
Training/pituitary/Tr-pi_355.jpg,pituitary,training,False,27527,ff4256b7363a6b86925aa64f42f3a2dd,512,512,L,f8c8c8cce4ecf070,
Training/pituitary/Tr-pi_356.jpg,pituitary,training,False,137916,dcd64c030193c4b3a8a69460e4906807,892,826,RGB,d4f2ccc8b2217861,
Training/pituitary/Tr-pi_357.jpg,pituitary,training,False,36484,afd66b044a883a9d979bdcdcbc597071,512,512,RGB,e8d0aae8b2a8e8d4,
Training/pituitary/Tr-pi_358.jpg,pituitary,training,False,26720,bb0c3ac1ed9b149bdfeb8a9911a5fbe1,512,512,L,71e8e8aa92cac4cc,
Training/pituitary/Tr-pi_359.jpg,pituitary,training,False,29564,bab8044dd2271a2f8b3092189474842f,512,512,L,e4e8a88af6ccda6e,
Training/pituitary/Tr-pi_36.jpg,pituitary,training,False,30691,badecc8c9ae384add759db8291ce99a0,512,512,RGB,b2e8ccd4d4ccf0e8,
Training/pituitary/Tr-pi_360.jpg,pituitary,training,False,29319,f73a4078defeaf0fec7f36accb7a0ae5,512,512,RGB,70c4d2c8e8f4d070,
Training/pituitary/Tr-pi_361.jpg,pituitary,training,False,22198,48db2d6b342c86bcf16e975850015b65,512,512,L,71e8aa9eecd4d471,
Training/pituitary/Tr-pi_362.jpg,pituitary,training,False,28254,17651689762003c4daffc3050e56362a,512,512,L,f1cce8f0b2e8cccc,
Training/pituitary/Tr-pi_363.jpg,pituitary,training,False,27849,fbec43531fd3f82e9570117cf7439383,512,512,L,71cce8b6aae8f069,
Training/pituitary/Tr-pi_364.jpg,pituitary,training,False,40866,f4203b464671311c06c8a20af4803136,512,512,RGB,7cf1f4e9ddcba6cc,
Training/pituitary/Tr-pi_365.jpg,pituitary,training,False,34350,c5354092578bbfd43c3a5f104bb3de3a,512,512,RGB,71c4eab296aa8a94,
Training/pituitary/Tr-pi_366.jpg,pituitary,training,False,26974,b5b97f9d880c6e7ab29b8969401c5db7,512,512,L,71cc9ebaaaaaaaf8,
Training/pituitary/Tr-pi_367.jpg,pituitary,training,False,34903,1ee2d17432bcc76ed5f7c644628147e2,512,512,RGB,39ecdae9dd9296c4,
Training/pituitary/Tr-pi_368.jpg,pituitary,training,False,36187,949f8ea9f8681332796da05d39d7b0bd,512,512,RGB,70cce8f0b2e8cccc,
Training/pituitary/Tr-pi_369.jpg,pituitary,training,False,23834,6a126071a8e430cfafc4dd7cdecaf7a6,512,512,L,70e8ba96e8f8d071,
Training/pituitary/Tr-pi_37.jpg,pituitary,training,False,34063,fde434a345d437c0dc7a52e2e129e809,512,512,RGB,71c8e8b29aa8e8e8,
Training/pituitary/Tr-pi_370.jpg,pituitary,training,False,28948,2e202114a503f0a74deb3d5422660f8e,512,512,RGB,39fcf8e4d4b6b6e4,
Training/pituitary/Tr-pi_371.jpg,pituitary,training,False,25608,b04a09cadc733a4e9a8adc29c190cd06,512,512,L,d4caaeaaaeced6d4,
Training/pituitary/Tr-pi_372.jpg,pituitary,training,False,32689,27087490f8d818acc53a2a0dfd99a113,512,512,RGB,d4c8eab2b2b0c4f0,
Training/pituitary/Tr-pi_373.jpg,pituitary,training,False,26763,fc8851b927d78ecf30be4761022c7024,512,512,L,71eceab292aaaab2,
Training/pituitary/Tr-pi_374.jpg,pituitary,training,False,33723,88104735e71c48c7dbfbcb4486c452e3,512,512,RGB,e4c8aeb2b2f8c4f0,
Training/pituitary/Tr-pi_375.jpg,pituitary,training,False,25624,cbbf25ac6042f4f848969656a3c5803d,512,512,L,71cce8aab2d2c8cc,
Training/pituitary/Tr-pi_376.jpg,pituitary,training,False,22127,b4984365b5504614898fd83633c95782,512,512,L,b2f0c8ccb2e0c070,
Training/pituitary/Tr-pi_377.jpg,pituitary,training,False,35871,7930836846e6970e062210b571447c17,512,512,RGB,69cca8aab2cccccc,
Training/pituitary/Tr-pi_378.jpg,pituitary,training,False,34651,5361de7a899e788fcef9884e1f6dbb8e,512,512,RGB,30ecd1f5adb498c8,
Training/pituitary/Tr-pi_379.jpg,pituitary,training,False,34005,ef85b5d097e17f37e09b1e25121137c3,512,512,RGB,61c8a8b28aa8e8c8,
Training/pituitary/Tr-pi_38.jpg,pituitary,training,False,37240,0a1f08a2410cadf51da9b056e27c10c4,512,512,RGB,68c4aab286aaaa96,
Training/pituitary/Tr-pi_380.jpg,pituitary,training,False,32795,e188c6b62705780788b54ec3ff22db64,512,512,RGB,61cca8e8b2aac8b2,
Training/pituitary/Tr-pi_381.jpg,pituitary,training,False,36275,04cc2589b2eefe0bb0517edb65aab879,512,512,RGB,7ce2c9b796c2cec4,
Training/pituitary/Tr-pi_382.jpg,pituitary,training,False,30553,bb8451027f33d96327e88dd77f4458ef,400,400,RGB,71ccaa69713329ad,
Training/pituitary/Tr-pi_383.jpg,pituitary,training,False,32308,86cdcd31643cb1743fd01e148dae25d4,512,512,RGB,71e8aa92c8e0c871,
Training/pituitary/Tr-pi_384.jpg,pituitary,training,False,268072,6c9fee8d2f733b06b500a0ab9d0c3fd3,1335,1302,RGB,e8d092d4d44c88da,
Training/pituitary/Tr-pi_385.jpg,pituitary,training,False,27469,76089abf2d91cccc938010e30367fd59,512,512,L,71e8e8e8cafaccf0,
Training/pituitary/Tr-pi_386.jpg,pituitary,training,False,34842,4f53785238dfbf4c10a189d7227b2161,512,512,RGB,69d4a8b28eaab2f4,
Training/pituitary/Tr-pi_387.jpg,pituitary,training,False,25798,e390911104b00f0a034474dc05b5f525,512,512,L,70e8aab68ab2d471,
Training/pituitary/Tr-pi_388.jpg,pituitary,training,False,31205,ebc7a09e10cc253b78156253bc5d06e3,512,512,RGB,70f8eaec8ac296cc,
Training/pituitary/Tr-pi_389.jpg,pituitary,training,False,37462,2808db8b635af63f6c1d8fbb10930823,512,512,RGB,e8c8aae8baaaf8d4,
Training/pituitary/Tr-pi_39.jpg,pituitary,training,False,206925,7cc334cf9c150fe0785001dc3c3f55c1,1280,1280,RGB,c4b4b4f4772b2b13,
Training/pituitary/Tr-pi_390.jpg,pituitary,training,False,28134,98174522db4d8b32089db40876540276,512,512,L,e8aaa28eccaad4f1,
Training/pituitary/Tr-pi_391.jpg,pituitary,training,False,22101,e004a4fe5b219a898cd6fa61d9c8706d,512,512,RGB,70d8dcb2a8c4f0b2,
Training/pituitary/Tr-pi_392.jpg,pituitary,training,False,33713,698cafa4f488932468797722c2aae3ea,512,512,RGB,d4cca2b2aaa0d471,
Training/pituitary/Tr-pi_393.jpg,pituitary,training,False,35300,9ff1e2d850550c87c8b71f0674eeb680,512,512,RGB,7cdaedd69c3104cc,
Training/pituitary/Tr-pi_394.jpg,pituitary,training,False,26833,0dd72961ddfa0607cea65fb753ff80f2,512,512,RGB,71e8ea8eccccec71,
Training/pituitary/Tr-pi_395.jpg,pituitary,training,False,27759,b6d7bbd9a6841b747f76172614f02b89,512,512,RGB,70ccd4f0e8d0d4f1,
Training/pituitary/Tr-pi_396.jpg,pituitary,training,False,74811,4e5a8e1b13dce709484145eb0ac3ce70,625,603,RGB,d2bdece4a02b669e,
Training/pituitary/Tr-pi_397.jpg,pituitary,training,False,29953,00748c6aaa5c199b07f8fa7140fc19c1,350,400,RGB,d4e8685503492a96,
Training/pituitary/Tr-pi_398.jpg,pituitary,training,False,36400,863c8c769deff8b39e585f3ffea7f655,512,512,RGB,e9d4aab2aaaab0ec,
Training/pituitary/Tr-pi_399.jpg,pituitary,training,False,20384,f5aa9697ff25fc4af5ace846abffa50e,512,512,L,60ecd4d2acd0e070,
Training/pituitary/Tr-pi_4.jpg,pituitary,training,False,19993,7ed152d70cf179644235385e9466073a,512,512,L,68ccd0f0e8d4f070,
Training/pituitary/Tr-pi_40.jpg,pituitary,training,False,26826,8e9152203a667eb1cc73b1f991085a51,512,512,L,71e8c8a2b2aaccc4,
Training/pituitary/Tr-pi_400.jpg,pituitary,training,False,26678,9ec20e5ee0f071b0702b656bb03d36f4,512,512,L,70f0aa968e8ea2d4,
Training/pituitary/Tr-pi_401.jpg,pituitary,training,False,28044,e0fa1326cdb67ba17389357a64a5e6b7,512,512,L,e1944e8218169ad8,
Training/pituitary/Tr-pi_402.jpg,pituitary,training,False,28212,247181bf6bd786e639d98be324a34b84,512,512,L,c1a86c0296bc8cdc,
Training/pituitary/Tr-pi_403.jpg,pituitary,training,False,30540,48f47b4db9e3dd0fe58f608aad769dc5,512,512,RGB,79d8accca8b294ec,
Training/pituitary/Tr-pi_404.jpg,pituitary,training,False,27839,8f988269d3f676ce913b7bbf10dbf69c,512,512,L,e8d8e8aaaaeea689,
Training/pituitary/Tr-pi_405.jpg,pituitary,training,False,17709,37d9b2e8f32519fba8e67ef120bb343e,201,210,RGB,e8ece8f0d0ac8aaa,
Training/pituitary/Tr-pi_406.jpg,pituitary,training,False,25293,59eeebf67b34cfeb18967ac5c23de12e,512,512,L,f4e4aab2aad2d471,
Training/pituitary/Tr-pi_407.jpg,pituitary,training,False,38251,98af88570c881b595e95b9ecdd3969d3,512,512,RGB,7cfae5d39d978ccc,
Training/pituitary/Tr-pi_408.jpg,pituitary,training,False,33495,ce7523d42a20f9bce6de185a4301d10e,512,512,RGB,6ce2c6d292b2b2f2,
Training/pituitary/Tr-pi_409.jpg,pituitary,training,False,37333,7c0b024c044a3b75b5970c98f3826dcf,512,512,RGB,ecd2d89eb6d6ece8,
Training/pituitary/Tr-pi_41.jpg,pituitary,training,False,22828,74bd73360c46d9cd268f4517b838ce36,512,512,L,61c0a884dada9cc8,
Training/pituitary/Tr-pi_410.jpg,pituitary,training,False,34353,7aace426ed99cbee63e3f7fb55465590,512,512,RGB,71c8a8b2b6aaaab2,
Training/pituitary/Tr-pi_411.jpg,pituitary,training,False,26080,7b229d67b5d96fb9f890ece71eab67a0,512,512,L,33e8cce896aae8f0,
Training/pituitary/Tr-pi_412.jpg,pituitary,training,False,32962,2687ce6af07bb3a9b1a378a3b3352af1,512,512,RGB,f4e8a2b0a8e0d471,
Training/pituitary/Tr-pi_413.jpg,pituitary,training,False,33639,eac7dfb175117a32cf94a109c4cfc6bf,512,512,RGB,71e8aaaaccaad470,
Training/pituitary/Tr-pi_414.jpg,pituitary,training,False,33116,bfde2523e356b05bb1597d7e4ba82327,512,512,RGB,e8f2cd96b69484cc,
Training/pituitary/Tr-pi_415.jpg,pituitary,training,False,14462,06bdc8fa8e7ab4b1e8c7b30bff1b35fc,256,256,RGB,71e8e8e8e0eaaaf0,
Training/pituitary/Tr-pi_416.jpg,pituitary,training,False,36479,7f9dcb3a1ed37183cfd54ac0d49132bb,512,512,RGB,ecdad19f9696a4c8,
Training/pituitary/Tr-pi_417.jpg,pituitary,training,False,22800,028f30c754523f36d0b1b4504386ccab,512,512,L,f0ccce92a8e4f0b0,
Training/pituitary/Tr-pi_418.jpg,pituitary,training,False,11291,5ea663c809f0193588cb8bc5e2f2c81f,256,256,L,71e8e8e8dce8a8f0,
Training/pituitary/Tr-pi_419.jpg,pituitary,training,False,18924,83cdd03ee7c6099a46872262d60a0dfb,512,512,L,b068c4d0ecd4ecf1,
Training/pituitary/Tr-pi_42.jpg,pituitary,training,False,33636,289e45e8ff011ba74dd8718d8d85b74d,512,512,RGB,71c8aab2b2e8eed0,
Training/pituitary/Tr-pi_420.jpg,pituitary,training,False,27677,c804ad2d51a219866a1e3cc91df8230e,512,512,L,90640a221616decc,
Training/pituitary/Tr-pi_421.jpg,pituitary,training,False,28732,71572a67de35fe0bef53f017d377ac20,512,512,L,c1a0484452b2a9e8,
Training/pituitary/Tr-pi_422.jpg,pituitary,training,False,28254,d3d0a392321d5dc1147043f2d8bca12a,512,512,L,c8d4ca8acac2acae,
Training/pituitary/Tr-pi_423.jpg,pituitary,training,False,26445,dcd2ceac4bb29a17dd67bd4164e56369,512,512,L,d0e8b2b2aadac471,
Training/pituitary/Tr-pi_424.jpg,pituitary,training,False,26058,b2c13463540e744e726722d8ec789571,512,512,L,71e8aa92c8b0d073,
Training/pituitary/Tr-pi_425.jpg,pituitary,training,False,40103,6eae37d62de2dbc1c21cedc568282675,512,512,RGB,e8c8c8a8928aaa9a,
Training/pituitary/Tr-pi_426.jpg,pituitary,training,False,28887,1012dcb362bf71b3c8e64dae28f6392e,512,512,RGB,c4ccbaaa8e968cf1,
Training/pituitary/Tr-pi_427.jpg,pituitary,training,False,18603,1694066dda684740c2c1b412a4311d95,512,512,L,b0e8ccd4c8cc70b2,
Training/pituitary/Tr-pi_428.jpg,pituitary,training,False,32488,1c2dab36ed7e8f8c2970e55595cbce38,512,512,RGB,d4ece8aab2aaf0c8,
Training/pituitary/Tr-pi_429.jpg,pituitary,training,False,27986,f3d789990216fc0dbe10d48f08a226f8,512,512,L,e1b0e891a2b2cee6,
Training/pituitary/Tr-pi_43.jpg,pituitary,training,False,24556,3fce56aa035c634f41971ba6ecdbad1e,512,512,L,f0c8aad4ccecf0f0,
Training/pituitary/Tr-pi_430.jpg,pituitary,training,False,32090,05c3caea567ffd77caf79c12654b87e5,512,512,RGB,79dcba5464b224d4,
Training/pituitary/Tr-pi_431.jpg,pituitary,training,False,26525,4a0898d6a0e8bff6724122635ef55212,512,512,L,c1a46862b696dcdc,
Training/pituitary/Tr-pi_432.jpg,pituitary,training,False,26605,383aab08c14a7a7f7e8e1418de6f819e,512,512,L,71e8e8aabaaaccd4,
Training/pituitary/Tr-pi_433.jpg,pituitary,training,False,32658,7ab52a56a48765102018f99754dfccee,512,512,RGB,71cce8a8b6ece8e8,
Training/pituitary/Tr-pi_434.jpg,pituitary,training,False,33155,400b026a273252f4d3c46ce5db961ce5,512,512,RGB,71d0aeb68eaac4f1,
Training/pituitary/Tr-pi_435.jpg,pituitary,training,False,29607,4175b5a494fff4c633fce58001414c1e,512,512,RGB,ecdeac56a8c684cc,
Training/pituitary/Tr-pi_436.jpg,pituitary,training,False,26073,5053509134a1b4f892623bf950a1b2a2,512,512,L,d0dc96b4cce8f0f0,
Training/pituitary/Tr-pi_437.jpg,pituitary,training,False,18879,1d411f129b60552c5bf66240b2619a32,512,512,L,68ecd4f0e8e8e070,
Training/pituitary/Tr-pi_438.jpg,pituitary,training,False,27955,e64cc84d54d3fa69b766719820b93661,512,512,RGB,78f4eacea4b4e6e4,
Training/pituitary/Tr-pi_439.jpg,pituitary,training,False,25642,e731d89b2f46aa558517dbd5fdab5ebb,512,512,RGB,f0e8ccd4e8d4d471,
Training/pituitary/Tr-pi_44.jpg,pituitary,training,False,30973,8d26b784ed5c893df60ffe0f553d349c,512,512,RGB,38ecf2eca4d2d6e6,
Training/pituitary/Tr-pi_440.jpg,pituitary,training,False,34407,e6db19cf80b990c7ecd544943d144090,512,512,RGB,71ccaaaaa2b2aaae,
Training/pituitary/Tr-pi_441.jpg,pituitary,training,False,252827,3ffee433f297021ef2f8e89596a14a74,1365,1365,RGB,94a2ca33330f2b29,
Training/pituitary/Tr-pi_442.jpg,pituitary,training,False,25233,20242fa10823eff2690bd94f3ad59e0d,512,512,L,70ecce96cae0d4f0,
Training/pituitary/Tr-pi_443.jpg,pituitary,training,False,25269,e62f2b06dd4b2e61e3205696ee5bdda6,512,512,L,33f0ccaaaaaaa894,
Training/pituitary/Tr-pi_444.jpg,pituitary,training,False,35858,6edda5f7c40fdd47762999c86d37665c,512,512,RGB,31e8ccb292cacaec,
Training/pituitary/Tr-pi_445.jpg,pituitary,training,False,20543,2e1c834554bf466c0cb1b752532de538,512,512,L,60cc92aaeaccf870,
Training/pituitary/Tr-pi_446.jpg,pituitary,training,False,32226,e7f0d773486f6e5940a58b15913caf41,512,512,RGB,e6d5eeba95daf6fe,
Training/pituitary/Tr-pi_447.jpg,pituitary,training,False,33161,1ffff01d0c49e8e462618fe2e625cbe2,512,512,RGB,6cdaa8ccb4b6d6e8,
Training/pituitary/Tr-pi_448.jpg,pituitary,training,False,24442,a94c81be413152b7e451c0756f3f0c72,512,512,L,70cc8eb2caaad471,
Training/pituitary/Tr-pi_449.jpg,pituitary,training,False,38249,fa728d5e8ffc27d33344ffce5a9770c6,512,512,RGB,71e4e896b2aae8d4,
Training/pituitary/Tr-pi_45.jpg,pituitary,training,False,24834,d4bc576a7fe43d6b2b7a0455167eddec,512,512,L,33e8d4aabaaab2b2,
Training/pituitary/Tr-pi_450.jpg,pituitary,training,False,35831,3621b17b00220daf3474944659ba2857,512,512,RGB,69cca8a2b2e8cccc,
Training/pituitary/Tr-pi_451.jpg,pituitary,training,False,38619,44146fa407ffb21eea1ff9baec86e40f,512,512,RGB,ecd9cdb79ecdcccc,
Training/pituitary/Tr-pi_452.jpg,pituitary,training,False,23032,44496ac4c8122ef09d6026acb6b6887f,512,512,L,b0e0ccd2d6c8c869,
Training/pituitary/Tr-pi_453.jpg,pituitary,training,False,26864,03eef006aaee299b2fbd4a7a89287523,512,512,L,63c8b4ec809694d8,
Training/pituitary/Tr-pi_454.jpg,pituitary,training,False,23447,26df5496f9357274f3be311ba4b49787,512,512,L,71e8aa8ec8b4d073,
Training/pituitary/Tr-pi_455.jpg,pituitary,training,False,23440,b5f43421c0d11360432e4179b5f7d72d,512,512,L,f0e8ccd4d4ece8e8,
Training/pituitary/Tr-pi_456.jpg,pituitary,training,False,20645,a3a0f319b1d9ed364063698f9ec4cc8b,512,512,L,b2e8ccd6f0f0e0f0,
Training/pituitary/Tr-pi_457.jpg,pituitary,training,False,27676,705ac673d2e5dce44bbc37fdebbf7d6a,512,512,L,e0c4a8aaa6aee296,
Training/pituitary/Tr-pi_458.jpg,pituitary,training,False,31559,6889d57b13686bd875c066c133d371df,512,512,RGB,31e8e892a8c2d071,
Training/pituitary/Tr-pi_459.jpg,pituitary,training,False,33459,42442bfad2bf705817b98bd96512bc31,512,512,RGB,fc92c8d4b196c6e6,
Training/pituitary/Tr-pi_46.jpg,pituitary,training,False,30160,b8dc48e6b05155aba08ca65e0e992773,512,512,RGB,70ececcceae8d470,
Training/pituitary/Tr-pi_460.jpg,pituitary,training,False,30490,28944eef43b770e024233f887eb22cdd,512,512,RGB,39fcfacca4b2d6e6,
Training/pituitary/Tr-pi_461.jpg,pituitary,training,False,74371,72767d52cc2aad37a5cfb24ff23bb06a,624,607,RGB,d2bdece4202b669e,
Training/pituitary/Tr-pi_462.jpg,pituitary,training,False,23733,c23e57c690500fecc9485ff1acdd4cff,512,512,L,71e8ccc4ccccf070,
Training/pituitary/Tr-pi_463.jpg,pituitary,training,False,31771,f53734c5878a35dce5f71e9fb45b05fc,512,512,RGB,71c8ace8b28aa8d4,
Training/pituitary/Tr-pi_464.jpg,pituitary,training,False,37026,9ac2bb858e51e57e9652feba3728004e,512,512,RGB,e0f2499db7adaa08,
Training/pituitary/Tr-pi_465.jpg,pituitary,training,False,29157,f0c217c15c22f0e32b6741ff8cbf29b7,512,512,L,e1b448201696cecc,
Training/pituitary/Tr-pi_466.jpg,pituitary,training,False,25267,fba527f88cc514d7874760130a97d1fd,512,512,L,71c8a8b6b2aaf0cc,
Training/pituitary/Tr-pi_467.jpg,pituitary,training,False,30368,8de96f9765d3cd8488b1a1f0d9ec45fa,512,512,RGB,70e8aa96cce8c871,
Training/pituitary/Tr-pi_468.jpg,pituitary,training,False,27410,34d0311beebc7ddd361607b14e4874cc,512,512,L,71c8e8b0aae8e8c9,
Training/pituitary/Tr-pi_469.jpg,pituitary,training,False,34472,7bbc92dcb1cf03d74d7c2bbfa28327a3,512,512,RGB,31e892eab2a6aa92,
Training/pituitary/Tr-pi_47.jpg,pituitary,training,False,32456,7b3dc4ab4c74a32fca577cbd2ed40878,512,512,RGB,71c8ecb2b68aaab2,
Training/pituitary/Tr-pi_470.jpg,pituitary,training,False,25070,bfa55f144f8193af0a2558faee07d6f5,512,512,RGB,70e8d6b0aaa2dc70,
Training/pituitary/Tr-pi_471.jpg,pituitary,training,False,32262,8073bd7d580c2b9ce18e1afe5af519fd,512,512,RGB,71ece892b2aaf0cc,
Training/pituitary/Tr-pi_472.jpg,pituitary,training,False,20051,f907ac4d23ba3ac193e87a7416c36508,512,512,L,70e8ccd4e8d4d471,
Training/pituitary/Tr-pi_473.jpg,pituitary,training,False,35017,74b7c8ec1bb6d4ae01fde0779ff4e32c,512,512,RGB,71cc92aab2b2eaf2,
Training/pituitary/Tr-pi_474.jpg,pituitary,training,False,26404,47a9438c7eb6cc684a13bca4b363346a,512,512,L,71e8ccb2baaaa8cc,
Training/pituitary/Tr-pi_475.jpg,pituitary,training,False,28823,f18d8e96d5b5219ddf85595363647e20,512,512,RGB,e0e0ccd4b2e0d871,
Training/pituitary/Tr-pi_476.jpg,pituitary,training,False,74811,4e5a8e1b13dce709484145eb0ac3ce70,625,603,RGB,d2bdece4a02b669e,
Training/pituitary/Tr-pi_477.jpg,pituitary,training,False,35570,8b7b666492e551fbaacae5b23dc09ff2,512,512,RGB,ecdadc96b696e8e0,
Training/pituitary/Tr-pi_478.jpg,pituitary,training,False,35303,743de6ffecf26357515c7e59522f6790,512,512,RGB,30ecd9ad9d9694cc,
Training/pituitary/Tr-pi_479.jpg,pituitary,training,False,22912,6c9b1a041f37529274dcd923d3045c1e,512,512,L,e184e6d958aa9790,
Training/pituitary/Tr-pi_48.jpg,pituitary,training,False,26132,1a5f71808efe513d592f9197a2712ae9,512,512,L,f0ccccd2b2aad461,
Training/pituitary/Tr-pi_480.jpg,pituitary,training,False,45230,bd93ce215391ea5c66e125a9587f42b4,512,512,RGB,e4e8e8d4ccaaa2e0,
Training/pituitary/Tr-pi_481.jpg,pituitary,training,False,33446,99428dddadf5cc9e88607fc72c517925,512,512,RGB,ccbcccd6acb6e6b4,
Training/pituitary/Tr-pi_482.jpg,pituitary,training,False,18345,6d23de540f327b6cdfd807aa548c0ec0,512,512,L,b0f8d4f0ecc4e070,
Training/pituitary/Tr-pi_483.jpg,pituitary,training,False,36520,ec99b2318d254b8927c85209b45b8f06,512,512,RGB,ecd0acaeacbcca80,
Training/pituitary/Tr-pi_484.jpg,pituitary,training,False,28151,5056de9e2daf29a0b2f68c2cfbcacecb,512,512,L,c8a44e1b2216d6d6,
Training/pituitary/Tr-pi_485.jpg,pituitary,training,False,22989,cff16632173c6abf6f9215b8f8afd1b2,512,512,L,70dcb4ece8d0f4f1,
Training/pituitary/Tr-pi_486.jpg,pituitary,training,False,36629,b6d9c5f8ffbc84a944aafc52d2821c80,512,512,RGB,ecea8d27bb9f94d4,
Training/pituitary/Tr-pi_487.jpg,pituitary,training,False,22206,019d2a69c9d5e8a7d0a6fc86b298a7c2,512,512,L,69e8b2b2e8ccd471,
Training/pituitary/Tr-pi_488.jpg,pituitary,training,False,31514,2e6074938c4209cf9015dd05c6aa8326,512,512,RGB,71c4e8b0b2b2aaaa,
Training/pituitary/Tr-pi_489.jpg,pituitary,training,False,23723,db7855843061db3c8b956ad1f228403c,512,512,L,c9a4d290a48c9890,
Training/pituitary/Tr-pi_49.jpg,pituitary,training,False,19859,f6dc2ae8af4a8f61996d62b30bbbceca,512,512,L,32e1ccb288a484da,
Training/pituitary/Tr-pi_490.jpg,pituitary,training,False,37767,ce53709b1972fbdd41aa848c39232a68,512,512,RGB,30ecd9edbd9294cc,
Training/pituitary/Tr-pi_491.jpg,pituitary,training,False,25994,ca9afb398680b1980b2e95b9d5bc0b15,512,512,L,61cc92c882b296c8,
Training/pituitary/Tr-pi_492.jpg,pituitary,training,False,28120,5ff507460105a768829296c63281eee6,512,512,L,68cceaaa92cccccc,
Training/pituitary/Tr-pi_493.jpg,pituitary,training,False,30110,df6007de26ff4772a6df878e6d3bb799,512,512,RGB,ccb26ccca2961e3e,
Training/pituitary/Tr-pi_494.jpg,pituitary,training,False,37754,17582a9c70339732adcc66e31f082007,512,512,RGB,e8ccaaaab2c8c8cc,
Training/pituitary/Tr-pi_495.jpg,pituitary,training,False,26403,0aca5f5258bf67c40418628d85d9916b,512,512,L,60e8a88ace8ac4f0,
Training/pituitary/Tr-pi_496.jpg,pituitary,training,False,34421,e6eb796964cefc3f26935b180f0bb06f,512,512,RGB,71c8e8aab2e8f8f0,
Training/pituitary/Tr-pi_497.jpg,pituitary,training,False,27308,c626417c78d58e163540568f5438de16,512,512,L,f0ccccbab2aad471,
Training/pituitary/Tr-pi_498.jpg,pituitary,training,False,25903,85b8b6b9be8e8bcab24e171e92a206aa,512,512,L,e8e8e8b2a2aaf0ec,
Training/pituitary/Tr-pi_499.jpg,pituitary,training,False,19694,764120ebfe1f88d65fed8ca01f7f8e88,512,512,L,f0e4c4b2f2dcf0b2,
Training/pituitary/Tr-pi_5.jpg,pituitary,training,False,24458,45ef460bf192ba133c6648b50647f4de,512,512,L,61ccea85cab2d7dd,
Training/pituitary/Tr-pi_50.jpg,pituitary,training,False,25583,d25254d5e73aff087eb32f8588ca9b4c,512,512,L,73e8c8e8ea8e8ea2,
Training/pituitary/Tr-pi_500.jpg,pituitary,training,False,21617,a5dd8597978378052383ea8f25042e18,512,512,RGB,32e0d4b4c8cce870,
Training/pituitary/Tr-pi_501.jpg,pituitary,training,False,25929,965cb0c68f6753be2b26069709e81744,512,512,L,71e0eab292c8a8d0,
Training/pituitary/Tr-pi_502.jpg,pituitary,training,False,25612,402993731b461486619d8e4f21d5a94f,512,512,L,d4e8e8aa8aa8d4d4,
Training/pituitary/Tr-pi_503.jpg,pituitary,training,False,25990,4da9dff624893273e3f9395a3704e8b6,512,512,L,d4e88cb2f2f2d870,
Training/pituitary/Tr-pi_504.jpg,pituitary,training,False,34335,667db113b8954435f1ceab3122f5b296,512,512,RGB,31f092aab2a2aaa2,
Training/pituitary/Tr-pi_505.jpg,pituitary,training,False,32800,fa012e3facf283c5bbf2cfbf6928dde7,512,512,RGB,71d0aa92aaaad4f0,
Training/pituitary/Tr-pi_506.jpg,pituitary,training,False,46200,9d3ebbb8c69f7b32f5f22f238bc82525,474,474,RGB,b4e8e8f2b28e8eaa,
Training/pituitary/Tr-pi_507.jpg,pituitary,training,False,17343,d47a71bf58c64d781d9ec0bf19d4f7d2,256,256,RGB,78c6b1f89a92ca26,
Training/pituitary/Tr-pi_508.jpg,pituitary,training,False,22732,711b91b37ad9e629b1debaa972a5c086,512,512,L,69c8b6e8c8d0f071,
Training/pituitary/Tr-pi_509.jpg,pituitary,training,False,30683,0b8ad6e1c58f4bf6e3b425d632388b36,512,512,RGB,78ecdaaaa696d6ec,
Training/pituitary/Tr-pi_51.jpg,pituitary,training,False,34771,ce7543164b3b0ed05d312fed0b30de77,512,512,RGB,38ecd2c8fc96d6e4,
Training/pituitary/Tr-pi_510.jpg,pituitary,training,False,31309,463164f59ff5c6ca30e7edb6cadd199c,512,512,RGB,7cceb864e58ab6e6,
Training/pituitary/Tr-pi_511.jpg,pituitary,training,False,21621,20aab11e9bacfe54cdb8d6e030007c3d,512,512,L,71c8aaaec8d4c871,
Training/pituitary/Tr-pi_512.jpg,pituitary,training,False,28102,201b826cfab71ca61b0a4ef4951c6d3b,512,512,L,69ece8e8aaaaeaf0,
Training/pituitary/Tr-pi_513.jpg,pituitary,training,False,30509,bf781f522dc1487620afeba19817e978,512,512,L,c4e8c8ccc8aaaaf0,
Training/pituitary/Tr-pi_514.jpg,pituitary,training,False,25937,a9251941c6898cda3df4710ff8fa0b80,512,512,L,e1c4a092b49ece6c,
Training/pituitary/Tr-pi_515.jpg,pituitary,training,False,34353,7aace426ed99cbee63e3f7fb55465590,512,512,RGB,71c8a8b2b6aaaab2,
Training/pituitary/Tr-pi_516.jpg,pituitary,training,False,24828,27013378e3b6b8dd284fa967ac863475,512,512,L,61d8b2a2aabad6cc,
Training/pituitary/Tr-pi_517.jpg,pituitary,training,False,34805,03204c70a905b23fbd409ad8d994b1c7,512,512,RGB,31e8e8aaa2aae8d4,
Training/pituitary/Tr-pi_518.jpg,pituitary,training,False,27661,7638601e46e87ca17caaa1a404e0f11a,512,512,L,71e8e8f0aaaaa8e8,
Training/pituitary/Tr-pi_519.jpg,pituitary,training,False,27812,3a9253a9d62489698604dd5b93656977,512,512,L,31e0ccd4b2e8e8e8,
Training/pituitary/Tr-pi_52.jpg,pituitary,training,False,26783,c9162fc066dbf2d22eeae1effe4c8ec7,512,512,L,71ccaaa8aab2aa8a,
Training/pituitary/Tr-pi_520.jpg,pituitary,training,False,26915,63f80896150bb3d0db7341d0794cf3c7,512,512,L,71e4c8c8d4e8c8c8,
Training/pituitary/Tr-pi_521.jpg,pituitary,training,False,28642,0d911c024a906f6fb7875689d9d3729e,512,512,L,68cce8ccb2ccece8,
Training/pituitary/Tr-pi_522.jpg,pituitary,training,False,23566,dcaf899fffaa80857fe622890fba9764,512,512,L,71e8ccb2ecd4d471,
Training/pituitary/Tr-pi_523.jpg,pituitary,training,False,28522,7480536c73ce33f8ec4fc0b34f03cf03,512,512,L,e1a0d092c3998ee7,
Training/pituitary/Tr-pi_524.jpg,pituitary,training,False,25459,c640b774824faa9c7019ec068567a743,512,512,L,d0e8b2968692d470,
Training/pituitary/Tr-pi_525.jpg,pituitary,training,False,27811,38a9115610ab4e5377edcbfeb3974e43,512,512,L,f1c8aaa2b2aaeacc,
Training/pituitary/Tr-pi_526.jpg,pituitary,training,False,28612,d18c085cf707ab560de3cdaba68b52f0,512,512,RGB,70e8ccc4f2a0d471,
Training/pituitary/Tr-pi_527.jpg,pituitary,training,False,20990,0866eb8b30334ea3971e38368d9aee27,512,512,L,60cc8c8ae0d4c870,
Training/pituitary/Tr-pi_528.jpg,pituitary,training,False,74371,72767d52cc2aad37a5cfb24ff23bb06a,624,607,RGB,d2bdece4202b669e,
Training/pituitary/Tr-pi_529.jpg,pituitary,training,False,26509,73e70e2b35f369accf63632ad66a5fca,512,512,L,71ecaab0b2aaa8f0,
Training/pituitary/Tr-pi_53.jpg,pituitary,training,False,33894,557c3e41f19b89175f8d7d6918b62b18,512,512,RGB,6cd6a856b496ceee,
Training/pituitary/Tr-pi_530.jpg,pituitary,training,False,35854,f1ef56a6673377bd1a09e4b65fcb4b69,512,512,RGB,f8e8e892b28ababe,
Training/pituitary/Tr-pi_531.jpg,pituitary,training,False,28373,5f2c0c563fae5ff631808e415b6c6fa5,512,512,L,a9880c5496a6b890,
Training/pituitary/Tr-pi_532.jpg,pituitary,training,False,38070,69d9ffd57d7fdbc68bc178f266ffdefc,512,512,RGB,d8c8caa290cca488,
Training/pituitary/Tr-pi_533.jpg,pituitary,training,False,29592,0174189eb63b6f373dcf0cb6881d9b76,512,512,L,e8a46e56561697cc,
Training/pituitary/Tr-pi_534.jpg,pituitary,training,False,35673,9800283bc95be324b14410c836e30010,512,512,RGB,71c4e892aae8f068,
Training/pituitary/Tr-pi_535.jpg,pituitary,training,False,10627,300cff21ec4246781c7b9fe59446454d,202,202,RGB,70f0e8f0f0c48e8a,
Training/pituitary/Tr-pi_536.jpg,pituitary,training,False,26329,286ee4dc6ff9c7881afc0f0988c183a0,512,512,RGB,70ecccd4e0d4d471,
Training/pituitary/Tr-pi_537.jpg,pituitary,training,False,16482,aba3bccfd74517d0054fa5778c766176,256,256,RGB,7cdab8d29ad2922f,
Training/pituitary/Tr-pi_538.jpg,pituitary,training,False,28643,5663d5e4ebe73718b0095d182637ad3d,512,512,L,c0a40e1a0216ded6,
Training/pituitary/Tr-pi_539.jpg,pituitary,training,False,29260,a818b6c86278b6f521d9dd40953626f9,512,512,RGB,68e4aab2aae8b0f0,
Training/pituitary/Tr-pi_54.jpg,pituitary,training,False,36960,5d93554176e6be6f84c137ea0288a661,512,512,RGB,73f0ccd4bac8ece8,
Training/pituitary/Tr-pi_540.jpg,pituitary,training,False,33258,1006f5b3a9f89a00455f4ddb31e28102,512,512,RGB,3168dcaab2eaeae8,
Training/pituitary/Tr-pi_541.jpg,pituitary,training,False,30908,ea30662b4012975c263f8239e31d7bba,502,502,RGB,b974cad2dadcecc9,
Training/pituitary/Tr-pi_542.jpg,pituitary,training,False,15564,37467cc9d034a9213e185a0790a0a6b3,225,225,RGB,b2e86971332d2fbb,
Training/pituitary/Tr-pi_543.jpg,pituitary,training,False,38790,cad5981831799c3ca47cc7dc5f948f59,512,512,RGB,71ece8f4b2e8cccc,
Training/pituitary/Tr-pi_544.jpg,pituitary,training,False,29245,a2a6e39ddcc54aeca96fcffd5b95d898,512,512,L,e8e8aae8a2aae0d4,
Training/pituitary/Tr-pi_545.jpg,pituitary,training,False,33503,943ebbe7a83590cf8e09f8293e55668d,512,512,RGB,7cf2e9efad9a86e4,
Training/pituitary/Tr-pi_546.jpg,pituitary,training,False,36808,f57cff260c5ab9539d31ab92a1e985ff,512,512,RGB,30e2d3bd891294cc,
Training/pituitary/Tr-pi_547.jpg,pituitary,training,False,21723,c44a2188684c5cb092fa386627ab9a09,512,512,L,60ccd4f0e8f4d470,
Training/pituitary/Tr-pi_548.jpg,pituitary,training,False,29913,5dac8de9e4b074043da441cc5f687009,512,512,RGB,70e8ccd4d4c8e8e8,
Training/pituitary/Tr-pi_549.jpg,pituitary,training,False,35320,3f8c114461eed8ebefde2800bdd8c387,512,512,RGB,e8ece892aaaab0c8,
Training/pituitary/Tr-pi_55.jpg,pituitary,training,False,19250,3843ff35ed4bff3d4ab08a844f1f269b,512,512,L,b0ecd4f0c8d0e070,
Training/pituitary/Tr-pi_550.jpg,pituitary,training,False,29845,196773df9048ecc0229df5437644a870,512,512,RGB,39ecd2e6489a9cee,
Training/pituitary/Tr-pi_551.jpg,pituitary,training,False,32557,8f6435639868e6f32cddbb45a3654d95,512,512,RGB,71d4e8a8b2cceccc,
Training/pituitary/Tr-pi_552.jpg,pituitary,training,False,35423,cecbe26c4f85228c92b698662f8bf733,512,512,RGB,38ecdab4d892d6e4,
Training/pituitary/Tr-pi_553.jpg,pituitary,training,False,36739,81ef3e6de26a504bdb2ec9826811a195,512,512,RGB,cce8e8b08ca8d4d4,
Training/pituitary/Tr-pi_554.jpg,pituitary,training,False,25754,51dc770efab8a29b3d05b2c6cba2e8f7,512,512,RGB,f0e8ccd4b0d4f0b2,
Training/pituitary/Tr-pi_555.jpg,pituitary,training,False,24529,96a992e25e9950960b91b95bb5b3afbf,512,512,L,79ccaaecf2aaeaf0,
Training/pituitary/Tr-pi_556.jpg,pituitary,training,False,31554,9e804950756d94f8e80f35daa63aa2c1,512,512,RGB,f0ecaad4ccc8d0f0,
Training/pituitary/Tr-pi_557.jpg,pituitary,training,False,25991,9cbd0a6c5e4b301be0352f46a44f3bc4,512,512,L,c1b89cb4b6b2b0b0,
Training/pituitary/Tr-pi_558.jpg,pituitary,training,False,29371,02509e96377f390a2cb142e60cb67b6a,512,512,L,e0c472255a96d6cc,
Training/pituitary/Tr-pi_559.jpg,pituitary,training,False,33542,bd5053e65e788dc23bdf278cc7fc7e2f,512,512,RGB,71cceaea92ecec6c,
Training/pituitary/Tr-pi_56.jpg,pituitary,training,False,23882,470fb1aa43a9d39b21735b4095698aaa,512,512,L,71e8aa96cce8cc71,
Training/pituitary/Tr-pi_560.jpg,pituitary,training,False,30227,61af5b3178a9e5a9365f16f4b978807d,512,512,L,d1a848524616dcec,
Training/pituitary/Tr-pi_561.jpg,pituitary,training,False,35885,422b51b8c608b7ae46642d443678cd08,512,512,RGB,71e8a8e8b4aae8e0,
Training/pituitary/Tr-pi_562.jpg,pituitary,training,False,39899,ffcdf912201b6d4ae5ed87e1b7bc0e2f,512,512,RGB,ec96ad2e999b1494,
Training/pituitary/Tr-pi_563.jpg,pituitary,training,False,17177,b8e526559bb0d296f97e2fbc3b129aef,512,512,L,30f08894ccccf470,
Training/pituitary/Tr-pi_564.jpg,pituitary,training,False,30598,690f2c41084c1b8727b1c51812153004,512,512,RGB,79d8aadca2b614ec,
Training/pituitary/Tr-pi_565.jpg,pituitary,training,False,37834,eab2d8f0b8abc424e0916cbb42392866,512,512,RGB,d4a8e8a892e2d8f0,
Training/pituitary/Tr-pi_566.jpg,pituitary,training,False,35134,38af8babbb5c969abbd87f5c3906e63a,442,442,RGB,d2e0dcd03196c4e4,
Training/pituitary/Tr-pi_567.jpg,pituitary,training,False,29370,a21807ab933dfc8c7a94e4dd408cc75f,512,512,RGB,78ce9864e5aa16d6,
Training/pituitary/Tr-pi_568.jpg,pituitary,training,False,32419,530d37d5545c65dc113344d2f891c373,512,512,RGB,7ccab966e58eb6e6,
Training/pituitary/Tr-pi_569.jpg,pituitary,training,False,29536,b1d1eabf2094c27e65e3cd551c4fbb6d,512,512,RGB,78e4eacea69696a4,
Training/pituitary/Tr-pi_57.jpg,pituitary,training,False,29244,13b6fd81fa1abb232b62e0d8e45bcdb7,512,512,L,e1b0a094a2d6dcfc,
Training/pituitary/Tr-pi_570.jpg,pituitary,training,False,22500,1dddd394035c336b44877eb0caff1985,512,512,L,61c4cac4a09a92e8,
Training/pituitary/Tr-pi_571.jpg,pituitary,training,False,29790,ef253ba1b22ce3eefaadb3ce9afe93d4,512,512,RGB,b2e8ccd4ecdcf0e8,
Training/pituitary/Tr-pi_572.jpg,pituitary,training,False,22964,7ee1d890539dd2031f69cdc5b73ca636,512,512,L,61c0a294d2b696d8,
Training/pituitary/Tr-pi_573.jpg,pituitary,training,False,27309,193d92a43c293e9ec74c379060e47526,512,512,L,c0b0a894a296cc4c,
Training/pituitary/Tr-pi_574.jpg,pituitary,training,False,25601,234c3f8acc6382e4f73b99984dbe3540,512,512,L,71e8e8e8aab2e8e8,
Training/pituitary/Tr-pi_575.jpg,pituitary,training,False,24450,d7d8674727b9877a2c2a05edca0bf575,512,512,RGB,f8e8ccd4a8d4e8b2,
Training/pituitary/Tr-pi_576.jpg,pituitary,training,False,26639,8f0af8faede97d57f2ac455ff8da7808,512,512,RGB,70c8d4d4e0d4e8b0,
Training/pituitary/Tr-pi_577.jpg,pituitary,training,False,23258,6e8e7f1bc4a300e142c757422d824cb7,512,512,L,61c4b29492b6d4d8,
Training/pituitary/Tr-pi_578.jpg,pituitary,training,False,34925,5707068ba5a8f46f63748ff22e27407c,512,512,RGB,71e8c8e8aca0ccf0,
Training/pituitary/Tr-pi_579.jpg,pituitary,training,False,23970,07eda6b6a7f26b695372e4d7f0a62077,512,512,L,70c8cc9ab2d0d470,
Training/pituitary/Tr-pi_58.jpg,pituitary,training,False,36194,d83b05b720e16e64a0d930df78fccd4f,512,512,RGB,69c8e8c0aaaaa8f0,
Training/pituitary/Tr-pi_580.jpg,pituitary,training,False,22783,986c965417bbf03a7d9f747eb3c8b02f,512,512,L,70e8a8a6cca2d471,
Training/pituitary/Tr-pi_581.jpg,pituitary,training,False,32055,d09c1bab08bc4c26c15b48160c065db9,512,512,RGB,f0c8ccd4ccaadc70,
Training/pituitary/Tr-pi_582.jpg,pituitary,training,False,23010,5dcd06ae5a977c4c5bb4562b90cba56d,512,512,L,71e8e8b2a6c8f0e8,
Training/pituitary/Tr-pi_583.jpg,pituitary,training,False,26106,1009c2068f3845a0706b07eddd8eb496,512,512,L,e8dce8a8b2e8c84d,
Training/pituitary/Tr-pi_584.jpg,pituitary,training,False,35398,1048d3d14b3056b1fa0fd6e90931a899,512,512,RGB,71e8e8e8aca0c8f0,
Training/pituitary/Tr-pi_585.jpg,pituitary,training,False,37266,752d313554ba660125a4c1c0b6ca2ccf,512,512,RGB,e8da99959597068c,
Training/pituitary/Tr-pi_586.jpg,pituitary,training,False,33099,d47bb57c630caad3f3bfde2f1dddb068,512,512,RGB,f0e8aeb2a8e0d071,
Training/pituitary/Tr-pi_587.jpg,pituitary,training,False,23024,6329b14a4e243021562c96e2757d67b3,512,512,L,e1d8a8849a9696d8,
Training/pituitary/Tr-pi_588.jpg,pituitary,training,False,35577,445c5eee4171a9b75e85d42d3a2b6b1b,512,512,RGB,d4a0e8aa92ead8f0,
Training/pituitary/Tr-pi_589.jpg,pituitary,training,False,15847,3beeeb105d217b545c9b1e62b8497adf,256,256,RGB,7cca88ca9ad292a6,
Training/pituitary/Tr-pi_59.jpg,pituitary,training,False,28710,55e0c97b894a17db541bd7e21044e8ed,512,512,RGB,78c896aaa8d0e471,
Training/pituitary/Tr-pi_590.jpg,pituitary,training,False,36646,730dd7284e9cefb4962ecf1db16641e0,512,512,RGB,71e8e8aab28acce8,
Training/pituitary/Tr-pi_591.jpg,pituitary,training,False,39368,59664e141c4141e51bc6fa35af09ea2c,512,512,RGB,dca0c8aabaead2c0,
Training/pituitary/Tr-pi_592.jpg,pituitary,training,False,28040,80f2c9f8e4721808c2d105d8ee3fec5f,512,512,L,79cce8b2b2ececec,
Training/pituitary/Tr-pi_593.jpg,pituitary,training,False,32042,047ef95470b8ae6d1d3ab41f11d31f90,512,512,RGB,39ecdaecb5a6c6fc,
Training/pituitary/Tr-pi_594.jpg,pituitary,training,False,25131,5ee3a0f967334f14c85b09e06b17e9bc,512,512,L,71cca888b2dccc4d,
Training/pituitary/Tr-pi_595.jpg,pituitary,training,False,30670,db15235729207e4dabac088bb834ad48,512,512,L,c4faa8a8a2a8b4fc,
Training/pituitary/Tr-pi_596.jpg,pituitary,training,False,25137,2a0be686156fdb85ed7ed09c1e461d54,512,512,L,d4c8e8a8b2aaf0ec,
Training/pituitary/Tr-pi_597.jpg,pituitary,training,False,28360,7e85b0cf731be2f3e74199cdb3688333,512,512,L,c8a84e1b0206d6d4,
Training/pituitary/Tr-pi_598.jpg,pituitary,training,False,36207,a3dfd67d68d35e2695a2170fa22eb050,512,512,RGB,71e8e8a8b0aae8f0,
Training/pituitary/Tr-pi_599.jpg,pituitary,training,False,32728,46c5ddafff10cab02da2a456b0cc6f16,512,512,RGB,71e4eaaec2c45898,
Training/pituitary/Tr-pi_6.jpg,pituitary,training,False,25314,13856f0a9e74bcd117a2d647b414b0ba,512,512,RGB,68ecc4d0e8f0f0f0,
Training/pituitary/Tr-pi_60.jpg,pituitary,training,False,22366,fd67c390f62d5e2e78581729f888d7db,512,512,L,70c8dcb2b2d4f0b2,
Training/pituitary/Tr-pi_600.jpg,pituitary,training,False,25308,ab5434953407399ec87f273c8ee36e15,512,512,RGB,b2e0ccd4f4d469b2,
Training/pituitary/Tr-pi_601.jpg,pituitary,training,False,27712,5f2ab0f5245b5f90584ed5aad625a5a3,512,512,RGB,71e8aa8aecc4ec71,
Training/pituitary/Tr-pi_602.jpg,pituitary,training,False,34090,ed8861eeff5c91a04c01f4f7f5a00a9c,512,512,RGB,71ccb2d464b6aef4,
Training/pituitary/Tr-pi_603.jpg,pituitary,training,False,29221,9f0eaefe6dd59ba740e5e2dcb9a19fd5,512,512,L,69c8e8ec8ae8eae8,
Training/pituitary/Tr-pi_604.jpg,pituitary,training,False,18482,2ab328882bed0168e19aeaacc44c5d6a,512,512,L,b0e4c4b6f2cce0b2,
Training/pituitary/Tr-pi_605.jpg,pituitary,training,False,31860,f988eacc4d1f3b1a39b60090af7ec0a1,512,512,RGB,71e8aab2cce8f0e0,
Training/pituitary/Tr-pi_606.jpg,pituitary,training,False,30409,b6a897f99fd36cb39ac8641309c8a0a9,512,512,RGB,78c288f4aad6747c,
Training/pituitary/Tr-pi_607.jpg,pituitary,training,False,30928,750a9de05c8969fac6482996f3fbfadc,512,512,RGB,ecdaa4568c960ccc,
Training/pituitary/Tr-pi_608.jpg,pituitary,training,False,27070,614f6b9b51ce4ec6012515f7cd7178ed,512,512,RGB,f0e8ccb8eaf0fc71,
Training/pituitary/Tr-pi_609.jpg,pituitary,training,False,31873,80e8c657872c400a572791ebd38f7171,512,512,RGB,7ccab866a58e96ee,
Training/pituitary/Tr-pi_61.jpg,pituitary,training,False,28950,08b199806039e9dd59108df7136a881c,512,512,L,e1ccaaaaaaaaeae8,
Training/pituitary/Tr-pi_610.jpg,pituitary,training,False,25371,28e72b7df05811a20df5039dbea915d7,512,512,L,71d4e8eab2c8c8cc,
Training/pituitary/Tr-pi_611.jpg,pituitary,training,False,27927,00c2712e37af8cccc245a6ab5f6b887c,512,512,L,d190c8a456d6dccc,
Training/pituitary/Tr-pi_612.jpg,pituitary,training,False,14957,9bd98fe81c35e9798412ec50c2a86fd6,256,256,RGB,71e8e8e8c8e8a8f0,
Training/pituitary/Tr-pi_613.jpg,pituitary,training,False,29224,4625ec1d460586e4ca8713dd7c160a5d,512,512,L,e0d8a8e8aaaaf0d4,
Training/pituitary/Tr-pi_614.jpg,pituitary,training,False,25896,028ab5ee72c5c2ba5366195a23f2d770,512,512,L,e8b0488626d79ccc,
Training/pituitary/Tr-pi_615.jpg,pituitary,training,False,28786,3d9aad2ddf5eef8bbc1dfa939d221ff3,512,512,L,98608a265616decd,
Training/pituitary/Tr-pi_616.jpg,pituitary,training,False,21053,928025181fde6443f78bbf5e9afd7141,512,512,L,70e8ccb4a8d0c470,
Training/pituitary/Tr-pi_617.jpg,pituitary,training,False,35439,af0c38d4c6553cb81905488cd95db4ad,512,512,RGB,e8e4aabab2eaf0f0,
Training/pituitary/Tr-pi_618.jpg,pituitary,training,False,24110,f0202c6c3fa0e0680b86b85df96d3863,512,512,RGB,68c8d4f0c8e8f870,
Training/pituitary/Tr-pi_619.jpg,pituitary,training,False,29748,8a85a280593a98abf380f207dfe0ec5d,512,512,RGB,f0eccccab2a8d471,
Training/pituitary/Tr-pi_62.jpg,pituitary,training,False,34816,ec6c95789bd838f8ab1864d334e054b6,512,512,RGB,30e4c9ada79694c4,
Training/pituitary/Tr-pi_620.jpg,pituitary,training,False,23966,897c3884ba057d7ccd7d02a194df701e,512,512,L,72f8a8b6b2e8d071,
Training/pituitary/Tr-pi_621.jpg,pituitary,training,False,23709,c9a1a731fc01cd0657aa2a5efa2ff0d3,512,512,L,70e8acb6caaaf471,
Training/pituitary/Tr-pi_622.jpg,pituitary,training,False,25927,59cd27f52f5b0598fb35d03c1097fa83,512,512,L,71e9c4aab2a8a8e8,
Training/pituitary/Tr-pi_623.jpg,pituitary,training,False,34947,b7ea4f2a772734a4a1e67812e549a7ad,512,512,RGB,73c8ccaab2a2aeb2,
Training/pituitary/Tr-pi_624.jpg,pituitary,training,False,25663,7d0c8477265edf6cb55e046dd00de1f2,512,512,L,70e8aa8aa8a8d071,
Training/pituitary/Tr-pi_625.jpg,pituitary,training,False,27650,510fd3f9cfb86a396088e8419253e1dc,512,512,L,f0244a864e16c6cc,
Training/pituitary/Tr-pi_626.jpg,pituitary,training,False,36044,a95af5857ac3b52bf7f79d179acc8214,512,512,RGB,f1c88eaab2e8f0e8,
Training/pituitary/Tr-pi_627.jpg,pituitary,training,False,28021,51d12bb96590e8b7eada99b683afe62d,512,512,L,71e8e8e8d2aae8f0,
Training/pituitary/Tr-pi_628.jpg,pituitary,training,False,29098,dfafe7819500520c7d5045fde841b1e4,512,512,L,d02ce0a85a96cecc,
Training/pituitary/Tr-pi_629.jpg,pituitary,training,False,36406,eeddaa4317188e98f655c363a20c51d2,512,512,RGB,6acacfd1929ac2e6,
Training/pituitary/Tr-pi_63.jpg,pituitary,training,False,36658,5be6dbd62bb1e419908dee1a1a24e5cb,512,512,RGB,32f0e8aab2ceaab2,
Training/pituitary/Tr-pi_630.jpg,pituitary,training,False,30438,5d35e615af8b4de0ba4095997254527d,512,512,L,c1b44822521aecea,
Training/pituitary/Tr-pi_631.jpg,pituitary,training,False,25009,66474af57edbc13d1558df643f0e1f51,512,512,L,70e8aa968eb2d471,
Training/pituitary/Tr-pi_632.jpg,pituitary,training,False,30232,ad7de9685edbd496e0d8ed8b319c9ec5,512,512,RGB,71e89692c8ece471,
Training/pituitary/Tr-pi_633.jpg,pituitary,training,False,31951,1acb0a829e08c0fc6fdbbfe0e43028a1,512,512,L,e8e8c8d4c4aebaf8,
Training/pituitary/Tr-pi_634.jpg,pituitary,training,False,17709,37d9b2e8f32519fba8e67ef120bb343e,201,210,RGB,e8ece8f0d0ac8aaa,
Training/pituitary/Tr-pi_635.jpg,pituitary,training,False,35754,8cda4284dd7e3f6ccfbd4c798f015c65,512,512,RGB,71ece8e8f894c8cc,
Training/pituitary/Tr-pi_636.jpg,pituitary,training,False,23627,1273412fc8e41c12fd9a7d323ba9b895,512,512,RGB,70d8dc92b0c4f0b2,
Training/pituitary/Tr-pi_637.jpg,pituitary,training,False,36538,995975e9381242f7186f0e9fdcff9eb9,512,512,RGB,71e8a8aab2aaaccc,
Training/pituitary/Tr-pi_638.jpg,pituitary,training,False,31464,56e9dffc02def2130816ac3c657bc5ea,512,512,RGB,71ccb2d2ea9296ec,
Training/pituitary/Tr-pi_639.jpg,pituitary,training,False,29678,9c8c1238873f74624ca0f945b86d08f2,512,512,RGB,f0e8ccb2f0ccf0b2,
Training/pituitary/Tr-pi_64.jpg,pituitary,training,False,17210,402d107ac5383250021142c45cb0cab8,512,512,L,b0e8d4d0ccd4e4f1,
Training/pituitary/Tr-pi_640.jpg,pituitary,training,False,31927,d1db6cc063f0422592c0d46dc58446f0,512,512,RGB,f0c8cca4f0a2d479,
Training/pituitary/Tr-pi_641.jpg,pituitary,training,False,36555,f81e1ad5077ea0af1a1f0f53c93589eb,512,512,RGB,7cc2e8d6aa94ccc8,
Training/pituitary/Tr-pi_642.jpg,pituitary,training,False,32350,3b1546e059ea02fdf41275a561200d2e,512,512,RGB,78e2cce6acc2ee78,
Training/pituitary/Tr-pi_643.jpg,pituitary,training,False,29214,4a1814f9f7be0d5f71ef1e7f1bcdab8a,512,512,L,c4f2ece8b2a8e4f4,
Training/pituitary/Tr-pi_644.jpg,pituitary,training,False,32488,1f111da4599ef0f1baa150805f0454c2,512,512,RGB,6cd2f8f2d2caf6f6,
Training/pituitary/Tr-pi_645.jpg,pituitary,training,False,23303,3ba4caae4ad9cba6d47b549420a55c5d,512,512,L,69c88e8cc8d0f071,
Training/pituitary/Tr-pi_646.jpg,pituitary,training,False,37066,d52ddc6182d9646b406d3dbdf913eb8f,512,512,RGB,e6b9ac9a9597844c,
Training/pituitary/Tr-pi_647.jpg,pituitary,training,False,34197,393c107f547e23169c1337d539c63b32,512,512,RGB,71e0e8b0b2b2aaaa,
Training/pituitary/Tr-pi_648.jpg,pituitary,training,False,24017,17d02322f8f7a90fed6a8b9d133f5851,512,512,L,68d4e8e8aacccccc,
Training/pituitary/Tr-pi_649.jpg,pituitary,training,False,26283,42018f75704d12a4ba020fa402a17cc9,512,512,RGB,60ecd6f0e8f0d071,
Training/pituitary/Tr-pi_65.jpg,pituitary,training,False,40054,119f024387dea1e0cc7bbbe7d86a51ce,512,512,RGB,cef1a99b9d96cccc,
Training/pituitary/Tr-pi_650.jpg,pituitary,training,False,25514,7fadc2f4fa8f1ae624d904e0176160b3,512,512,RGB,70e8ecf4e8f0e870,
Training/pituitary/Tr-pi_651.jpg,pituitary,training,False,23673,40564884ec9d864aced4f5935d3d8950,512,512,L,71e8aa96cce8e471,
Training/pituitary/Tr-pi_652.jpg,pituitary,training,False,29692,7f1838a630367f61d3fb8d641ba85d91,512,512,RGB,70e0ccd4b2d0d870,
Training/pituitary/Tr-pi_653.jpg,pituitary,training,False,25017,b8bb444637e222284925f4297ec84245,512,512,L,984488a256a49080,
Training/pituitary/Tr-pi_654.jpg,pituitary,training,False,25671,709348879f6c1dfa479649abc5e44cf9,512,512,L,d4c8aab2aadad471,
Training/pituitary/Tr-pi_655.jpg,pituitary,training,False,27784,5537d3fe0dfc07184b271cc8138d98a8,512,512,L,c1b86412d6a4ecec,
Training/pituitary/Tr-pi_656.jpg,pituitary,training,False,30929,3525fdc2d011353aeb69c292511d698c,512,512,RGB,79ecbadcb6b296c4,
Training/pituitary/Tr-pi_657.jpg,pituitary,training,False,19538,7ceebba8a0452ce2626932afcfb09060,512,512,L,22e1dca2b0a486c8,
Training/pituitary/Tr-pi_658.jpg,pituitary,training,False,22717,ca3b1cc4cc349068c3b934d7396df5a3,512,512,RGB,b0f8f492caccd470,
Training/pituitary/Tr-pi_659.jpg,pituitary,training,False,28987,68b555592b7328c710575ddb250ae986,512,512,L,ccd4f2b6fce8d0f0,
Training/pituitary/Tr-pi_66.jpg,pituitary,training,False,26712,078e22638306c295de6b1d452d17cdf7,512,512,L,32e9cca8b48aecd4,
Training/pituitary/Tr-pi_660.jpg,pituitary,training,False,18738,7fd41e98db4eb433de1a20c7dac9ef81,512,512,L,82f0ccd4d0cce8b0,
Training/pituitary/Tr-pi_661.jpg,pituitary,training,False,23764,496dc3568e3295d691242849367036be,512,512,L,61c48ad488aaaaea,
Training/pituitary/Tr-pi_662.jpg,pituitary,training,False,20518,80e0a6aa6a7ad38168e9b8882633b0bb,512,512,L,78f0ccf2b2f0e8b2,
Training/pituitary/Tr-pi_663.jpg,pituitary,training,False,29993,ba5c3e3c3a2d197b182e7a13c5ac4bf9,512,512,RGB,39ecdae4d49a94ee,
Training/pituitary/Tr-pi_664.jpg,pituitary,training,False,25443,f8dd586b379761c576d97c8566d6152a,512,512,L,c8e8b2968696d670,
Training/pituitary/Tr-pi_665.jpg,pituitary,training,False,23274,6f3ec73142b6754261c81b3be326ac05,512,512,L,70e8ccb2f0ccf0b2,
Training/pituitary/Tr-pi_666.jpg,pituitary,training,False,19626,6013d59b94a87f2427d71ac260d0a973,512,512,L,f0c894f2aabac471,
Training/pituitary/Tr-pi_667.jpg,pituitary,training,False,23273,33d92536ad9d05b5190993876dd2cd28,512,512,L,71e8ccb2f2f4d471,
Training/pituitary/Tr-pi_668.jpg,pituitary,training,False,225311,3665fdf79547807d98e5053427a45a98,1168,1178,RGB,38fcddf876d58aa6,
Training/pituitary/Tr-pi_669.jpg,pituitary,training,False,23427,e5d4c1c6ca6a9dfc814d021375880e97,512,512,RGB,70e0d4f0c8d4f830,
Training/pituitary/Tr-pi_67.jpg,pituitary,training,False,26744,029e4a5b2143cd0a5b680c08d4d2a60a,512,512,L,71c8e8aab2b2c8cc,
Training/pituitary/Tr-pi_670.jpg,pituitary,training,False,27933,102d7ac3f4dd10c1593ee770a1bc36d8,512,512,L,61c8e8e8e0d6eccc,
Training/pituitary/Tr-pi_671.jpg,pituitary,training,False,38340,ca7257f3e174eebbd22f9a649e65e2c5,512,512,RGB,ecd8adaba8548c98,
Training/pituitary/Tr-pi_672.jpg,pituitary,training,False,12617,c752cc4707ff9e1d688f347563f69bd9,256,256,L,c1a4e8a4a6b4b69a,
Training/pituitary/Tr-pi_673.jpg,pituitary,training,False,28017,3dc18fc001f9586cb8fe90090a0774ef,512,512,L,71e8ccb2b6a8a8e8,
Training/pituitary/Tr-pi_674.jpg,pituitary,training,False,24075,ec4ca110f4238db993fa1f5e1a411740,512,512,RGB,32e8d4f4c8d4c870,
Training/pituitary/Tr-pi_675.jpg,pituitary,training,False,26895,65db25c3012313fe0e967588263bc887,512,512,L,71d8e8e8f4f2ecd8,
Training/pituitary/Tr-pi_676.jpg,pituitary,training,False,34889,a56b1412b28b6e5e5ae673836c2d743c,512,512,RGB,78ccb6cadd9296ce,
Training/pituitary/Tr-pi_677.jpg,pituitary,training,False,30193,c3d274c30698a7c40b912f1308b2dc52,512,512,RGB,f0ecacb4ead4f8f0,
Training/pituitary/Tr-pi_678.jpg,pituitary,training,False,32753,85ca73d46daa769a6be89ef107711102,512,512,RGB,ece8b2969e9694f1,
Training/pituitary/Tr-pi_679.jpg,pituitary,training,False,24822,625d78224c3ae0e101d261b70959a3f5,512,512,RGB,f0e8ccd4e8d4e8b2,
Training/pituitary/Tr-pi_68.jpg,pituitary,training,False,27663,e83db6111d110510f6decd5a8a47f039,512,512,L,f8c8ccccf0ecf070,
Training/pituitary/Tr-pi_680.jpg,pituitary,training,False,26977,e42b9e3c2b18a6b44d524593555152a2,512,512,L,71e8eaaab2aaeac8,
Training/pituitary/Tr-pi_681.jpg,pituitary,training,False,28307,d1fb1c38007526473dd3c55b7c470e29,512,512,L,69d8e8f2d6e8e8e8,
Training/pituitary/Tr-pi_682.jpg,pituitary,training,False,25541,a1fdd0938f2e8d725ec4bf63776c9748,512,512,L,31ecdce8f0eee8b0,
Training/pituitary/Tr-pi_683.jpg,pituitary,training,False,27443,04507fe2c3fe358c702ccd0884cdc8f9,512,512,RGB,39fcfcecf4e4e6e4,
Training/pituitary/Tr-pi_684.jpg,pituitary,training,False,26959,4da4f3178b70c3ed6d6dfd2b686fa158,512,512,L,d4e8e8aaaaa8d4d4,
Training/pituitary/Tr-pi_685.jpg,pituitary,training,False,37417,3098eb3a2c14c6141059780550970097,512,512,RGB,e8d4aab2aaaaa8e8,
Training/pituitary/Tr-pi_686.jpg,pituitary,training,False,33539,6f3b18839cfd918584eb58c48986e9c6,512,512,RGB,71e8ccb296eaeae8,
Training/pituitary/Tr-pi_687.jpg,pituitary,training,False,35906,507dd96d0f7d29d94ebd11cdc850fa14,512,512,RGB,e8c8ca92aa8cbe0e,
Training/pituitary/Tr-pi_688.jpg,pituitary,training,False,33682,175092b690a5c6a4031db4af8b8a2a12,512,512,RGB,31e892aab2aeead2,
Training/pituitary/Tr-pi_689.jpg,pituitary,training,False,28142,a89c21e34185fa90d8f4a234c341977e,512,512,RGB,68c8d4b2e8d4f0b2,
Training/pituitary/Tr-pi_69.jpg,pituitary,training,False,30089,105b8b0c29ff614a6b92e0f4ea203a1f,512,512,RGB,79dcb2d69492d4e4,
Training/pituitary/Tr-pi_690.jpg,pituitary,training,False,26913,828eff8d4f4df986189ba5dda4c1ca11,512,512,L,71ccaaaaaab2aaa8,
Training/pituitary/Tr-pi_691.jpg,pituitary,training,False,25655,3a87f4b30e758316ebcc16360e267d14,512,512,L,70ecced6ccecc8f0,
Training/pituitary/Tr-pi_692.jpg,pituitary,training,False,24442,29d73e858132269475baeb7e1bf8d6a3,512,512,L,f0e8ccd4d4cce0e8,
Training/pituitary/Tr-pi_693.jpg,pituitary,training,False,27254,c1761b18a3a1ebadc301ede039a4dd9b,512,512,L,71e8eaaab2d6c4c4,
Training/pituitary/Tr-pi_694.jpg,pituitary,training,False,18586,a685702040d1acacf901ddf700cfe0be,512,512,L,70ecccd4f0cc71b2,
Training/pituitary/Tr-pi_695.jpg,pituitary,training,False,17757,397b85580e84bbed5773ef83421ee91c,512,512,L,72e0d0b6acccd470,
Training/pituitary/Tr-pi_696.jpg,pituitary,training,False,36573,eac1f3a475137d0066730875376b1463,512,512,RGB,33e0e8eab2ae8aa2,
Training/pituitary/Tr-pi_697.jpg,pituitary,training,False,38462,6758576c62e2ab3d7e86053336e57e2c,512,512,RGB,78d2f2d2aa948cc4,
Training/pituitary/Tr-pi_698.jpg,pituitary,training,False,16405,b7f875bedfac719015cc81bc888151b3,225,225,RGB,f0e8bab2a8a8a2ea,
Training/pituitary/Tr-pi_699.jpg,pituitary,training,False,33987,62d58706b1eb9aac46d6a395b524b578,512,512,RGB,71e88ab2cce8f0e0,
Training/pituitary/Tr-pi_7.jpg,pituitary,training,False,30649,3648af09b3cc176f1572d1452141d977,512,512,RGB,79dca8daeaa614ec,
Training/pituitary/Tr-pi_70.jpg,pituitary,training,False,37421,a127331d8eb16a3476ae8d68c25e792c,512,512,RGB,ecd28d27bb971494,
Training/pituitary/Tr-pi_700.jpg,pituitary,training,False,27563,76fb3decaf0c893f66f183b2ca600265,512,512,L,e8c8e8b6aaaaf0cc,
Training/pituitary/Tr-pi_701.jpg,pituitary,training,False,31492,e28a54ecbf0e916f52f6aae22f9067e4,512,512,RGB,39ecfacab49ad6f6,
Training/pituitary/Tr-pi_702.jpg,pituitary,training,False,25662,eb0135075aecdd15eafe21e45e292081,512,512,L,3168c8f2aaaeaaf0,
Training/pituitary/Tr-pi_703.jpg,pituitary,training,False,31120,460cd7cc6eae31089f93944616f7a313,512,512,RGB,71c4aad6b496d6ec,
Training/pituitary/Tr-pi_704.jpg,pituitary,training,False,28720,1e3d2482b7c7a17cdd6b3cc9b8a31f5e,512,512,L,71c8aaaab292aaea,
Training/pituitary/Tr-pi_705.jpg,pituitary,training,False,26572,6b48f24684ba63c75ce498cd52f21270,512,512,L,70d0aab492aaaab4,
Training/pituitary/Tr-pi_706.jpg,pituitary,training,False,22147,c3d9801bba9cb823773f18d803b269b7,512,512,L,e8c8d4f2e8cce0f0,
Training/pituitary/Tr-pi_707.jpg,pituitary,training,False,23821,985a38ed0b16132425aff6bd67a25ac1,512,512,L,79e8aab2e8ccc470,
Training/pituitary/Tr-pi_708.jpg,pituitary,training,False,25150,89e0262a8aa62200b906c8550344e1e3,512,512,L,71c88eb2d4e8f0f8,
Training/pituitary/Tr-pi_709.jpg,pituitary,training,False,21771,f5ecf67051a6de48fa5d57168f7f8004,512,512,L,69c4f0b2e8ccf471,
Training/pituitary/Tr-pi_71.jpg,pituitary,training,False,36030,58dbbe600f95a2cdd89c3f8ca587eac9,512,512,RGB,78c28d96e797a6c4,
Training/pituitary/Tr-pi_710.jpg,pituitary,training,False,26844,03da7bb3df0ff3bc359244b0f93c46d7,512,512,L,f184624a5e96cfcd,
Training/pituitary/Tr-pi_711.jpg,pituitary,training,False,33345,d9ae384bfdb1572a0e8c0b152d765054,512,512,RGB,f0ccccb4b2aad471,
Training/pituitary/Tr-pi_712.jpg,pituitary,training,False,10620,5856b81714ee0d67537aa6c8981209db,256,256,L,f0e8c8d4cce8e8f0,
Training/pituitary/Tr-pi_713.jpg,pituitary,training,False,25809,bc78b1d2a1b6d3c6340e28031e9ae6c7,512,512,L,c0a2ccd472949c88,
Training/pituitary/Tr-pi_714.jpg,pituitary,training,False,27874,7cc02ea4219b558d389060b71ba47376,512,512,L,e8b44a0acac6cce6,
Training/pituitary/Tr-pi_715.jpg,pituitary,training,False,38021,c4c50b302fa2842bdd8a9ff7e92923c0,512,512,RGB,e88a8995959316cc,
Training/pituitary/Tr-pi_716.jpg,pituitary,training,False,31292,4f729d1f77bb9590069e778c4ea19c7a,512,512,RGB,71e8aab2e8eae431,
Training/pituitary/Tr-pi_717.jpg,pituitary,training,False,26009,bc3990c0e899038913fae805093a8e71,512,512,RGB,70e0d4d4e8d4e8b0,
Training/pituitary/Tr-pi_718.jpg,pituitary,training,False,35834,6d71d5f5b091ad74ae95b44ae641a0a8,512,512,RGB,71e8ccb292eaeae8,
Training/pituitary/Tr-pi_719.jpg,pituitary,training,False,22777,9377447271df6b546e03f0ece52b51ed,512,512,L,72c8ccccf0a8ec70,
Training/pituitary/Tr-pi_72.jpg,pituitary,training,False,34719,8031fab19ad201e9f689ab982c473113,512,512,RGB,71e8a8aab2aaa8ec,
Training/pituitary/Tr-pi_720.jpg,pituitary,training,False,33069,11b5aff0359726d8270bc865c42c3d90,512,512,RGB,ccb84eddea969ebe,
Training/pituitary/Tr-pi_721.jpg,pituitary,training,False,22426,bd88d480e797aeae9072fd3542a3d3c5,512,512,L,e184e29959a29694,
Training/pituitary/Tr-pi_722.jpg,pituitary,training,False,34156,94ddb2d3488d2fe781348f2668da27db,512,512,RGB,71e4aad2b6aaaad2,
Training/pituitary/Tr-pi_723.jpg,pituitary,training,False,37905,dee5a62f9cad4e425f63acfd0d8a435a,512,512,RGB,69c4aab296aaaa94,
Training/pituitary/Tr-pi_724.jpg,pituitary,training,False,31155,489aa82ec5d947c9c740e1c8aea2807f,512,512,L,e9ccaaaabaaaaa9e,
Training/pituitary/Tr-pi_725.jpg,pituitary,training,False,27864,ccff1fd0c73e09ac1274ad04f7c8bc87,512,512,L,69cce8aab2e8cccc,
Training/pituitary/Tr-pi_726.jpg,pituitary,training,False,31312,2264e899b9545392d726cc309cb5fafd,512,512,RGB,78cebaaea8d6e46c,
Training/pituitary/Tr-pi_727.jpg,pituitary,training,False,20267,2f81f66eed3ce92c4b1806b82190c299,512,512,L,e0e0ccd4f2d4f0b2,
Training/pituitary/Tr-pi_728.jpg,pituitary,training,False,38768,a696c1a9090604d7ebf6c0e13f3d2a15,512,512,RGB,74eaedb59597c4c8,
Training/pituitary/Tr-pi_729.jpg,pituitary,training,False,23926,6e97ccb3de1749e74f3566ea5802a4df,512,512,L,70e8ac82aaaaf471,
Training/pituitary/Tr-pi_73.jpg,pituitary,training,False,28528,5c6b7d893de0c8c9854cc36b1e3c86ed,512,512,L,c060dc924adad9e8,
Training/pituitary/Tr-pi_730.jpg,pituitary,training,False,22840,b272199810b609e5bcd02c691e5fd4ea,512,512,RGB,70e0d0f0c8c4f830,
Training/pituitary/Tr-pi_731.jpg,pituitary,training,False,27627,d707230bfdd673b3e6eff0c1e0a376c4,512,512,RGB,70e8ec84e8d4d470,
Training/pituitary/Tr-pi_732.jpg,pituitary,training,False,34387,65ba821e87aad17fccae4adba98d66ee,512,512,RGB,71c8aaaaaaa2aaf2,
Training/pituitary/Tr-pi_733.jpg,pituitary,training,False,34743,f46d95e3b47b861da13083937c7f4301,512,512,RGB,71cce8ca92e8ec6d,
Training/pituitary/Tr-pi_734.jpg,pituitary,training,False,29232,247df33cd776f3d36c5ea876730c908f,512,512,RGB,70cc8cb4ead0f0f2,
Training/pituitary/Tr-pi_735.jpg,pituitary,training,False,25017,74fe4ad86e500461b379c94a05be0c9c,512,512,RGB,f8e8ccd4a8d4e8b2,
Training/pituitary/Tr-pi_736.jpg,pituitary,training,False,33494,e260558f049702cb5c62bcd22c1a4098,512,512,RGB,69ece8b298e8f0f0,
Training/pituitary/Tr-pi_737.jpg,pituitary,training,False,28725,742c5a42bee357af9520218d81dd197d,512,512,L,71e8e8e8b2aae8ea,
Training/pituitary/Tr-pi_738.jpg,pituitary,training,False,26336,a55244c55e6b9b2b2cbcdcb7243892f1,512,512,L,f0cc9a968e92d470,
Training/pituitary/Tr-pi_739.jpg,pituitary,training,False,32733,cf19e130f9dc82aace9a46f68dc11e92,512,512,RGB,ccb04cd6a6b6debc,
Training/pituitary/Tr-pi_74.jpg,pituitary,training,False,27877,424441e5454959f55ff66d43e56a72d5,512,512,L,31e8d4a8e89e88c8,
Training/pituitary/Tr-pi_740.jpg,pituitary,training,False,19994,8e8604156fc65ca80dbb28f1a56f35b5,512,512,L,71e8a896ccccd471,
Training/pituitary/Tr-pi_741.jpg,pituitary,training,False,23121,f95950292a15ec52aa26852abf81ab36,512,512,L,70e8cc92ccecd460,
Training/pituitary/Tr-pi_742.jpg,pituitary,training,False,34094,faf6112459e30a532b28ee70bb07599c,512,512,RGB,f1d4aaf2b6a2aaea,
Training/pituitary/Tr-pi_743.jpg,pituitary,training,False,34102,3d86ddf09ce390af3511bef74f692042,512,512,RGB,69cce8e88eeaf0c4,
Training/pituitary/Tr-pi_744.jpg,pituitary,training,False,32719,0d2fa8c45560e8bbee05d96cf6ceece2,512,512,RGB,39e8c6bc7296d6b4,
Training/pituitary/Tr-pi_745.jpg,pituitary,training,False,27820,d7d5c0ce36cd9332d6f7967ef732e7d9,512,512,L,c1a8642096a68ada,
Training/pituitary/Tr-pi_746.jpg,pituitary,training,False,34035,8f6478b364633513a4e83ae6ac7b9dc5,512,512,RGB,fc92d8dcb596c6e6,
Training/pituitary/Tr-pi_747.jpg,pituitary,training,False,28011,db991a14f61622b085ef5c539b48893d,512,512,RGB,70e8d2b0aaa2d871,
Training/pituitary/Tr-pi_748.jpg,pituitary,training,False,26917,2417232c301e183a281f432fa8814dca,512,512,L,61cca2aaaaaaaaaa,
Training/pituitary/Tr-pi_749.jpg,pituitary,training,False,31323,604e7132fd5f74aa827cadb7986b0055,512,512,RGB,71e88ab2aaaad471,
Training/pituitary/Tr-pi_75.jpg,pituitary,training,False,37026,9ac2bb858e51e57e9652feba3728004e,512,512,RGB,e0f2499db7adaa08,
Training/pituitary/Tr-pi_750.jpg,pituitary,training,False,27238,4435a618b46cb8c2416c1925b5389d0e,512,512,L,c884e2a8c4929888,
Training/pituitary/Tr-pi_751.jpg,pituitary,training,False,26044,5f12e685f2d315a409fd1a4579fddc57,512,512,RGB,64c4d0f0a8a8f071,
Training/pituitary/Tr-pi_752.jpg,pituitary,training,False,24833,7a6f79982e26d54d9f993e06f8d58c12,512,512,L,70ecaa8accaad470,
Training/pituitary/Tr-pi_753.jpg,pituitary,training,False,25538,76678a179e9b576e185064e569e5c4c0,512,512,L,71f0aab6aaaad4f0,
Training/pituitary/Tr-pi_754.jpg,pituitary,training,False,25747,15daec28c8022ae3fd60e298ed429e77,512,512,L,c8a4e2ccd09294c8,
Training/pituitary/Tr-pi_755.jpg,pituitary,training,False,40816,1c6dc8ee56d049fb9abdd815884353e5,512,512,RGB,e4e9cc9c9e86cccc,
Training/pituitary/Tr-pi_756.jpg,pituitary,training,False,26880,7d78d1b0415c7f0943c443a7d4ea588e,512,512,L,f18c62465696dacd,
Training/pituitary/Tr-pi_757.jpg,pituitary,training,False,35548,be89ca0a4d1fe5c25f76865de4d50c33,512,512,RGB,71f8ccd4b2e8e8e8,
Training/pituitary/Tr-pi_758.jpg,pituitary,training,False,32971,b93ba017a9364ba21423ddd7642cd2d6,512,512,RGB,71e8e89688d6f071,
Training/pituitary/Tr-pi_759.jpg,pituitary,training,False,137916,dcd64c030193c4b3a8a69460e4906807,892,826,RGB,d4f2ccc8b2217861,
Training/pituitary/Tr-pi_76.jpg,pituitary,training,False,26254,e5b45518d46fd18293867400f29fb723,512,512,RGB,70c8d4f0e8d4dc70,
Training/pituitary/Tr-pi_760.jpg,pituitary,training,False,35340,0558846f5dc0e974b75eac9b0aa1b2be,512,512,RGB,69e8e8b294e8f0f0,
Training/pituitary/Tr-pi_761.jpg,pituitary,training,False,22623,c0bf4aac18973aabbf8f9e84d68354d4,512,512,L,68f8ccd4b2f0e471,
Training/pituitary/Tr-pi_762.jpg,pituitary,training,False,27731,e32cf86f033fe18f55578fe9baa4e848,512,512,L,71e8cca2b6a8acc8,
Training/pituitary/Tr-pi_763.jpg,pituitary,training,False,35727,680022005ea0acdf17c86efc8f81b931,383,436,RGB,70dcaae9b2aadcd6,
Training/pituitary/Tr-pi_764.jpg,pituitary,training,False,29670,f3b1b408b379e96e2284aceddd98fc16,512,512,RGB,f0e4d2d0e8f4c870,
Training/pituitary/Tr-pi_765.jpg,pituitary,training,False,28810,5d98b421f1cc23a423ac49614501cdd7,512,512,L,e1ac6202181c9ad8,
Training/pituitary/Tr-pi_766.jpg,pituitary,training,False,20183,747b115a06d9ef39d8b7ec762816bcec,512,512,L,b164d4f6eadcf0b2,
Training/pituitary/Tr-pi_767.jpg,pituitary,training,False,31651,b976a789404e353f92d72dd66dcd0534,512,512,RGB,70e8aab2e8e0f071,
Training/pituitary/Tr-pi_768.jpg,pituitary,training,False,31225,0bfcc92650201519e8e1f3c3ec42c9fe,512,512,L,8c706a264696cccc,
Training/pituitary/Tr-pi_769.jpg,pituitary,training,False,25553,944c111be73e69d19988687eece9871b,512,512,L,70e8a8b2e8c8f8e8,
Training/pituitary/Tr-pi_77.jpg,pituitary,training,False,137916,dcd64c030193c4b3a8a69460e4906807,892,826,RGB,d4f2ccc8b2217861,
Training/pituitary/Tr-pi_770.jpg,pituitary,training,False,19058,a5b07b4b57171a9f566bc2a845d6f7dd,512,512,L,79ccf4f0eaa8f070,
Training/pituitary/Tr-pi_771.jpg,pituitary,training,False,33238,2d719927abf9c12283c1130fde8d0d63,512,512,RGB,6cd6a8c47496c6ee,
Training/pituitary/Tr-pi_772.jpg,pituitary,training,False,23021,d809444697d59263c868e5ca3b66c819,512,512,L,70e8a896e8ecd071,
Training/pituitary/Tr-pi_773.jpg,pituitary,training,False,27759,b5768ef5bfe6e657de2c0880f5280113,512,512,L,e1a44c405296ded8,
Training/pituitary/Tr-pi_774.jpg,pituitary,training,False,35476,61daec407e628b6267de26d151509ba8,512,512,RGB,71f8ccf094e8e8ec,
Training/pituitary/Tr-pi_775.jpg,pituitary,training,False,26823,bba7fc6dc009a2304cf83961503f5ef4,512,512,L,71ccdaead4f2ead4,
Training/pituitary/Tr-pi_776.jpg,pituitary,training,False,19126,a5740a3deaf8952c1646a18470ab737b,512,512,L,b164d6ded2dcf0b2,
Training/pituitary/Tr-pi_777.jpg,pituitary,training,False,35392,0b5829ff88fd2ba33b192cf2ea17a814,512,512,RGB,71e8cab292eacccc,
Training/pituitary/Tr-pi_778.jpg,pituitary,training,False,27966,b97fff98e32a50d87dd2a0fbb33379d7,512,512,L,71e8ccb296a8a8e8,
Training/pituitary/Tr-pi_779.jpg,pituitary,training,False,33959,7c819715145c48277c7fe24916f385f9,512,512,RGB,68c4e8b2b2e8ec6d,
Training/pituitary/Tr-pi_78.jpg,pituitary,training,False,33689,a066670ee401692cad80f534bc982768,512,512,RGB,71d8aab2b2aacad0,
Training/pituitary/Tr-pi_780.jpg,pituitary,training,False,27514,3d48118f377a6a4737bff63053060753,512,512,L,ecaaa2928caad4f1,
Training/pituitary/Tr-pi_781.jpg,pituitary,training,False,34421,b5077d81490086cdb53ac47cfa8d340f,512,512,RGB,78dea8c4fcb4a6f4,
Training/pituitary/Tr-pi_782.jpg,pituitary,training,False,20768,1e2730ad7604e778a296779b9433a884,512,512,L,70e8c8f2b2f0e030,
Training/pituitary/Tr-pi_783.jpg,pituitary,training,False,28988,6c42f719ca13c6bf14f3374dd5329104,512,512,L,e9ccaab296aaaa96,
Training/pituitary/Tr-pi_784.jpg,pituitary,training,False,31681,1b061a02a9a44365f4585cc6da51ee4b,512,512,RGB,396cd28c76b4d6e4,
Training/pituitary/Tr-pi_785.jpg,pituitary,training,False,36984,6e24ca298afdb0d5d912d4afc579ff6b,512,512,RGB,e6d9edda979584c8,
Training/pituitary/Tr-pi_786.jpg,pituitary,training,False,34410,ed0fc428e9a914919f20699333c5708e,512,512,RGB,71cca4a8d4b0a8d4,
Training/pituitary/Tr-pi_787.jpg,pituitary,training,False,37939,dc17ef4de58a1ccf391bccaa419a4b5b,512,512,RGB,7ceae5b59597c4cc,
Training/pituitary/Tr-pi_788.jpg,pituitary,training,False,32072,fdfdd5b856627e07140893adfad8674b,512,512,RGB,d4a888aaa28894d4,
Training/pituitary/Tr-pi_789.jpg,pituitary,training,False,27891,4f29515c0bc53fc34ce52cc94d306d6d,512,512,L,71e8ccb2b6acacc8,
Training/pituitary/Tr-pi_79.jpg,pituitary,training,False,33223,25d5ad64d1dcafefccc3e3003e499774,512,512,RGB,d4c8ce92b0b0e4f1,
Training/pituitary/Tr-pi_790.jpg,pituitary,training,False,32367,84a2b884d91f1820be314b079c47e6a4,512,512,RGB,7cc6a8aeb4d66a68,
Training/pituitary/Tr-pi_791.jpg,pituitary,training,False,36193,8bd6ae7fdc80a0b3b39ba666cf1c932e,512,512,RGB,e8aaba8cc8aad470,
Training/pituitary/Tr-pi_792.jpg,pituitary,training,False,35748,928bca276c184fecac543e2fb6b72236,512,512,RGB,74f9e2ebdfb7e0e8,
Training/pituitary/Tr-pi_793.jpg,pituitary,training,False,25239,8f4a2041d5a42da68307af0c5d74f945,512,512,L,71c4b289d2b486c8,
Training/pituitary/Tr-pi_794.jpg,pituitary,training,False,27670,3f3f4b6497251e7c75f201bba751383f,512,512,L,d4e8e8f2b2eaf0f4,
Training/pituitary/Tr-pi_795.jpg,pituitary,training,False,25806,53a058116b01337cde9a8ece210da939,512,512,L,70f0aa9e8e8ebac4,
Training/pituitary/Tr-pi_796.jpg,pituitary,training,False,27327,bda63f39918e749234aceee549f87435,512,512,RGB,78c8d6b2e8c4f0b2,
Training/pituitary/Tr-pi_797.jpg,pituitary,training,False,26805,22cc899e40665c130e0de73d0ac60263,512,512,RGB,78cccaa8a0d4e831,
Training/pituitary/Tr-pi_798.jpg,pituitary,training,False,36083,57317bd3e56dbf9c73d61a57ab7462e7,512,512,RGB,6accced1d296f2f2,
Training/pituitary/Tr-pi_799.jpg,pituitary,training,False,33335,fb8459524a0b3de96b24c1ab51dc82fe,512,512,RGB,31e0ccb092aaaab2,
Training/pituitary/Tr-pi_8.jpg,pituitary,training,False,12961,bd53cf2f12384a6a42794eb89fca35e2,256,256,L,c1a4c2b0a4b4b60b,
Training/pituitary/Tr-pi_80.jpg,pituitary,training,False,32882,25c38d351aafda12a04848a75657a5ad,512,512,RGB,73e8e4e8b28ec8b4,
Training/pituitary/Tr-pi_800.jpg,pituitary,training,False,22408,b01ac2313ade74715c7ed85d220026fc,512,512,L,c0a2c8d4f29694c8,
Training/pituitary/Tr-pi_801.jpg,pituitary,training,False,31301,2231e02fcdb876d95e05de4f91ca8b00,512,512,RGB,61e8aab2ccccd471,
Training/pituitary/Tr-pi_802.jpg,pituitary,training,False,10966,65ba8d98cb6c295afe5fefae7bef7db1,256,256,L,71e8e8e8cce8e8f0,
Training/pituitary/Tr-pi_803.jpg,pituitary,training,False,27068,6fe049a85d728e6030a40786f84ff83f,512,512,L,68c8e8ead2e8e8ec,
Training/pituitary/Tr-pi_804.jpg,pituitary,training,False,27303,8037f8382a605d831b3a1b378fa31095,512,512,L,c12c624648189ecd,
Training/pituitary/Tr-pi_805.jpg,pituitary,training,False,40442,37f42c6a8b3782e3fe33c00e570ad7fe,442,442,RGB,4a4d6971717b2b2d,
Training/pituitary/Tr-pi_806.jpg,pituitary,training,False,27222,0d8428211cb5a83a9a42ce281aa200ea,512,512,L,31e8ccbab2b2aaa2,
Training/pituitary/Tr-pi_807.jpg,pituitary,training,False,31810,45e7163805ea7c15f2ae7636ad954570,512,512,RGB,71c0aeb68eaad4f9,
Training/pituitary/Tr-pi_808.jpg,pituitary,training,False,22019,2830ae072fc7612d740578aca49805c7,512,512,L,61c4ea84a892d6c8,
Training/pituitary/Tr-pi_809.jpg,pituitary,training,False,30535,519bdd0fed8c1fe915ee1c49a70b823b,512,512,RGB,78d6baa6b8d6f668,
Training/pituitary/Tr-pi_81.jpg,pituitary,training,False,32416,ec22c4c408a68a8c3b62f8daddde1e49,512,512,RGB,71e8ea96cce8f0e0,
Training/pituitary/Tr-pi_810.jpg,pituitary,training,False,13119,7ada963d0bed1422db9a051c63682bfe,256,256,L,e1bce2a4a6b6b61a,
Training/pituitary/Tr-pi_811.jpg,pituitary,training,False,35852,80ee348cf9536e5715d02ecbb51d7927,512,512,RGB,7ce2c9db929a8ca4,
Training/pituitary/Tr-pi_812.jpg,pituitary,training,False,39045,99e0890275f773a6baa17d02fc0bdefb,512,512,RGB,70f2c8f4b9b20c88,
Training/pituitary/Tr-pi_813.jpg,pituitary,training,False,22735,83aeba8944a528eec71e34e463677b02,512,512,L,70e8ccd2a8f0e070,
Training/pituitary/Tr-pi_814.jpg,pituitary,training,False,31019,871bfad33089f458e00134c6d8a54064,512,512,RGB,39fcf2ccf4ba9cec,
Training/pituitary/Tr-pi_815.jpg,pituitary,training,False,19969,8cc4b0c2d6362392aadf8b3682ae9b6b,512,512,L,78c8ccd8e8e8d471,
Training/pituitary/Tr-pi_816.jpg,pituitary,training,False,36280,48a4bb491885b72be52a734fb39ec57a,512,512,RGB,f8c89c96b0a8d470,
Training/pituitary/Tr-pi_817.jpg,pituitary,training,False,33164,1d13eced905137ef5045ca425e46049d,512,512,RGB,39f4f8b4fa9294cc,
Training/pituitary/Tr-pi_818.jpg,pituitary,training,False,27024,2953c0901ee2ca5cac6783f90625611a,512,512,RGB,70e4cea2b8f0d871,
Training/pituitary/Tr-pi_819.jpg,pituitary,training,False,25150,32b8f8a3415c82559de1db98bf0bb3a8,512,512,L,31ecd4e8f8eee894,
Training/pituitary/Tr-pi_82.jpg,pituitary,training,False,38955,678f01cc7212bdedca1a6bb73bbf3702,512,512,RGB,7cd2edbbb5a2c8a8,
Training/pituitary/Tr-pi_820.jpg,pituitary,training,False,30284,cc923f06dbaf10becd38efb91d57b9db,512,512,RGB,73e8ccb2b2aec694,
Training/pituitary/Tr-pi_821.jpg,pituitary,training,False,30902,00c21049658b3014a7ec674dd57d50ae,512,512,RGB,f1e8c896ccc8d4f8,
Training/pituitary/Tr-pi_822.jpg,pituitary,training,False,26616,23b545c2fc37aa83e9a696ef66a5ccbb,512,512,L,71e8e8e8b2b2ecf0,
Training/pituitary/Tr-pi_823.jpg,pituitary,training,False,33959,8ce85332a305ed9012419bc2a2211831,512,512,RGB,71e8aab28eaa90e4,
Training/pituitary/Tr-pi_824.jpg,pituitary,training,False,28705,a31c0971129f460daf821e0c8ad7a8b4,512,512,RGB,78c8caaaa8d0e471,
Training/pituitary/Tr-pi_825.jpg,pituitary,training,False,26642,0d1551cac77563ae4fcbd36368b3f974,512,512,RGB,b2e0c894b2e8f8b0,
Training/pituitary/Tr-pi_826.jpg,pituitary,training,False,25206,ed120c77cdae17c4e8349cd579d47c89,512,512,L,71e8aab2e8f8e471,
Training/pituitary/Tr-pi_827.jpg,pituitary,training,False,21993,96c28c93ce73f9c17d44d5712b7834df,512,512,L,22e1dca2b086d4d2,
Training/pituitary/Tr-pi_828.jpg,pituitary,training,False,26283,5ba9cff853a5b46199796e4bc784df8f,512,512,L,71ecaab292e888f0,
Training/pituitary/Tr-pi_829.jpg,pituitary,training,False,30380,d03bb9d76f8c808a2f1a32473d36c16a,512,512,RGB,ccb24cd4a8961e3c,
Training/pituitary/Tr-pi_83.jpg,pituitary,training,False,29491,e6c130f960c763c6fa697e6ffad0db28,512,512,L,71ccaaaaaab2aee8,
Training/pituitary/Tr-pi_830.jpg,pituitary,training,False,28030,ec7a14363a4256957acc86c87bd6132d,512,512,RGB,39ecf28ea49adef6,
Training/pituitary/Tr-pi_831.jpg,pituitary,training,False,30561,13cbf81f165a0e7a3eb9096e714a6a5a,512,512,RGB,71e8aa96ccc8c871,
Training/pituitary/Tr-pi_832.jpg,pituitary,training,False,24831,8c8f7fabfadadbb24ae08076945df47c,512,512,L,71e8eae8b2aaecd2,
Training/pituitary/Tr-pi_833.jpg,pituitary,training,False,30634,f3834a46ec765a8750ba8c188127f500,512,512,RGB,ecd8ac56aa9684cc,
Training/pituitary/Tr-pi_834.jpg,pituitary,training,False,25163,0cc3096dcf5eacfab0ce71258a9cef6c,512,512,L,71dce8f2b2baa6f6,
Training/pituitary/Tr-pi_835.jpg,pituitary,training,False,26983,c9053542992a4aa3a96c75a58e6cdb96,512,512,L,70f8aab2cecea2d4,
Training/pituitary/Tr-pi_836.jpg,pituitary,training,False,27649,d611465d149d7fc4e672f4cebc8579bc,512,512,L,d4eae8aab6a8e4f0,
Training/pituitary/Tr-pi_837.jpg,pituitary,training,False,31229,cba1795bb5c183fd9700bf87061a8f14,512,512,RGB,ecd2aa64a8968ccc,
Training/pituitary/Tr-pi_838.jpg,pituitary,training,False,34083,9046cdaa862e3b037a5ef2a407d7a2e2,512,512,RGB,69dca8e8b2a8e8cc,
Training/pituitary/Tr-pi_839.jpg,pituitary,training,False,28864,8dbfeb34bffa9d00df5e95e683325303,512,512,L,71e4aaaabaaaaab4,
Training/pituitary/Tr-pi_84.jpg,pituitary,training,False,16597,3acf5860ff852eed0d60c56904126e9e,256,256,RGB,78c2b8da9a9292a7,
Training/pituitary/Tr-pi_840.jpg,pituitary,training,False,29994,219b727f2692be95fa91165320ad7fca,512,512,RGB,79dcba66b496d4a4,
Training/pituitary/Tr-pi_841.jpg,pituitary,training,False,28255,4fa76c88fe58ef7f171cc483c46621ad,512,512,L,71e8aaaaba8aaab8,
Training/pituitary/Tr-pi_842.jpg,pituitary,training,False,33678,b6b62cb09aa75a54d07b33a6abd01bf5,512,512,RGB,72e0c8a292b2aab2,
Training/pituitary/Tr-pi_843.jpg,pituitary,training,False,31089,c088aeece3749444b21caf6be25ca6d6,512,512,RGB,78e68ceebcd66af8,
Training/pituitary/Tr-pi_844.jpg,pituitary,training,False,27120,00f494cc9170f65ba896b204b47826c7,512,512,L,e1a44a42a696c8d8,
Training/pituitary/Tr-pi_845.jpg,pituitary,training,False,25576,27fde7830074fc1066fad80bba841333,512,512,L,d4e888b2b2e2cc70,
Training/pituitary/Tr-pi_846.jpg,pituitary,training,False,32122,bb99bf7a671251b5d7502bc19f1d5c77,512,512,RGB,f1e8aab2a8aaf071,
Training/pituitary/Tr-pi_847.jpg,pituitary,training,False,20595,428c8e6954ae6f3ade511ce7a3ff6376,512,512,L,70c8ccd4e0d4d470,
Training/pituitary/Tr-pi_848.jpg,pituitary,training,False,17828,5740506b6483c730f1b1b5557da2fe19,512,512,L,b0e8f4e0e8dce070,
Training/pituitary/Tr-pi_849.jpg,pituitary,training,False,21841,ce9b2c4eba39e6594f39eea472962639,512,512,L,70f8c8cee8d4d470,
Training/pituitary/Tr-pi_85.jpg,pituitary,training,False,35081,fd3d5f357f50d70c3dc8852c85cb620f,512,512,RGB,7cc2a989b5978684,
Training/pituitary/Tr-pi_850.jpg,pituitary,training,False,35635,2a30ca3c77be0e4841ffd2965816f8a5,512,512,RGB,71e8e8d0a2aaeae0,
Training/pituitary/Tr-pi_851.jpg,pituitary,training,False,24704,ddf454412f71eb80af956781d2c34268,512,512,L,70fc8a928eaad460,
Training/pituitary/Tr-pi_852.jpg,pituitary,training,False,36162,f419373a2cc62f511dd1c24930f2959c,512,512,RGB,61c8e8b4aaaab0f0,
Training/pituitary/Tr-pi_853.jpg,pituitary,training,False,30828,faca9659f282286c78c681286ccfcc0c,360,378,RGB,31f0a4b6ce8cd471,
Training/pituitary/Tr-pi_854.jpg,pituitary,training,False,32177,cec769b29c12886554b8a36aab734dfe,512,512,RGB,71cce8e892e8c84c,
Training/pituitary/Tr-pi_855.jpg,pituitary,training,False,33067,41b3f6f4b5a52d9c6f5846086fc11ba6,512,512,RGB,d4c8aab2aaa4d471,
Training/pituitary/Tr-pi_856.jpg,pituitary,training,False,34634,a212502411049ea5b1f13ccf7097f4c9,512,512,RGB,f1e0aab28c8cbad4,
Training/pituitary/Tr-pi_857.jpg,pituitary,training,False,15564,37467cc9d034a9213e185a0790a0a6b3,225,225,RGB,b2e86971332d2fbb,
Training/pituitary/Tr-pi_858.jpg,pituitary,training,False,29631,5633c25f9f7ce50314424ab38dad11c1,512,512,RGB,70e8ccf4e0e8f071,
Training/pituitary/Tr-pi_859.jpg,pituitary,training,False,28417,7c912aba7cfa5bb3fc361637231dd4e0,512,512,L,c8a464069696daec,
Training/pituitary/Tr-pi_86.jpg,pituitary,training,False,25818,68ecbb981ea1bcae47f31424977dbbe9,512,512,L,71e8e88ec4cccc70,
Training/pituitary/Tr-pi_860.jpg,pituitary,training,False,30359,1bce31db73ba778fd9040a589a38ba7c,512,512,RGB,79fcfadcf4b296ce,
Training/pituitary/Tr-pi_861.jpg,pituitary,training,False,24356,5fdbd7b721aeeccad778cfe3e6cf0ed6,512,512,L,61c8a0c4d2d694c8,
Training/pituitary/Tr-pi_862.jpg,pituitary,training,False,37037,11ce3ed99a783030bd1528ac705edf80,512,512,RGB,7cdaedddb5b26ae8,
Training/pituitary/Tr-pi_863.jpg,pituitary,training,False,268072,6c9fee8d2f733b06b500a0ab9d0c3fd3,1335,1302,RGB,e8d092d4d44c88da,
Training/pituitary/Tr-pi_864.jpg,pituitary,training,False,28564,f68bd4d5cf00ec005e047961e4729336,512,512,L,cc9aaab2e4aad4f1,
Training/pituitary/Tr-pi_865.jpg,pituitary,training,False,30303,84873298f87b3d7c90ade57d01d48e34,512,512,RGB,74dae8f2dacaf6f6,
Training/pituitary/Tr-pi_866.jpg,pituitary,training,False,28015,9f2a2b3225b4ec3a005fc46774764197,512,512,L,e8dcaab2b2a8f0f0,
Training/pituitary/Tr-pi_867.jpg,pituitary,training,False,27162,7195792efb28498b832e0039d1e39b60,512,512,L,e1b44a424e169fc9,
Training/pituitary/Tr-pi_868.jpg,pituitary,training,False,29968,636039acd57dccb1ee282ae9b2002cae,512,512,RGB,71e8ccb2b0c0d471,
Training/pituitary/Tr-pi_869.jpg,pituitary,training,False,26260,342c6cd2a456a7d9f64a614105432645,512,512,L,31e8e8a8b2aaecf0,
Training/pituitary/Tr-pi_87.jpg,pituitary,training,False,35377,527e7d0222ba61716779d8f4b9b1592f,512,512,RGB,c8aaaab6caaad470,
Training/pituitary/Tr-pi_870.jpg,pituitary,training,False,30433,53956fb936543060f9fe24c29671d30c,512,512,RGB,71c8a8b2aaaab2f0,
Training/pituitary/Tr-pi_871.jpg,pituitary,training,False,30554,49f8bb0a9faf1d83027bd0622676d127,512,512,RGB,79dcacd4eaaaaaa8,
Training/pituitary/Tr-pi_872.jpg,pituitary,training,False,24184,f1bd43eaa2b7ad80bbb7ddca30884db2,512,512,L,f1e0a8c88e9c96cc,
Training/pituitary/Tr-pi_873.jpg,pituitary,training,False,34426,88155d7a46f2756df7454f352a67516b,512,512,RGB,68c4e8929ae8e869,
Training/pituitary/Tr-pi_874.jpg,pituitary,training,False,25085,12d57e316cca16921fbad774dfd304e3,512,512,L,61c8a6a2b2b6d890,
Training/pituitary/Tr-pi_875.jpg,pituitary,training,False,29676,ff90bc5bbdf94733049ce3228346ba61,512,512,RGB,38ecd2c8dc928ea4,
Training/pituitary/Tr-pi_876.jpg,pituitary,training,False,24957,db462ef5ba17b73623d74aca7934afb4,512,512,L,31e8c8a8b2aaacd6,
Training/pituitary/Tr-pi_877.jpg,pituitary,training,False,26348,96dc39c296eaa3907889567a4e802129,512,512,L,69ecaaa2aae8f0f0,
Training/pituitary/Tr-pi_878.jpg,pituitary,training,False,40442,37f42c6a8b3782e3fe33c00e570ad7fe,442,442,RGB,4a4d6971717b2b2d,
Training/pituitary/Tr-pi_879.jpg,pituitary,training,False,27022,1ca3c63216b4982c78e306248a730d9c,512,512,L,d4e888b6e2f0c870,
Training/pituitary/Tr-pi_88.jpg,pituitary,training,False,34464,f529dd25e2581da6b83b0f117bace228,512,512,RGB,71e4e8e8d0b0c8e4,
Training/pituitary/Tr-pi_880.jpg,pituitary,training,False,36914,6b4de1f7396b65d413de98d1436cfa53,512,512,RGB,ecf1cdb79e87cce4,
Training/pituitary/Tr-pi_881.jpg,pituitary,training,False,31505,2b8941b01fbf8e4b3eee26f82179deb9,512,512,RGB,74e69aecacd6fc6c,
Training/pituitary/Tr-pi_882.jpg,pituitary,training,False,37522,dcd9ef9d12ecda2ed54675ef6be31770,512,512,RGB,78c2edfb95968cc4,
Training/pituitary/Tr-pi_883.jpg,pituitary,training,False,32090,05c3caea567ffd77caf79c12654b87e5,512,512,RGB,79dcba5464b224d4,
Training/pituitary/Tr-pi_884.jpg,pituitary,training,False,22792,7066bac798b9db495aeeeb32bae5d0f8,512,512,L,f0e8e8d0e8ccd0f0,
Training/pituitary/Tr-pi_885.jpg,pituitary,training,False,24344,921f334b242480199eb78f7bd3bbf9c3,512,512,L,70ecaeaaeee8f0f0,
Training/pituitary/Tr-pi_886.jpg,pituitary,training,False,31311,b24fed598dd81e7f83dab8de4cebe7d7,512,512,RGB,f1c88aaa88e8f0f0,
Training/pituitary/Tr-pi_887.jpg,pituitary,training,False,25297,66b7439180ffc482be698b55afb15882,512,512,L,71e8a896cce8f0e8,
Training/pituitary/Tr-pi_888.jpg,pituitary,training,False,30208,d4b2e2be1dcc9276dfae8c33251860c1,512,512,RGB,6afde4edcbeef6f7,
Training/pituitary/Tr-pi_889.jpg,pituitary,training,False,34515,43e60701ad7b923fc477e9276ed444d6,512,512,RGB,71ccb2f9ea9236ec,
Training/pituitary/Tr-pi_89.jpg,pituitary,training,False,30306,66a3675e850a18a5aa55931262282178,512,512,RGB,79ccba54a4b224e4,
Training/pituitary/Tr-pi_890.jpg,pituitary,training,False,29002,5d3ff446597f7bf96f8da8b82d456718,512,512,L,e8a46456461697ce,
Training/pituitary/Tr-pi_891.jpg,pituitary,training,False,28455,f870dd47f847ac5a15c13627a866c6db,512,512,RGB,70ecc6d0e8f4d870,
Training/pituitary/Tr-pi_892.jpg,pituitary,training,False,28173,223b9e9bbd0819b3a34f71bfbf7f70dd,512,512,L,61ccaaeab292dcde,
Training/pituitary/Tr-pi_893.jpg,pituitary,training,False,34182,b6d2fbff3bcc063ab33e3761c74b974b,512,512,RGB,71e0e8b2a2aaeae8,
Training/pituitary/Tr-pi_894.jpg,pituitary,training,False,24216,1e99acd21424e62266c188ba357fdb43,512,512,L,c1a0c090a48c9890,
Training/pituitary/Tr-pi_895.jpg,pituitary,training,False,28937,4affb192ba0d7a7f2e3e1f626925bcae,512,512,L,e1a0d8d0e3bdcee6,
Training/pituitary/Tr-pi_896.jpg,pituitary,training,False,36287,be4e6d1d9541ec812438634adb0868e1,512,512,RGB,e9c8e8c092e6cc4c,
Training/pituitary/Tr-pi_897.jpg,pituitary,training,False,27343,9889dd3254bc24b3a83bf16746ebe11c,512,512,L,71cce8b0b2e8f0e8,
Training/pituitary/Tr-pi_898.jpg,pituitary,training,False,23278,29783b83c6c90ba2dad0b58953e6d56b,512,512,L,61c4a298d29694da,
Training/pituitary/Tr-pi_899.jpg,pituitary,training,False,39808,8902f3612289bdb481ea3ba466e16c05,512,512,RGB,cce8c8a8b2aaaab2,
Training/pituitary/Tr-pi_9.jpg,pituitary,training,False,26760,30e534efc041e0d57df292c8be40eb17,512,512,L,e9cce8b6a6e8e869,
Training/pituitary/Tr-pi_90.jpg,pituitary,training,False,26773,b5505d988cab7195ad513404e29ad0fe,512,512,L,c184cadcc0929ad0,
Training/pituitary/Tr-pi_900.jpg,pituitary,training,False,29831,91b79da6cee3f8e8780b131961a62793,512,512,RGB,69ec8eceecf4f071,
Training/pituitary/Tr-pi_901.jpg,pituitary,training,False,24691,babdfcdcebfc6820e6d3fd8b0ad8b569,512,512,L,c184e6984a8e9981,
Training/pituitary/Tr-pi_902.jpg,pituitary,training,False,34348,7325fbdaa54ed0442903a29589a28043,512,512,RGB,71e8ecb2b2aacccc,
Training/pituitary/Tr-pi_903.jpg,pituitary,training,False,26623,71afc557bdf83d58d678427f30aeaed2,512,512,L,71e8e8b2baaaa8e8,
Training/pituitary/Tr-pi_904.jpg,pituitary,training,False,41580,2b12889aae9fb38f882140e2e33be4fc,512,512,RGB,69e0e8e0948ee0e0,
Training/pituitary/Tr-pi_905.jpg,pituitary,training,False,28900,5ccf54a57c0603ee771000be2048cf4f,512,512,L,e18c684a5216cecd,
Training/pituitary/Tr-pi_906.jpg,pituitary,training,False,34824,5de00e5a3c614a1c16df639777f91491,512,512,RGB,68ccaaa8b2aacccc,
Training/pituitary/Tr-pi_907.jpg,pituitary,training,False,20872,cb0d3b4d85f3e2298704f622b4d280bf,512,512,L,70e8ccd4c8f0e070,
Training/pituitary/Tr-pi_908.jpg,pituitary,training,False,28476,219e5b058d095eb97e806d1d7a6c57f5,512,512,L,e1a45244b496dcdc,
Training/pituitary/Tr-pi_909.jpg,pituitary,training,False,29596,063fc0b0e6b19668420fa0ec08539ffe,512,512,L,d1a048505616cecc,
Training/pituitary/Tr-pi_91.jpg,pituitary,training,False,35606,89169f510d1e60023d2a79f30a93fce5,512,512,RGB,b2e0f0d4ccd4d469,
Training/pituitary/Tr-pi_910.jpg,pituitary,training,False,34263,3bf512af4d02f6ac45a425118e7025c2,512,512,RGB,31f8c0e8d2a0c8e4,
Training/pituitary/Tr-pi_911.jpg,pituitary,training,False,22604,b99cf9cde08554cd02396e894ec2f23f,512,512,L,70f8dcd2a8f0c470,
Training/pituitary/Tr-pi_912.jpg,pituitary,training,False,25288,bc84d2f234cac3c68d2e2da072c24283,512,512,L,71e8e8e8caf2aee0,
Training/pituitary/Tr-pi_913.jpg,pituitary,training,False,38838,6ea1621c669c09b594422b4566671d37,512,512,RGB,70d6b9a6a69d06e6,
Training/pituitary/Tr-pi_914.jpg,pituitary,training,False,33874,03ab1d9fb61c5890e58e27ada2a63687,512,512,RGB,f0e8eacab288c8bc,
Training/pituitary/Tr-pi_915.jpg,pituitary,training,False,23495,506b5f3b8a45b1487ac663992b2570d5,512,512,L,78f8ccc8f0e8ec71,
Training/pituitary/Tr-pi_916.jpg,pituitary,training,False,21812,0de4d4694fa08aeacf1fec68c5229370,512,512,L,61c8b08edaa48490,
Training/pituitary/Tr-pi_917.jpg,pituitary,training,False,30798,5a1cece0dadcf0d5438962cf12279151,512,512,RGB,71e4eab2cce8d46c,
Training/pituitary/Tr-pi_918.jpg,pituitary,training,False,27889,b46d4a2aa009700927797fcb02d1adc3,512,512,RGB,70e8ccf0e8f0f071,
Training/pituitary/Tr-pi_919.jpg,pituitary,training,False,24483,7fba157fd69438984c217e5c2f81f7a1,512,512,L,71f0a8b2ccc8d4c8,
Training/pituitary/Tr-pi_92.jpg,pituitary,training,False,25150,35c0b11fb5bb830b8de3485f74426942,512,512,L,33e8d4a8b28aa8b4,
Training/pituitary/Tr-pi_920.jpg,pituitary,training,False,23364,5f5816b6cf9f05df20460757b828bce1,512,512,RGB,b2f0ccd4ccd471b2,
Training/pituitary/Tr-pi_921.jpg,pituitary,training,False,32871,8c995b7c105da33062f4725437f6cf29,512,512,RGB,64d8edead4d376f6,
Training/pituitary/Tr-pi_922.jpg,pituitary,training,False,28974,64f64fe797b24accaf7fb9e854fd9f30,512,512,RGB,38fcfce4acb2b6e4,
Training/pituitary/Tr-pi_923.jpg,pituitary,training,False,29476,1d5ae7e1693091766d7d87034efa0113,512,512,RGB,79f4bad4b692d6ec,
Training/pituitary/Tr-pi_924.jpg,pituitary,training,False,24210,c9e1b9a85cfd32b217f8b2515458bad2,512,512,L,71d4a294d29694c8,
Training/pituitary/Tr-pi_925.jpg,pituitary,training,False,30019,fa9b138e19345d1ee2b9c3a27c1b0190,512,512,RGB,71f0b2b2c8d4d471,
Training/pituitary/Tr-pi_926.jpg,pituitary,training,False,31929,536f922de5a2cba70a81552decd84fb2,512,512,RGB,39fcfadcf4b294cc,
Training/pituitary/Tr-pi_927.jpg,pituitary,training,False,22338,09d8fc4aa9967c99a4068db90e99b693,512,512,L,70c8c8ccb0b8e870,
Training/pituitary/Tr-pi_928.jpg,pituitary,training,False,17709,37d9b2e8f32519fba8e67ef120bb343e,201,210,RGB,e8ece8f0d0ac8aaa,
Training/pituitary/Tr-pi_929.jpg,pituitary,training,False,35874,142cc8f72a979ca75eb6cf79e611c8eb,512,512,RGB,e8c4aab2b2eaf0f0,
Training/pituitary/Tr-pi_93.jpg,pituitary,training,False,33928,b3afddf36580f6f20f457a539e67c9c0,512,512,RGB,71e8e8a8aaaaeacc,
Training/pituitary/Tr-pi_930.jpg,pituitary,training,False,23000,da37c230d56e8b50295e1919292a1ff5,512,512,L,70f8ccd2bac0f070,
Training/pituitary/Tr-pi_931.jpg,pituitary,training,False,27062,2da0f35f4648a47c9248c6aed1004fc8,512,512,L,70ecce82cee4e8d0,
Training/pituitary/Tr-pi_932.jpg,pituitary,training,False,25838,7a645e109f71c179017ad4c36b7020a4,512,512,L,c994ea94d2969c88,
Training/pituitary/Tr-pi_933.jpg,pituitary,training,False,27228,7f8ad70d50a834f82e87df33e21ae91e,512,512,L,71e8e0e894f2ecd8,
Training/pituitary/Tr-pi_934.jpg,pituitary,training,False,24942,a16d10cfe6a2858eb3485545c5f4738b,512,512,L,884488a0540c9080,
Training/pituitary/Tr-pi_935.jpg,pituitary,training,False,26484,b9e4055ef808ed6eb8bd62d9a79c0079,512,512,L,71e8aa8ac8aad471,
Training/pituitary/Tr-pi_936.jpg,pituitary,training,False,116242,efd4f6a5889ec223c48ae44cd62002e2,940,900,RGB,6398a8f1989baeeb,
Training/pituitary/Tr-pi_937.jpg,pituitary,training,False,31665,77f4e5fd7b7cc761feaddec43bb792a1,512,512,RGB,f1c8aab2ccaac4f1,
Training/pituitary/Tr-pi_938.jpg,pituitary,training,False,33516,dd14f64c433480b5121d84d0b27bc5e4,512,512,RGB,33e8cce896aae8f0,
Training/pituitary/Tr-pi_939.jpg,pituitary,training,False,27172,b48b3e6ec1ec27e3d34a84dc610d8e05,512,512,RGB,71e8cab2a8aad071,
Training/pituitary/Tr-pi_94.jpg,pituitary,training,False,23819,1cd05d73bbc4bd32316a91fa13290a13,512,512,L,e1c8a48a9a9694c8,
Training/pituitary/Tr-pi_940.jpg,pituitary,training,False,34751,53cfe0131c8a47fc8c7102af1abbda0b,512,512,RGB,f1c88c948cd8e8f0,
Training/pituitary/Tr-pi_941.jpg,pituitary,training,False,29629,c421a5b4e4155086092cd54d4a797d29,512,512,RGB,71d8a0feaab694ec,
Training/pituitary/Tr-pi_942.jpg,pituitary,training,False,33229,9b5020b95f2bde4b413e347e997bcf8d,512,512,RGB,71e8e88cdcc8cc71,
Training/pituitary/Tr-pi_943.jpg,pituitary,training,False,268812,45e8c308a42e1995239b2934f71bace3,1338,1304,RGB,e8d092d4d44c88da,
Training/pituitary/Tr-pi_944.jpg,pituitary,training,False,20893,17ba9d78360c8322cc4750321b5ad657,512,512,L,f0ecd4d4e8d4e8b2,
Training/pituitary/Tr-pi_945.jpg,pituitary,training,False,27367,6f10ba383c67cd3f981686277a2cc7f3,512,512,L,33e0ccaaa89ec8c8,
Training/pituitary/Tr-pi_946.jpg,pituitary,training,False,35843,df2a4cbb8844757c0722ff45e2ee4d77,512,512,RGB,73e8d4aae886eeec,
Training/pituitary/Tr-pi_947.jpg,pituitary,training,False,33027,ea1cbcaab205d163cfb0b5e6654fb690,512,512,RGB,71cce8e2b2e8e8e8,
Training/pituitary/Tr-pi_948.jpg,pituitary,training,False,32370,7710aeb753ab449239fbad4e3132652e,512,512,RGB,39ec9aaab292a4d6,
Training/pituitary/Tr-pi_949.jpg,pituitary,training,False,24563,5f9810385bfac02f768f58bebc38c8ac,512,512,L,70e8dcd0b2d4e4f0,
Training/pituitary/Tr-pi_95.jpg,pituitary,training,False,37387,c9a026c5f5bc2a425ba22a4f3ddb4135,512,512,RGB,70d6e9eea79dc4e4,
Training/pituitary/Tr-pi_950.jpg,pituitary,training,False,36104,0010727efcd278c61306172ec0ca5a3f,512,512,RGB,ecd8adac8c9c2a80,
Training/pituitary/Tr-pi_951.jpg,pituitary,training,False,34495,ed0f83467509c01cdf7fb872fdec4bcb,512,512,RGB,78c28dbc85c786e4,
Training/pituitary/Tr-pi_952.jpg,pituitary,training,False,28463,9fb0bba1d0797383a40a1cb85f912eca,512,512,RGB,f0ecc4b2a2d4f0b2,
Training/pituitary/Tr-pi_953.jpg,pituitary,training,False,32625,26cdd3df55d0f47c79dd221ff90845f0,512,512,RGB,71dcaa5eb496d6e6,
Training/pituitary/Tr-pi_954.jpg,pituitary,training,False,34727,201c42420924c6cb3ca080b2d6773175,512,512,RGB,70ceb99d95962448,
Training/pituitary/Tr-pi_955.jpg,pituitary,training,False,29739,3152dac756505391188bf6cfb2bbda07,512,512,RGB,e6d5eebe95cbe6fe,
Training/pituitary/Tr-pi_956.jpg,pituitary,training,False,24374,0581e59052dfb57046fddeb4d1878faa,512,512,L,c8d0cccc8a968682,
Training/pituitary/Tr-pi_957.jpg,pituitary,training,False,33015,77f5814acf70c8941f0b977b1d6a9d90,512,512,RGB,71cce8aab2b4eccc,
Training/pituitary/Tr-pi_958.jpg,pituitary,training,False,32212,3a883e16cfb247a869eb1f7aa0cec9f5,512,512,RGB,33e8c4eab2aeead2,
Training/pituitary/Tr-pi_959.jpg,pituitary,training,False,20287,017f495fe3897e860f28ad99eef51aa6,512,512,L,70e8c8d0e8f0ec71,
Training/pituitary/Tr-pi_96.jpg,pituitary,training,False,24152,94fb1a9e5bb33b10fdde473087a3fce6,512,512,L,e1dca0929e9ccc7c,
Training/pituitary/Tr-pi_960.jpg,pituitary,training,False,29984,46c1439fcdc5ecdc6c6c80311d1a7c5e,474,474,RGB,b974cad2dadce8c9,
Training/pituitary/Tr-pi_961.jpg,pituitary,training,False,26759,7cb3263477b7031290716618352b4cf4,512,512,L,71ccaaaaaaaaaab0,
Training/pituitary/Tr-pi_962.jpg,pituitary,training,False,33561,15cf7ebeefbbb7e57abf759acc3af7ef,512,512,RGB,71e8e8eab2aac8f0,
Training/pituitary/Tr-pi_963.jpg,pituitary,training,False,38673,dcc35abc8fcb327942b24d5fe2a19601,512,512,RGB,dcaaeabaa6c88ccc,
Training/pituitary/Tr-pi_964.jpg,pituitary,training,False,26529,d54df731bb5cc06e521f7673eeb9b6be,512,512,L,e9dce8b2b2e8c849,
Training/pituitary/Tr-pi_965.jpg,pituitary,training,False,32372,ed61dff9a53f85a35b2b57acb2bb2468,512,512,RGB,3974dac4fc92d6e4,
Training/pituitary/Tr-pi_966.jpg,pituitary,training,False,27990,82dfc997a459b6eea1d7a580826d50aa,512,512,L,79ece8aab2aaaab2,
Training/pituitary/Tr-pi_967.jpg,pituitary,training,False,24884,c006591ef185b678c080090ad19a2ad1,512,512,L,70e8aaa2a8aaf071,
Training/pituitary/Tr-pi_968.jpg,pituitary,training,False,23859,19fdc04fc5c6b76f4ce19becf66821d4,512,512,L,70e8e8d0ecc8f0f0,
Training/pituitary/Tr-pi_969.jpg,pituitary,training,False,16405,b7f875bedfac719015cc81bc888151b3,225,225,RGB,f0e8bab2a8a8a2ea,
Training/pituitary/Tr-pi_97.jpg,pituitary,training,False,22913,27e65e103721bdf730f83b744d3c48db,512,512,L,61d8b2aaaab3d98c,
Training/pituitary/Tr-pi_970.jpg,pituitary,training,False,32095,982cd52050f483c30237a322dd0c5e81,512,512,RGB,39ecd28cf49696b4,
Training/pituitary/Tr-pi_971.jpg,pituitary,training,False,29366,b19b25501be24288dc5c82c0c80291b6,512,512,RGB,70e0ccb4a2f4f070,
Training/pituitary/Tr-pi_972.jpg,pituitary,training,False,22902,e9c1ab3a887913bec73f2cd1bf3b5ed8,512,512,L,61c8a48adaa6a698,
Training/pituitary/Tr-pi_973.jpg,pituitary,training,False,25683,ba3b7355ec918f457a796bc9fc3e972e,512,512,L,e0b04c8092d69ecc,
Training/pituitary/Tr-pi_974.jpg,pituitary,training,False,34771,c4662b55eb9f3404d40887b8dadcc876,512,512,RGB,69e0e8b094e8e8f0,
Training/pituitary/Tr-pi_975.jpg,pituitary,training,False,16383,c1d0f0c76d5f180c96d3a93a1511c6bc,256,256,RGB,7cc2c8dab29296a7,
Training/pituitary/Tr-pi_976.jpg,pituitary,training,False,27211,7221447aa8910b625281d5dfc9b2bb96,512,512,L,31ecccaab2ba8ab2,
Training/pituitary/Tr-pi_977.jpg,pituitary,training,False,27148,79d4958b1ec93aa9001889f3da2b23e5,512,512,L,69d8e8b2d6e8e870,
Training/pituitary/Tr-pi_978.jpg,pituitary,training,False,36718,b9522d51feeee4bd0ad24b5999f69cdb,512,512,RGB,cca6aaa2d8a2d470,
Training/pituitary/Tr-pi_979.jpg,pituitary,training,False,37011,90f9c3ae53a34de694c55059329be834,512,512,RGB,7ce2c9a9d2d286c4,
Training/pituitary/Tr-pi_98.jpg,pituitary,training,False,26006,820a5e9ba10d0bf0d1c3046c1f4bdcd3,512,512,L,c4c2cc94ca9298d2,
Training/pituitary/Tr-pi_980.jpg,pituitary,training,False,21772,6ed8e5f973bda0c70b96e8fc623fa11b,512,512,L,b2e8dcd4f0f469b2,
Training/pituitary/Tr-pi_981.jpg,pituitary,training,False,21857,66a6d9c3455a44341ff8c051ad4f01dd,512,512,L,70e8ccf0e8f0f070,
Training/pituitary/Tr-pi_982.jpg,pituitary,training,False,28148,13ac7f0269fb59a98457453f5e12a330,512,512,L,e8eca8b2aace8689,
Training/pituitary/Tr-pi_983.jpg,pituitary,training,False,97071,ec4f8bc59e14e9f5b907118e0c9e08b5,721,903,RGB,a6e9ecd4b35d4d49,
Training/pituitary/Tr-pi_984.jpg,pituitary,training,False,33614,b612aa0d702020c3dd896f4294000a02,512,512,RGB,78ccba66dd92964e,
Training/pituitary/Tr-pi_985.jpg,pituitary,training,False,33624,8502817ebf0fb1bea7757758fd5358a3,512,512,RGB,71c0aaaaa2ae8ad2,
Training/pituitary/Tr-pi_986.jpg,pituitary,training,False,13808,bddc16b9d01aa908f7b0be7c42b30007,256,256,RGB,71e8e8e8e8f2aae8,
Training/pituitary/Tr-pi_987.jpg,pituitary,training,False,32449,35b9cea43e3de383594bfc679f4a882b,512,512,RGB,7cf2edcdb992d4c4,
Training/pituitary/Tr-pi_988.jpg,pituitary,training,False,24334,0bbc973743de7da1b2d5b3a2614fb52f,512,512,L,31e8c8e8b2aee8d0,
Training/pituitary/Tr-pi_989.jpg,pituitary,training,False,29284,abaa02f293f815152b173af89192d084,512,512,RGB,69ec92e8cce4f071,
Training/pituitary/Tr-pi_99.jpg,pituitary,training,False,32651,f33abc1208d8411e8e28a37c86b0bf96,512,512,RGB,71c0e8e8acb088e8,
Training/pituitary/Tr-pi_990.jpg,pituitary,training,False,34302,93313d0c290f1e00bf9726e8fe3be1c1,512,512,RGB,6cd2e9b99296c4c0,
Training/pituitary/Tr-pi_991.jpg,pituitary,training,False,26904,51e083128ee310d25cab89a4b175624b,512,512,RGB,b261c0e8c8d470b2,
Training/pituitary/Tr-pi_992.jpg,pituitary,training,False,24935,be4aae1069b73825aaf4922cb3a6a2c4,512,512,L,71e8aab28eaab6d8,
Training/pituitary/Tr-pi_993.jpg,pituitary,training,False,34905,a83fda99427ba217a7df079b2a19fe26,512,512,RGB,e8e8e892b2a88abc,
Training/pituitary/Tr-pi_994.jpg,pituitary,training,False,35732,76194ae90db0d5712093d92e3b78d2c9,512,512,RGB,71e8e8acaea8b0f0,
Training/pituitary/Tr-pi_995.jpg,pituitary,training,False,21075,112645b302ce25198baa081a7a7e4835,512,512,L,70e8c8d0e8f0e471,
Training/pituitary/Tr-pi_996.jpg,pituitary,training,False,24991,d45283326ff8411db070160772e674e9,512,512,RGB,1378c49af29a9eec,
Training/pituitary/Tr-pi_997.jpg,pituitary,training,False,12884,f4d5a7e763b2668268cebb8edc64c176,256,256,L,c1b4e8a4b2b6961a,
Training/pituitary/Tr-pi_998.jpg,pituitary,training,False,26367,ea800cb7660b98aae4a0f3d065e67081,512,512,L,71c8f8e8a8aee8f0,
Training/pituitary/Tr-pi_999.jpg,pituitary,training,False,22480,68173769c8a54f1923a7994d04af3199,512,512,L,dccca2aa8e96c670,
