path,label,label_idx,split,group
Testing/glioma/Te-gl_1.jpg,glioma,0,train,0
Testing/glioma/Te-gl_10.jpg,glioma,0,train,1
Testing/glioma/Te-gl_100.jpg,glioma,0,train,2
Testing/glioma/Te-gl_101.jpg,glioma,0,train,3
Testing/glioma/Te-gl_102.jpg,glioma,0,train,4
Testing/glioma/Te-gl_103.jpg,glioma,0,test,5
Testing/glioma/Te-gl_104.jpg,glioma,0,val,6
Testing/glioma/Te-gl_105.jpg,glioma,0,test,7
Testing/glioma/Te-gl_106.jpg,glioma,0,train,8
Testing/glioma/Te-gl_107.jpg,glioma,0,val,9
Testing/glioma/Te-gl_108.jpg,glioma,0,train,10
Testing/glioma/Te-gl_109.jpg,glioma,0,train,11
Testing/glioma/Te-gl_11.jpg,glioma,0,train,12
Testing/glioma/Te-gl_110.jpg,glioma,0,test,13
Testing/glioma/Te-gl_111.jpg,glioma,0,train,14
Testing/glioma/Te-gl_112.jpg,glioma,0,train,15
Testing/glioma/Te-gl_113.jpg,glioma,0,train,16
Testing/glioma/Te-gl_114.jpg,glioma,0,train,17
Testing/glioma/Te-gl_115.jpg,glioma,0,test,18
Testing/glioma/Te-gl_116.jpg,glioma,0,train,19
Testing/glioma/Te-gl_117.jpg,glioma,0,val,20
Testing/glioma/Te-gl_118.jpg,glioma,0,train,21
Testing/glioma/Te-gl_119.jpg,glioma,0,train,22
Testing/glioma/Te-gl_12.jpg,glioma,0,train,23
Testing/glioma/Te-gl_120.jpg,glioma,0,val,24
Testing/glioma/Te-gl_121.jpg,glioma,0,val,25
Testing/glioma/Te-gl_122.jpg,glioma,0,train,26
Testing/glioma/Te-gl_123.jpg,glioma,0,train,27
Testing/glioma/Te-gl_124.jpg,glioma,0,train,28
Testing/glioma/Te-gl_125.jpg,glioma,0,train,29
Testing/glioma/Te-gl_126.jpg,glioma,0,train,30
Testing/glioma/Te-gl_127.jpg,glioma,0,train,31
Testing/glioma/Te-gl_128.jpg,glioma,0,val,32
Testing/glioma/Te-gl_129.jpg,glioma,0,train,33
Testing/glioma/Te-gl_13.jpg,glioma,0,train,34
Testing/glioma/Te-gl_130.jpg,glioma,0,train,35
Testing/glioma/Te-gl_131.jpg,glioma,0,train,36
Testing/glioma/Te-gl_132.jpg,glioma,0,train,37
Testing/glioma/Te-gl_133.jpg,glioma,0,train,38
Testing/glioma/Te-gl_134.jpg,glioma,0,train,39
Testing/glioma/Te-gl_135.jpg,glioma,0,train,40
Testing/glioma/Te-gl_136.jpg,glioma,0,val,41
Testing/glioma/Te-gl_137.jpg,glioma,0,train,42
Testing/glioma/Te-gl_138.jpg,glioma,0,train,43
Testing/glioma/Te-gl_139.jpg,glioma,0,train,44
Testing/glioma/Te-gl_14.jpg,glioma,0,train,45
Testing/glioma/Te-gl_140.jpg,glioma,0,train,46
Testing/glioma/Te-gl_141.jpg,glioma,0,train,47
Testing/glioma/Te-gl_142.jpg,glioma,0,train,48
Testing/glioma/Te-gl_143.jpg,glioma,0,train,49
Testing/glioma/Te-gl_144.jpg,glioma,0,train,50
Testing/glioma/Te-gl_145.jpg,glioma,0,test,51
Testing/glioma/Te-gl_146.jpg,glioma,0,train,52
Testing/glioma/Te-gl_147.jpg,glioma,0,train,53
Testing/glioma/Te-gl_148.jpg,glioma,0,train,54
Testing/glioma/Te-gl_149.jpg,glioma,0,train,55
Testing/glioma/Te-gl_15.jpg,glioma,0,train,56
Testing/glioma/Te-gl_150.jpg,glioma,0,train,57
Testing/glioma/Te-gl_151.jpg,glioma,0,train,58
Testing/glioma/Te-gl_152.jpg,glioma,0,train,59
Testing/glioma/Te-gl_153.jpg,glioma,0,test,60
Testing/glioma/Te-gl_154.jpg,glioma,0,train,61
Testing/glioma/Te-gl_155.jpg,glioma,0,test,62
Testing/glioma/Te-gl_156.jpg,glioma,0,val,63
Testing/glioma/Te-gl_157.jpg,glioma,0,train,64
Testing/glioma/Te-gl_158.jpg,glioma,0,train,65
Testing/glioma/Te-gl_159.jpg,glioma,0,test,66
Testing/glioma/Te-gl_16.jpg,glioma,0,train,67
Testing/glioma/Te-gl_160.jpg,glioma,0,train,68
Testing/glioma/Te-gl_161.jpg,glioma,0,train,69
Testing/glioma/Te-gl_162.jpg,glioma,0,train,70
Testing/glioma/Te-gl_163.jpg,glioma,0,test,71
Testing/glioma/Te-gl_164.jpg,glioma,0,train,72
Testing/glioma/Te-gl_165.jpg,glioma,0,train,73
Testing/glioma/Te-gl_166.jpg,glioma,0,train,74
Testing/glioma/Te-gl_167.jpg,glioma,0,train,75
Testing/glioma/Te-gl_168.jpg,glioma,0,val,76
Testing/glioma/Te-gl_169.jpg,glioma,0,train,77
Testing/glioma/Te-gl_17.jpg,glioma,0,train,78
Testing/glioma/Te-gl_170.jpg,glioma,0,train,79
Testing/glioma/Te-gl_171.jpg,glioma,0,train,80
Testing/glioma/Te-gl_172.jpg,glioma,0,val,81
Testing/glioma/Te-gl_173.jpg,glioma,0,test,82
Testing/glioma/Te-gl_174.jpg,glioma,0,val,83
Testing/glioma/Te-gl_175.jpg,glioma,0,train,84
Testing/glioma/Te-gl_176.jpg,glioma,0,train,85
Testing/glioma/Te-gl_177.jpg,glioma,0,train,86
Testing/glioma/Te-gl_178.jpg,glioma,0,train,79
Testing/glioma/Te-gl_179.jpg,glioma,0,train,87
Testing/glioma/Te-gl_18.jpg,glioma,0,val,88
Testing/glioma/Te-gl_180.jpg,glioma,0,test,89
Testing/glioma/Te-gl_181.jpg,glioma,0,train,90
Testing/glioma/Te-gl_182.jpg,glioma,0,train,91
Testing/glioma/Te-gl_183.jpg,glioma,0,train,92
Testing/glioma/Te-gl_184.jpg,glioma,0,test,93
Testing/glioma/Te-gl_185.jpg,glioma,0,test,94
Testing/glioma/Te-gl_186.jpg,glioma,0,train,95
Testing/glioma/Te-gl_187.jpg,glioma,0,train,96
Testing/glioma/Te-gl_188.jpg,glioma,0,val,97
Testing/glioma/Te-gl_189.jpg,glioma,0,train,98
Testing/glioma/Te-gl_19.jpg,glioma,0,train,99
Testing/glioma/Te-gl_190.jpg,glioma,0,train,100
Testing/glioma/Te-gl_191.jpg,glioma,0,train,101
Testing/glioma/Te-gl_192.jpg,glioma,0,test,102
Testing/glioma/Te-gl_193.jpg,glioma,0,train,103
Testing/glioma/Te-gl_194.jpg,glioma,0,train,104
Testing/glioma/Te-gl_195.jpg,glioma,0,val,105
Testing/glioma/Te-gl_196.jpg,glioma,0,train,106
Testing/glioma/Te-gl_197.jpg,glioma,0,val,107
Testing/glioma/Te-gl_198.jpg,glioma,0,train,108
Testing/glioma/Te-gl_199.jpg,glioma,0,train,109
Testing/glioma/Te-gl_2.jpg,glioma,0,test,110
Testing/glioma/Te-gl_20.jpg,glioma,0,train,111
Testing/glioma/Te-gl_200.jpg,glioma,0,train,112
Testing/glioma/Te-gl_201.jpg,glioma,0,val,113
Testing/glioma/Te-gl_202.jpg,glioma,0,train,114
Testing/glioma/Te-gl_203.jpg,glioma,0,train,115
Testing/glioma/Te-gl_204.jpg,glioma,0,train,116
Testing/glioma/Te-gl_205.jpg,glioma,0,train,117
Testing/glioma/Te-gl_206.jpg,glioma,0,train,118
Testing/glioma/Te-gl_207.jpg,glioma,0,train,119
Testing/glioma/Te-gl_208.jpg,glioma,0,train,120
Testing/glioma/Te-gl_209.jpg,glioma,0,test,121
Testing/glioma/Te-gl_21.jpg,glioma,0,train,122
Testing/glioma/Te-gl_210.jpg,glioma,0,test,123
Testing/glioma/Te-gl_211.jpg,glioma,0,test,124
Testing/glioma/Te-gl_212.jpg,glioma,0,train,125
Testing/glioma/Te-gl_213.jpg,glioma,0,val,126
Testing/glioma/Te-gl_214.jpg,glioma,0,train,127
Testing/glioma/Te-gl_215.jpg,glioma,0,train,128
Testing/glioma/Te-gl_216.jpg,glioma,0,train,129
Testing/glioma/Te-gl_217.jpg,glioma,0,train,130
Testing/glioma/Te-gl_218.jpg,glioma,0,test,131
Testing/glioma/Te-gl_219.jpg,glioma,0,val,132
Testing/glioma/Te-gl_22.jpg,glioma,0,train,133
Testing/glioma/Te-gl_220.jpg,glioma,0,train,134
Testing/glioma/Te-gl_221.jpg,glioma,0,train,135
Testing/glioma/Te-gl_222.jpg,glioma,0,train,136
Testing/glioma/Te-gl_223.jpg,glioma,0,train,95
Testing/glioma/Te-gl_224.jpg,glioma,0,train,137
Testing/glioma/Te-gl_225.jpg,glioma,0,train,129
Testing/glioma/Te-gl_226.jpg,glioma,0,test,138
Testing/glioma/Te-gl_227.jpg,glioma,0,train,139
Testing/glioma/Te-gl_228.jpg,glioma,0,train,80
Testing/glioma/Te-gl_229.jpg,glioma,0,train,140
Testing/glioma/Te-gl_23.jpg,glioma,0,train,141
Testing/glioma/Te-gl_230.jpg,glioma,0,train,142
Testing/glioma/Te-gl_231.jpg,glioma,0,train,143
Testing/glioma/Te-gl_232.jpg,glioma,0,train,144
Testing/glioma/Te-gl_233.jpg,glioma,0,train,145
Testing/glioma/Te-gl_234.jpg,glioma,0,val,146
Testing/glioma/Te-gl_235.jpg,glioma,0,train,147
Testing/glioma/Te-gl_236.jpg,glioma,0,train,148
Testing/glioma/Te-gl_237.jpg,glioma,0,train,149
Testing/glioma/Te-gl_238.jpg,glioma,0,train,46
Testing/glioma/Te-gl_239.jpg,glioma,0,val,150
Testing/glioma/Te-gl_24.jpg,glioma,0,test,151
Testing/glioma/Te-gl_240.jpg,glioma,0,train,152
Testing/glioma/Te-gl_241.jpg,glioma,0,train,153
Testing/glioma/Te-gl_242.jpg,glioma,0,test,154
Testing/glioma/Te-gl_243.jpg,glioma,0,train,155
Testing/glioma/Te-gl_244.jpg,glioma,0,train,156
Testing/glioma/Te-gl_245.jpg,glioma,0,train,157
Testing/glioma/Te-gl_246.jpg,glioma,0,train,158
Testing/glioma/Te-gl_247.jpg,glioma,0,val,159
Testing/glioma/Te-gl_248.jpg,glioma,0,train,160
Testing/glioma/Te-gl_249.jpg,glioma,0,train,161
Testing/glioma/Te-gl_25.jpg,glioma,0,train,162
Testing/glioma/Te-gl_250.jpg,glioma,0,train,163
Testing/glioma/Te-gl_251.jpg,glioma,0,train,164
Testing/glioma/Te-gl_252.jpg,glioma,0,train,165
Testing/glioma/Te-gl_253.jpg,glioma,0,train,166
Testing/glioma/Te-gl_254.jpg,glioma,0,train,167
Testing/glioma/Te-gl_255.jpg,glioma,0,val,168
Testing/glioma/Te-gl_256.jpg,glioma,0,train,169
Testing/glioma/Te-gl_257.jpg,glioma,0,val,170
Testing/glioma/Te-gl_258.jpg,glioma,0,train,171
Testing/glioma/Te-gl_259.jpg,glioma,0,train,116
Testing/glioma/Te-gl_26.jpg,glioma,0,train,172
Testing/glioma/Te-gl_260.jpg,glioma,0,test,173
Testing/glioma/Te-gl_261.jpg,glioma,0,val,174
Testing/glioma/Te-gl_262.jpg,glioma,0,train,175
Testing/glioma/Te-gl_263.jpg,glioma,0,train,176
Testing/glioma/Te-gl_264.jpg,glioma,0,val,177
Testing/glioma/Te-gl_265.jpg,glioma,0,val,178
Testing/glioma/Te-gl_266.jpg,glioma,0,train,179
Testing/glioma/Te-gl_267.jpg,glioma,0,train,180
Testing/glioma/Te-gl_268.jpg,glioma,0,test,181
Testing/glioma/Te-gl_269.jpg,glioma,0,train,182
Testing/glioma/Te-gl_27.jpg,glioma,0,val,183
Testing/glioma/Te-gl_270.jpg,glioma,0,train,184
Testing/glioma/Te-gl_271.jpg,glioma,0,train,185
Testing/glioma/Te-gl_272.jpg,glioma,0,train,125
Testing/glioma/Te-gl_273.jpg,glioma,0,train,186
Testing/glioma/Te-gl_274.jpg,glioma,0,train,187
Testing/glioma/Te-gl_275.jpg,glioma,0,val,188
Testing/glioma/Te-gl_276.jpg,glioma,0,train,189
Testing/glioma/Te-gl_277.jpg,glioma,0,train,190
Testing/glioma/Te-gl_278.jpg,glioma,0,train,74
Testing/glioma/Te-gl_279.jpg,glioma,0,train,191
Testing/glioma/Te-gl_28.jpg,glioma,0,val,192
Testing/glioma/Te-gl_280.jpg,glioma,0,train,193
Testing/glioma/Te-gl_281.jpg,glioma,0,train,194
Testing/glioma/Te-gl_282.jpg,glioma,0,val,195
Testing/glioma/Te-gl_283.jpg,glioma,0,val,196
Testing/glioma/Te-gl_284.jpg,glioma,0,train,197
Testing/glioma/Te-gl_285.jpg,glioma,0,val,198
Testing/glioma/Te-gl_286.jpg,glioma,0,train,199
Testing/glioma/Te-gl_287.jpg,glioma,0,train,200
Testing/glioma/Te-gl_288.jpg,glioma,0,train,201
Testing/glioma/Te-gl_289.jpg,glioma,0,train,202
Testing/glioma/Te-gl_29.jpg,glioma,0,train,184
Testing/glioma/Te-gl_290.jpg,glioma,0,train,203
Testing/glioma/Te-gl_291.jpg,glioma,0,train,204
Testing/glioma/Te-gl_292.jpg,glioma,0,train,205
Testing/glioma/Te-gl_293.jpg,glioma,0,train,206
Testing/glioma/Te-gl_294.jpg,glioma,0,train,47
Testing/glioma/Te-gl_295.jpg,glioma,0,train,207
Testing/glioma/Te-gl_296.jpg,glioma,0,train,208
Testing/glioma/Te-gl_297.jpg,glioma,0,train,204
Testing/glioma/Te-gl_298.jpg,glioma,0,train,209
Testing/glioma/Te-gl_299.jpg,glioma,0,train,210
Testing/glioma/Te-gl_3.jpg,glioma,0,train,72
Testing/glioma/Te-gl_30.jpg,glioma,0,test,211
Testing/glioma/Te-gl_300.jpg,glioma,0,train,212
Testing/glioma/Te-gl_301.jpg,glioma,0,train,213
Testing/glioma/Te-gl_302.jpg,glioma,0,train,214
Testing/glioma/Te-gl_303.jpg,glioma,0,train,33
Testing/glioma/Te-gl_304.jpg,glioma,0,test,215
Testing/glioma/Te-gl_305.jpg,glioma,0,test,216
Testing/glioma/Te-gl_306.jpg,glioma,0,train,217
Testing/glioma/Te-gl_307.jpg,glioma,0,train,218
Testing/glioma/Te-gl_308.jpg,glioma,0,train,219
Testing/glioma/Te-gl_309.jpg,glioma,0,val,220
Testing/glioma/Te-gl_31.jpg,glioma,0,train,221
Testing/glioma/Te-gl_310.jpg,glioma,0,train,222
Testing/glioma/Te-gl_311.jpg,glioma,0,train,223
Testing/glioma/Te-gl_312.jpg,glioma,0,val,224
Testing/glioma/Te-gl_313.jpg,glioma,0,test,225
Testing/glioma/Te-gl_314.jpg,glioma,0,val,226
Testing/glioma/Te-gl_315.jpg,glioma,0,train,227
Testing/glioma/Te-gl_316.jpg,glioma,0,val,228
Testing/glioma/Te-gl_317.jpg,glioma,0,train,229
Testing/glioma/Te-gl_318.jpg,glioma,0,train,230
Testing/glioma/Te-gl_319.jpg,glioma,0,train,231
Testing/glioma/Te-gl_32.jpg,glioma,0,train,232
Testing/glioma/Te-gl_320.jpg,glioma,0,val,233
Testing/glioma/Te-gl_321.jpg,glioma,0,val,234
Testing/glioma/Te-gl_322.jpg,glioma,0,train,235
Testing/glioma/Te-gl_323.jpg,glioma,0,train,236
Testing/glioma/Te-gl_324.jpg,glioma,0,train,237
Testing/glioma/Te-gl_325.jpg,glioma,0,train,238
Testing/glioma/Te-gl_326.jpg,glioma,0,train,239
Testing/glioma/Te-gl_327.jpg,glioma,0,train,240
Testing/glioma/Te-gl_328.jpg,glioma,0,train,241
Testing/glioma/Te-gl_329.jpg,glioma,0,train,242
Testing/glioma/Te-gl_33.jpg,glioma,0,train,243
Testing/glioma/Te-gl_330.jpg,glioma,0,train,244
Testing/glioma/Te-gl_331.jpg,glioma,0,test,245
Testing/glioma/Te-gl_332.jpg,glioma,0,test,246
Testing/glioma/Te-gl_333.jpg,glioma,0,train,247
Testing/glioma/Te-gl_334.jpg,glioma,0,train,248
Testing/glioma/Te-gl_335.jpg,glioma,0,train,249
Testing/glioma/Te-gl_336.jpg,glioma,0,train,250
Testing/glioma/Te-gl_337.jpg,glioma,0,test,251
Testing/glioma/Te-gl_338.jpg,glioma,0,train,125
Testing/glioma/Te-gl_339.jpg,glioma,0,train,252
Testing/glioma/Te-gl_34.jpg,glioma,0,train,253
Testing/glioma/Te-gl_340.jpg,glioma,0,train,254
Testing/glioma/Te-gl_341.jpg,glioma,0,train,255
Testing/glioma/Te-gl_342.jpg,glioma,0,val,256
Testing/glioma/Te-gl_343.jpg,glioma,0,train,257
Testing/glioma/Te-gl_344.jpg,glioma,0,train,258
Testing/glioma/Te-gl_345.jpg,glioma,0,train,259
Testing/glioma/Te-gl_346.jpg,glioma,0,train,260
Testing/glioma/Te-gl_347.jpg,glioma,0,test,261
Testing/glioma/Te-gl_348.jpg,glioma,0,train,262
Testing/glioma/Te-gl_349.jpg,glioma,0,train,263
Testing/glioma/Te-gl_35.jpg,glioma,0,train,264
Testing/glioma/Te-gl_350.jpg,glioma,0,train,265
Testing/glioma/Te-gl_351.jpg,glioma,0,train,266
Testing/glioma/Te-gl_352.jpg,glioma,0,train,267
Testing/glioma/Te-gl_353.jpg,glioma,0,train,268
Testing/glioma/Te-gl_354.jpg,glioma,0,train,269
Testing/glioma/Te-gl_355.jpg,glioma,0,train,270
Testing/glioma/Te-gl_356.jpg,glioma,0,train,271
Testing/glioma/Te-gl_357.jpg,glioma,0,train,272
Testing/glioma/Te-gl_358.jpg,glioma,0,val,273
Testing/glioma/Te-gl_359.jpg,glioma,0,train,70
Testing/glioma/Te-gl_36.jpg,glioma,0,train,86
Testing/glioma/Te-gl_360.jpg,glioma,0,test,274
Testing/glioma/Te-gl_361.jpg,glioma,0,train,275
Testing/glioma/Te-gl_362.jpg,glioma,0,train,276
Testing/glioma/Te-gl_363.jpg,glioma,0,train,277
Testing/glioma/Te-gl_364.jpg,glioma,0,train,210
Testing/glioma/Te-gl_365.jpg,glioma,0,train,278
Testing/glioma/Te-gl_366.jpg,glioma,0,train,279
Testing/glioma/Te-gl_367.jpg,glioma,0,train,280
Testing/glioma/Te-gl_368.jpg,glioma,0,train,281
Testing/glioma/Te-gl_369.jpg,glioma,0,val,282
Testing/glioma/Te-gl_37.jpg,glioma,0,val,283
Testing/glioma/Te-gl_370.jpg,glioma,0,train,284
Testing/glioma/Te-gl_371.jpg,glioma,0,train,285
Testing/glioma/Te-gl_372.jpg,glioma,0,train,286
Testing/glioma/Te-gl_373.jpg,glioma,0,train,287
Testing/glioma/Te-gl_374.jpg,glioma,0,test,288
Testing/glioma/Te-gl_375.jpg,glioma,0,train,289
Testing/glioma/Te-gl_376.jpg,glioma,0,train,189
Testing/glioma/Te-gl_377.jpg,glioma,0,train,290
Testing/glioma/Te-gl_378.jpg,glioma,0,train,291
Testing/glioma/Te-gl_379.jpg,glioma,0,test,292
Testing/glioma/Te-gl_38.jpg,glioma,0,train,293
Testing/glioma/Te-gl_380.jpg,glioma,0,train,294
Testing/glioma/Te-gl_381.jpg,glioma,0,test,295
Testing/glioma/Te-gl_382.jpg,glioma,0,test,296
Testing/glioma/Te-gl_383.jpg,glioma,0,train,297
Testing/glioma/Te-gl_384.jpg,glioma,0,train,298
Testing/glioma/Te-gl_385.jpg,glioma,0,test,299
Testing/glioma/Te-gl_386.jpg,glioma,0,train,214
Testing/glioma/Te-gl_387.jpg,glioma,0,train,300
Testing/glioma/Te-gl_388.jpg,glioma,0,train,301
Testing/glioma/Te-gl_389.jpg,glioma,0,train,232
Testing/glioma/Te-gl_39.jpg,glioma,0,test,302
Testing/glioma/Te-gl_390.jpg,glioma,0,test,303
Testing/glioma/Te-gl_391.jpg,glioma,0,val,304
Testing/glioma/Te-gl_392.jpg,glioma,0,val,305
Testing/glioma/Te-gl_393.jpg,glioma,0,train,306
Testing/glioma/Te-gl_394.jpg,glioma,0,test,307
Testing/glioma/Te-gl_395.jpg,glioma,0,train,308
Testing/glioma/Te-gl_396.jpg,glioma,0,train,309
Testing/glioma/Te-gl_397.jpg,glioma,0,train,310
Testing/glioma/Te-gl_398.jpg,glioma,0,train,311
Testing/glioma/Te-gl_399.jpg,glioma,0,val,312
Testing/glioma/Te-gl_4.jpg,glioma,0,train,313
Testing/glioma/Te-gl_40.jpg,glioma,0,val,314
Testing/glioma/Te-gl_400.jpg,glioma,0,train,315
Testing/glioma/Te-gl_41.jpg,glioma,0,train,316
Testing/glioma/Te-gl_42.jpg,glioma,0,train,317
Testing/glioma/Te-gl_43.jpg,glioma,0,test,318
Testing/glioma/Te-gl_44.jpg,glioma,0,train,319
Testing/glioma/Te-gl_45.jpg,glioma,0,train,95
Testing/glioma/Te-gl_46.jpg,glioma,0,train,320
Testing/glioma/Te-gl_47.jpg,glioma,0,train,321
Testing/glioma/Te-gl_48.jpg,glioma,0,test,322
Testing/glioma/Te-gl_49.jpg,glioma,0,train,323
Testing/glioma/Te-gl_5.jpg,glioma,0,train,324
Testing/glioma/Te-gl_50.jpg,glioma,0,val,325
Testing/glioma/Te-gl_51.jpg,glioma,0,test,326
Testing/glioma/Te-gl_52.jpg,glioma,0,test,327
Testing/glioma/Te-gl_53.jpg,glioma,0,test,328
Testing/glioma/Te-gl_54.jpg,glioma,0,test,329
Testing/glioma/Te-gl_55.jpg,glioma,0,train,330
Testing/glioma/Te-gl_56.jpg,glioma,0,train,331
Testing/glioma/Te-gl_57.jpg,glioma,0,train,332
Testing/glioma/Te-gl_58.jpg,glioma,0,train,333
Testing/glioma/Te-gl_59.jpg,glioma,0,train,50
Testing/glioma/Te-gl_6.jpg,glioma,0,train,334
Testing/glioma/Te-gl_60.jpg,glioma,0,train,335
Testing/glioma/Te-gl_61.jpg,glioma,0,test,336
Testing/glioma/Te-gl_62.jpg,glioma,0,train,337
Testing/glioma/Te-gl_63.jpg,glioma,0,train,252
Testing/glioma/Te-gl_64.jpg,glioma,0,train,338
Testing/glioma/Te-gl_65.jpg,glioma,0,test,339
Testing/glioma/Te-gl_66.jpg,glioma,0,val,340
Testing/glioma/Te-gl_67.jpg,glioma,0,train,341
Testing/glioma/Te-gl_68.jpg,glioma,0,train,342
Testing/glioma/Te-gl_69.jpg,glioma,0,train,343
Testing/glioma/Te-gl_7.jpg,glioma,0,test,344
Testing/glioma/Te-gl_70.jpg,glioma,0,val,345
Testing/glioma/Te-gl_71.jpg,glioma,0,train,346
Testing/glioma/Te-gl_72.jpg,glioma,0,train,49
Testing/glioma/Te-gl_73.jpg,glioma,0,train,347
Testing/glioma/Te-gl_74.jpg,glioma,0,test,348
Testing/glioma/Te-gl_75.jpg,glioma,0,train,349
Testing/glioma/Te-gl_76.jpg,glioma,0,train,46
Testing/glioma/Te-gl_77.jpg,glioma,0,train,350
Testing/glioma/Te-gl_78.jpg,glioma,0,val,351
Testing/glioma/Te-gl_79.jpg,glioma,0,val,352
Testing/glioma/Te-gl_8.jpg,glioma,0,train,353
Testing/glioma/Te-gl_80.jpg,glioma,0,train,354
Testing/glioma/Te-gl_81.jpg,glioma,0,train,355
Testing/glioma/Te-gl_82.jpg,glioma,0,test,356
Testing/glioma/Te-gl_83.jpg,glioma,0,test,357
Testing/glioma/Te-gl_84.jpg,glioma,0,val,358
Testing/glioma/Te-gl_85.jpg,glioma,0,train,166
Testing/glioma/Te-gl_86.jpg,glioma,0,train,359
Testing/glioma/Te-gl_87.jpg,glioma,0,val,360
Testing/glioma/Te-gl_88.jpg,glioma,0,train,361
Testing/glioma/Te-gl_89.jpg,glioma,0,val,362
Testing/glioma/Te-gl_9.jpg,glioma,0,train,363
Testing/glioma/Te-gl_90.jpg,glioma,0,train,364
Testing/glioma/Te-gl_91.jpg,glioma,0,train,365
Testing/glioma/Te-gl_92.jpg,glioma,0,test,366
Testing/glioma/Te-gl_93.jpg,glioma,0,train,367
Testing/glioma/Te-gl_94.jpg,glioma,0,val,368
Testing/glioma/Te-gl_95.jpg,glioma,0,test,369
Testing/glioma/Te-gl_96.jpg,glioma,0,train,95
Testing/glioma/Te-gl_97.jpg,glioma,0,train,370
Testing/glioma/Te-gl_98.jpg,glioma,0,test,371
Testing/glioma/Te-gl_99.jpg,glioma,0,test,372
Testing/meningioma/Te-me_1.jpg,meningioma,1,train,373
Testing/meningioma/Te-me_10.jpg,meningioma,1,train,374
Testing/meningioma/Te-me_100.jpg,meningioma,1,train,375
Testing/meningioma/Te-me_101.jpg,meningioma,1,train,376
Testing/meningioma/Te-me_102.jpg,meningioma,1,train,377
Testing/meningioma/Te-me_103.jpg,meningioma,1,test,378
Testing/meningioma/Te-me_104.jpg,meningioma,1,test,379
Testing/meningioma/Te-me_105.jpg,meningioma,1,train,380
Testing/meningioma/Te-me_106.jpg,meningioma,1,val,381
Testing/meningioma/Te-me_107.jpg,meningioma,1,train,382
Testing/meningioma/Te-me_108.jpg,meningioma,1,train,383
Testing/meningioma/Te-me_109.jpg,meningioma,1,train,384
Testing/meningioma/Te-me_11.jpg,meningioma,1,train,385
Testing/meningioma/Te-me_110.jpg,meningioma,1,test,386
Testing/meningioma/Te-me_111.jpg,meningioma,1,train,387
Testing/meningioma/Te-me_112.jpg,meningioma,1,train,388
Testing/meningioma/Te-me_113.jpg,meningioma,1,train,389
Testing/meningioma/Te-me_114.jpg,meningioma,1,train,390
Testing/meningioma/Te-me_115.jpg,meningioma,1,train,391
Testing/meningioma/Te-me_116.jpg,meningioma,1,train,392
Testing/meningioma/Te-me_117.jpg,meningioma,1,train,393
Testing/meningioma/Te-me_118.jpg,meningioma,1,test,394
Testing/meningioma/Te-me_119.jpg,meningioma,1,test,395
Testing/meningioma/Te-me_12.jpg,meningioma,1,test,396
Testing/meningioma/Te-me_120.jpg,meningioma,1,train,397
Testing/meningioma/Te-me_121.jpg,meningioma,1,train,398
Testing/meningioma/Te-me_122.jpg,meningioma,1,val,399
Testing/meningioma/Te-me_123.jpg,meningioma,1,train,400
Testing/meningioma/Te-me_124.jpg,meningioma,1,train,401
Testing/meningioma/Te-me_125.jpg,meningioma,1,train,402
Testing/meningioma/Te-me_126.jpg,meningioma,1,train,403
Testing/meningioma/Te-me_127.jpg,meningioma,1,test,404
Testing/meningioma/Te-me_128.jpg,meningioma,1,val,405
Testing/meningioma/Te-me_129.jpg,meningioma,1,train,406
Testing/meningioma/Te-me_13.jpg,meningioma,1,train,407
Testing/meningioma/Te-me_130.jpg,meningioma,1,train,408
Testing/meningioma/Te-me_131.jpg,meningioma,1,train,409
Testing/meningioma/Te-me_132.jpg,meningioma,1,val,410
Testing/meningioma/Te-me_133.jpg,meningioma,1,train,411
Testing/meningioma/Te-me_134.jpg,meningioma,1,train,412
Testing/meningioma/Te-me_135.jpg,meningioma,1,train,413
Testing/meningioma/Te-me_136.jpg,meningioma,1,train,414
Testing/meningioma/Te-me_137.jpg,meningioma,1,train,415
Testing/meningioma/Te-me_138.jpg,meningioma,1,train,416
Testing/meningioma/Te-me_139.jpg,meningioma,1,train,417
Testing/meningioma/Te-me_14.jpg,meningioma,1,test,418
Testing/meningioma/Te-me_140.jpg,meningioma,1,train,419
Testing/meningioma/Te-me_141.jpg,meningioma,1,test,420
Testing/meningioma/Te-me_142.jpg,meningioma,1,val,421
Testing/meningioma/Te-me_143.jpg,meningioma,1,val,422
Testing/meningioma/Te-me_144.jpg,meningioma,1,val,423
Testing/meningioma/Te-me_145.jpg,meningioma,1,train,424
Testing/meningioma/Te-me_146.jpg,meningioma,1,train,425
Testing/meningioma/Te-me_147.jpg,meningioma,1,train,426
Testing/meningioma/Te-me_148.jpg,meningioma,1,val,427
Testing/meningioma/Te-me_149.jpg,meningioma,1,train,428
Testing/meningioma/Te-me_15.jpg,meningioma,1,train,429
Testing/meningioma/Te-me_150.jpg,meningioma,1,train,430
Testing/meningioma/Te-me_151.jpg,meningioma,1,train,431
Testing/meningioma/Te-me_152.jpg,meningioma,1,test,432
Testing/meningioma/Te-me_153.jpg,meningioma,1,train,433
Testing/meningioma/Te-me_154.jpg,meningioma,1,train,434
Testing/meningioma/Te-me_155.jpg,meningioma,1,test,435
Testing/meningioma/Te-me_156.jpg,meningioma,1,train,436
Testing/meningioma/Te-me_157.jpg,meningioma,1,train,437
Testing/meningioma/Te-me_158.jpg,meningioma,1,train,438
Testing/meningioma/Te-me_159.jpg,meningioma,1,train,68
Testing/meningioma/Te-me_16.jpg,meningioma,1,train,439
Testing/meningioma/Te-me_160.jpg,meningioma,1,val,440
Testing/meningioma/Te-me_161.jpg,meningioma,1,train,441
Testing/meningioma/Te-me_162.jpg,meningioma,1,train,442
Testing/meningioma/Te-me_163.jpg,meningioma,1,train,443
Testing/meningioma/Te-me_164.jpg,meningioma,1,train,444
Testing/meningioma/Te-me_165.jpg,meningioma,1,train,445
Testing/meningioma/Te-me_166.jpg,meningioma,1,val,446
Testing/meningioma/Te-me_167.jpg,meningioma,1,train,447
Testing/meningioma/Te-me_168.jpg,meningioma,1,val,448
Testing/meningioma/Te-me_169.jpg,meningioma,1,val,449
Testing/meningioma/Te-me_17.jpg,meningioma,1,train,450
Testing/meningioma/Te-me_170.jpg,meningioma,1,train,451
Testing/meningioma/Te-me_171.jpg,meningioma,1,train,452
Testing/meningioma/Te-me_172.jpg,meningioma,1,val,453
Testing/meningioma/Te-me_173.jpg,meningioma,1,train,454
Testing/meningioma/Te-me_174.jpg,meningioma,1,train,387
Testing/meningioma/Te-me_175.jpg,meningioma,1,train,455
Testing/meningioma/Te-me_176.jpg,meningioma,1,test,456
Testing/meningioma/Te-me_177.jpg,meningioma,1,val,457
Testing/meningioma/Te-me_178.jpg,meningioma,1,train,458
Testing/meningioma/Te-me_179.jpg,meningioma,1,train,459
Testing/meningioma/Te-me_18.jpg,meningioma,1,train,460
Testing/meningioma/Te-me_180.jpg,meningioma,1,train,461
Testing/meningioma/Te-me_181.jpg,meningioma,1,train,462
Testing/meningioma/Te-me_182.jpg,meningioma,1,train,463
Testing/meningioma/Te-me_183.jpg,meningioma,1,val,464
Testing/meningioma/Te-me_184.jpg,meningioma,1,train,465
Testing/meningioma/Te-me_185.jpg,meningioma,1,train,466
Testing/meningioma/Te-me_186.jpg,meningioma,1,val,467
Testing/meningioma/Te-me_187.jpg,meningioma,1,train,468
Testing/meningioma/Te-me_188.jpg,meningioma,1,test,469
Testing/meningioma/Te-me_189.jpg,meningioma,1,val,470
Testing/meningioma/Te-me_19.jpg,meningioma,1,train,471
Testing/meningioma/Te-me_190.jpg,meningioma,1,train,472
Testing/meningioma/Te-me_191.jpg,meningioma,1,val,473
Testing/meningioma/Te-me_192.jpg,meningioma,1,test,474
Testing/meningioma/Te-me_193.jpg,meningioma,1,train,475
Testing/meningioma/Te-me_194.jpg,meningioma,1,test,476
Testing/meningioma/Te-me_195.jpg,meningioma,1,train,477
Testing/meningioma/Te-me_196.jpg,meningioma,1,train,478
Testing/meningioma/Te-me_197.jpg,meningioma,1,train,479
Testing/meningioma/Te-me_198.jpg,meningioma,1,train,459
Testing/meningioma/Te-me_199.jpg,meningioma,1,test,480
Testing/meningioma/Te-me_2.jpg,meningioma,1,train,481
Testing/meningioma/Te-me_20.jpg,meningioma,1,train,482
Testing/meningioma/Te-me_200.jpg,meningioma,1,train,483
Testing/meningioma/Te-me_201.jpg,meningioma,1,test,484
Testing/meningioma/Te-me_202.jpg,meningioma,1,train,485
Testing/meningioma/Te-me_203.jpg,meningioma,1,train,486
Testing/meningioma/Te-me_204.jpg,meningioma,1,val,487
Testing/meningioma/Te-me_205.jpg,meningioma,1,train,488
Testing/meningioma/Te-me_206.jpg,meningioma,1,train,489
Testing/meningioma/Te-me_207.jpg,meningioma,1,train,490
Testing/meningioma/Te-me_208.jpg,meningioma,1,train,485
Testing/meningioma/Te-me_209.jpg,meningioma,1,train,491
Testing/meningioma/Te-me_21.jpg,meningioma,1,train,492
Testing/meningioma/Te-me_210.jpg,meningioma,1,train,493
Testing/meningioma/Te-me_211.jpg,meningioma,1,test,494
Testing/meningioma/Te-me_212.jpg,meningioma,1,train,495
Testing/meningioma/Te-me_213.jpg,meningioma,1,train,496
Testing/meningioma/Te-me_214.jpg,meningioma,1,train,497
Testing/meningioma/Te-me_215.jpg,meningioma,1,val,498
Testing/meningioma/Te-me_216.jpg,meningioma,1,train,499
Testing/meningioma/Te-me_217.jpg,meningioma,1,train,500
Testing/meningioma/Te-me_218.jpg,meningioma,1,test,501
Testing/meningioma/Te-me_219.jpg,meningioma,1,train,502
Testing/meningioma/Te-me_22.jpg,meningioma,1,val,503
Testing/meningioma/Te-me_220.jpg,meningioma,1,test,504
Testing/meningioma/Te-me_221.jpg,meningioma,1,test,505
Testing/meningioma/Te-me_222.jpg,meningioma,1,val,506
Testing/meningioma/Te-me_223.jpg,meningioma,1,train,507
Testing/meningioma/Te-me_224.jpg,meningioma,1,train,508
Testing/meningioma/Te-me_225.jpg,meningioma,1,train,509
Testing/meningioma/Te-me_226.jpg,meningioma,1,test,510
Testing/meningioma/Te-me_227.jpg,meningioma,1,train,511
Testing/meningioma/Te-me_228.jpg,meningioma,1,train,512
Testing/meningioma/Te-me_229.jpg,meningioma,1,train,513
Testing/meningioma/Te-me_23.jpg,meningioma,1,train,514
Testing/meningioma/Te-me_230.jpg,meningioma,1,train,437
Testing/meningioma/Te-me_231.jpg,meningioma,1,train,515
Testing/meningioma/Te-me_232.jpg,meningioma,1,train,380
Testing/meningioma/Te-me_233.jpg,meningioma,1,train,516
Testing/meningioma/Te-me_234.jpg,meningioma,1,train,517
Testing/meningioma/Te-me_235.jpg,meningioma,1,train,392
Testing/meningioma/Te-me_236.jpg,meningioma,1,train,518
Testing/meningioma/Te-me_237.jpg,meningioma,1,train,519
Testing/meningioma/Te-me_238.jpg,meningioma,1,train,520
Testing/meningioma/Te-me_239.jpg,meningioma,1,train,521
Testing/meningioma/Te-me_24.jpg,meningioma,1,train,522
Testing/meningioma/Te-me_240.jpg,meningioma,1,train,523
Testing/meningioma/Te-me_241.jpg,meningioma,1,train,524
Testing/meningioma/Te-me_242.jpg,meningioma,1,train,525
Testing/meningioma/Te-me_243.jpg,meningioma,1,train,526
Testing/meningioma/Te-me_244.jpg,meningioma,1,test,527
Testing/meningioma/Te-me_245.jpg,meningioma,1,test,528
Testing/meningioma/Te-me_246.jpg,meningioma,1,val,529
Testing/meningioma/Te-me_247.jpg,meningioma,1,train,530
Testing/meningioma/Te-me_248.jpg,meningioma,1,val,531
Testing/meningioma/Te-me_249.jpg,meningioma,1,train,532
Testing/meningioma/Te-me_25.jpg,meningioma,1,test,533
Testing/meningioma/Te-me_250.jpg,meningioma,1,train,534
Testing/meningioma/Te-me_251.jpg,meningioma,1,train,535
Testing/meningioma/Te-me_252.jpg,meningioma,1,train,481
Testing/meningioma/Te-me_253.jpg,meningioma,1,train,536
Testing/meningioma/Te-me_254.jpg,meningioma,1,train,537
Testing/meningioma/Te-me_255.jpg,meningioma,1,train,538
Testing/meningioma/Te-me_256.jpg,meningioma,1,train,539
Testing/meningioma/Te-me_257.jpg,meningioma,1,val,540
Testing/meningioma/Te-me_258.jpg,meningioma,1,val,541
Testing/meningioma/Te-me_259.jpg,meningioma,1,train,542
Testing/meningioma/Te-me_26.jpg,meningioma,1,train,543
Testing/meningioma/Te-me_260.jpg,meningioma,1,train,544
Testing/meningioma/Te-me_261.jpg,meningioma,1,train,545
Testing/meningioma/Te-me_262.jpg,meningioma,1,train,497
Testing/meningioma/Te-me_263.jpg,meningioma,1,val,546
Testing/meningioma/Te-me_264.jpg,meningioma,1,test,547
Testing/meningioma/Te-me_265.jpg,meningioma,1,train,548
Testing/meningioma/Te-me_266.jpg,meningioma,1,train,549
Testing/meningioma/Te-me_267.jpg,meningioma,1,train,550
Testing/meningioma/Te-me_268.jpg,meningioma,1,train,551
Testing/meningioma/Te-me_269.jpg,meningioma,1,train,552
Testing/meningioma/Te-me_27.jpg,meningioma,1,train,553
Testing/meningioma/Te-me_270.jpg,meningioma,1,train,554
Testing/meningioma/Te-me_271.jpg,meningioma,1,train,555
Testing/meningioma/Te-me_272.jpg,meningioma,1,train,556
Testing/meningioma/Te-me_273.jpg,meningioma,1,test,557
Testing/meningioma/Te-me_274.jpg,meningioma,1,train,558
Testing/meningioma/Te-me_275.jpg,meningioma,1,train,559
Testing/meningioma/Te-me_276.jpg,meningioma,1,train,493
Testing/meningioma/Te-me_277.jpg,meningioma,1,train,560
Testing/meningioma/Te-me_278.jpg,meningioma,1,train,561
Testing/meningioma/Te-me_279.jpg,meningioma,1,train,562
Testing/meningioma/Te-me_28.jpg,meningioma,1,train,563
Testing/meningioma/Te-me_280.jpg,meningioma,1,train,564
Testing/meningioma/Te-me_281.jpg,meningioma,1,train,565
Testing/meningioma/Te-me_282.jpg,meningioma,1,val,566
Testing/meningioma/Te-me_283.jpg,meningioma,1,train,567
Testing/meningioma/Te-me_284.jpg,meningioma,1,val,568
Testing/meningioma/Te-me_285.jpg,meningioma,1,train,569
Testing/meningioma/Te-me_286.jpg,meningioma,1,train,570
Testing/meningioma/Te-me_287.jpg,meningioma,1,train,571
Testing/meningioma/Te-me_288.jpg,meningioma,1,train,572
Testing/meningioma/Te-me_289.jpg,meningioma,1,train,573
Testing/meningioma/Te-me_29.jpg,meningioma,1,train,574
Testing/meningioma/Te-me_290.jpg,meningioma,1,train,575
Testing/meningioma/Te-me_291.jpg,meningioma,1,train,576
Testing/meningioma/Te-me_292.jpg,meningioma,1,test,577
Testing/meningioma/Te-me_293.jpg,meningioma,1,train,513
Testing/meningioma/Te-me_294.jpg,meningioma,1,train,578
Testing/meningioma/Te-me_295.jpg,meningioma,1,train,579
Testing/meningioma/Te-me_296.jpg,meningioma,1,train,580
Testing/meningioma/Te-me_297.jpg,meningioma,1,train,581
Testing/meningioma/Te-me_3.jpg,meningioma,1,train,582
Testing/meningioma/Te-me_30.jpg,meningioma,1,train,583
Testing/meningioma/Te-me_31.jpg,meningioma,1,train,584
Testing/meningioma/Te-me_32.jpg,meningioma,1,test,585
Testing/meningioma/Te-me_33.jpg,meningioma,1,train,586
Testing/meningioma/Te-me_34.jpg,meningioma,1,val,587
Testing/meningioma/Te-me_35.jpg,meningioma,1,train,588
Testing/meningioma/Te-me_36.jpg,meningioma,1,test,589
Testing/meningioma/Te-me_37.jpg,meningioma,1,train,590
Testing/meningioma/Te-me_38.jpg,meningioma,1,train,591
Testing/meningioma/Te-me_39.jpg,meningioma,1,train,482
Testing/meningioma/Te-me_4.jpg,meningioma,1,train,592
Testing/meningioma/Te-me_40.jpg,meningioma,1,train,593
Testing/meningioma/Te-me_41.jpg,meningioma,1,train,594
Testing/meningioma/Te-me_42.jpg,meningioma,1,train,497
Testing/meningioma/Te-me_43.jpg,meningioma,1,val,595
Testing/meningioma/Te-me_44.jpg,meningioma,1,train,596
Testing/meningioma/Te-me_45.jpg,meningioma,1,train,463
Testing/meningioma/Te-me_46.jpg,meningioma,1,train,597
Testing/meningioma/Te-me_47.jpg,meningioma,1,train,598
Testing/meningioma/Te-me_48.jpg,meningioma,1,train,599
Testing/meningioma/Te-me_49.jpg,meningioma,1,train,600
Testing/meningioma/Te-me_5.jpg,meningioma,1,train,601
Testing/meningioma/Te-me_50.jpg,meningioma,1,train,342
Testing/meningioma/Te-me_51.jpg,meningioma,1,test,602
Testing/meningioma/Te-me_52.jpg,meningioma,1,train,603
Testing/meningioma/Te-me_53.jpg,meningioma,1,train,604
Testing/meningioma/Te-me_54.jpg,meningioma,1,train,605
Testing/meningioma/Te-me_55.jpg,meningioma,1,test,606
Testing/meningioma/Te-me_56.jpg,meningioma,1,val,607
Testing/meningioma/Te-me_57.jpg,meningioma,1,val,608
Testing/meningioma/Te-me_58.jpg,meningioma,1,test,609
Testing/meningioma/Te-me_59.jpg,meningioma,1,train,610
Testing/meningioma/Te-me_6.jpg,meningioma,1,test,611
Testing/meningioma/Te-me_60.jpg,meningioma,1,test,612
Testing/meningioma/Te-me_61.jpg,meningioma,1,train,342
Testing/meningioma/Te-me_62.jpg,meningioma,1,train,613
Testing/meningioma/Te-me_63.jpg,meningioma,1,val,614
Testing/meningioma/Te-me_64.jpg,meningioma,1,train,615
Testing/meningioma/Te-me_65.jpg,meningioma,1,train,616
Testing/meningioma/Te-me_66.jpg,meningioma,1,train,617
Testing/meningioma/Te-me_67.jpg,meningioma,1,train,618
Testing/meningioma/Te-me_68.jpg,meningioma,1,train,619
Testing/meningioma/Te-me_69.jpg,meningioma,1,train,620
Testing/meningioma/Te-me_7.jpg,meningioma,1,train,621
Testing/meningioma/Te-me_70.jpg,meningioma,1,train,579
Testing/meningioma/Te-me_71.jpg,meningioma,1,train,622
Testing/meningioma/Te-me_72.jpg,meningioma,1,train,623
Testing/meningioma/Te-me_73.jpg,meningioma,1,train,624
Testing/meningioma/Te-me_74.jpg,meningioma,1,train,625
Testing/meningioma/Te-me_75.jpg,meningioma,1,train,626
Testing/meningioma/Te-me_76.jpg,meningioma,1,train,627
Testing/meningioma/Te-me_77.jpg,meningioma,1,train,628
Testing/meningioma/Te-me_78.jpg,meningioma,1,val,629
Testing/meningioma/Te-me_79.jpg,meningioma,1,train,630
Testing/meningioma/Te-me_8.jpg,meningioma,1,train,561
Testing/meningioma/Te-me_80.jpg,meningioma,1,train,631
Testing/meningioma/Te-me_81.jpg,meningioma,1,train,632
Testing/meningioma/Te-me_82.jpg,meningioma,1,train,633
Testing/meningioma/Te-me_83.jpg,meningioma,1,train,634
Testing/meningioma/Te-me_84.jpg,meningioma,1,test,635
Testing/meningioma/Te-me_85.jpg,meningioma,1,train,636
Testing/meningioma/Te-me_86.jpg,meningioma,1,train,637
Testing/meningioma/Te-me_87.jpg,meningioma,1,test,638
Testing/meningioma/Te-me_88.jpg,meningioma,1,train,639
Testing/meningioma/Te-me_89.jpg,meningioma,1,val,640
Testing/meningioma/Te-me_9.jpg,meningioma,1,train,641
Testing/meningioma/Te-me_90.jpg,meningioma,1,val,642
Testing/meningioma/Te-me_91.jpg,meningioma,1,train,643
Testing/meningioma/Te-me_92.jpg,meningioma,1,train,644
Testing/meningioma/Te-me_93.jpg,meningioma,1,train,645
Testing/meningioma/Te-me_94.jpg,meningioma,1,train,646
Testing/meningioma/Te-me_95.jpg,meningioma,1,train,647
Testing/meningioma/Te-me_96.jpg,meningioma,1,train,342
Testing/meningioma/Te-me_97.jpg,meningioma,1,test,648
Testing/meningioma/Te-me_98.jpg,meningioma,1,test,649
Testing/meningioma/Te-me_99.jpg,meningioma,1,train,650
Testing/notumor/Te-no_1.jpg,notumor,2,train,651
Testing/notumor/Te-no_10.jpg,notumor,2,train,652
Testing/notumor/Te-no_100.jpg,notumor,2,val,653
Testing/notumor/Te-no_101.jpg,notumor,2,train,654
Testing/notumor/Te-no_102.jpg,notumor,2,train,655
Testing/notumor/Te-no_103.jpg,notumor,2,test,656
Testing/notumor/Te-no_104.jpg,notumor,2,test,657
Testing/notumor/Te-no_105.jpg,notumor,2,val,658
Testing/notumor/Te-no_106.jpg,notumor,2,train,659
Testing/notumor/Te-no_107.jpg,notumor,2,val,660
Testing/notumor/Te-no_108.jpg,notumor,2,train,661
Testing/notumor/Te-no_109.jpg,notumor,2,train,662
Testing/notumor/Te-no_11.jpg,notumor,2,train,663
Testing/notumor/Te-no_110.jpg,notumor,2,train,664
Testing/notumor/Te-no_111.jpg,notumor,2,train,665
Testing/notumor/Te-no_112.jpg,notumor,2,test,666
Testing/notumor/Te-no_113.jpg,notumor,2,train,667
Testing/notumor/Te-no_114.jpg,notumor,2,train,654
Testing/notumor/Te-no_115.jpg,notumor,2,train,668
Testing/notumor/Te-no_116.jpg,notumor,2,test,669
Testing/notumor/Te-no_117.jpg,notumor,2,test,670
Testing/notumor/Te-no_118.jpg,notumor,2,train,671
Testing/notumor/Te-no_119.jpg,notumor,2,train,672
Testing/notumor/Te-no_12.jpg,notumor,2,train,655
Testing/notumor/Te-no_120.jpg,notumor,2,train,673
Testing/notumor/Te-no_121.jpg,notumor,2,train,674
Testing/notumor/Te-no_122.jpg,notumor,2,train,675
Testing/notumor/Te-no_123.jpg,notumor,2,test,666
Testing/notumor/Te-no_124.jpg,notumor,2,train,676
Testing/notumor/Te-no_125.jpg,notumor,2,train,259
Testing/notumor/Te-no_126.jpg,notumor,2,train,677
Testing/notumor/Te-no_127.jpg,notumor,2,train,678
Testing/notumor/Te-no_128.jpg,notumor,2,train,679
Testing/notumor/Te-no_129.jpg,notumor,2,train,654
Testing/notumor/Te-no_13.jpg,notumor,2,test,680
Testing/notumor/Te-no_130.jpg,notumor,2,test,681
Testing/notumor/Te-no_131.jpg,notumor,2,train,654
Testing/notumor/Te-no_132.jpg,notumor,2,train,682
Testing/notumor/Te-no_133.jpg,notumor,2,train,683
Testing/notumor/Te-no_134.jpg,notumor,2,train,684
Testing/notumor/Te-no_135.jpg,notumor,2,train,685
Testing/notumor/Te-no_136.jpg,notumor,2,val,686
Testing/notumor/Te-no_137.jpg,notumor,2,train,687
Testing/notumor/Te-no_138.jpg,notumor,2,train,688
Testing/notumor/Te-no_139.jpg,notumor,2,train,689
Testing/notumor/Te-no_14.jpg,notumor,2,train,690
Testing/notumor/Te-no_140.jpg,notumor,2,train,667
Testing/notumor/Te-no_141.jpg,notumor,2,val,691
Testing/notumor/Te-no_142.jpg,notumor,2,train,692
Testing/notumor/Te-no_143.jpg,notumor,2,val,693
Testing/notumor/Te-no_144.jpg,notumor,2,val,694
Testing/notumor/Te-no_145.jpg,notumor,2,train,695
Testing/notumor/Te-no_146.jpg,notumor,2,train,696
Testing/notumor/Te-no_147.jpg,notumor,2,train,654
Testing/notumor/Te-no_148.jpg,notumor,2,test,697
Testing/notumor/Te-no_149.jpg,notumor,2,train,698
Testing/notumor/Te-no_15.jpg,notumor,2,test,699
Testing/notumor/Te-no_150.jpg,notumor,2,train,700
Testing/notumor/Te-no_151.jpg,notumor,2,test,701
Testing/notumor/Te-no_152.jpg,notumor,2,test,702
Testing/notumor/Te-no_153.jpg,notumor,2,test,703
Testing/notumor/Te-no_154.jpg,notumor,2,test,704
Testing/notumor/Te-no_155.jpg,notumor,2,train,705
Testing/notumor/Te-no_156.jpg,notumor,2,test,706
Testing/notumor/Te-no_157.jpg,notumor,2,val,707
Testing/notumor/Te-no_158.jpg,notumor,2,train,671
Testing/notumor/Te-no_159.jpg,notumor,2,train,708
Testing/notumor/Te-no_16.jpg,notumor,2,test,709
Testing/notumor/Te-no_160.jpg,notumor,2,val,653
Testing/notumor/Te-no_161.jpg,notumor,2,train,678
Testing/notumor/Te-no_162.jpg,notumor,2,train,710
Testing/notumor/Te-no_163.jpg,notumor,2,train,711
Testing/notumor/Te-no_164.jpg,notumor,2,train,712
Testing/notumor/Te-no_165.jpg,notumor,2,train,713
Testing/notumor/Te-no_166.jpg,notumor,2,train,714
Testing/notumor/Te-no_167.jpg,notumor,2,train,715
Testing/notumor/Te-no_168.jpg,notumor,2,train,716
Testing/notumor/Te-no_169.jpg,notumor,2,train,717
Testing/notumor/Te-no_17.jpg,notumor,2,train,683
Testing/notumor/Te-no_170.jpg,notumor,2,train,718
Testing/notumor/Te-no_171.jpg,notumor,2,train,671
Testing/notumor/Te-no_172.jpg,notumor,2,train,719
Testing/notumor/Te-no_173.jpg,notumor,2,train,692
Testing/notumor/Te-no_174.jpg,notumor,2,val,720
Testing/notumor/Te-no_175.jpg,notumor,2,train,716
Testing/notumor/Te-no_176.jpg,notumor,2,train,721
Testing/notumor/Te-no_177.jpg,notumor,2,train,679
Testing/notumor/Te-no_178.jpg,notumor,2,train,722
Testing/notumor/Te-no_179.jpg,notumor,2,train,723
Testing/notumor/Te-no_18.jpg,notumor,2,train,724
Testing/notumor/Te-no_180.jpg,notumor,2,train,725
Testing/notumor/Te-no_181.jpg,notumor,2,test,726
Testing/notumor/Te-no_182.jpg,notumor,2,train,727
Testing/notumor/Te-no_183.jpg,notumor,2,train,728
Testing/notumor/Te-no_184.jpg,notumor,2,train,729
Testing/notumor/Te-no_185.jpg,notumor,2,train,654
Testing/notumor/Te-no_186.jpg,notumor,2,train,671
Testing/notumor/Te-no_187.jpg,notumor,2,test,730
Testing/notumor/Te-no_188.jpg,notumor,2,train,731
Testing/notumor/Te-no_189.jpg,notumor,2,train,667
Testing/notumor/Te-no_19.jpg,notumor,2,test,732
Testing/notumor/Te-no_190.jpg,notumor,2,train,664
Testing/notumor/Te-no_191.jpg,notumor,2,train,733
Testing/notumor/Te-no_192.jpg,notumor,2,train,687
Testing/notumor/Te-no_193.jpg,notumor,2,train,734
Testing/notumor/Te-no_194.jpg,notumor,2,train,735
Testing/notumor/Te-no_195.jpg,notumor,2,train,654
Testing/notumor/Te-no_196.jpg,notumor,2,test,736
Testing/notumor/Te-no_197.jpg,notumor,2,train,737
Testing/notumor/Te-no_198.jpg,notumor,2,train,655
Testing/notumor/Te-no_199.jpg,notumor,2,train,738
Testing/notumor/Te-no_2.jpg,notumor,2,train,739
Testing/notumor/Te-no_20.jpg,notumor,2,val,740
Testing/notumor/Te-no_200.jpg,notumor,2,train,664
Testing/notumor/Te-no_201.jpg,notumor,2,train,741
Testing/notumor/Te-no_202.jpg,notumor,2,test,670
Testing/notumor/Te-no_203.jpg,notumor,2,train,676
Testing/notumor/Te-no_204.jpg,notumor,2,train,742
Testing/notumor/Te-no_205.jpg,notumor,2,train,743
Testing/notumor/Te-no_206.jpg,notumor,2,train,672
Testing/notumor/Te-no_207.jpg,notumor,2,train,718
Testing/notumor/Te-no_208.jpg,notumor,2,train,744
Testing/notumor/Te-no_209.jpg,notumor,2,train,667
Testing/notumor/Te-no_21.jpg,notumor,2,train,745
Testing/notumor/Te-no_210.jpg,notumor,2,train,696
Testing/notumor/Te-no_211.jpg,notumor,2,train,716
Testing/notumor/Te-no_212.jpg,notumor,2,test,746
Testing/notumor/Te-no_213.jpg,notumor,2,train,745
Testing/notumor/Te-no_214.jpg,notumor,2,train,747
Testing/notumor/Te-no_215.jpg,notumor,2,train,748
Testing/notumor/Te-no_216.jpg,notumor,2,train,727
Testing/notumor/Te-no_217.jpg,notumor,2,train,698
Testing/notumor/Te-no_218.jpg,notumor,2,train,749
Testing/notumor/Te-no_219.jpg,notumor,2,train,750
Testing/notumor/Te-no_22.jpg,notumor,2,train,751
Testing/notumor/Te-no_220.jpg,notumor,2,train,752
Testing/notumor/Te-no_221.jpg,notumor,2,val,753
Testing/notumor/Te-no_222.jpg,notumor,2,train,690
Testing/notumor/Te-no_223.jpg,notumor,2,train,754
Testing/notumor/Te-no_224.jpg,notumor,2,test,755
Testing/notumor/Te-no_225.jpg,notumor,2,val,756
Testing/notumor/Te-no_226.jpg,notumor,2,train,757
Testing/notumor/Te-no_227.jpg,notumor,2,val,758
Testing/notumor/Te-no_228.jpg,notumor,2,train,759
Testing/notumor/Te-no_229.jpg,notumor,2,test,760
Testing/notumor/Te-no_23.jpg,notumor,2,train,761
Testing/notumor/Te-no_230.jpg,notumor,2,test,656
Testing/notumor/Te-no_231.jpg,notumor,2,train,667
Testing/notumor/Te-no_232.jpg,notumor,2,train,762
Testing/notumor/Te-no_233.jpg,notumor,2,test,763
Testing/notumor/Te-no_234.jpg,notumor,2,train,764
Testing/notumor/Te-no_235.jpg,notumor,2,train,716
Testing/notumor/Te-no_236.jpg,notumor,2,train,765
Testing/notumor/Te-no_237.jpg,notumor,2,val,766
Testing/notumor/Te-no_238.jpg,notumor,2,train,767
Testing/notumor/Te-no_239.jpg,notumor,2,train,734
Testing/notumor/Te-no_24.jpg,notumor,2,train,678
Testing/notumor/Te-no_240.jpg,notumor,2,train,768
Testing/notumor/Te-no_241.jpg,notumor,2,test,769
Testing/notumor/Te-no_242.jpg,notumor,2,train,770
Testing/notumor/Te-no_243.jpg,notumor,2,train,716
Testing/notumor/Te-no_244.jpg,notumor,2,train,771
Testing/notumor/Te-no_245.jpg,notumor,2,train,772
Testing/notumor/Te-no_246.jpg,notumor,2,train,754
Testing/notumor/Te-no_247.jpg,notumor,2,val,773
Testing/notumor/Te-no_248.jpg,notumor,2,train,774
Testing/notumor/Te-no_249.jpg,notumor,2,train,775
Testing/notumor/Te-no_25.jpg,notumor,2,train,655
Testing/notumor/Te-no_250.jpg,notumor,2,val,776
Testing/notumor/Te-no_251.jpg,notumor,2,val,777
Testing/notumor/Te-no_252.jpg,notumor,2,val,778
Testing/notumor/Te-no_253.jpg,notumor,2,train,779
Testing/notumor/Te-no_254.jpg,notumor,2,val,780
Testing/notumor/Te-no_255.jpg,notumor,2,test,726
Testing/notumor/Te-no_256.jpg,notumor,2,train,679
Testing/notumor/Te-no_257.jpg,notumor,2,train,781
Testing/notumor/Te-no_258.jpg,notumor,2,val,782
Testing/notumor/Te-no_259.jpg,notumor,2,test,783
Testing/notumor/Te-no_26.jpg,notumor,2,train,784
Testing/notumor/Te-no_260.jpg,notumor,2,train,667
Testing/notumor/Te-no_261.jpg,notumor,2,train,775
Testing/notumor/Te-no_262.jpg,notumor,2,train,671
Testing/notumor/Te-no_263.jpg,notumor,2,train,785
Testing/notumor/Te-no_264.jpg,notumor,2,train,729
Testing/notumor/Te-no_265.jpg,notumor,2,train,786
Testing/notumor/Te-no_266.jpg,notumor,2,train,770
Testing/notumor/Te-no_267.jpg,notumor,2,test,787
Testing/notumor/Te-no_268.jpg,notumor,2,test,788
Testing/notumor/Te-no_269.jpg,notumor,2,train,789
Testing/notumor/Te-no_27.jpg,notumor,2,test,790
Testing/notumor/Te-no_270.jpg,notumor,2,test,703
Testing/notumor/Te-no_271.jpg,notumor,2,train,667
Testing/notumor/Te-no_272.jpg,notumor,2,train,791
Testing/notumor/Te-no_273.jpg,notumor,2,train,792
Testing/notumor/Te-no_274.jpg,notumor,2,test,736
Testing/notumor/Te-no_275.jpg,notumor,2,train,667
Testing/notumor/Te-no_276.jpg,notumor,2,train,259
Testing/notumor/Te-no_277.jpg,notumor,2,train,793
Testing/notumor/Te-no_278.jpg,notumor,2,test,763
Testing/notumor/Te-no_279.jpg,notumor,2,test,794
Testing/notumor/Te-no_28.jpg,notumor,2,train,795
Testing/notumor/Te-no_280.jpg,notumor,2,val,796
Testing/notumor/Te-no_281.jpg,notumor,2,train,749
Testing/notumor/Te-no_282.jpg,notumor,2,val,797
Testing/notumor/Te-no_283.jpg,notumor,2,train,729
Testing/notumor/Te-no_284.jpg,notumor,2,val,798
Testing/notumor/Te-no_285.jpg,notumor,2,train,711
Testing/notumor/Te-no_286.jpg,notumor,2,test,799
Testing/notumor/Te-no_287.jpg,notumor,2,train,800
Testing/notumor/Te-no_288.jpg,notumor,2,train,801
Testing/notumor/Te-no_289.jpg,notumor,2,train,802
Testing/notumor/Te-no_29.jpg,notumor,2,train,803
Testing/notumor/Te-no_290.jpg,notumor,2,train,804
Testing/notumor/Te-no_291.jpg,notumor,2,train,805
Testing/notumor/Te-no_292.jpg,notumor,2,train,806
Testing/notumor/Te-no_293.jpg,notumor,2,val,807
Testing/notumor/Te-no_294.jpg,notumor,2,train,785
Testing/notumor/Te-no_295.jpg,notumor,2,train,808
Testing/notumor/Te-no_296.jpg,notumor,2,train,689
Testing/notumor/Te-no_297.jpg,notumor,2,train,809
Testing/notumor/Te-no_298.jpg,notumor,2,val,810
Testing/notumor/Te-no_299.jpg,notumor,2,train,811
Testing/notumor/Te-no_3.jpg,notumor,2,test,812
Testing/notumor/Te-no_30.jpg,notumor,2,train,698
Testing/notumor/Te-no_300.jpg,notumor,2,train,813
Testing/notumor/Te-no_301.jpg,notumor,2,test,814
Testing/notumor/Te-no_302.jpg,notumor,2,val,815
Testing/notumor/Te-no_303.jpg,notumor,2,train,654
Testing/notumor/Te-no_304.jpg,notumor,2,train,668
Testing/notumor/Te-no_305.jpg,notumor,2,test,699
Testing/notumor/Te-no_306.jpg,notumor,2,test,736
Testing/notumor/Te-no_307.jpg,notumor,2,val,816
Testing/notumor/Te-no_308.jpg,notumor,2,test,814
Testing/notumor/Te-no_309.jpg,notumor,2,train,817
Testing/notumor/Te-no_31.jpg,notumor,2,train,818
Testing/notumor/Te-no_310.jpg,notumor,2,train,819
Testing/notumor/Te-no_311.jpg,notumor,2,train,791
Testing/notumor/Te-no_312.jpg,notumor,2,train,811
Testing/notumor/Te-no_313.jpg,notumor,2,train,820
Testing/notumor/Te-no_314.jpg,notumor,2,train,821
Testing/notumor/Te-no_315.jpg,notumor,2,val,822
Testing/notumor/Te-no_316.jpg,notumor,2,train,823
Testing/notumor/Te-no_317.jpg,notumor,2,train,739
Testing/notumor/Te-no_318.jpg,notumor,2,train,785
Testing/notumor/Te-no_319.jpg,notumor,2,val,810
Testing/notumor/Te-no_32.jpg,notumor,2,train,705
Testing/notumor/Te-no_320.jpg,notumor,2,train,757
Testing/notumor/Te-no_321.jpg,notumor,2,val,824
Testing/notumor/Te-no_322.jpg,notumor,2,train,825
Testing/notumor/Te-no_323.jpg,notumor,2,train,729
Testing/notumor/Te-no_324.jpg,notumor,2,train,826
Testing/notumor/Te-no_325.jpg,notumor,2,train,723
Testing/notumor/Te-no_326.jpg,notumor,2,val,797
Testing/notumor/Te-no_327.jpg,notumor,2,train,716
Testing/notumor/Te-no_328.jpg,notumor,2,val,658
Testing/notumor/Te-no_329.jpg,notumor,2,train,678
Testing/notumor/Te-no_33.jpg,notumor,2,train,259
Testing/notumor/Te-no_330.jpg,notumor,2,train,827
Testing/notumor/Te-no_331.jpg,notumor,2,test,828
Testing/notumor/Te-no_332.jpg,notumor,2,train,829
Testing/notumor/Te-no_333.jpg,notumor,2,train,661
Testing/notumor/Te-no_334.jpg,notumor,2,train,667
Testing/notumor/Te-no_335.jpg,notumor,2,train,830
Testing/notumor/Te-no_336.jpg,notumor,2,train,655
Testing/notumor/Te-no_337.jpg,notumor,2,train,745
Testing/notumor/Te-no_338.jpg,notumor,2,train,729
Testing/notumor/Te-no_339.jpg,notumor,2,train,831
Testing/notumor/Te-no_34.jpg,notumor,2,train,713
Testing/notumor/Te-no_340.jpg,notumor,2,train,757
Testing/notumor/Te-no_341.jpg,notumor,2,val,832
Testing/notumor/Te-no_342.jpg,notumor,2,train,664
Testing/notumor/Te-no_343.jpg,notumor,2,val,796
Testing/notumor/Te-no_344.jpg,notumor,2,train,711
Testing/notumor/Te-no_345.jpg,notumor,2,train,765
Testing/notumor/Te-no_346.jpg,notumor,2,test,799
Testing/notumor/Te-no_347.jpg,notumor,2,test,833
Testing/notumor/Te-no_348.jpg,notumor,2,val,773
Testing/notumor/Te-no_349.jpg,notumor,2,train,712
Testing/notumor/Te-no_35.jpg,notumor,2,train,825
Testing/notumor/Te-no_350.jpg,notumor,2,train,802
Testing/notumor/Te-no_351.jpg,notumor,2,train,667
Testing/notumor/Te-no_352.jpg,notumor,2,train,803
Testing/notumor/Te-no_353.jpg,notumor,2,train,737
Testing/notumor/Te-no_354.jpg,notumor,2,train,682
Testing/notumor/Te-no_355.jpg,notumor,2,test,834
Testing/notumor/Te-no_356.jpg,notumor,2,val,835
Testing/notumor/Te-no_357.jpg,notumor,2,train,678
Testing/notumor/Te-no_358.jpg,notumor,2,train,836
Testing/notumor/Te-no_359.jpg,notumor,2,train,757
Testing/notumor/Te-no_36.jpg,notumor,2,train,741
Testing/notumor/Te-no_360.jpg,notumor,2,train,689
Testing/notumor/Te-no_361.jpg,notumor,2,train,665
Testing/notumor/Te-no_362.jpg,notumor,2,test,837
Testing/notumor/Te-no_363.jpg,notumor,2,train,795
Testing/notumor/Te-no_364.jpg,notumor,2,train,838
Testing/notumor/Te-no_365.jpg,notumor,2,train,839
Testing/notumor/Te-no_366.jpg,notumor,2,train,687
Testing/notumor/Te-no_367.jpg,notumor,2,val,840
Testing/notumor/Te-no_368.jpg,notumor,2,test,726
Testing/notumor/Te-no_369.jpg,notumor,2,train,762
Testing/notumor/Te-no_37.jpg,notumor,2,train,841
Testing/notumor/Te-no_370.jpg,notumor,2,train,738
Testing/notumor/Te-no_371.jpg,notumor,2,train,842
Testing/notumor/Te-no_372.jpg,notumor,2,train,711
Testing/notumor/Te-no_373.jpg,notumor,2,train,677
Testing/notumor/Te-no_374.jpg,notumor,2,train,676
Testing/notumor/Te-no_375.jpg,notumor,2,val,843
Testing/notumor/Te-no_376.jpg,notumor,2,val,844
Testing/notumor/Te-no_377.jpg,notumor,2,train,845
Testing/notumor/Te-no_378.jpg,notumor,2,train,751
Testing/notumor/Te-no_379.jpg,notumor,2,train,725
Testing/notumor/Te-no_38.jpg,notumor,2,train,803
Testing/notumor/Te-no_380.jpg,notumor,2,train,846
Testing/notumor/Te-no_381.jpg,notumor,2,train,847
Testing/notumor/Te-no_382.jpg,notumor,2,test,670
Testing/notumor/Te-no_383.jpg,notumor,2,train,825
Testing/notumor/Te-no_384.jpg,notumor,2,test,848
Testing/notumor/Te-no_385.jpg,notumor,2,train,849
Testing/notumor/Te-no_386.jpg,notumor,2,test,755
Testing/notumor/Te-no_387.jpg,notumor,2,train,721
Testing/notumor/Te-no_388.jpg,notumor,2,train,667
Testing/notumor/Te-no_389.jpg,notumor,2,val,850
Testing/notumor/Te-no_39.jpg,notumor,2,val,851
Testing/notumor/Te-no_390.jpg,notumor,2,train,771
Testing/notumor/Te-no_391.jpg,notumor,2,train,711
Testing/notumor/Te-no_392.jpg,notumor,2,train,762
Testing/notumor/Te-no_393.jpg,notumor,2,test,701
Testing/notumor/Te-no_394.jpg,notumor,2,train,852
Testing/notumor/Te-no_395.jpg,notumor,2,train,654
Testing/notumor/Te-no_396.jpg,notumor,2,train,678
Testing/notumor/Te-no_397.jpg,notumor,2,train,671
Testing/notumor/Te-no_398.jpg,notumor,2,train,845
Testing/notumor/Te-no_399.jpg,notumor,2,train,673
Testing/notumor/Te-no_4.jpg,notumor,2,train,836
Testing/notumor/Te-no_40.jpg,notumor,2,train,775
Testing/notumor/Te-no_400.jpg,notumor,2,train,818
Testing/notumor/Te-no_41.jpg,notumor,2,train,727
Testing/notumor/Te-no_42.jpg,notumor,2,val,691
Testing/notumor/Te-no_43.jpg,notumor,2,train,853
Testing/notumor/Te-no_44.jpg,notumor,2,train,671
Testing/notumor/Te-no_45.jpg,notumor,2,train,749
Testing/notumor/Te-no_46.jpg,notumor,2,train,259
Testing/notumor/Te-no_47.jpg,notumor,2,train,854
Testing/notumor/Te-no_48.jpg,notumor,2,train,855
Testing/notumor/Te-no_49.jpg,notumor,2,train,774
Testing/notumor/Te-no_5.jpg,notumor,2,test,709
Testing/notumor/Te-no_50.jpg,notumor,2,train,742
Testing/notumor/Te-no_51.jpg,notumor,2,test,856
Testing/notumor/Te-no_52.jpg,notumor,2,train,857
Testing/notumor/Te-no_53.jpg,notumor,2,train,789
Testing/notumor/Te-no_54.jpg,notumor,2,val,858
Testing/notumor/Te-no_55.jpg,notumor,2,train,859
Testing/notumor/Te-no_56.jpg,notumor,2,train,811
Testing/notumor/Te-no_57.jpg,notumor,2,val,797
Testing/notumor/Te-no_58.jpg,notumor,2,train,684
Testing/notumor/Te-no_59.jpg,notumor,2,train,754
Testing/notumor/Te-no_6.jpg,notumor,2,test,848
Testing/notumor/Te-no_60.jpg,notumor,2,train,683
Testing/notumor/Te-no_61.jpg,notumor,2,train,825
Testing/notumor/Te-no_62.jpg,notumor,2,train,762
Testing/notumor/Te-no_63.jpg,notumor,2,train,651
Testing/notumor/Te-no_64.jpg,notumor,2,test,790
Testing/notumor/Te-no_65.jpg,notumor,2,val,860
Testing/notumor/Te-no_66.jpg,notumor,2,train,712
Testing/notumor/Te-no_67.jpg,notumor,2,test,861
Testing/notumor/Te-no_68.jpg,notumor,2,train,729
Testing/notumor/Te-no_69.jpg,notumor,2,train,855
Testing/notumor/Te-no_7.jpg,notumor,2,train,852
Testing/notumor/Te-no_70.jpg,notumor,2,train,862
Testing/notumor/Te-no_71.jpg,notumor,2,train,678
Testing/notumor/Te-no_72.jpg,notumor,2,train,725
Testing/notumor/Te-no_73.jpg,notumor,2,train,841
Testing/notumor/Te-no_74.jpg,notumor,2,train,714
Testing/notumor/Te-no_75.jpg,notumor,2,val,707
Testing/notumor/Te-no_76.jpg,notumor,2,train,795
Testing/notumor/Te-no_77.jpg,notumor,2,test,863
Testing/notumor/Te-no_78.jpg,notumor,2,train,864
Testing/notumor/Te-no_79.jpg,notumor,2,train,791
Testing/notumor/Te-no_8.jpg,notumor,2,train,865
Testing/notumor/Te-no_80.jpg,notumor,2,train,665
Testing/notumor/Te-no_81.jpg,notumor,2,test,866
Testing/notumor/Te-no_82.jpg,notumor,2,train,867
Testing/notumor/Te-no_83.jpg,notumor,2,train,696
Testing/notumor/Te-no_84.jpg,notumor,2,train,717
Testing/notumor/Te-no_85.jpg,notumor,2,train,655
Testing/notumor/Te-no_86.jpg,notumor,2,train,868
Testing/notumor/Te-no_87.jpg,notumor,2,train,806
Testing/notumor/Te-no_88.jpg,notumor,2,train,725
Testing/notumor/Te-no_89.jpg,notumor,2,train,654
Testing/notumor/Te-no_9.jpg,notumor,2,val,869
Testing/notumor/Te-no_90.jpg,notumor,2,train,655
Testing/notumor/Te-no_91.jpg,notumor,2,train,687
Testing/notumor/Te-no_92.jpg,notumor,2,val,870
Testing/notumor/Te-no_93.jpg,notumor,2,train,677
Testing/notumor/Te-no_94.jpg,notumor,2,val,871
Testing/notumor/Te-no_95.jpg,notumor,2,train,817
Testing/notumor/Te-no_96.jpg,notumor,2,train,786
Testing/notumor/Te-no_97.jpg,notumor,2,train,793
Testing/notumor/Te-no_98.jpg,notumor,2,train,751
Testing/notumor/Te-no_99.jpg,notumor,2,train,813
Testing/pituitary/Te-pi_1.jpg,pituitary,3,test,872
Testing/pituitary/Te-pi_10.jpg,pituitary,3,train,873
Testing/pituitary/Te-pi_100.jpg,pituitary,3,val,874
Testing/pituitary/Te-pi_101.jpg,pituitary,3,val,875
Testing/pituitary/Te-pi_102.jpg,pituitary,3,test,876
Testing/pituitary/Te-pi_103.jpg,pituitary,3,train,877
Testing/pituitary/Te-pi_104.jpg,pituitary,3,train,878
Testing/pituitary/Te-pi_105.jpg,pituitary,3,train,879
Testing/pituitary/Te-pi_106.jpg,pituitary,3,train,880
Testing/pituitary/Te-pi_107.jpg,pituitary,3,train,881
Testing/pituitary/Te-pi_108.jpg,pituitary,3,train,882
Testing/pituitary/Te-pi_109.jpg,pituitary,3,test,883
Testing/pituitary/Te-pi_11.jpg,pituitary,3,train,884
Testing/pituitary/Te-pi_110.jpg,pituitary,3,train,885
Testing/pituitary/Te-pi_111.jpg,pituitary,3,train,886
Testing/pituitary/Te-pi_112.jpg,pituitary,3,train,887
Testing/pituitary/Te-pi_113.jpg,pituitary,3,test,888
Testing/pituitary/Te-pi_114.jpg,pituitary,3,test,889
Testing/pituitary/Te-pi_115.jpg,pituitary,3,train,890
Testing/pituitary/Te-pi_116.jpg,pituitary,3,train,891
Testing/pituitary/Te-pi_117.jpg,pituitary,3,train,892
Testing/pituitary/Te-pi_118.jpg,pituitary,3,train,893
Testing/pituitary/Te-pi_119.jpg,pituitary,3,val,894
Testing/pituitary/Te-pi_12.jpg,pituitary,3,train,895
Testing/pituitary/Te-pi_120.jpg,pituitary,3,train,896
Testing/pituitary/Te-pi_121.jpg,pituitary,3,train,897
Testing/pituitary/Te-pi_122.jpg,pituitary,3,val,898
Testing/pituitary/Te-pi_123.jpg,pituitary,3,train,899
Testing/pituitary/Te-pi_124.jpg,pituitary,3,train,900
Testing/pituitary/Te-pi_125.jpg,pituitary,3,train,901
Testing/pituitary/Te-pi_126.jpg,pituitary,3,train,902
Testing/pituitary/Te-pi_127.jpg,pituitary,3,train,903
Testing/pituitary/Te-pi_128.jpg,pituitary,3,val,904
Testing/pituitary/Te-pi_129.jpg,pituitary,3,test,905
Testing/pituitary/Te-pi_13.jpg,pituitary,3,train,906
Testing/pituitary/Te-pi_130.jpg,pituitary,3,val,907
Testing/pituitary/Te-pi_131.jpg,pituitary,3,train,908
Testing/pituitary/Te-pi_132.jpg,pituitary,3,train,909
Testing/pituitary/Te-pi_133.jpg,pituitary,3,val,910
Testing/pituitary/Te-pi_134.jpg,pituitary,3,val,911
Testing/pituitary/Te-pi_135.jpg,pituitary,3,train,912
Testing/pituitary/Te-pi_136.jpg,pituitary,3,train,913
Testing/pituitary/Te-pi_137.jpg,pituitary,3,train,914
Testing/pituitary/Te-pi_138.jpg,pituitary,3,train,915
Testing/pituitary/Te-pi_139.jpg,pituitary,3,train,916
Testing/pituitary/Te-pi_14.jpg,pituitary,3,train,917
Testing/pituitary/Te-pi_140.jpg,pituitary,3,test,918
Testing/pituitary/Te-pi_141.jpg,pituitary,3,train,919
Testing/pituitary/Te-pi_142.jpg,pituitary,3,train,920
Testing/pituitary/Te-pi_143.jpg,pituitary,3,train,921
Testing/pituitary/Te-pi_144.jpg,pituitary,3,train,922
Testing/pituitary/Te-pi_145.jpg,pituitary,3,train,923
Testing/pituitary/Te-pi_146.jpg,pituitary,3,train,924
Testing/pituitary/Te-pi_147.jpg,pituitary,3,train,925
Testing/pituitary/Te-pi_148.jpg,pituitary,3,test,926
Testing/pituitary/Te-pi_149.jpg,pituitary,3,train,927
Testing/pituitary/Te-pi_15.jpg,pituitary,3,val,928
Testing/pituitary/Te-pi_150.jpg,pituitary,3,train,929
Testing/pituitary/Te-pi_151.jpg,pituitary,3,train,930
Testing/pituitary/Te-pi_152.jpg,pituitary,3,val,931
Testing/pituitary/Te-pi_153.jpg,pituitary,3,train,932
Testing/pituitary/Te-pi_154.jpg,pituitary,3,train,933
Testing/pituitary/Te-pi_155.jpg,pituitary,3,val,934
Testing/pituitary/Te-pi_156.jpg,pituitary,3,test,935
Testing/pituitary/Te-pi_157.jpg,pituitary,3,train,936
Testing/pituitary/Te-pi_158.jpg,pituitary,3,train,937
Testing/pituitary/Te-pi_159.jpg,pituitary,3,train,938
Testing/pituitary/Te-pi_16.jpg,pituitary,3,val,939
Testing/pituitary/Te-pi_160.jpg,pituitary,3,train,940
Testing/pituitary/Te-pi_161.jpg,pituitary,3,train,941
Testing/pituitary/Te-pi_162.jpg,pituitary,3,val,942
Testing/pituitary/Te-pi_163.jpg,pituitary,3,train,943
Testing/pituitary/Te-pi_164.jpg,pituitary,3,train,944
Testing/pituitary/Te-pi_165.jpg,pituitary,3,train,945
Testing/pituitary/Te-pi_166.jpg,pituitary,3,train,946
Testing/pituitary/Te-pi_167.jpg,pituitary,3,train,947
Testing/pituitary/Te-pi_168.jpg,pituitary,3,test,948
Testing/pituitary/Te-pi_169.jpg,pituitary,3,train,949
Testing/pituitary/Te-pi_17.jpg,pituitary,3,val,950
Testing/pituitary/Te-pi_170.jpg,pituitary,3,test,951
Testing/pituitary/Te-pi_171.jpg,pituitary,3,train,952
Testing/pituitary/Te-pi_172.jpg,pituitary,3,test,953
Testing/pituitary/Te-pi_173.jpg,pituitary,3,test,954
Testing/pituitary/Te-pi_174.jpg,pituitary,3,train,955
Testing/pituitary/Te-pi_175.jpg,pituitary,3,train,956
Testing/pituitary/Te-pi_176.jpg,pituitary,3,train,957
Testing/pituitary/Te-pi_177.jpg,pituitary,3,train,958
Testing/pituitary/Te-pi_178.jpg,pituitary,3,train,959
Testing/pituitary/Te-pi_179.jpg,pituitary,3,train,960
Testing/pituitary/Te-pi_18.jpg,pituitary,3,val,961
Testing/pituitary/Te-pi_180.jpg,pituitary,3,train,962
Testing/pituitary/Te-pi_181.jpg,pituitary,3,train,963
Testing/pituitary/Te-pi_182.jpg,pituitary,3,train,964
Testing/pituitary/Te-pi_183.jpg,pituitary,3,train,965
Testing/pituitary/Te-pi_184.jpg,pituitary,3,val,966
Testing/pituitary/Te-pi_185.jpg,pituitary,3,train,967
Testing/pituitary/Te-pi_186.jpg,pituitary,3,train,968
Testing/pituitary/Te-pi_187.jpg,pituitary,3,train,969
Testing/pituitary/Te-pi_188.jpg,pituitary,3,val,970
Testing/pituitary/Te-pi_189.jpg,pituitary,3,val,971
Testing/pituitary/Te-pi_19.jpg,pituitary,3,train,972
Testing/pituitary/Te-pi_190.jpg,pituitary,3,train,973
Testing/pituitary/Te-pi_191.jpg,pituitary,3,train,974
Testing/pituitary/Te-pi_192.jpg,pituitary,3,val,975
Testing/pituitary/Te-pi_193.jpg,pituitary,3,test,976
Testing/pituitary/Te-pi_194.jpg,pituitary,3,train,977
Testing/pituitary/Te-pi_195.jpg,pituitary,3,train,978
Testing/pituitary/Te-pi_196.jpg,pituitary,3,train,979
Testing/pituitary/Te-pi_197.jpg,pituitary,3,train,980
Testing/pituitary/Te-pi_198.jpg,pituitary,3,train,981
Testing/pituitary/Te-pi_199.jpg,pituitary,3,train,982
Testing/pituitary/Te-pi_2.jpg,pituitary,3,train,983
Testing/pituitary/Te-pi_20.jpg,pituitary,3,train,984
Testing/pituitary/Te-pi_200.jpg,pituitary,3,val,985
Testing/pituitary/Te-pi_201.jpg,pituitary,3,train,986
Testing/pituitary/Te-pi_202.jpg,pituitary,3,train,987
Testing/pituitary/Te-pi_203.jpg,pituitary,3,train,988
Testing/pituitary/Te-pi_204.jpg,pituitary,3,train,989
Testing/pituitary/Te-pi_205.jpg,pituitary,3,train,990
Testing/pituitary/Te-pi_206.jpg,pituitary,3,train,991
Testing/pituitary/Te-pi_207.jpg,pituitary,3,train,992
Testing/pituitary/Te-pi_208.jpg,pituitary,3,train,993
Testing/pituitary/Te-pi_209.jpg,pituitary,3,train,994
Testing/pituitary/Te-pi_21.jpg,pituitary,3,train,995
Testing/pituitary/Te-pi_210.jpg,pituitary,3,train,996
Testing/pituitary/Te-pi_211.jpg,pituitary,3,train,899
Testing/pituitary/Te-pi_212.jpg,pituitary,3,train,947
Testing/pituitary/Te-pi_213.jpg,pituitary,3,train,997
Testing/pituitary/Te-pi_214.jpg,pituitary,3,train,998
Testing/pituitary/Te-pi_215.jpg,pituitary,3,train,999
Testing/pituitary/Te-pi_216.jpg,pituitary,3,train,1000
Testing/pituitary/Te-pi_217.jpg,pituitary,3,train,1001
Testing/pituitary/Te-pi_218.jpg,pituitary,3,train,1002
Testing/pituitary/Te-pi_219.jpg,pituitary,3,test,1003
Testing/pituitary/Te-pi_22.jpg,pituitary,3,train,1004
Testing/pituitary/Te-pi_220.jpg,pituitary,3,train,1005
Testing/pituitary/Te-pi_221.jpg,pituitary,3,train,1006
Testing/pituitary/Te-pi_222.jpg,pituitary,3,train,1007
Testing/pituitary/Te-pi_223.jpg,pituitary,3,train,1008
Testing/pituitary/Te-pi_224.jpg,pituitary,3,train,1009
Testing/pituitary/Te-pi_225.jpg,pituitary,3,test,1010
Testing/pituitary/Te-pi_226.jpg,pituitary,3,train,1011
Testing/pituitary/Te-pi_227.jpg,pituitary,3,train,1012
Testing/pituitary/Te-pi_228.jpg,pituitary,3,test,1013
Testing/pituitary/Te-pi_229.jpg,pituitary,3,val,1014
Testing/pituitary/Te-pi_23.jpg,pituitary,3,train,1015
Testing/pituitary/Te-pi_230.jpg,pituitary,3,val,1016
Testing/pituitary/Te-pi_231.jpg,pituitary,3,train,1017
Testing/pituitary/Te-pi_232.jpg,pituitary,3,train,890
Testing/pituitary/Te-pi_233.jpg,pituitary,3,test,1018
Testing/pituitary/Te-pi_234.jpg,pituitary,3,train,1019
Testing/pituitary/Te-pi_235.jpg,pituitary,3,train,1020
Testing/pituitary/Te-pi_236.jpg,pituitary,3,val,1021
Testing/pituitary/Te-pi_237.jpg,pituitary,3,train,1022
Testing/pituitary/Te-pi_238.jpg,pituitary,3,train,1023
Testing/pituitary/Te-pi_239.jpg,pituitary,3,train,1024
Testing/pituitary/Te-pi_24.jpg,pituitary,3,val,1025
Testing/pituitary/Te-pi_240.jpg,pituitary,3,train,1026
Testing/pituitary/Te-pi_241.jpg,pituitary,3,train,1027
Testing/pituitary/Te-pi_242.jpg,pituitary,3,train,1028
Testing/pituitary/Te-pi_243.jpg,pituitary,3,train,1029
Testing/pituitary/Te-pi_244.jpg,pituitary,3,train,1030
Testing/pituitary/Te-pi_245.jpg,pituitary,3,train,1031
Testing/pituitary/Te-pi_246.jpg,pituitary,3,train,1032
Testing/pituitary/Te-pi_247.jpg,pituitary,3,test,1033
Testing/pituitary/Te-pi_248.jpg,pituitary,3,train,1034
Testing/pituitary/Te-pi_249.jpg,pituitary,3,val,1035
Testing/pituitary/Te-pi_25.jpg,pituitary,3,val,1036
Testing/pituitary/Te-pi_250.jpg,pituitary,3,train,1037
Testing/pituitary/Te-pi_251.jpg,pituitary,3,train,1038
Testing/pituitary/Te-pi_252.jpg,pituitary,3,train,1039
Testing/pituitary/Te-pi_253.jpg,pituitary,3,train,1040
Testing/pituitary/Te-pi_254.jpg,pituitary,3,test,1041
Testing/pituitary/Te-pi_255.jpg,pituitary,3,train,1042
Testing/pituitary/Te-pi_256.jpg,pituitary,3,train,1043
Testing/pituitary/Te-pi_257.jpg,pituitary,3,train,1044
Testing/pituitary/Te-pi_258.jpg,pituitary,3,train,1045
Testing/pituitary/Te-pi_259.jpg,pituitary,3,test,1046
Testing/pituitary/Te-pi_26.jpg,pituitary,3,test,1047
Testing/pituitary/Te-pi_260.jpg,pituitary,3,test,1048
Testing/pituitary/Te-pi_261.jpg,pituitary,3,val,1049
Testing/pituitary/Te-pi_262.jpg,pituitary,3,val,1050
Testing/pituitary/Te-pi_263.jpg,pituitary,3,train,1051
Testing/pituitary/Te-pi_264.jpg,pituitary,3,train,1052
Testing/pituitary/Te-pi_265.jpg,pituitary,3,train,973
Testing/pituitary/Te-pi_266.jpg,pituitary,3,train,1053
Testing/pituitary/Te-pi_267.jpg,pituitary,3,train,1054
Testing/pituitary/Te-pi_268.jpg,pituitary,3,test,1055
Testing/pituitary/Te-pi_269.jpg,pituitary,3,val,1056
Testing/pituitary/Te-pi_27.jpg,pituitary,3,val,1057
Testing/pituitary/Te-pi_270.jpg,pituitary,3,train,1058
Testing/pituitary/Te-pi_271.jpg,pituitary,3,val,1059
Testing/pituitary/Te-pi_272.jpg,pituitary,3,train,1060
Testing/pituitary/Te-pi_273.jpg,pituitary,3,train,1061
Testing/pituitary/Te-pi_274.jpg,pituitary,3,val,1062
Testing/pituitary/Te-pi_275.jpg,pituitary,3,train,1063
Testing/pituitary/Te-pi_276.jpg,pituitary,3,train,1064
Testing/pituitary/Te-pi_277.jpg,pituitary,3,train,1065
Testing/pituitary/Te-pi_278.jpg,pituitary,3,train,1066
Testing/pituitary/Te-pi_279.jpg,pituitary,3,val,1067
Testing/pituitary/Te-pi_28.jpg,pituitary,3,train,1068
Testing/pituitary/Te-pi_280.jpg,pituitary,3,train,1069
Testing/pituitary/Te-pi_281.jpg,pituitary,3,train,1070
Testing/pituitary/Te-pi_282.jpg,pituitary,3,test,1071
Testing/pituitary/Te-pi_283.jpg,pituitary,3,train,988
Testing/pituitary/Te-pi_284.jpg,pituitary,3,train,1072
Testing/pituitary/Te-pi_285.jpg,pituitary,3,train,1073
Testing/pituitary/Te-pi_286.jpg,pituitary,3,train,1074
Testing/pituitary/Te-pi_287.jpg,pituitary,3,train,1075
Testing/pituitary/Te-pi_288.jpg,pituitary,3,test,1076
Testing/pituitary/Te-pi_289.jpg,pituitary,3,train,1077
Testing/pituitary/Te-pi_29.jpg,pituitary,3,train,1058
Testing/pituitary/Te-pi_290.jpg,pituitary,3,train,1078
Testing/pituitary/Te-pi_291.jpg,pituitary,3,train,1079
Testing/pituitary/Te-pi_292.jpg,pituitary,3,train,1080
Testing/pituitary/Te-pi_293.jpg,pituitary,3,val,1081
Testing/pituitary/Te-pi_294.jpg,pituitary,3,val,1082
Testing/pituitary/Te-pi_295.jpg,pituitary,3,train,1083
Testing/pituitary/Te-pi_296.jpg,pituitary,3,train,1084
Testing/pituitary/Te-pi_297.jpg,pituitary,3,train,1085
Testing/pituitary/Te-pi_298.jpg,pituitary,3,train,1086
Testing/pituitary/Te-pi_299.jpg,pituitary,3,train,1087
Testing/pituitary/Te-pi_3.jpg,pituitary,3,train,1088
Testing/pituitary/Te-pi_30.jpg,pituitary,3,train,1089
Testing/pituitary/Te-pi_300.jpg,pituitary,3,train,1090
Testing/pituitary/Te-pi_301.jpg,pituitary,3,train,1091
Testing/pituitary/Te-pi_302.jpg,pituitary,3,train,1092
Testing/pituitary/Te-pi_303.jpg,pituitary,3,val,1093
Testing/pituitary/Te-pi_304.jpg,pituitary,3,train,1094
Testing/pituitary/Te-pi_305.jpg,pituitary,3,train,1095
Testing/pituitary/Te-pi_306.jpg,pituitary,3,train,1096
Testing/pituitary/Te-pi_307.jpg,pituitary,3,train,1097
Testing/pituitary/Te-pi_308.jpg,pituitary,3,train,1098
Testing/pituitary/Te-pi_309.jpg,pituitary,3,test,1099
Testing/pituitary/Te-pi_31.jpg,pituitary,3,train,1100
Testing/pituitary/Te-pi_310.jpg,pituitary,3,train,1101
Testing/pituitary/Te-pi_311.jpg,pituitary,3,train,1102
Testing/pituitary/Te-pi_312.jpg,pituitary,3,train,1103
Testing/pituitary/Te-pi_313.jpg,pituitary,3,train,1104
Testing/pituitary/Te-pi_314.jpg,pituitary,3,val,1105
Testing/pituitary/Te-pi_315.jpg,pituitary,3,train,1106
Testing/pituitary/Te-pi_316.jpg,pituitary,3,test,1107
Testing/pituitary/Te-pi_317.jpg,pituitary,3,val,1108
Testing/pituitary/Te-pi_318.jpg,pituitary,3,train,1109
Testing/pituitary/Te-pi_319.jpg,pituitary,3,train,1110
Testing/pituitary/Te-pi_32.jpg,pituitary,3,val,1111
Testing/pituitary/Te-pi_320.jpg,pituitary,3,train,1112
Testing/pituitary/Te-pi_321.jpg,pituitary,3,train,1113
Testing/pituitary/Te-pi_322.jpg,pituitary,3,train,1114
Testing/pituitary/Te-pi_323.jpg,pituitary,3,train,1115
Testing/pituitary/Te-pi_324.jpg,pituitary,3,train,1116
Testing/pituitary/Te-pi_325.jpg,pituitary,3,train,1117
Testing/pituitary/Te-pi_326.jpg,pituitary,3,train,1118
Testing/pituitary/Te-pi_327.jpg,pituitary,3,test,1119
Testing/pituitary/Te-pi_328.jpg,pituitary,3,train,1120
Testing/pituitary/Te-pi_329.jpg,pituitary,3,train,1121
Testing/pituitary/Te-pi_33.jpg,pituitary,3,train,1122
Testing/pituitary/Te-pi_330.jpg,pituitary,3,train,1123
Testing/pituitary/Te-pi_331.jpg,pituitary,3,train,1124
Testing/pituitary/Te-pi_332.jpg,pituitary,3,train,1125
Testing/pituitary/Te-pi_333.jpg,pituitary,3,test,1126
Testing/pituitary/Te-pi_334.jpg,pituitary,3,val,1127
Testing/pituitary/Te-pi_335.jpg,pituitary,3,train,1128
Testing/pituitary/Te-pi_336.jpg,pituitary,3,test,1129
Testing/pituitary/Te-pi_337.jpg,pituitary,3,val,1130
Testing/pituitary/Te-pi_338.jpg,pituitary,3,test,1131
Testing/pituitary/Te-pi_339.jpg,pituitary,3,val,1132
Testing/pituitary/Te-pi_34.jpg,pituitary,3,train,1133
Testing/pituitary/Te-pi_340.jpg,pituitary,3,test,1134
Testing/pituitary/Te-pi_341.jpg,pituitary,3,train,1135
Testing/pituitary/Te-pi_342.jpg,pituitary,3,train,1136
Testing/pituitary/Te-pi_343.jpg,pituitary,3,train,1137
Testing/pituitary/Te-pi_344.jpg,pituitary,3,train,1138
Testing/pituitary/Te-pi_345.jpg,pituitary,3,train,1139
Testing/pituitary/Te-pi_346.jpg,pituitary,3,val,1140
Testing/pituitary/Te-pi_347.jpg,pituitary,3,train,1141
Testing/pituitary/Te-pi_348.jpg,pituitary,3,train,1142
Testing/pituitary/Te-pi_349.jpg,pituitary,3,train,1143
Testing/pituitary/Te-pi_35.jpg,pituitary,3,val,1144
Testing/pituitary/Te-pi_350.jpg,pituitary,3,val,1145
Testing/pituitary/Te-pi_351.jpg,pituitary,3,train,1146
Testing/pituitary/Te-pi_352.jpg,pituitary,3,val,1147
Testing/pituitary/Te-pi_353.jpg,pituitary,3,train,1148
Testing/pituitary/Te-pi_354.jpg,pituitary,3,test,1149
Testing/pituitary/Te-pi_355.jpg,pituitary,3,train,1150
Testing/pituitary/Te-pi_356.jpg,pituitary,3,test,1151
Testing/pituitary/Te-pi_357.jpg,pituitary,3,val,1152
Testing/pituitary/Te-pi_358.jpg,pituitary,3,test,1153
Testing/pituitary/Te-pi_359.jpg,pituitary,3,test,1154
Testing/pituitary/Te-pi_36.jpg,pituitary,3,val,1155
Testing/pituitary/Te-pi_360.jpg,pituitary,3,train,1156
Testing/pituitary/Te-pi_361.jpg,pituitary,3,train,1157
Testing/pituitary/Te-pi_362.jpg,pituitary,3,val,1158
Testing/pituitary/Te-pi_363.jpg,pituitary,3,train,1159
Testing/pituitary/Te-pi_364.jpg,pituitary,3,train,1160
Testing/pituitary/Te-pi_365.jpg,pituitary,3,test,1161
Testing/pituitary/Te-pi_366.jpg,pituitary,3,train,1162
Testing/pituitary/Te-pi_367.jpg,pituitary,3,train,1163
Testing/pituitary/Te-pi_368.jpg,pituitary,3,train,1164
Testing/pituitary/Te-pi_369.jpg,pituitary,3,val,1165
Testing/pituitary/Te-pi_37.jpg,pituitary,3,val,1166
Testing/pituitary/Te-pi_370.jpg,pituitary,3,train,1167
Testing/pituitary/Te-pi_371.jpg,pituitary,3,val,1168
Testing/pituitary/Te-pi_372.jpg,pituitary,3,train,1169
Testing/pituitary/Te-pi_373.jpg,pituitary,3,val,1170
Testing/pituitary/Te-pi_374.jpg,pituitary,3,test,1171
Testing/pituitary/Te-pi_375.jpg,pituitary,3,train,1172
Testing/pituitary/Te-pi_376.jpg,pituitary,3,train,1173
Testing/pituitary/Te-pi_377.jpg,pituitary,3,train,1174
Testing/pituitary/Te-pi_378.jpg,pituitary,3,val,1175
Testing/pituitary/Te-pi_379.jpg,pituitary,3,test,1176
Testing/pituitary/Te-pi_38.jpg,pituitary,3,train,1177
Testing/pituitary/Te-pi_380.jpg,pituitary,3,val,1178
Testing/pituitary/Te-pi_381.jpg,pituitary,3,train,1179
Testing/pituitary/Te-pi_382.jpg,pituitary,3,train,1180
Testing/pituitary/Te-pi_383.jpg,pituitary,3,train,1181
Testing/pituitary/Te-pi_384.jpg,pituitary,3,test,1182
Testing/pituitary/Te-pi_385.jpg,pituitary,3,train,943
Testing/pituitary/Te-pi_386.jpg,pituitary,3,train,1183
Testing/pituitary/Te-pi_387.jpg,pituitary,3,train,1184
Testing/pituitary/Te-pi_388.jpg,pituitary,3,train,1185
Testing/pituitary/Te-pi_389.jpg,pituitary,3,train,1186
Testing/pituitary/Te-pi_39.jpg,pituitary,3,train,1187
Testing/pituitary/Te-pi_390.jpg,pituitary,3,train,1188
Testing/pituitary/Te-pi_391.jpg,pituitary,3,train,1189
Testing/pituitary/Te-pi_392.jpg,pituitary,3,train,1190
Testing/pituitary/Te-pi_393.jpg,pituitary,3,train,1191
Testing/pituitary/Te-pi_394.jpg,pituitary,3,test,1192
Testing/pituitary/Te-pi_395.jpg,pituitary,3,train,1193
Testing/pituitary/Te-pi_396.jpg,pituitary,3,train,1194
Testing/pituitary/Te-pi_397.jpg,pituitary,3,train,1195
Testing/pituitary/Te-pi_398.jpg,pituitary,3,val,1196
Testing/pituitary/Te-pi_399.jpg,pituitary,3,val,1197
Testing/pituitary/Te-pi_4.jpg,pituitary,3,train,1198
Testing/pituitary/Te-pi_40.jpg,pituitary,3,train,1199
Testing/pituitary/Te-pi_400.jpg,pituitary,3,val,1200
Testing/pituitary/Te-pi_41.jpg,pituitary,3,train,1201
Testing/pituitary/Te-pi_42.jpg,pituitary,3,val,1202
Testing/pituitary/Te-pi_43.jpg,pituitary,3,train,1173
Testing/pituitary/Te-pi_44.jpg,pituitary,3,train,1203
Testing/pituitary/Te-pi_45.jpg,pituitary,3,test,1204
Testing/pituitary/Te-pi_46.jpg,pituitary,3,train,1205
Testing/pituitary/Te-pi_47.jpg,pituitary,3,train,1206
Testing/pituitary/Te-pi_48.jpg,pituitary,3,train,1207
Testing/pituitary/Te-pi_49.jpg,pituitary,3,train,1208
Testing/pituitary/Te-pi_5.jpg,pituitary,3,train,1209
Testing/pituitary/Te-pi_50.jpg,pituitary,3,train,1210
Testing/pituitary/Te-pi_51.jpg,pituitary,3,train,1211
Testing/pituitary/Te-pi_52.jpg,pituitary,3,test,1212
Testing/pituitary/Te-pi_53.jpg,pituitary,3,train,1213
Testing/pituitary/Te-pi_54.jpg,pituitary,3,train,1214
Testing/pituitary/Te-pi_55.jpg,pituitary,3,train,1215
Testing/pituitary/Te-pi_56.jpg,pituitary,3,train,1216
Testing/pituitary/Te-pi_57.jpg,pituitary,3,test,1217
Testing/pituitary/Te-pi_58.jpg,pituitary,3,test,1218
Testing/pituitary/Te-pi_59.jpg,pituitary,3,val,1219
Testing/pituitary/Te-pi_6.jpg,pituitary,3,test,1220
Testing/pituitary/Te-pi_60.jpg,pituitary,3,train,1221
Testing/pituitary/Te-pi_61.jpg,pituitary,3,test,1222
Testing/pituitary/Te-pi_62.jpg,pituitary,3,train,1223
Testing/pituitary/Te-pi_63.jpg,pituitary,3,val,1224
Testing/pituitary/Te-pi_64.jpg,pituitary,3,train,1225
Testing/pituitary/Te-pi_65.jpg,pituitary,3,test,1226
Testing/pituitary/Te-pi_66.jpg,pituitary,3,train,1227
Testing/pituitary/Te-pi_67.jpg,pituitary,3,train,1228
Testing/pituitary/Te-pi_68.jpg,pituitary,3,val,1229
Testing/pituitary/Te-pi_69.jpg,pituitary,3,train,1230
Testing/pituitary/Te-pi_7.jpg,pituitary,3,test,1231
Testing/pituitary/Te-pi_70.jpg,pituitary,3,test,1232
Testing/pituitary/Te-pi_71.jpg,pituitary,3,train,1233
Testing/pituitary/Te-pi_72.jpg,pituitary,3,train,1234
Testing/pituitary/Te-pi_73.jpg,pituitary,3,train,1235
Testing/pituitary/Te-pi_74.jpg,pituitary,3,train,1236
Testing/pituitary/Te-pi_75.jpg,pituitary,3,train,1058
Testing/pituitary/Te-pi_76.jpg,pituitary,3,train,1237
Testing/pituitary/Te-pi_77.jpg,pituitary,3,train,1238
Testing/pituitary/Te-pi_78.jpg,pituitary,3,train,1239
Testing/pituitary/Te-pi_79.jpg,pituitary,3,val,1240
Testing/pituitary/Te-pi_8.jpg,pituitary,3,train,1241
Testing/pituitary/Te-pi_80.jpg,pituitary,3,test,1242
Testing/pituitary/Te-pi_81.jpg,pituitary,3,val,1243
Testing/pituitary/Te-pi_82.jpg,pituitary,3,test,1244
Testing/pituitary/Te-pi_83.jpg,pituitary,3,train,1245
Testing/pituitary/Te-pi_84.jpg,pituitary,3,val,1246
Testing/pituitary/Te-pi_85.jpg,pituitary,3,train,1247
Testing/pituitary/Te-pi_86.jpg,pituitary,3,train,1248
Testing/pituitary/Te-pi_87.jpg,pituitary,3,train,1249
Testing/pituitary/Te-pi_88.jpg,pituitary,3,train,1250
Testing/pituitary/Te-pi_89.jpg,pituitary,3,train,1064
Testing/pituitary/Te-pi_9.jpg,pituitary,3,test,1251
Testing/pituitary/Te-pi_90.jpg,pituitary,3,train,1252
Testing/pituitary/Te-pi_91.jpg,pituitary,3,test,1253
Testing/pituitary/Te-pi_92.jpg,pituitary,3,train,1254
Testing/pituitary/Te-pi_93.jpg,pituitary,3,test,1255
Testing/pituitary/Te-pi_94.jpg,pituitary,3,train,1256
Testing/pituitary/Te-pi_95.jpg,pituitary,3,train,1257
Testing/pituitary/Te-pi_96.jpg,pituitary,3,train,1258
Testing/pituitary/Te-pi_97.jpg,pituitary,3,val,1259
Testing/pituitary/Te-pi_98.jpg,pituitary,3,train,1260
Testing/pituitary/Te-pi_99.jpg,pituitary,3,train,1261
Training/glioma/Tr-gl_1.jpg,glioma,0,test,1262
Training/glioma/Tr-gl_10.jpg,glioma,0,train,1263
Training/glioma/Tr-gl_100.jpg,glioma,0,train,1264
Training/glioma/Tr-gl_1000.jpg,glioma,0,val,1265
Training/glioma/Tr-gl_1001.jpg,glioma,0,train,1266
Training/glioma/Tr-gl_1002.jpg,glioma,0,train,1267
Training/glioma/Tr-gl_1003.jpg,glioma,0,test,1268
Training/glioma/Tr-gl_1004.jpg,glioma,0,val,1269
Training/glioma/Tr-gl_1005.jpg,glioma,0,train,1270
Training/glioma/Tr-gl_1006.jpg,glioma,0,train,1271
Training/glioma/Tr-gl_1007.jpg,glioma,0,train,1272
Training/glioma/Tr-gl_1008.jpg,glioma,0,train,1273
Training/glioma/Tr-gl_1009.jpg,glioma,0,train,1274
Training/glioma/Tr-gl_101.jpg,glioma,0,train,1275
Training/glioma/Tr-gl_1010.jpg,glioma,0,train,1276
Training/glioma/Tr-gl_1011.jpg,glioma,0,val,1277
Training/glioma/Tr-gl_1012.jpg,glioma,0,val,1278
Training/glioma/Tr-gl_1013.jpg,glioma,0,val,1279
Training/glioma/Tr-gl_1014.jpg,glioma,0,train,1280
Training/glioma/Tr-gl_1015.jpg,glioma,0,test,1281
Training/glioma/Tr-gl_1016.jpg,glioma,0,train,1282
Training/glioma/Tr-gl_1017.jpg,glioma,0,train,1283
Training/glioma/Tr-gl_1018.jpg,glioma,0,test,1284
Training/glioma/Tr-gl_1019.jpg,glioma,0,val,1285
Training/glioma/Tr-gl_102.jpg,glioma,0,train,1286
Training/glioma/Tr-gl_1020.jpg,glioma,0,train,1287
Training/glioma/Tr-gl_1021.jpg,glioma,0,train,1288
Training/glioma/Tr-gl_1022.jpg,glioma,0,train,1289
Training/glioma/Tr-gl_1023.jpg,glioma,0,test,1290
Training/glioma/Tr-gl_1024.jpg,glioma,0,train,1291
Training/glioma/Tr-gl_1025.jpg,glioma,0,train,1292
Training/glioma/Tr-gl_1026.jpg,glioma,0,train,1293
Training/glioma/Tr-gl_1027.jpg,glioma,0,train,1294
Training/glioma/Tr-gl_1028.jpg,glioma,0,train,1295
Training/glioma/Tr-gl_1029.jpg,glioma,0,val,1296
Training/glioma/Tr-gl_103.jpg,glioma,0,train,202
Training/glioma/Tr-gl_1030.jpg,glioma,0,val,1297
Training/glioma/Tr-gl_1031.jpg,glioma,0,val,1298
Training/glioma/Tr-gl_1032.jpg,glioma,0,train,1299
Training/glioma/Tr-gl_1033.jpg,glioma,0,train,1300
Training/glioma/Tr-gl_1034.jpg,glioma,0,train,1301
Training/glioma/Tr-gl_1035.jpg,glioma,0,test,1302
Training/glioma/Tr-gl_1036.jpg,glioma,0,train,1303
Training/glioma/Tr-gl_1037.jpg,glioma,0,test,1304
Training/glioma/Tr-gl_1038.jpg,glioma,0,train,1305
Training/glioma/Tr-gl_1039.jpg,glioma,0,train,252
Training/glioma/Tr-gl_104.jpg,glioma,0,train,1306
Training/glioma/Tr-gl_1040.jpg,glioma,0,train,1307
Training/glioma/Tr-gl_1041.jpg,glioma,0,train,1308
Training/glioma/Tr-gl_1042.jpg,glioma,0,train,1309
Training/glioma/Tr-gl_1043.jpg,glioma,0,train,1310
Training/glioma/Tr-gl_1044.jpg,glioma,0,train,1311
Training/glioma/Tr-gl_1045.jpg,glioma,0,train,355
Training/glioma/Tr-gl_1046.jpg,glioma,0,train,205
Training/glioma/Tr-gl_1047.jpg,glioma,0,val,1312
Training/glioma/Tr-gl_1048.jpg,glioma,0,train,1313
Training/glioma/Tr-gl_1049.jpg,glioma,0,train,1314
Training/glioma/Tr-gl_105.jpg,glioma,0,val,1315
Training/glioma/Tr-gl_1050.jpg,glioma,0,val,1316
Training/glioma/Tr-gl_1051.jpg,glioma,0,test,1317
Training/glioma/Tr-gl_1052.jpg,glioma,0,train,1318
Training/glioma/Tr-gl_1053.jpg,glioma,0,train,1319
Training/glioma/Tr-gl_1054.jpg,glioma,0,train,1320
Training/glioma/Tr-gl_1055.jpg,glioma,0,train,1321
Training/glioma/Tr-gl_1056.jpg,glioma,0,train,1322
Training/glioma/Tr-gl_1057.jpg,glioma,0,train,223
Training/glioma/Tr-gl_1058.jpg,glioma,0,train,1323
Training/glioma/Tr-gl_1059.jpg,glioma,0,test,1324
Training/glioma/Tr-gl_106.jpg,glioma,0,train,1325
Training/glioma/Tr-gl_1060.jpg,glioma,0,val,1326
Training/glioma/Tr-gl_1061.jpg,glioma,0,train,1327
Training/glioma/Tr-gl_1062.jpg,glioma,0,train,1328
Training/glioma/Tr-gl_1063.jpg,glioma,0,val,1329
Training/glioma/Tr-gl_1064.jpg,glioma,0,train,1330
Training/glioma/Tr-gl_1065.jpg,glioma,0,train,1331
Training/glioma/Tr-gl_1066.jpg,glioma,0,train,1332
Training/glioma/Tr-gl_1067.jpg,glioma,0,train,1333
Training/glioma/Tr-gl_1068.jpg,glioma,0,train,1334
Training/glioma/Tr-gl_1069.jpg,glioma,0,test,1335
Training/glioma/Tr-gl_107.jpg,glioma,0,test,1336
Training/glioma/Tr-gl_1070.jpg,glioma,0,test,1337
Training/glioma/Tr-gl_1071.jpg,glioma,0,test,1338
Training/glioma/Tr-gl_1072.jpg,glioma,0,train,1339
Training/glioma/Tr-gl_1073.jpg,glioma,0,train,1340
Training/glioma/Tr-gl_1074.jpg,glioma,0,train,1341
Training/glioma/Tr-gl_1075.jpg,glioma,0,val,1342
Training/glioma/Tr-gl_1076.jpg,glioma,0,train,1343
Training/glioma/Tr-gl_1077.jpg,glioma,0,train,1344
Training/glioma/Tr-gl_1078.jpg,glioma,0,test,1345
Training/glioma/Tr-gl_1079.jpg,glioma,0,train,1346
Training/glioma/Tr-gl_108.jpg,glioma,0,train,1347
Training/glioma/Tr-gl_1080.jpg,glioma,0,train,1348
Training/glioma/Tr-gl_1081.jpg,glioma,0,test,1349
Training/glioma/Tr-gl_1082.jpg,glioma,0,val,1350
Training/glioma/Tr-gl_1083.jpg,glioma,0,train,1351
Training/glioma/Tr-gl_1084.jpg,glioma,0,val,1352
Training/glioma/Tr-gl_1085.jpg,glioma,0,val,1353
Training/glioma/Tr-gl_1086.jpg,glioma,0,train,1354
Training/glioma/Tr-gl_1087.jpg,glioma,0,train,1355
Training/glioma/Tr-gl_1088.jpg,glioma,0,test,1356
Training/glioma/Tr-gl_1089.jpg,glioma,0,train,1357
Training/glioma/Tr-gl_109.jpg,glioma,0,test,1358
Training/glioma/Tr-gl_1090.jpg,glioma,0,train,1359
Training/glioma/Tr-gl_1091.jpg,glioma,0,train,1360
Training/glioma/Tr-gl_1092.jpg,glioma,0,test,1361
Training/glioma/Tr-gl_1093.jpg,glioma,0,val,1362
Training/glioma/Tr-gl_1094.jpg,glioma,0,train,1363
Training/glioma/Tr-gl_1095.jpg,glioma,0,test,1364
Training/glioma/Tr-gl_1096.jpg,glioma,0,train,1365
Training/glioma/Tr-gl_1097.jpg,glioma,0,train,1366
Training/glioma/Tr-gl_1098.jpg,glioma,0,train,1367
Training/glioma/Tr-gl_1099.jpg,glioma,0,train,1368
Training/glioma/Tr-gl_11.jpg,glioma,0,test,1369
Training/glioma/Tr-gl_110.jpg,glioma,0,test,1370
Training/glioma/Tr-gl_1100.jpg,glioma,0,train,1371
Training/glioma/Tr-gl_1101.jpg,glioma,0,train,95
Training/glioma/Tr-gl_1102.jpg,glioma,0,train,1372
Training/glioma/Tr-gl_1103.jpg,glioma,0,train,1373
Training/glioma/Tr-gl_1104.jpg,glioma,0,test,1374
Training/glioma/Tr-gl_1105.jpg,glioma,0,train,1375
Training/glioma/Tr-gl_1106.jpg,glioma,0,train,1376
Training/glioma/Tr-gl_1107.jpg,glioma,0,train,1377
Training/glioma/Tr-gl_1108.jpg,glioma,0,train,1378
Training/glioma/Tr-gl_1109.jpg,glioma,0,test,1379
Training/glioma/Tr-gl_111.jpg,glioma,0,train,1380
Training/glioma/Tr-gl_1110.jpg,glioma,0,test,1381
Training/glioma/Tr-gl_1111.jpg,glioma,0,train,1382
Training/glioma/Tr-gl_1112.jpg,glioma,0,train,1383
Training/glioma/Tr-gl_1113.jpg,glioma,0,train,1384
Training/glioma/Tr-gl_1114.jpg,glioma,0,test,1385
Training/glioma/Tr-gl_1115.jpg,glioma,0,train,1386
Training/glioma/Tr-gl_1116.jpg,glioma,0,train,1387
Training/glioma/Tr-gl_1117.jpg,glioma,0,test,1388
Training/glioma/Tr-gl_1118.jpg,glioma,0,test,1389
Training/glioma/Tr-gl_1119.jpg,glioma,0,train,1390
Training/glioma/Tr-gl_112.jpg,glioma,0,train,1391
Training/glioma/Tr-gl_1120.jpg,glioma,0,test,1392
Training/glioma/Tr-gl_1121.jpg,glioma,0,train,1393
Training/glioma/Tr-gl_1122.jpg,glioma,0,train,1394
Training/glioma/Tr-gl_1123.jpg,glioma,0,train,1395
Training/glioma/Tr-gl_1124.jpg,glioma,0,train,1396
Training/glioma/Tr-gl_1125.jpg,glioma,0,train,1397
Training/glioma/Tr-gl_1126.jpg,glioma,0,train,1398
Training/glioma/Tr-gl_1127.jpg,glioma,0,val,1399
Training/glioma/Tr-gl_1128.jpg,glioma,0,train,1400
Training/glioma/Tr-gl_1129.jpg,glioma,0,val,1401
Training/glioma/Tr-gl_113.jpg,glioma,0,test,1402
Training/glioma/Tr-gl_1130.jpg,glioma,0,val,1403
Training/glioma/Tr-gl_1131.jpg,glioma,0,train,1404
Training/glioma/Tr-gl_1132.jpg,glioma,0,val,1405
Training/glioma/Tr-gl_1133.jpg,glioma,0,train,1406
Training/glioma/Tr-gl_1134.jpg,glioma,0,val,1407
Training/glioma/Tr-gl_1135.jpg,glioma,0,train,1408
Training/glioma/Tr-gl_1136.jpg,glioma,0,test,1409
Training/glioma/Tr-gl_1137.jpg,glioma,0,val,1410
Training/glioma/Tr-gl_1138.jpg,glioma,0,train,1411
Training/glioma/Tr-gl_1139.jpg,glioma,0,test,1412
Training/glioma/Tr-gl_114.jpg,glioma,0,train,1413
Training/glioma/Tr-gl_1140.jpg,glioma,0,val,1414
Training/glioma/Tr-gl_1141.jpg,glioma,0,train,1415
Training/glioma/Tr-gl_1142.jpg,glioma,0,val,1416
Training/glioma/Tr-gl_1143.jpg,glioma,0,train,1417
Training/glioma/Tr-gl_1144.jpg,glioma,0,train,1418
Training/glioma/Tr-gl_1145.jpg,glioma,0,train,1419
Training/glioma/Tr-gl_1146.jpg,glioma,0,train,1420
Training/glioma/Tr-gl_1147.jpg,glioma,0,test,1421
Training/glioma/Tr-gl_1148.jpg,glioma,0,train,1422
Training/glioma/Tr-gl_1149.jpg,glioma,0,train,1423
Training/glioma/Tr-gl_115.jpg,glioma,0,val,1424
Training/glioma/Tr-gl_1150.jpg,glioma,0,val,1425
Training/glioma/Tr-gl_1151.jpg,glioma,0,train,1426
Training/glioma/Tr-gl_1152.jpg,glioma,0,val,1427
Training/glioma/Tr-gl_1153.jpg,glioma,0,train,1428
Training/glioma/Tr-gl_1154.jpg,glioma,0,train,306
Training/glioma/Tr-gl_1155.jpg,glioma,0,test,1429
Training/glioma/Tr-gl_1156.jpg,glioma,0,test,1430
Training/glioma/Tr-gl_1157.jpg,glioma,0,train,160
Training/glioma/Tr-gl_1158.jpg,glioma,0,train,1292
Training/glioma/Tr-gl_1159.jpg,glioma,0,test,1431
Training/glioma/Tr-gl_116.jpg,glioma,0,train,1432
Training/glioma/Tr-gl_1160.jpg,glioma,0,train,1433
Training/glioma/Tr-gl_1161.jpg,glioma,0,test,1434
Training/glioma/Tr-gl_1162.jpg,glioma,0,train,1435
Training/glioma/Tr-gl_1163.jpg,glioma,0,test,1436
Training/glioma/Tr-gl_1164.jpg,glioma,0,train,175
Training/glioma/Tr-gl_1165.jpg,glioma,0,train,1437
Training/glioma/Tr-gl_1166.jpg,glioma,0,train,1438
Training/glioma/Tr-gl_1167.jpg,glioma,0,train,1439
Training/glioma/Tr-gl_1168.jpg,glioma,0,train,1440
Training/glioma/Tr-gl_1169.jpg,glioma,0,val,1441
Training/glioma/Tr-gl_117.jpg,glioma,0,train,1442
Training/glioma/Tr-gl_1170.jpg,glioma,0,test,1443
Training/glioma/Tr-gl_1171.jpg,glioma,0,train,1444
Training/glioma/Tr-gl_1172.jpg,glioma,0,test,1445
Training/glioma/Tr-gl_1173.jpg,glioma,0,val,1446
Training/glioma/Tr-gl_1174.jpg,glioma,0,train,1447
Training/glioma/Tr-gl_1175.jpg,glioma,0,train,1448
Training/glioma/Tr-gl_1176.jpg,glioma,0,val,1449
Training/glioma/Tr-gl_1177.jpg,glioma,0,train,1450
Training/glioma/Tr-gl_1178.jpg,glioma,0,train,1451
Training/glioma/Tr-gl_1179.jpg,glioma,0,test,1452
Training/glioma/Tr-gl_118.jpg,glioma,0,train,1453
Training/glioma/Tr-gl_1180.jpg,glioma,0,train,1454
Training/glioma/Tr-gl_1181.jpg,glioma,0,train,1455
Training/glioma/Tr-gl_1182.jpg,glioma,0,train,1456
Training/glioma/Tr-gl_1183.jpg,glioma,0,train,1457
Training/glioma/Tr-gl_1184.jpg,glioma,0,train,1458
Training/glioma/Tr-gl_1185.jpg,glioma,0,test,1459
Training/glioma/Tr-gl_1186.jpg,glioma,0,train,95
Training/glioma/Tr-gl_1187.jpg,glioma,0,train,214
Training/glioma/Tr-gl_1188.jpg,glioma,0,train,1460
Training/glioma/Tr-gl_1189.jpg,glioma,0,train,1461
Training/glioma/Tr-gl_119.jpg,glioma,0,test,1462
Training/glioma/Tr-gl_1190.jpg,glioma,0,train,1463
Training/glioma/Tr-gl_1191.jpg,glioma,0,train,1464
Training/glioma/Tr-gl_1192.jpg,glioma,0,train,1465
Training/glioma/Tr-gl_1193.jpg,glioma,0,val,1466
Training/glioma/Tr-gl_1194.jpg,glioma,0,train,1467
Training/glioma/Tr-gl_1195.jpg,glioma,0,train,1468
Training/glioma/Tr-gl_1196.jpg,glioma,0,train,1469
Training/glioma/Tr-gl_1197.jpg,glioma,0,train,1470
Training/glioma/Tr-gl_1198.jpg,glioma,0,val,1471
Training/glioma/Tr-gl_1199.jpg,glioma,0,train,1472
Training/glioma/Tr-gl_12.jpg,glioma,0,train,1473
Training/glioma/Tr-gl_120.jpg,glioma,0,train,1474
Training/glioma/Tr-gl_1200.jpg,glioma,0,train,1475
Training/glioma/Tr-gl_1201.jpg,glioma,0,val,1476
Training/glioma/Tr-gl_1202.jpg,glioma,0,val,1477
Training/glioma/Tr-gl_1203.jpg,glioma,0,train,1478
Training/glioma/Tr-gl_1204.jpg,glioma,0,train,1479
Training/glioma/Tr-gl_1205.jpg,glioma,0,val,1480
Training/glioma/Tr-gl_1206.jpg,glioma,0,train,1481
Training/glioma/Tr-gl_1207.jpg,glioma,0,train,1482
Training/glioma/Tr-gl_1208.jpg,glioma,0,train,514
Training/glioma/Tr-gl_1209.jpg,glioma,0,val,1483
Training/glioma/Tr-gl_121.jpg,glioma,0,train,252
Training/glioma/Tr-gl_1210.jpg,glioma,0,train,1484
Training/glioma/Tr-gl_1211.jpg,glioma,0,train,1485
Training/glioma/Tr-gl_1212.jpg,glioma,0,train,1486
Training/glioma/Tr-gl_1213.jpg,glioma,0,train,1487
Training/glioma/Tr-gl_1214.jpg,glioma,0,test,1488
Training/glioma/Tr-gl_1215.jpg,glioma,0,train,1489
Training/glioma/Tr-gl_1216.jpg,glioma,0,train,1490
Training/glioma/Tr-gl_1217.jpg,glioma,0,train,252
Training/glioma/Tr-gl_1218.jpg,glioma,0,val,1491
Training/glioma/Tr-gl_1219.jpg,glioma,0,train,1492
Training/glioma/Tr-gl_122.jpg,glioma,0,test,1493
Training/glioma/Tr-gl_1220.jpg,glioma,0,test,1494
Training/glioma/Tr-gl_1221.jpg,glioma,0,train,1495
Training/glioma/Tr-gl_1222.jpg,glioma,0,train,1496
Training/glioma/Tr-gl_1223.jpg,glioma,0,train,1497
Training/glioma/Tr-gl_1224.jpg,glioma,0,train,1498
Training/glioma/Tr-gl_1225.jpg,glioma,0,val,1499
Training/glioma/Tr-gl_1226.jpg,glioma,0,train,1500
Training/glioma/Tr-gl_1227.jpg,glioma,0,test,1501
Training/glioma/Tr-gl_1228.jpg,glioma,0,train,1502
Training/glioma/Tr-gl_1229.jpg,glioma,0,train,1503
Training/glioma/Tr-gl_123.jpg,glioma,0,train,1504
Training/glioma/Tr-gl_1230.jpg,glioma,0,train,252
Training/glioma/Tr-gl_1231.jpg,glioma,0,train,1505
Training/glioma/Tr-gl_1232.jpg,glioma,0,train,1506
Training/glioma/Tr-gl_1233.jpg,glioma,0,test,1507
Training/glioma/Tr-gl_1234.jpg,glioma,0,val,1508
Training/glioma/Tr-gl_1235.jpg,glioma,0,train,1509
Training/glioma/Tr-gl_1236.jpg,glioma,0,train,1510
Training/glioma/Tr-gl_1237.jpg,glioma,0,train,1511
Training/glioma/Tr-gl_1238.jpg,glioma,0,train,1512
Training/glioma/Tr-gl_1239.jpg,glioma,0,val,1513
Training/glioma/Tr-gl_124.jpg,glioma,0,train,1514
Training/glioma/Tr-gl_1240.jpg,glioma,0,val,1515
Training/glioma/Tr-gl_1241.jpg,glioma,0,test,1516
Training/glioma/Tr-gl_1242.jpg,glioma,0,train,1517
Training/glioma/Tr-gl_1243.jpg,glioma,0,train,1518
Training/glioma/Tr-gl_1244.jpg,glioma,0,train,1519
Training/glioma/Tr-gl_1245.jpg,glioma,0,test,1520
Training/glioma/Tr-gl_1246.jpg,glioma,0,train,1521
Training/glioma/Tr-gl_1247.jpg,glioma,0,test,1522
Training/glioma/Tr-gl_1248.jpg,glioma,0,train,1523
Training/glioma/Tr-gl_1249.jpg,glioma,0,train,1524
Training/glioma/Tr-gl_125.jpg,glioma,0,train,1525
Training/glioma/Tr-gl_1250.jpg,glioma,0,train,1526
Training/glioma/Tr-gl_1251.jpg,glioma,0,train,1527
Training/glioma/Tr-gl_1252.jpg,glioma,0,val,1528
Training/glioma/Tr-gl_1253.jpg,glioma,0,train,1529
Training/glioma/Tr-gl_1254.jpg,glioma,0,train,1530
Training/glioma/Tr-gl_1255.jpg,glioma,0,train,1531
Training/glioma/Tr-gl_1256.jpg,glioma,0,val,1532
Training/glioma/Tr-gl_1257.jpg,glioma,0,test,1533
Training/glioma/Tr-gl_1258.jpg,glioma,0,train,1534
Training/glioma/Tr-gl_1259.jpg,glioma,0,train,1535
Training/glioma/Tr-gl_126.jpg,glioma,0,train,1536
Training/glioma/Tr-gl_1260.jpg,glioma,0,train,1537
Training/glioma/Tr-gl_1261.jpg,glioma,0,val,1538
Training/glioma/Tr-gl_1262.jpg,glioma,0,train,1539
Training/glioma/Tr-gl_1263.jpg,glioma,0,val,1540
Training/glioma/Tr-gl_1264.jpg,glioma,0,train,1541
Training/glioma/Tr-gl_1265.jpg,glioma,0,train,1542
Training/glioma/Tr-gl_1266.jpg,glioma,0,train,1543
Training/glioma/Tr-gl_1267.jpg,glioma,0,train,1544
Training/glioma/Tr-gl_1268.jpg,glioma,0,test,1545
Training/glioma/Tr-gl_1269.jpg,glioma,0,test,1546
Training/glioma/Tr-gl_127.jpg,glioma,0,train,1547
Training/glioma/Tr-gl_1270.jpg,glioma,0,train,1548
Training/glioma/Tr-gl_1271.jpg,glioma,0,train,77
Training/glioma/Tr-gl_1272.jpg,glioma,0,train,1549
Training/glioma/Tr-gl_1273.jpg,glioma,0,val,1550
Training/glioma/Tr-gl_1274.jpg,glioma,0,test,1551
Training/glioma/Tr-gl_1275.jpg,glioma,0,train,1552
Training/glioma/Tr-gl_1276.jpg,glioma,0,train,1537
Training/glioma/Tr-gl_1277.jpg,glioma,0,val,1553
Training/glioma/Tr-gl_1278.jpg,glioma,0,train,343
Training/glioma/Tr-gl_1279.jpg,glioma,0,test,1554
Training/glioma/Tr-gl_128.jpg,glioma,0,test,1555
Training/glioma/Tr-gl_1280.jpg,glioma,0,train,1556
Training/glioma/Tr-gl_1281.jpg,glioma,0,train,1557
Training/glioma/Tr-gl_1282.jpg,glioma,0,train,1558
Training/glioma/Tr-gl_1283.jpg,glioma,0,train,1559
Training/glioma/Tr-gl_1284.jpg,glioma,0,train,1560
Training/glioma/Tr-gl_1285.jpg,glioma,0,train,1561
Training/glioma/Tr-gl_1286.jpg,glioma,0,train,1562
Training/glioma/Tr-gl_1287.jpg,glioma,0,test,1563
Training/glioma/Tr-gl_1288.jpg,glioma,0,train,1564
Training/glioma/Tr-gl_1289.jpg,glioma,0,train,1565
Training/glioma/Tr-gl_129.jpg,glioma,0,train,1566
Training/glioma/Tr-gl_1290.jpg,glioma,0,train,1567
Training/glioma/Tr-gl_1291.jpg,glioma,0,val,1568
Training/glioma/Tr-gl_1292.jpg,glioma,0,train,1569
Training/glioma/Tr-gl_1293.jpg,glioma,0,train,1570
Training/glioma/Tr-gl_1294.jpg,glioma,0,train,1571
Training/glioma/Tr-gl_1295.jpg,glioma,0,train,1572
Training/glioma/Tr-gl_1296.jpg,glioma,0,train,1573
Training/glioma/Tr-gl_1297.jpg,glioma,0,train,1574
Training/glioma/Tr-gl_1298.jpg,glioma,0,train,1575
Training/glioma/Tr-gl_1299.jpg,glioma,0,test,1576
Training/glioma/Tr-gl_13.jpg,glioma,0,train,1577
Training/glioma/Tr-gl_130.jpg,glioma,0,val,1578
Training/glioma/Tr-gl_1300.jpg,glioma,0,train,1579
Training/glioma/Tr-gl_1301.jpg,glioma,0,train,1580
Training/glioma/Tr-gl_1302.jpg,glioma,0,train,1581
Training/glioma/Tr-gl_1303.jpg,glioma,0,train,1582
Training/glioma/Tr-gl_1304.jpg,glioma,0,train,1583
Training/glioma/Tr-gl_1305.jpg,glioma,0,test,1584
Training/glioma/Tr-gl_1306.jpg,glioma,0,train,1585
Training/glioma/Tr-gl_1307.jpg,glioma,0,test,1586
Training/glioma/Tr-gl_1308.jpg,glioma,0,train,1587
Training/glioma/Tr-gl_1309.jpg,glioma,0,train,1588
Training/glioma/Tr-gl_131.jpg,glioma,0,train,1589
Training/glioma/Tr-gl_1310.jpg,glioma,0,val,1590
Training/glioma/Tr-gl_1311.jpg,glioma,0,train,1591
Training/glioma/Tr-gl_1312.jpg,glioma,0,train,1592
Training/glioma/Tr-gl_1313.jpg,glioma,0,train,1593
Training/glioma/Tr-gl_1314.jpg,glioma,0,train,1594
Training/glioma/Tr-gl_1315.jpg,glioma,0,train,1437
Training/glioma/Tr-gl_1316.jpg,glioma,0,train,1595
Training/glioma/Tr-gl_1317.jpg,glioma,0,test,1596
Training/glioma/Tr-gl_1318.jpg,glioma,0,train,1597
Training/glioma/Tr-gl_1319.jpg,glioma,0,val,1598
Training/glioma/Tr-gl_132.jpg,glioma,0,train,1599
Training/glioma/Tr-gl_1320.jpg,glioma,0,train,1600
Training/glioma/Tr-gl_1321.jpg,glioma,0,test,1601
Training/glioma/Tr-gl_1322.jpg,glioma,0,train,1602
Training/glioma/Tr-gl_1323.jpg,glioma,0,train,1603
Training/glioma/Tr-gl_1324.jpg,glioma,0,test,1604
Training/glioma/Tr-gl_1325.jpg,glioma,0,train,1605
Training/glioma/Tr-gl_1326.jpg,glioma,0,train,1606
Training/glioma/Tr-gl_1327.jpg,glioma,0,train,1607
Training/glioma/Tr-gl_1328.jpg,glioma,0,train,1608
Training/glioma/Tr-gl_1329.jpg,glioma,0,train,1609
Training/glioma/Tr-gl_133.jpg,glioma,0,train,1610
Training/glioma/Tr-gl_1330.jpg,glioma,0,train,1611
Training/glioma/Tr-gl_1331.jpg,glioma,0,train,1612
Training/glioma/Tr-gl_1332.jpg,glioma,0,train,1613
Training/glioma/Tr-gl_1333.jpg,glioma,0,train,1614
Training/glioma/Tr-gl_1334.jpg,glioma,0,val,1615
Training/glioma/Tr-gl_1335.jpg,glioma,0,train,1616
Training/glioma/Tr-gl_1336.jpg,glioma,0,train,1617
Training/glioma/Tr-gl_1337.jpg,glioma,0,train,1618
Training/glioma/Tr-gl_1338.jpg,glioma,0,train,1619
Training/glioma/Tr-gl_1339.jpg,glioma,0,train,1620
Training/glioma/Tr-gl_134.jpg,glioma,0,test,1621
Training/glioma/Tr-gl_1340.jpg,glioma,0,train,1622
Training/glioma/Tr-gl_1341.jpg,glioma,0,train,1623
Training/glioma/Tr-gl_1342.jpg,glioma,0,train,1624
Training/glioma/Tr-gl_1343.jpg,glioma,0,train,1625
Training/glioma/Tr-gl_1344.jpg,glioma,0,train,47
Training/glioma/Tr-gl_1345.jpg,glioma,0,test,1626
Training/glioma/Tr-gl_1346.jpg,glioma,0,train,1627
Training/glioma/Tr-gl_1347.jpg,glioma,0,test,1628
Training/glioma/Tr-gl_1348.jpg,glioma,0,train,1629
Training/glioma/Tr-gl_1349.jpg,glioma,0,val,1630
Training/glioma/Tr-gl_135.jpg,glioma,0,test,1631
Training/glioma/Tr-gl_1350.jpg,glioma,0,test,1632
Training/glioma/Tr-gl_1351.jpg,glioma,0,test,1633
Training/glioma/Tr-gl_1352.jpg,glioma,0,train,1634
Training/glioma/Tr-gl_1353.jpg,glioma,0,train,1635
Training/glioma/Tr-gl_1354.jpg,glioma,0,test,1636
Training/glioma/Tr-gl_1355.jpg,glioma,0,train,1577
Training/glioma/Tr-gl_1356.jpg,glioma,0,test,1637
Training/glioma/Tr-gl_1357.jpg,glioma,0,train,1638
Training/glioma/Tr-gl_1358.jpg,glioma,0,train,1639
Training/glioma/Tr-gl_1359.jpg,glioma,0,val,1640
Training/glioma/Tr-gl_136.jpg,glioma,0,train,213
Training/glioma/Tr-gl_1360.jpg,glioma,0,train,1641
Training/glioma/Tr-gl_1361.jpg,glioma,0,train,1642
Training/glioma/Tr-gl_1362.jpg,glioma,0,test,1643
Training/glioma/Tr-gl_1363.jpg,glioma,0,val,1644
Training/glioma/Tr-gl_1364.jpg,glioma,0,test,1645
Training/glioma/Tr-gl_1365.jpg,glioma,0,train,1646
Training/glioma/Tr-gl_1366.jpg,glioma,0,test,1647
Training/glioma/Tr-gl_1367.jpg,glioma,0,train,1648
Training/glioma/Tr-gl_1368.jpg,glioma,0,test,1649
Training/glioma/Tr-gl_1369.jpg,glioma,0,test,1650
Training/glioma/Tr-gl_137.jpg,glioma,0,train,252
Training/glioma/Tr-gl_1370.jpg,glioma,0,train,1651
Training/glioma/Tr-gl_1371.jpg,glioma,0,test,1652
Training/glioma/Tr-gl_1372.jpg,glioma,0,train,1653
Training/glioma/Tr-gl_1373.jpg,glioma,0,val,1654
Training/glioma/Tr-gl_1374.jpg,glioma,0,train,1655
Training/glioma/Tr-gl_1375.jpg,glioma,0,val,1656
Training/glioma/Tr-gl_1376.jpg,glioma,0,train,1397
Training/glioma/Tr-gl_1377.jpg,glioma,0,train,1657
Training/glioma/Tr-gl_1378.jpg,glioma,0,train,1658
Training/glioma/Tr-gl_1379.jpg,glioma,0,test,1659
Training/glioma/Tr-gl_138.jpg,glioma,0,train,264
Training/glioma/Tr-gl_1380.jpg,glioma,0,val,1660
Training/glioma/Tr-gl_1381.jpg,glioma,0,train,1661
Training/glioma/Tr-gl_1382.jpg,glioma,0,train,1662
Training/glioma/Tr-gl_1383.jpg,glioma,0,train,1663
Training/glioma/Tr-gl_1384.jpg,glioma,0,test,1664
Training/glioma/Tr-gl_1385.jpg,glioma,0,val,1665
Training/glioma/Tr-gl_1386.jpg,glioma,0,train,1666
Training/glioma/Tr-gl_1387.jpg,glioma,0,train,1667
Training/glioma/Tr-gl_1388.jpg,glioma,0,train,1668
Training/glioma/Tr-gl_1389.jpg,glioma,0,train,1669
Training/glioma/Tr-gl_139.jpg,glioma,0,test,1670
Training/glioma/Tr-gl_1390.jpg,glioma,0,train,1671
Training/glioma/Tr-gl_1391.jpg,glioma,0,train,1672
Training/glioma/Tr-gl_1392.jpg,glioma,0,train,1673
Training/glioma/Tr-gl_1393.jpg,glioma,0,train,1674
Training/glioma/Tr-gl_1394.jpg,glioma,0,train,1675
Training/glioma/Tr-gl_1395.jpg,glioma,0,train,1676
Training/glioma/Tr-gl_1396.jpg,glioma,0,val,1677
Training/glioma/Tr-gl_1397.jpg,glioma,0,train,1678
Training/glioma/Tr-gl_1398.jpg,glioma,0,train,310
Training/glioma/Tr-gl_1399.jpg,glioma,0,val,1679
Training/glioma/Tr-gl_14.jpg,glioma,0,val,1680
Training/glioma/Tr-gl_140.jpg,glioma,0,test,1681
Training/glioma/Tr-gl_1400.jpg,glioma,0,train,1682
Training/glioma/Tr-gl_141.jpg,glioma,0,train,1308
Training/glioma/Tr-gl_142.jpg,glioma,0,test,1683
Training/glioma/Tr-gl_143.jpg,glioma,0,train,323
Training/glioma/Tr-gl_144.jpg,glioma,0,val,1684
Training/glioma/Tr-gl_145.jpg,glioma,0,train,1685
Training/glioma/Tr-gl_146.jpg,glioma,0,train,1686
Training/glioma/Tr-gl_147.jpg,glioma,0,val,1687
Training/glioma/Tr-gl_148.jpg,glioma,0,train,1496
Training/glioma/Tr-gl_149.jpg,glioma,0,train,1688
Training/glioma/Tr-gl_15.jpg,glioma,0,train,1689
Training/glioma/Tr-gl_150.jpg,glioma,0,train,1690
Training/glioma/Tr-gl_151.jpg,glioma,0,train,1691
Training/glioma/Tr-gl_152.jpg,glioma,0,train,1692
Training/glioma/Tr-gl_153.jpg,glioma,0,test,1693
Training/glioma/Tr-gl_154.jpg,glioma,0,train,1694
Training/glioma/Tr-gl_155.jpg,glioma,0,train,1695
Training/glioma/Tr-gl_156.jpg,glioma,0,train,1696
Training/glioma/Tr-gl_157.jpg,glioma,0,test,1697
Training/glioma/Tr-gl_158.jpg,glioma,0,train,343
Training/glioma/Tr-gl_159.jpg,glioma,0,train,1698
Training/glioma/Tr-gl_16.jpg,glioma,0,train,1699
Training/glioma/Tr-gl_160.jpg,glioma,0,test,1700
Training/glioma/Tr-gl_161.jpg,glioma,0,train,1701
Training/glioma/Tr-gl_162.jpg,glioma,0,test,1702
Training/glioma/Tr-gl_163.jpg,glioma,0,train,1703
Training/glioma/Tr-gl_164.jpg,glioma,0,train,1704
Training/glioma/Tr-gl_165.jpg,glioma,0,train,1705
Training/glioma/Tr-gl_166.jpg,glioma,0,train,1706
Training/glioma/Tr-gl_167.jpg,glioma,0,train,1707
Training/glioma/Tr-gl_168.jpg,glioma,0,train,1708
Training/glioma/Tr-gl_169.jpg,glioma,0,test,1709
Training/glioma/Tr-gl_17.jpg,glioma,0,train,1710
Training/glioma/Tr-gl_170.jpg,glioma,0,train,1711
Training/glioma/Tr-gl_171.jpg,glioma,0,train,1712
Training/glioma/Tr-gl_172.jpg,glioma,0,train,70
Training/glioma/Tr-gl_173.jpg,glioma,0,train,1713
Training/glioma/Tr-gl_174.jpg,glioma,0,train,1714
Training/glioma/Tr-gl_175.jpg,glioma,0,val,1715
Training/glioma/Tr-gl_176.jpg,glioma,0,test,1716
Training/glioma/Tr-gl_177.jpg,glioma,0,train,1717
Training/glioma/Tr-gl_178.jpg,glioma,0,train,1718
Training/glioma/Tr-gl_179.jpg,glioma,0,train,1719
Training/glioma/Tr-gl_18.jpg,glioma,0,train,1720
Training/glioma/Tr-gl_180.jpg,glioma,0,train,1721
Training/glioma/Tr-gl_181.jpg,glioma,0,train,1722
Training/glioma/Tr-gl_182.jpg,glioma,0,train,1723
Training/glioma/Tr-gl_183.jpg,glioma,0,train,1724
Training/glioma/Tr-gl_184.jpg,glioma,0,train,1535
Training/glioma/Tr-gl_185.jpg,glioma,0,test,1725
Training/glioma/Tr-gl_186.jpg,glioma,0,train,1726
Training/glioma/Tr-gl_187.jpg,glioma,0,train,1727
Training/glioma/Tr-gl_188.jpg,glioma,0,train,1728
Training/glioma/Tr-gl_189.jpg,glioma,0,train,1729
Training/glioma/Tr-gl_19.jpg,glioma,0,train,1730
Training/glioma/Tr-gl_190.jpg,glioma,0,train,1731
Training/glioma/Tr-gl_191.jpg,glioma,0,train,1707
Training/glioma/Tr-gl_192.jpg,glioma,0,train,1732
Training/glioma/Tr-gl_193.jpg,glioma,0,train,1733
Training/glioma/Tr-gl_194.jpg,glioma,0,train,1734
Training/glioma/Tr-gl_195.jpg,glioma,0,train,1735
Training/glioma/Tr-gl_196.jpg,glioma,0,train,1502
Training/glioma/Tr-gl_197.jpg,glioma,0,train,1736
Training/glioma/Tr-gl_198.jpg,glioma,0,val,1737
Training/glioma/Tr-gl_199.jpg,glioma,0,val,1738
Training/glioma/Tr-gl_2.jpg,glioma,0,train,1739
Training/glioma/Tr-gl_20.jpg,glioma,0,train,1740
Training/glioma/Tr-gl_200.jpg,glioma,0,train,1741
Training/glioma/Tr-gl_201.jpg,glioma,0,val,1742
Training/glioma/Tr-gl_202.jpg,glioma,0,val,1743
Training/glioma/Tr-gl_203.jpg,glioma,0,train,1744
Training/glioma/Tr-gl_204.jpg,glioma,0,test,1745
Training/glioma/Tr-gl_205.jpg,glioma,0,val,1746
Training/glioma/Tr-gl_206.jpg,glioma,0,train,1747
Training/glioma/Tr-gl_207.jpg,glioma,0,train,1748
Training/glioma/Tr-gl_208.jpg,glioma,0,train,1749
Training/glioma/Tr-gl_209.jpg,glioma,0,train,1750
Training/glioma/Tr-gl_21.jpg,glioma,0,train,1751
Training/glioma/Tr-gl_210.jpg,glioma,0,train,1570
Training/glioma/Tr-gl_211.jpg,glioma,0,train,1752
Training/glioma/Tr-gl_212.jpg,glioma,0,train,1753
Training/glioma/Tr-gl_213.jpg,glioma,0,test,1754
Training/glioma/Tr-gl_214.jpg,glioma,0,train,1755
Training/glioma/Tr-gl_215.jpg,glioma,0,train,1756
Training/glioma/Tr-gl_216.jpg,glioma,0,train,1757
Training/glioma/Tr-gl_217.jpg,glioma,0,train,1758
Training/glioma/Tr-gl_218.jpg,glioma,0,val,1759
Training/glioma/Tr-gl_219.jpg,glioma,0,val,1760
Training/glioma/Tr-gl_22.jpg,glioma,0,train,1761
Training/glioma/Tr-gl_220.jpg,glioma,0,train,1762
Training/glioma/Tr-gl_221.jpg,glioma,0,train,1763
Training/glioma/Tr-gl_222.jpg,glioma,0,train,1764
Training/glioma/Tr-gl_223.jpg,glioma,0,val,1765
Training/glioma/Tr-gl_224.jpg,glioma,0,train,1766
Training/glioma/Tr-gl_225.jpg,glioma,0,train,127
Training/glioma/Tr-gl_226.jpg,glioma,0,test,1767
Training/glioma/Tr-gl_227.jpg,glioma,0,train,1768
Training/glioma/Tr-gl_228.jpg,glioma,0,test,1769
Training/glioma/Tr-gl_229.jpg,glioma,0,train,1770
Training/glioma/Tr-gl_23.jpg,glioma,0,train,1771
Training/glioma/Tr-gl_230.jpg,glioma,0,train,1772
Training/glioma/Tr-gl_231.jpg,glioma,0,val,1773
Training/glioma/Tr-gl_232.jpg,glioma,0,train,1774
Training/glioma/Tr-gl_233.jpg,glioma,0,train,252
Training/glioma/Tr-gl_234.jpg,glioma,0,train,1380
Training/glioma/Tr-gl_235.jpg,glioma,0,train,1775
Training/glioma/Tr-gl_236.jpg,glioma,0,train,1776
Training/glioma/Tr-gl_237.jpg,glioma,0,train,1777
Training/glioma/Tr-gl_238.jpg,glioma,0,train,1778
Training/glioma/Tr-gl_239.jpg,glioma,0,train,1779
Training/glioma/Tr-gl_24.jpg,glioma,0,train,1780
Training/glioma/Tr-gl_240.jpg,glioma,0,train,1781
Training/glioma/Tr-gl_241.jpg,glioma,0,train,1782
Training/glioma/Tr-gl_242.jpg,glioma,0,train,1783
Training/glioma/Tr-gl_243.jpg,glioma,0,test,1784
Training/glioma/Tr-gl_244.jpg,glioma,0,train,1785
Training/glioma/Tr-gl_245.jpg,glioma,0,val,1786
Training/glioma/Tr-gl_246.jpg,glioma,0,train,1787
Training/glioma/Tr-gl_247.jpg,glioma,0,train,1291
Training/glioma/Tr-gl_248.jpg,glioma,0,train,1788
Training/glioma/Tr-gl_249.jpg,glioma,0,train,1789
Training/glioma/Tr-gl_25.jpg,glioma,0,train,1789
Training/glioma/Tr-gl_250.jpg,glioma,0,train,1790
Training/glioma/Tr-gl_251.jpg,glioma,0,train,1791
Training/glioma/Tr-gl_252.jpg,glioma,0,train,1792
Training/glioma/Tr-gl_253.jpg,glioma,0,train,1793
Training/glioma/Tr-gl_254.jpg,glioma,0,test,1794
Training/glioma/Tr-gl_255.jpg,glioma,0,test,1795
Training/glioma/Tr-gl_256.jpg,glioma,0,train,1796
Training/glioma/Tr-gl_257.jpg,glioma,0,train,1797
Training/glioma/Tr-gl_258.jpg,glioma,0,train,1798
Training/glioma/Tr-gl_259.jpg,glioma,0,train,1799
Training/glioma/Tr-gl_26.jpg,glioma,0,test,1800
Training/glioma/Tr-gl_260.jpg,glioma,0,train,1801
Training/glioma/Tr-gl_261.jpg,glioma,0,train,1802
Training/glioma/Tr-gl_262.jpg,glioma,0,test,1803
Training/glioma/Tr-gl_263.jpg,glioma,0,train,1485
Training/glioma/Tr-gl_264.jpg,glioma,0,train,297
Training/glioma/Tr-gl_265.jpg,glioma,0,val,1804
Training/glioma/Tr-gl_266.jpg,glioma,0,test,1805
Training/glioma/Tr-gl_267.jpg,glioma,0,test,1806
Training/glioma/Tr-gl_268.jpg,glioma,0,train,1807
Training/glioma/Tr-gl_269.jpg,glioma,0,train,1808
Training/glioma/Tr-gl_27.jpg,glioma,0,train,1809
Training/glioma/Tr-gl_270.jpg,glioma,0,train,1810
Training/glioma/Tr-gl_271.jpg,glioma,0,train,1811
Training/glioma/Tr-gl_272.jpg,glioma,0,val,1812
Training/glioma/Tr-gl_273.jpg,glioma,0,train,1726
Training/glioma/Tr-gl_274.jpg,glioma,0,train,1813
Training/glioma/Tr-gl_275.jpg,glioma,0,train,1814
Training/glioma/Tr-gl_276.jpg,glioma,0,train,1815
Training/glioma/Tr-gl_277.jpg,glioma,0,test,1816
Training/glioma/Tr-gl_278.jpg,glioma,0,train,1817
Training/glioma/Tr-gl_279.jpg,glioma,0,test,1818
Training/glioma/Tr-gl_28.jpg,glioma,0,train,1819
Training/glioma/Tr-gl_280.jpg,glioma,0,train,1726
Training/glioma/Tr-gl_281.jpg,glioma,0,train,1820
Training/glioma/Tr-gl_282.jpg,glioma,0,train,1821
Training/glioma/Tr-gl_283.jpg,glioma,0,train,1822
Training/glioma/Tr-gl_284.jpg,glioma,0,test,1823
Training/glioma/Tr-gl_285.jpg,glioma,0,train,1824
Training/glioma/Tr-gl_286.jpg,glioma,0,train,1701
Training/glioma/Tr-gl_287.jpg,glioma,0,train,1825
Training/glioma/Tr-gl_288.jpg,glioma,0,train,252
Training/glioma/Tr-gl_289.jpg,glioma,0,train,1826
Training/glioma/Tr-gl_29.jpg,glioma,0,train,1827
Training/glioma/Tr-gl_290.jpg,glioma,0,train,1828
Training/glioma/Tr-gl_291.jpg,glioma,0,train,1829
Training/glioma/Tr-gl_292.jpg,glioma,0,train,1830
Training/glioma/Tr-gl_293.jpg,glioma,0,val,1831
Training/glioma/Tr-gl_294.jpg,glioma,0,train,1832
Training/glioma/Tr-gl_295.jpg,glioma,0,test,1833
Training/glioma/Tr-gl_296.jpg,glioma,0,test,1834
Training/glioma/Tr-gl_297.jpg,glioma,0,train,252
Training/glioma/Tr-gl_298.jpg,glioma,0,train,1835
Training/glioma/Tr-gl_299.jpg,glioma,0,train,1836
Training/glioma/Tr-gl_3.jpg,glioma,0,train,1837
Training/glioma/Tr-gl_30.jpg,glioma,0,train,1838
Training/glioma/Tr-gl_300.jpg,glioma,0,train,1839
Training/glioma/Tr-gl_301.jpg,glioma,0,train,1840
Training/glioma/Tr-gl_302.jpg,glioma,0,train,1841
Training/glioma/Tr-gl_303.jpg,glioma,0,train,1842
Training/glioma/Tr-gl_304.jpg,glioma,0,val,1843
Training/glioma/Tr-gl_305.jpg,glioma,0,train,1844
Training/glioma/Tr-gl_306.jpg,glioma,0,train,1433
Training/glioma/Tr-gl_307.jpg,glioma,0,train,1845
Training/glioma/Tr-gl_308.jpg,glioma,0,test,1846
Training/glioma/Tr-gl_309.jpg,glioma,0,train,1847
Training/glioma/Tr-gl_31.jpg,glioma,0,train,1748
Training/glioma/Tr-gl_310.jpg,glioma,0,val,1848
Training/glioma/Tr-gl_311.jpg,glioma,0,test,1849
Training/glioma/Tr-gl_312.jpg,glioma,0,val,1850
Training/glioma/Tr-gl_313.jpg,glioma,0,train,1851
Training/glioma/Tr-gl_314.jpg,glioma,0,train,1852
Training/glioma/Tr-gl_315.jpg,glioma,0,train,252
Training/glioma/Tr-gl_316.jpg,glioma,0,val,1853
Training/glioma/Tr-gl_317.jpg,glioma,0,test,1854
Training/glioma/Tr-gl_318.jpg,glioma,0,train,1855
Training/glioma/Tr-gl_319.jpg,glioma,0,train,1856
Training/glioma/Tr-gl_32.jpg,glioma,0,train,1857
Training/glioma/Tr-gl_320.jpg,glioma,0,test,1858
Training/glioma/Tr-gl_321.jpg,glioma,0,train,1859
Training/glioma/Tr-gl_322.jpg,glioma,0,train,1860
Training/glioma/Tr-gl_323.jpg,glioma,0,test,1861
Training/glioma/Tr-gl_324.jpg,glioma,0,val,1862
Training/glioma/Tr-gl_325.jpg,glioma,0,test,1863
Training/glioma/Tr-gl_326.jpg,glioma,0,test,1864
Training/glioma/Tr-gl_327.jpg,glioma,0,train,1865
Training/glioma/Tr-gl_328.jpg,glioma,0,train,1866
Training/glioma/Tr-gl_329.jpg,glioma,0,train,1867
Training/glioma/Tr-gl_33.jpg,glioma,0,test,1868
Training/glioma/Tr-gl_330.jpg,glioma,0,train,1869
Training/glioma/Tr-gl_331.jpg,glioma,0,test,1870
Training/glioma/Tr-gl_332.jpg,glioma,0,train,1606
Training/glioma/Tr-gl_333.jpg,glioma,0,train,1418
Training/glioma/Tr-gl_334.jpg,glioma,0,test,1871
Training/glioma/Tr-gl_335.jpg,glioma,0,train,1872
Training/glioma/Tr-gl_336.jpg,glioma,0,train,1873
Training/glioma/Tr-gl_337.jpg,glioma,0,train,1874
Training/glioma/Tr-gl_338.jpg,glioma,0,train,1875
Training/glioma/Tr-gl_339.jpg,glioma,0,train,1384
Training/glioma/Tr-gl_34.jpg,glioma,0,train,1876
Training/glioma/Tr-gl_340.jpg,glioma,0,train,1877
Training/glioma/Tr-gl_341.jpg,glioma,0,train,1878
Training/glioma/Tr-gl_342.jpg,glioma,0,train,1879
Training/glioma/Tr-gl_343.jpg,glioma,0,train,1397
Training/glioma/Tr-gl_344.jpg,glioma,0,train,1880
Training/glioma/Tr-gl_345.jpg,glioma,0,train,1881
Training/glioma/Tr-gl_346.jpg,glioma,0,train,1882
Training/glioma/Tr-gl_347.jpg,glioma,0,test,1883
Training/glioma/Tr-gl_348.jpg,glioma,0,val,1884
Training/glioma/Tr-gl_349.jpg,glioma,0,val,1885
Training/glioma/Tr-gl_35.jpg,glioma,0,val,1886
Training/glioma/Tr-gl_350.jpg,glioma,0,val,1887
Training/glioma/Tr-gl_351.jpg,glioma,0,train,1888
Training/glioma/Tr-gl_352.jpg,glioma,0,train,1889
Training/glioma/Tr-gl_353.jpg,glioma,0,train,1890
Training/glioma/Tr-gl_354.jpg,glioma,0,train,1891
Training/glioma/Tr-gl_355.jpg,glioma,0,train,1777
Training/glioma/Tr-gl_356.jpg,glioma,0,test,1892
Training/glioma/Tr-gl_357.jpg,glioma,0,train,1572
Training/glioma/Tr-gl_358.jpg,glioma,0,test,1893
Training/glioma/Tr-gl_359.jpg,glioma,0,train,1894
Training/glioma/Tr-gl_36.jpg,glioma,0,val,1895
Training/glioma/Tr-gl_360.jpg,glioma,0,val,1896
Training/glioma/Tr-gl_361.jpg,glioma,0,train,210
Training/glioma/Tr-gl_362.jpg,glioma,0,train,1897
Training/glioma/Tr-gl_363.jpg,glioma,0,train,1898
Training/glioma/Tr-gl_364.jpg,glioma,0,train,1899
Training/glioma/Tr-gl_365.jpg,glioma,0,train,1525
Training/glioma/Tr-gl_366.jpg,glioma,0,train,1900
Training/glioma/Tr-gl_367.jpg,glioma,0,val,1901
Training/glioma/Tr-gl_368.jpg,glioma,0,train,1902
Training/glioma/Tr-gl_369.jpg,glioma,0,val,1903
Training/glioma/Tr-gl_37.jpg,glioma,0,train,1904
Training/glioma/Tr-gl_370.jpg,glioma,0,train,1905
Training/glioma/Tr-gl_371.jpg,glioma,0,train,1906
Training/glioma/Tr-gl_372.jpg,glioma,0,train,1907
Training/glioma/Tr-gl_373.jpg,glioma,0,train,1908
Training/glioma/Tr-gl_374.jpg,glioma,0,train,1909
Training/glioma/Tr-gl_375.jpg,glioma,0,test,1910
Training/glioma/Tr-gl_376.jpg,glioma,0,train,1911
Training/glioma/Tr-gl_377.jpg,glioma,0,test,1912
Training/glioma/Tr-gl_378.jpg,glioma,0,train,1913
Training/glioma/Tr-gl_379.jpg,glioma,0,test,1914
Training/glioma/Tr-gl_38.jpg,glioma,0,train,1915
Training/glioma/Tr-gl_380.jpg,glioma,0,train,1916
Training/glioma/Tr-gl_381.jpg,glioma,0,train,1917
Training/glioma/Tr-gl_382.jpg,glioma,0,val,1918
Training/glioma/Tr-gl_383.jpg,glioma,0,test,1919
Training/glioma/Tr-gl_384.jpg,glioma,0,train,1920
Training/glioma/Tr-gl_385.jpg,glioma,0,test,1921
Training/glioma/Tr-gl_386.jpg,glioma,0,train,1922
Training/glioma/Tr-gl_387.jpg,glioma,0,train,1923
Training/glioma/Tr-gl_388.jpg,glioma,0,val,1924
Training/glioma/Tr-gl_389.jpg,glioma,0,train,1925
Training/glioma/Tr-gl_39.jpg,glioma,0,train,1926
Training/glioma/Tr-gl_390.jpg,glioma,0,test,1927
Training/glioma/Tr-gl_391.jpg,glioma,0,train,1928
Training/glioma/Tr-gl_392.jpg,glioma,0,train,1929
Training/glioma/Tr-gl_393.jpg,glioma,0,val,1930
Training/glioma/Tr-gl_394.jpg,glioma,0,train,1931
Training/glioma/Tr-gl_395.jpg,glioma,0,train,1932
Training/glioma/Tr-gl_396.jpg,glioma,0,train,1579
Training/glioma/Tr-gl_397.jpg,glioma,0,train,1933
Training/glioma/Tr-gl_398.jpg,glioma,0,train,1931
Training/glioma/Tr-gl_399.jpg,glioma,0,test,1934
Training/glioma/Tr-gl_4.jpg,glioma,0,train,1935
Training/glioma/Tr-gl_40.jpg,glioma,0,train,127
Training/glioma/Tr-gl_400.jpg,glioma,0,train,1936
Training/glioma/Tr-gl_401.jpg,glioma,0,train,1937
Training/glioma/Tr-gl_402.jpg,glioma,0,train,1938
Training/glioma/Tr-gl_403.jpg,glioma,0,train,1939
Training/glioma/Tr-gl_404.jpg,glioma,0,train,1940
Training/glioma/Tr-gl_405.jpg,glioma,0,val,1941
Training/glioma/Tr-gl_406.jpg,glioma,0,train,47
Training/glioma/Tr-gl_407.jpg,glioma,0,val,1942
Training/glioma/Tr-gl_408.jpg,glioma,0,train,1943
Training/glioma/Tr-gl_409.jpg,glioma,0,test,1944
Training/glioma/Tr-gl_41.jpg,glioma,0,test,1945
Training/glioma/Tr-gl_410.jpg,glioma,0,train,1946
Training/glioma/Tr-gl_411.jpg,glioma,0,test,1947
Training/glioma/Tr-gl_412.jpg,glioma,0,train,1948
Training/glioma/Tr-gl_413.jpg,glioma,0,val,1949
Training/glioma/Tr-gl_414.jpg,glioma,0,train,275
Training/glioma/Tr-gl_415.jpg,glioma,0,train,1950
Training/glioma/Tr-gl_416.jpg,glioma,0,train,1951
Training/glioma/Tr-gl_417.jpg,glioma,0,train,1952
Training/glioma/Tr-gl_418.jpg,glioma,0,train,1953
Training/glioma/Tr-gl_419.jpg,glioma,0,train,1954
Training/glioma/Tr-gl_42.jpg,glioma,0,train,1931
Training/glioma/Tr-gl_420.jpg,glioma,0,train,145
Training/glioma/Tr-gl_421.jpg,glioma,0,train,1955
Training/glioma/Tr-gl_422.jpg,glioma,0,val,1956
Training/glioma/Tr-gl_423.jpg,glioma,0,train,1957
Training/glioma/Tr-gl_424.jpg,glioma,0,test,1958
Training/glioma/Tr-gl_425.jpg,glioma,0,train,1959
Training/glioma/Tr-gl_426.jpg,glioma,0,train,1960
Training/glioma/Tr-gl_427.jpg,glioma,0,train,1961
Training/glioma/Tr-gl_428.jpg,glioma,0,val,1962
Training/glioma/Tr-gl_429.jpg,glioma,0,val,1963
Training/glioma/Tr-gl_43.jpg,glioma,0,train,214
Training/glioma/Tr-gl_430.jpg,glioma,0,train,1964
Training/glioma/Tr-gl_431.jpg,glioma,0,train,1965
Training/glioma/Tr-gl_432.jpg,glioma,0,val,1966
Training/glioma/Tr-gl_433.jpg,glioma,0,test,1967
Training/glioma/Tr-gl_434.jpg,glioma,0,train,1968
Training/glioma/Tr-gl_435.jpg,glioma,0,train,1969
Training/glioma/Tr-gl_436.jpg,glioma,0,train,1970
Training/glioma/Tr-gl_437.jpg,glioma,0,train,1971
Training/glioma/Tr-gl_438.jpg,glioma,0,val,1972
Training/glioma/Tr-gl_439.jpg,glioma,0,train,1973
Training/glioma/Tr-gl_44.jpg,glioma,0,train,1974
Training/glioma/Tr-gl_440.jpg,glioma,0,train,1975
Training/glioma/Tr-gl_441.jpg,glioma,0,train,1976
Training/glioma/Tr-gl_442.jpg,glioma,0,train,1977
Training/glioma/Tr-gl_443.jpg,glioma,0,train,1682
Training/glioma/Tr-gl_444.jpg,glioma,0,train,1978
Training/glioma/Tr-gl_445.jpg,glioma,0,test,1979
Training/glioma/Tr-gl_446.jpg,glioma,0,train,1980
Training/glioma/Tr-gl_447.jpg,glioma,0,test,1981
Training/glioma/Tr-gl_448.jpg,glioma,0,train,160
Training/glioma/Tr-gl_449.jpg,glioma,0,train,1982
Training/glioma/Tr-gl_45.jpg,glioma,0,train,1983
Training/glioma/Tr-gl_450.jpg,glioma,0,train,1984
Training/glioma/Tr-gl_451.jpg,glioma,0,test,1985
Training/glioma/Tr-gl_452.jpg,glioma,0,train,1986
Training/glioma/Tr-gl_453.jpg,glioma,0,train,252
Training/glioma/Tr-gl_454.jpg,glioma,0,val,1987
Training/glioma/Tr-gl_455.jpg,glioma,0,val,1988
Training/glioma/Tr-gl_456.jpg,glioma,0,train,1989
Training/glioma/Tr-gl_457.jpg,glioma,0,val,1990
Training/glioma/Tr-gl_458.jpg,glioma,0,val,1991
Training/glioma/Tr-gl_459.jpg,glioma,0,train,1992
Training/glioma/Tr-gl_46.jpg,glioma,0,train,1993
Training/glioma/Tr-gl_460.jpg,glioma,0,train,1994
Training/glioma/Tr-gl_461.jpg,glioma,0,train,1572
Training/glioma/Tr-gl_462.jpg,glioma,0,val,1995
Training/glioma/Tr-gl_463.jpg,glioma,0,train,1996
Training/glioma/Tr-gl_464.jpg,glioma,0,train,1997
Training/glioma/Tr-gl_465.jpg,glioma,0,train,1998
Training/glioma/Tr-gl_466.jpg,glioma,0,train,1999
Training/glioma/Tr-gl_467.jpg,glioma,0,val,2000
Training/glioma/Tr-gl_468.jpg,glioma,0,train,2001
Training/glioma/Tr-gl_469.jpg,glioma,0,train,2002
Training/glioma/Tr-gl_47.jpg,glioma,0,train,2003
Training/glioma/Tr-gl_470.jpg,glioma,0,train,2004
Training/glioma/Tr-gl_471.jpg,glioma,0,train,1923
Training/glioma/Tr-gl_472.jpg,glioma,0,train,175
Training/glioma/Tr-gl_473.jpg,glioma,0,train,2005
Training/glioma/Tr-gl_474.jpg,glioma,0,test,2006
Training/glioma/Tr-gl_475.jpg,glioma,0,train,2007
Training/glioma/Tr-gl_476.jpg,glioma,0,train,1523
Training/glioma/Tr-gl_477.jpg,glioma,0,train,2008
Training/glioma/Tr-gl_478.jpg,glioma,0,test,2009
Training/glioma/Tr-gl_479.jpg,glioma,0,test,2010
Training/glioma/Tr-gl_48.jpg,glioma,0,test,2011
Training/glioma/Tr-gl_480.jpg,glioma,0,train,2012
Training/glioma/Tr-gl_481.jpg,glioma,0,train,2013
Training/glioma/Tr-gl_482.jpg,glioma,0,val,2014
Training/glioma/Tr-gl_483.jpg,glioma,0,train,2015
Training/glioma/Tr-gl_484.jpg,glioma,0,train,2016
Training/glioma/Tr-gl_485.jpg,glioma,0,train,2017
Training/glioma/Tr-gl_486.jpg,glioma,0,train,2018
Training/glioma/Tr-gl_487.jpg,glioma,0,val,2019
Training/glioma/Tr-gl_488.jpg,glioma,0,test,2020
Training/glioma/Tr-gl_489.jpg,glioma,0,test,2021
Training/glioma/Tr-gl_49.jpg,glioma,0,train,2022
Training/glioma/Tr-gl_490.jpg,glioma,0,train,2023
Training/glioma/Tr-gl_491.jpg,glioma,0,test,2024
Training/glioma/Tr-gl_492.jpg,glioma,0,train,2025
Training/glioma/Tr-gl_493.jpg,glioma,0,test,2026
Training/glioma/Tr-gl_494.jpg,glioma,0,train,2027
Training/glioma/Tr-gl_495.jpg,glioma,0,val,2028
Training/glioma/Tr-gl_496.jpg,glioma,0,train,2029
Training/glioma/Tr-gl_497.jpg,glioma,0,train,161
Training/glioma/Tr-gl_498.jpg,glioma,0,train,2030
Training/glioma/Tr-gl_499.jpg,glioma,0,train,2031
Training/glioma/Tr-gl_5.jpg,glioma,0,val,2032
Training/glioma/Tr-gl_50.jpg,glioma,0,train,2033
Training/glioma/Tr-gl_500.jpg,glioma,0,train,2034
Training/glioma/Tr-gl_501.jpg,glioma,0,train,2027
Training/glioma/Tr-gl_502.jpg,glioma,0,train,2035
Training/glioma/Tr-gl_503.jpg,glioma,0,val,2036
Training/glioma/Tr-gl_504.jpg,glioma,0,test,2037
Training/glioma/Tr-gl_505.jpg,glioma,0,train,2038
Training/glioma/Tr-gl_506.jpg,glioma,0,train,2039
Training/glioma/Tr-gl_507.jpg,glioma,0,test,2040
Training/glioma/Tr-gl_508.jpg,glioma,0,test,2041
Training/glioma/Tr-gl_509.jpg,glioma,0,train,2042
Training/glioma/Tr-gl_51.jpg,glioma,0,train,2043
Training/glioma/Tr-gl_510.jpg,glioma,0,train,2044
Training/glioma/Tr-gl_511.jpg,glioma,0,train,2045
Training/glioma/Tr-gl_512.jpg,glioma,0,val,2046
Training/glioma/Tr-gl_513.jpg,glioma,0,train,2047
Training/glioma/Tr-gl_514.jpg,glioma,0,train,2048
Training/glioma/Tr-gl_515.jpg,glioma,0,train,1332
Training/glioma/Tr-gl_516.jpg,glioma,0,test,2049
Training/glioma/Tr-gl_517.jpg,glioma,0,test,2050
Training/glioma/Tr-gl_518.jpg,glioma,0,train,2051
Training/glioma/Tr-gl_519.jpg,glioma,0,test,2052
Training/glioma/Tr-gl_52.jpg,glioma,0,test,2053
Training/glioma/Tr-gl_520.jpg,glioma,0,train,1724
Training/glioma/Tr-gl_521.jpg,glioma,0,val,2054
Training/glioma/Tr-gl_522.jpg,glioma,0,train,2055
Training/glioma/Tr-gl_523.jpg,glioma,0,train,2056
Training/glioma/Tr-gl_524.jpg,glioma,0,train,2057
Training/glioma/Tr-gl_525.jpg,glioma,0,test,2058
Training/glioma/Tr-gl_526.jpg,glioma,0,train,2059
Training/glioma/Tr-gl_527.jpg,glioma,0,train,320
Training/glioma/Tr-gl_528.jpg,glioma,0,train,2060
Training/glioma/Tr-gl_529.jpg,glioma,0,train,2061
Training/glioma/Tr-gl_53.jpg,glioma,0,test,2062
Training/glioma/Tr-gl_530.jpg,glioma,0,test,2063
Training/glioma/Tr-gl_531.jpg,glioma,0,test,2064
Training/glioma/Tr-gl_532.jpg,glioma,0,train,2065
Training/glioma/Tr-gl_533.jpg,glioma,0,train,1877
Training/glioma/Tr-gl_534.jpg,glioma,0,train,2066
Training/glioma/Tr-gl_535.jpg,glioma,0,train,2067
Training/glioma/Tr-gl_536.jpg,glioma,0,train,2068
Training/glioma/Tr-gl_537.jpg,glioma,0,train,2069
Training/glioma/Tr-gl_538.jpg,glioma,0,test,2070
Training/glioma/Tr-gl_539.jpg,glioma,0,val,2071
Training/glioma/Tr-gl_54.jpg,glioma,0,train,2072
Training/glioma/Tr-gl_540.jpg,glioma,0,train,2073
Training/glioma/Tr-gl_541.jpg,glioma,0,train,2074
Training/glioma/Tr-gl_542.jpg,glioma,0,test,2075
Training/glioma/Tr-gl_543.jpg,glioma,0,train,2076
Training/glioma/Tr-gl_544.jpg,glioma,0,train,1721
Training/glioma/Tr-gl_545.jpg,glioma,0,train,2077
Training/glioma/Tr-gl_546.jpg,glioma,0,test,2078
Training/glioma/Tr-gl_547.jpg,glioma,0,train,2079
Training/glioma/Tr-gl_548.jpg,glioma,0,train,2080
Training/glioma/Tr-gl_549.jpg,glioma,0,val,2081
Training/glioma/Tr-gl_55.jpg,glioma,0,val,2082
Training/glioma/Tr-gl_550.jpg,glioma,0,val,2083
Training/glioma/Tr-gl_551.jpg,glioma,0,val,2084
Training/glioma/Tr-gl_552.jpg,glioma,0,train,2085
Training/glioma/Tr-gl_553.jpg,glioma,0,train,2086
Training/glioma/Tr-gl_554.jpg,glioma,0,train,2087
Training/glioma/Tr-gl_555.jpg,glioma,0,train,2088
Training/glioma/Tr-gl_556.jpg,glioma,0,train,2089
Training/glioma/Tr-gl_557.jpg,glioma,0,test,2090
Training/glioma/Tr-gl_558.jpg,glioma,0,train,2091
Training/glioma/Tr-gl_559.jpg,glioma,0,train,2092
Training/glioma/Tr-gl_56.jpg,glioma,0,val,2093
Training/glioma/Tr-gl_560.jpg,glioma,0,train,1537
Training/glioma/Tr-gl_561.jpg,glioma,0,train,2094
Training/glioma/Tr-gl_562.jpg,glioma,0,train,2095
Training/glioma/Tr-gl_563.jpg,glioma,0,train,2096
Training/glioma/Tr-gl_564.jpg,glioma,0,val,2097
Training/glioma/Tr-gl_565.jpg,glioma,0,test,2098
Training/glioma/Tr-gl_566.jpg,glioma,0,train,175
Training/glioma/Tr-gl_567.jpg,glioma,0,train,252
Training/glioma/Tr-gl_568.jpg,glioma,0,train,2099
Training/glioma/Tr-gl_569.jpg,glioma,0,train,252
Training/glioma/Tr-gl_57.jpg,glioma,0,train,2100
Training/glioma/Tr-gl_570.jpg,glioma,0,train,2101
Training/glioma/Tr-gl_571.jpg,glioma,0,val,2102
Training/glioma/Tr-gl_572.jpg,glioma,0,train,2103
Training/glioma/Tr-gl_573.jpg,glioma,0,train,2104
Training/glioma/Tr-gl_574.jpg,glioma,0,train,2105
Training/glioma/Tr-gl_575.jpg,glioma,0,train,2106
Training/glioma/Tr-gl_576.jpg,glioma,0,val,2107
Training/glioma/Tr-gl_577.jpg,glioma,0,train,2108
Training/glioma/Tr-gl_578.jpg,glioma,0,train,2109
Training/glioma/Tr-gl_579.jpg,glioma,0,train,2110
Training/glioma/Tr-gl_58.jpg,glioma,0,train,2111
Training/glioma/Tr-gl_580.jpg,glioma,0,train,2112
Training/glioma/Tr-gl_581.jpg,glioma,0,train,2113
Training/glioma/Tr-gl_582.jpg,glioma,0,train,175
Training/glioma/Tr-gl_583.jpg,glioma,0,train,2114
Training/glioma/Tr-gl_584.jpg,glioma,0,train,2115
Training/glioma/Tr-gl_585.jpg,glioma,0,train,2116
Training/glioma/Tr-gl_586.jpg,glioma,0,test,2117
Training/glioma/Tr-gl_587.jpg,glioma,0,test,2118
Training/glioma/Tr-gl_588.jpg,glioma,0,train,2119
Training/glioma/Tr-gl_589.jpg,glioma,0,train,2120
Training/glioma/Tr-gl_59.jpg,glioma,0,val,2121
Training/glioma/Tr-gl_590.jpg,glioma,0,test,2122
Training/glioma/Tr-gl_591.jpg,glioma,0,train,1779
Training/glioma/Tr-gl_592.jpg,glioma,0,train,2123
Training/glioma/Tr-gl_593.jpg,glioma,0,train,2124
Training/glioma/Tr-gl_594.jpg,glioma,0,val,2125
Training/glioma/Tr-gl_595.jpg,glioma,0,train,2126
Training/glioma/Tr-gl_596.jpg,glioma,0,val,2127
Training/glioma/Tr-gl_597.jpg,glioma,0,val,2128
Training/glioma/Tr-gl_598.jpg,glioma,0,train,2129
Training/glioma/Tr-gl_599.jpg,glioma,0,train,2130
Training/glioma/Tr-gl_6.jpg,glioma,0,train,2131
Training/glioma/Tr-gl_60.jpg,glioma,0,train,1549
Training/glioma/Tr-gl_600.jpg,glioma,0,test,2132
Training/glioma/Tr-gl_601.jpg,glioma,0,train,2133
Training/glioma/Tr-gl_602.jpg,glioma,0,train,1989
Training/glioma/Tr-gl_603.jpg,glioma,0,train,1566
Training/glioma/Tr-gl_604.jpg,glioma,0,train,2134
Training/glioma/Tr-gl_605.jpg,glioma,0,train,2135
Training/glioma/Tr-gl_606.jpg,glioma,0,train,2136
Training/glioma/Tr-gl_607.jpg,glioma,0,train,2137
Training/glioma/Tr-gl_608.jpg,glioma,0,train,1321
Training/glioma/Tr-gl_609.jpg,glioma,0,train,1998
Training/glioma/Tr-gl_61.jpg,glioma,0,val,2138
Training/glioma/Tr-gl_610.jpg,glioma,0,train,2139
Training/glioma/Tr-gl_611.jpg,glioma,0,train,2140
Training/glioma/Tr-gl_612.jpg,glioma,0,test,2141
Training/glioma/Tr-gl_613.jpg,glioma,0,train,2142
Training/glioma/Tr-gl_614.jpg,glioma,0,train,95
Training/glioma/Tr-gl_615.jpg,glioma,0,train,2143
Training/glioma/Tr-gl_616.jpg,glioma,0,train,2144
Training/glioma/Tr-gl_617.jpg,glioma,0,train,2145
Training/glioma/Tr-gl_618.jpg,glioma,0,val,2146
Training/glioma/Tr-gl_619.jpg,glioma,0,val,2147
Training/glioma/Tr-gl_62.jpg,glioma,0,train,2148
Training/glioma/Tr-gl_620.jpg,glioma,0,train,2149
Training/glioma/Tr-gl_621.jpg,glioma,0,val,2150
Training/glioma/Tr-gl_622.jpg,glioma,0,train,2151
Training/glioma/Tr-gl_623.jpg,glioma,0,train,2152
Training/glioma/Tr-gl_624.jpg,glioma,0,train,2153
Training/glioma/Tr-gl_625.jpg,glioma,0,test,2154
Training/glioma/Tr-gl_626.jpg,glioma,0,train,2155
Training/glioma/Tr-gl_627.jpg,glioma,0,test,2156
Training/glioma/Tr-gl_628.jpg,glioma,0,train,2157
Training/glioma/Tr-gl_629.jpg,glioma,0,train,1865
Training/glioma/Tr-gl_63.jpg,glioma,0,train,252
Training/glioma/Tr-gl_630.jpg,glioma,0,train,2158
Training/glioma/Tr-gl_631.jpg,glioma,0,train,2159
Training/glioma/Tr-gl_632.jpg,glioma,0,train,2160
Training/glioma/Tr-gl_633.jpg,glioma,0,train,252
Training/glioma/Tr-gl_634.jpg,glioma,0,train,2161
Training/glioma/Tr-gl_635.jpg,glioma,0,train,2162
Training/glioma/Tr-gl_636.jpg,glioma,0,train,2163
Training/glioma/Tr-gl_637.jpg,glioma,0,val,2164
Training/glioma/Tr-gl_638.jpg,glioma,0,test,2165
Training/glioma/Tr-gl_639.jpg,glioma,0,train,294
Training/glioma/Tr-gl_64.jpg,glioma,0,train,2166
Training/glioma/Tr-gl_640.jpg,glioma,0,train,2167
Training/glioma/Tr-gl_641.jpg,glioma,0,val,2168
Training/glioma/Tr-gl_642.jpg,glioma,0,val,2169
Training/glioma/Tr-gl_643.jpg,glioma,0,test,2170
Training/glioma/Tr-gl_644.jpg,glioma,0,train,2171
Training/glioma/Tr-gl_645.jpg,glioma,0,train,2172
Training/glioma/Tr-gl_646.jpg,glioma,0,train,2173
Training/glioma/Tr-gl_647.jpg,glioma,0,train,2174
Training/glioma/Tr-gl_648.jpg,glioma,0,test,2175
Training/glioma/Tr-gl_649.jpg,glioma,0,train,2176
Training/glioma/Tr-gl_65.jpg,glioma,0,test,2177
Training/glioma/Tr-gl_650.jpg,glioma,0,test,2178
Training/glioma/Tr-gl_651.jpg,glioma,0,test,2179
Training/glioma/Tr-gl_652.jpg,glioma,0,test,2180
Training/glioma/Tr-gl_653.jpg,glioma,0,train,252
Training/glioma/Tr-gl_654.jpg,glioma,0,train,2181
Training/glioma/Tr-gl_655.jpg,glioma,0,train,2182
Training/glioma/Tr-gl_656.jpg,glioma,0,val,2183
Training/glioma/Tr-gl_657.jpg,glioma,0,val,2184
Training/glioma/Tr-gl_658.jpg,glioma,0,val,2185
Training/glioma/Tr-gl_659.jpg,glioma,0,train,252
Training/glioma/Tr-gl_66.jpg,glioma,0,train,1566
Training/glioma/Tr-gl_660.jpg,glioma,0,train,2057
Training/glioma/Tr-gl_661.jpg,glioma,0,val,2186
Training/glioma/Tr-gl_662.jpg,glioma,0,train,2187
Training/glioma/Tr-gl_663.jpg,glioma,0,val,2188
Training/glioma/Tr-gl_664.jpg,glioma,0,test,2189
Training/glioma/Tr-gl_665.jpg,glioma,0,train,2190
Training/glioma/Tr-gl_666.jpg,glioma,0,train,2191
Training/glioma/Tr-gl_667.jpg,glioma,0,train,2192
Training/glioma/Tr-gl_668.jpg,glioma,0,train,2193
Training/glioma/Tr-gl_669.jpg,glioma,0,train,2194
Training/glioma/Tr-gl_67.jpg,glioma,0,train,2195
Training/glioma/Tr-gl_670.jpg,glioma,0,val,2196
Training/glioma/Tr-gl_671.jpg,glioma,0,train,2197
Training/glioma/Tr-gl_672.jpg,glioma,0,train,1583
Training/glioma/Tr-gl_673.jpg,glioma,0,val,2198
Training/glioma/Tr-gl_674.jpg,glioma,0,train,175
Training/glioma/Tr-gl_675.jpg,glioma,0,train,2199
Training/glioma/Tr-gl_676.jpg,glioma,0,val,2200
Training/glioma/Tr-gl_677.jpg,glioma,0,train,2201
Training/glioma/Tr-gl_678.jpg,glioma,0,val,2202
Training/glioma/Tr-gl_679.jpg,glioma,0,train,2203
Training/glioma/Tr-gl_68.jpg,glioma,0,train,2204
Training/glioma/Tr-gl_680.jpg,glioma,0,val,2205
Training/glioma/Tr-gl_681.jpg,glioma,0,train,2206
Training/glioma/Tr-gl_682.jpg,glioma,0,val,2207
Training/glioma/Tr-gl_683.jpg,glioma,0,val,2208
Training/glioma/Tr-gl_684.jpg,glioma,0,train,2209
Training/glioma/Tr-gl_685.jpg,glioma,0,train,2210
Training/glioma/Tr-gl_686.jpg,glioma,0,train,2211
Training/glioma/Tr-gl_687.jpg,glioma,0,train,2212
Training/glioma/Tr-gl_688.jpg,glioma,0,train,2213
Training/glioma/Tr-gl_689.jpg,glioma,0,train,2214
Training/glioma/Tr-gl_69.jpg,glioma,0,val,2215
Training/glioma/Tr-gl_690.jpg,glioma,0,train,2216
Training/glioma/Tr-gl_691.jpg,glioma,0,val,2217
Training/glioma/Tr-gl_692.jpg,glioma,0,test,2218
Training/glioma/Tr-gl_693.jpg,glioma,0,train,2219
Training/glioma/Tr-gl_694.jpg,glioma,0,train,2220
Training/glioma/Tr-gl_695.jpg,glioma,0,train,2221
Training/glioma/Tr-gl_696.jpg,glioma,0,train,2222
Training/glioma/Tr-gl_697.jpg,glioma,0,train,2223
Training/glioma/Tr-gl_698.jpg,glioma,0,val,2224
Training/glioma/Tr-gl_699.jpg,glioma,0,test,2225
Training/glioma/Tr-gl_7.jpg,glioma,0,train,1566
Training/glioma/Tr-gl_70.jpg,glioma,0,test,2226
Training/glioma/Tr-gl_700.jpg,glioma,0,train,1923
Training/glioma/Tr-gl_701.jpg,glioma,0,test,2227
Training/glioma/Tr-gl_702.jpg,glioma,0,val,2228
Training/glioma/Tr-gl_703.jpg,glioma,0,test,2229
Training/glioma/Tr-gl_704.jpg,glioma,0,val,2230
Training/glioma/Tr-gl_705.jpg,glioma,0,train,1600
Training/glioma/Tr-gl_706.jpg,glioma,0,train,95
Training/glioma/Tr-gl_707.jpg,glioma,0,train,262
Training/glioma/Tr-gl_708.jpg,glioma,0,val,2231
Training/glioma/Tr-gl_709.jpg,glioma,0,train,2232
Training/glioma/Tr-gl_71.jpg,glioma,0,train,2149
Training/glioma/Tr-gl_710.jpg,glioma,0,test,2233
Training/glioma/Tr-gl_711.jpg,glioma,0,val,2234
Training/glioma/Tr-gl_712.jpg,glioma,0,val,2235
Training/glioma/Tr-gl_713.jpg,glioma,0,train,2236
Training/glioma/Tr-gl_714.jpg,glioma,0,train,1525
Training/glioma/Tr-gl_715.jpg,glioma,0,train,1989
Training/glioma/Tr-gl_716.jpg,glioma,0,train,2237
Training/glioma/Tr-gl_717.jpg,glioma,0,train,514
Training/glioma/Tr-gl_718.jpg,glioma,0,val,2238
Training/glioma/Tr-gl_719.jpg,glioma,0,train,1570
Training/glioma/Tr-gl_72.jpg,glioma,0,test,2239
Training/glioma/Tr-gl_720.jpg,glioma,0,train,2240
Training/glioma/Tr-gl_721.jpg,glioma,0,train,2241
Training/glioma/Tr-gl_722.jpg,glioma,0,train,2242
Training/glioma/Tr-gl_723.jpg,glioma,0,train,323
Training/glioma/Tr-gl_724.jpg,glioma,0,val,2243
Training/glioma/Tr-gl_725.jpg,glioma,0,train,2244
Training/glioma/Tr-gl_726.jpg,glioma,0,train,2245
Training/glioma/Tr-gl_727.jpg,glioma,0,train,1367
Training/glioma/Tr-gl_728.jpg,glioma,0,train,2246
Training/glioma/Tr-gl_729.jpg,glioma,0,train,2247
Training/glioma/Tr-gl_73.jpg,glioma,0,train,2248
Training/glioma/Tr-gl_730.jpg,glioma,0,train,2249
Training/glioma/Tr-gl_731.jpg,glioma,0,train,2250
Training/glioma/Tr-gl_732.jpg,glioma,0,train,2251
Training/glioma/Tr-gl_733.jpg,glioma,0,train,2252
Training/glioma/Tr-gl_734.jpg,glioma,0,train,2253
Training/glioma/Tr-gl_735.jpg,glioma,0,train,2254
Training/glioma/Tr-gl_736.jpg,glioma,0,train,2255
Training/glioma/Tr-gl_737.jpg,glioma,0,train,2256
Training/glioma/Tr-gl_738.jpg,glioma,0,train,2257
Training/glioma/Tr-gl_739.jpg,glioma,0,train,95
Training/glioma/Tr-gl_74.jpg,glioma,0,test,2258
Training/glioma/Tr-gl_740.jpg,glioma,0,train,2259
Training/glioma/Tr-gl_741.jpg,glioma,0,train,2260
Training/glioma/Tr-gl_742.jpg,glioma,0,train,2261
Training/glioma/Tr-gl_743.jpg,glioma,0,train,2262
Training/glioma/Tr-gl_744.jpg,glioma,0,val,2263
Training/glioma/Tr-gl_745.jpg,glioma,0,test,2264
Training/glioma/Tr-gl_746.jpg,glioma,0,train,2265
Training/glioma/Tr-gl_747.jpg,glioma,0,val,2266
Training/glioma/Tr-gl_748.jpg,glioma,0,train,2267
Training/glioma/Tr-gl_749.jpg,glioma,0,train,2268
Training/glioma/Tr-gl_75.jpg,glioma,0,train,2269
Training/glioma/Tr-gl_750.jpg,glioma,0,train,2270
Training/glioma/Tr-gl_751.jpg,glioma,0,train,2271
Training/glioma/Tr-gl_752.jpg,glioma,0,val,2272
Training/glioma/Tr-gl_753.jpg,glioma,0,val,2273
Training/glioma/Tr-gl_754.jpg,glioma,0,train,2274
Training/glioma/Tr-gl_755.jpg,glioma,0,train,2275
Training/glioma/Tr-gl_756.jpg,glioma,0,train,2276
Training/glioma/Tr-gl_757.jpg,glioma,0,train,2277
Training/glioma/Tr-gl_758.jpg,glioma,0,train,1552
Training/glioma/Tr-gl_759.jpg,glioma,0,val,2278
Training/glioma/Tr-gl_76.jpg,glioma,0,train,2279
Training/glioma/Tr-gl_760.jpg,glioma,0,test,2280
Training/glioma/Tr-gl_761.jpg,glioma,0,train,2281
Training/glioma/Tr-gl_762.jpg,glioma,0,train,1682
Training/glioma/Tr-gl_763.jpg,glioma,0,train,2282
Training/glioma/Tr-gl_764.jpg,glioma,0,test,2283
Training/glioma/Tr-gl_765.jpg,glioma,0,train,2284
Training/glioma/Tr-gl_766.jpg,glioma,0,train,2285
Training/glioma/Tr-gl_767.jpg,glioma,0,train,2286
Training/glioma/Tr-gl_768.jpg,glioma,0,train,1867
Training/glioma/Tr-gl_769.jpg,glioma,0,train,2087
Training/glioma/Tr-gl_77.jpg,glioma,0,train,1295
Training/glioma/Tr-gl_770.jpg,glioma,0,train,2287
Training/glioma/Tr-gl_771.jpg,glioma,0,val,2288
Training/glioma/Tr-gl_772.jpg,glioma,0,train,2289
Training/glioma/Tr-gl_773.jpg,glioma,0,val,2290
Training/glioma/Tr-gl_774.jpg,glioma,0,val,2291
Training/glioma/Tr-gl_775.jpg,glioma,0,train,2292
Training/glioma/Tr-gl_776.jpg,glioma,0,train,2293
Training/glioma/Tr-gl_777.jpg,glioma,0,train,2294
Training/glioma/Tr-gl_778.jpg,glioma,0,train,2295
Training/glioma/Tr-gl_779.jpg,glioma,0,test,2296
Training/glioma/Tr-gl_78.jpg,glioma,0,val,2297
Training/glioma/Tr-gl_780.jpg,glioma,0,val,2298
Training/glioma/Tr-gl_781.jpg,glioma,0,train,2299
Training/glioma/Tr-gl_782.jpg,glioma,0,train,2300
Training/glioma/Tr-gl_783.jpg,glioma,0,train,2301
Training/glioma/Tr-gl_784.jpg,glioma,0,train,2302
Training/glioma/Tr-gl_785.jpg,glioma,0,train,2303
Training/glioma/Tr-gl_786.jpg,glioma,0,val,2304
Training/glioma/Tr-gl_787.jpg,glioma,0,val,2305
Training/glioma/Tr-gl_788.jpg,glioma,0,test,2306
Training/glioma/Tr-gl_789.jpg,glioma,0,train,2307
Training/glioma/Tr-gl_79.jpg,glioma,0,train,1415
Training/glioma/Tr-gl_790.jpg,glioma,0,train,1777
Training/glioma/Tr-gl_791.jpg,glioma,0,train,2308
Training/glioma/Tr-gl_792.jpg,glioma,0,train,2309
Training/glioma/Tr-gl_793.jpg,glioma,0,train,252
Training/glioma/Tr-gl_794.jpg,glioma,0,train,2310
Training/glioma/Tr-gl_795.jpg,glioma,0,train,2311
Training/glioma/Tr-gl_796.jpg,glioma,0,train,1726
Training/glioma/Tr-gl_797.jpg,glioma,0,val,2312
Training/glioma/Tr-gl_798.jpg,glioma,0,test,2313
Training/glioma/Tr-gl_799.jpg,glioma,0,train,2314
Training/glioma/Tr-gl_8.jpg,glioma,0,train,1879
Training/glioma/Tr-gl_80.jpg,glioma,0,val,2315
Training/glioma/Tr-gl_800.jpg,glioma,0,train,2316
Training/glioma/Tr-gl_801.jpg,glioma,0,train,101
Training/glioma/Tr-gl_802.jpg,glioma,0,train,2317
Training/glioma/Tr-gl_803.jpg,glioma,0,test,2318
Training/glioma/Tr-gl_804.jpg,glioma,0,train,2319
Training/glioma/Tr-gl_805.jpg,glioma,0,val,2320
Training/glioma/Tr-gl_806.jpg,glioma,0,train,2321
Training/glioma/Tr-gl_807.jpg,glioma,0,train,2322
Training/glioma/Tr-gl_808.jpg,glioma,0,train,2323
Training/glioma/Tr-gl_809.jpg,glioma,0,train,2324
Training/glioma/Tr-gl_81.jpg,glioma,0,train,2325
Training/glioma/Tr-gl_810.jpg,glioma,0,train,1755
Training/glioma/Tr-gl_811.jpg,glioma,0,test,2326
Training/glioma/Tr-gl_812.jpg,glioma,0,train,2327
Training/glioma/Tr-gl_813.jpg,glioma,0,train,2328
Training/glioma/Tr-gl_814.jpg,glioma,0,train,2329
Training/glioma/Tr-gl_815.jpg,glioma,0,train,1989
Training/glioma/Tr-gl_816.jpg,glioma,0,train,2330
Training/glioma/Tr-gl_817.jpg,glioma,0,train,175
Training/glioma/Tr-gl_818.jpg,glioma,0,train,252
Training/glioma/Tr-gl_819.jpg,glioma,0,val,2331
Training/glioma/Tr-gl_82.jpg,glioma,0,train,2332
Training/glioma/Tr-gl_820.jpg,glioma,0,train,2333
Training/glioma/Tr-gl_821.jpg,glioma,0,val,2334
Training/glioma/Tr-gl_822.jpg,glioma,0,test,2335
Training/glioma/Tr-gl_823.jpg,glioma,0,train,2336
Training/glioma/Tr-gl_824.jpg,glioma,0,val,2337
Training/glioma/Tr-gl_825.jpg,glioma,0,train,2338
Training/glioma/Tr-gl_826.jpg,glioma,0,train,2339
Training/glioma/Tr-gl_827.jpg,glioma,0,train,2340
Training/glioma/Tr-gl_828.jpg,glioma,0,train,2341
Training/glioma/Tr-gl_829.jpg,glioma,0,val,2342
Training/glioma/Tr-gl_83.jpg,glioma,0,train,2343
Training/glioma/Tr-gl_830.jpg,glioma,0,train,2344
Training/glioma/Tr-gl_831.jpg,glioma,0,train,2345
Training/glioma/Tr-gl_832.jpg,glioma,0,train,2346
Training/glioma/Tr-gl_833.jpg,glioma,0,train,2347
Training/glioma/Tr-gl_834.jpg,glioma,0,val,2348
Training/glioma/Tr-gl_835.jpg,glioma,0,val,2349
Training/glioma/Tr-gl_836.jpg,glioma,0,train,2350
Training/glioma/Tr-gl_837.jpg,glioma,0,train,291
Training/glioma/Tr-gl_838.jpg,glioma,0,train,2351
Training/glioma/Tr-gl_839.jpg,glioma,0,train,2352
Training/glioma/Tr-gl_84.jpg,glioma,0,train,2353
Training/glioma/Tr-gl_840.jpg,glioma,0,train,2354
Training/glioma/Tr-gl_841.jpg,glioma,0,train,2355
Training/glioma/Tr-gl_842.jpg,glioma,0,train,2356
Training/glioma/Tr-gl_843.jpg,glioma,0,val,2357
Training/glioma/Tr-gl_844.jpg,glioma,0,train,127
Training/glioma/Tr-gl_845.jpg,glioma,0,train,2358
Training/glioma/Tr-gl_846.jpg,glioma,0,train,2359
Training/glioma/Tr-gl_847.jpg,glioma,0,train,2360
Training/glioma/Tr-gl_848.jpg,glioma,0,val,2361
Training/glioma/Tr-gl_849.jpg,glioma,0,test,2362
Training/glioma/Tr-gl_85.jpg,glioma,0,train,2363
Training/glioma/Tr-gl_850.jpg,glioma,0,val,2364
Training/glioma/Tr-gl_851.jpg,glioma,0,val,2365
Training/glioma/Tr-gl_852.jpg,glioma,0,train,2366
Training/glioma/Tr-gl_853.jpg,glioma,0,val,2367
Training/glioma/Tr-gl_854.jpg,glioma,0,test,2368
Training/glioma/Tr-gl_855.jpg,glioma,0,train,2369
Training/glioma/Tr-gl_856.jpg,glioma,0,train,2370
Training/glioma/Tr-gl_857.jpg,glioma,0,train,2371
Training/glioma/Tr-gl_858.jpg,glioma,0,test,2372
Training/glioma/Tr-gl_859.jpg,glioma,0,train,2373
Training/glioma/Tr-gl_86.jpg,glioma,0,train,2374
Training/glioma/Tr-gl_860.jpg,glioma,0,train,1321
Training/glioma/Tr-gl_861.jpg,glioma,0,train,2375
Training/glioma/Tr-gl_862.jpg,glioma,0,train,47
Training/glioma/Tr-gl_863.jpg,glioma,0,train,2376
Training/glioma/Tr-gl_864.jpg,glioma,0,val,2377
Training/glioma/Tr-gl_865.jpg,glioma,0,train,2378
Training/glioma/Tr-gl_866.jpg,glioma,0,train,2379
Training/glioma/Tr-gl_867.jpg,glioma,0,train,2380
Training/glioma/Tr-gl_868.jpg,glioma,0,train,2381
Training/glioma/Tr-gl_869.jpg,glioma,0,train,252
Training/glioma/Tr-gl_87.jpg,glioma,0,val,2382
Training/glioma/Tr-gl_870.jpg,glioma,0,test,2383
Training/glioma/Tr-gl_871.jpg,glioma,0,train,2384
Training/glioma/Tr-gl_872.jpg,glioma,0,train,2385
Training/glioma/Tr-gl_873.jpg,glioma,0,train,2386
Training/glioma/Tr-gl_874.jpg,glioma,0,train,2387
Training/glioma/Tr-gl_875.jpg,glioma,0,train,2388
Training/glioma/Tr-gl_876.jpg,glioma,0,train,2294
Training/glioma/Tr-gl_877.jpg,glioma,0,train,2389
Training/glioma/Tr-gl_878.jpg,glioma,0,train,2390
Training/glioma/Tr-gl_879.jpg,glioma,0,train,2391
Training/glioma/Tr-gl_88.jpg,glioma,0,train,2392
Training/glioma/Tr-gl_880.jpg,glioma,0,test,2393
Training/glioma/Tr-gl_881.jpg,glioma,0,train,2394
Training/glioma/Tr-gl_882.jpg,glioma,0,train,2395
Training/glioma/Tr-gl_883.jpg,glioma,0,train,2396
Training/glioma/Tr-gl_884.jpg,glioma,0,val,2397
Training/glioma/Tr-gl_885.jpg,glioma,0,train,2398
Training/glioma/Tr-gl_886.jpg,glioma,0,val,2399
Training/glioma/Tr-gl_887.jpg,glioma,0,train,2400
Training/glioma/Tr-gl_888.jpg,glioma,0,test,2401
Training/glioma/Tr-gl_889.jpg,glioma,0,train,2402
Training/glioma/Tr-gl_89.jpg,glioma,0,val,2403
Training/glioma/Tr-gl_890.jpg,glioma,0,train,2404
Training/glioma/Tr-gl_891.jpg,glioma,0,train,2405
Training/glioma/Tr-gl_892.jpg,glioma,0,train,2406
Training/glioma/Tr-gl_893.jpg,glioma,0,train,2407
Training/glioma/Tr-gl_894.jpg,glioma,0,val,2408
Training/glioma/Tr-gl_895.jpg,glioma,0,val,2409
Training/glioma/Tr-gl_896.jpg,glioma,0,test,2410
Training/glioma/Tr-gl_897.jpg,glioma,0,train,1948
Training/glioma/Tr-gl_898.jpg,glioma,0,test,2411
Training/glioma/Tr-gl_899.jpg,glioma,0,val,2412
Training/glioma/Tr-gl_9.jpg,glioma,0,train,2413
Training/glioma/Tr-gl_90.jpg,glioma,0,val,2414
Training/glioma/Tr-gl_900.jpg,glioma,0,train,2415
Training/glioma/Tr-gl_901.jpg,glioma,0,train,2416
Training/glioma/Tr-gl_902.jpg,glioma,0,train,2417
Training/glioma/Tr-gl_903.jpg,glioma,0,train,2418
Training/glioma/Tr-gl_904.jpg,glioma,0,test,2419
Training/glioma/Tr-gl_905.jpg,glioma,0,train,2420
Training/glioma/Tr-gl_906.jpg,glioma,0,train,2421
Training/glioma/Tr-gl_907.jpg,glioma,0,train,2422
Training/glioma/Tr-gl_908.jpg,glioma,0,val,2423
Training/glioma/Tr-gl_909.jpg,glioma,0,val,2424
Training/glioma/Tr-gl_91.jpg,glioma,0,train,2425
Training/glioma/Tr-gl_910.jpg,glioma,0,train,2426
Training/glioma/Tr-gl_911.jpg,glioma,0,test,2427
Training/glioma/Tr-gl_912.jpg,glioma,0,train,2428
Training/glioma/Tr-gl_913.jpg,glioma,0,train,2429
Training/glioma/Tr-gl_914.jpg,glioma,0,test,2430
Training/glioma/Tr-gl_915.jpg,glioma,0,train,95
Training/glioma/Tr-gl_916.jpg,glioma,0,train,2431
Training/glioma/Tr-gl_917.jpg,glioma,0,val,2432
Training/glioma/Tr-gl_918.jpg,glioma,0,val,2433
Training/glioma/Tr-gl_919.jpg,glioma,0,train,2434
Training/glioma/Tr-gl_92.jpg,glioma,0,val,2435
Training/glioma/Tr-gl_920.jpg,glioma,0,val,2436
Training/glioma/Tr-gl_921.jpg,glioma,0,train,2437
Training/glioma/Tr-gl_922.jpg,glioma,0,train,2438
Training/glioma/Tr-gl_923.jpg,glioma,0,train,2439
Training/glioma/Tr-gl_924.jpg,glioma,0,test,2440
Training/glioma/Tr-gl_925.jpg,glioma,0,val,2441
Training/glioma/Tr-gl_926.jpg,glioma,0,train,2442
Training/glioma/Tr-gl_927.jpg,glioma,0,train,2443
Training/glioma/Tr-gl_928.jpg,glioma,0,train,2187
Training/glioma/Tr-gl_929.jpg,glioma,0,train,2444
Training/glioma/Tr-gl_93.jpg,glioma,0,train,2445
Training/glioma/Tr-gl_930.jpg,glioma,0,train,2446
Training/glioma/Tr-gl_931.jpg,glioma,0,train,2447
Training/glioma/Tr-gl_932.jpg,glioma,0,val,2448
Training/glioma/Tr-gl_933.jpg,glioma,0,val,2449
Training/glioma/Tr-gl_934.jpg,glioma,0,test,2450
Training/glioma/Tr-gl_935.jpg,glioma,0,test,2451
Training/glioma/Tr-gl_936.jpg,glioma,0,train,2452
Training/glioma/Tr-gl_937.jpg,glioma,0,val,2453
Training/glioma/Tr-gl_938.jpg,glioma,0,train,2454
Training/glioma/Tr-gl_939.jpg,glioma,0,train,2455
Training/glioma/Tr-gl_94.jpg,glioma,0,train,2456
Training/glioma/Tr-gl_940.jpg,glioma,0,train,2457
Training/glioma/Tr-gl_941.jpg,glioma,0,test,2458
Training/glioma/Tr-gl_942.jpg,glioma,0,test,2459
Training/glioma/Tr-gl_943.jpg,glioma,0,train,2460
Training/glioma/Tr-gl_944.jpg,glioma,0,test,2461
Training/glioma/Tr-gl_945.jpg,glioma,0,val,2462
Training/glioma/Tr-gl_946.jpg,glioma,0,train,2279
Training/glioma/Tr-gl_947.jpg,glioma,0,val,2463
Training/glioma/Tr-gl_948.jpg,glioma,0,val,2464
Training/glioma/Tr-gl_949.jpg,glioma,0,train,1572
Training/glioma/Tr-gl_95.jpg,glioma,0,val,2465
Training/glioma/Tr-gl_950.jpg,glioma,0,train,1570
Training/glioma/Tr-gl_951.jpg,glioma,0,train,2466
Training/glioma/Tr-gl_952.jpg,glioma,0,train,2029
Training/glioma/Tr-gl_953.jpg,glioma,0,train,2467
Training/glioma/Tr-gl_954.jpg,glioma,0,test,2468
Training/glioma/Tr-gl_955.jpg,glioma,0,train,2469
Training/glioma/Tr-gl_956.jpg,glioma,0,val,2470
Training/glioma/Tr-gl_957.jpg,glioma,0,train,2471
Training/glioma/Tr-gl_958.jpg,glioma,0,val,2472
Training/glioma/Tr-gl_959.jpg,glioma,0,train,2473
Training/glioma/Tr-gl_96.jpg,glioma,0,train,1299
Training/glioma/Tr-gl_960.jpg,glioma,0,train,1755
Training/glioma/Tr-gl_961.jpg,glioma,0,train,2474
Training/glioma/Tr-gl_962.jpg,glioma,0,train,2475
Training/glioma/Tr-gl_963.jpg,glioma,0,train,2476
Training/glioma/Tr-gl_964.jpg,glioma,0,train,2477
Training/glioma/Tr-gl_965.jpg,glioma,0,val,2478
Training/glioma/Tr-gl_966.jpg,glioma,0,test,2479
Training/glioma/Tr-gl_967.jpg,glioma,0,train,1931
Training/glioma/Tr-gl_968.jpg,glioma,0,train,2480
Training/glioma/Tr-gl_969.jpg,glioma,0,train,1961
Training/glioma/Tr-gl_97.jpg,glioma,0,train,2481
Training/glioma/Tr-gl_970.jpg,glioma,0,train,2482
Training/glioma/Tr-gl_971.jpg,glioma,0,test,2483
Training/glioma/Tr-gl_972.jpg,glioma,0,test,2484
Training/glioma/Tr-gl_973.jpg,glioma,0,train,2485
Training/glioma/Tr-gl_974.jpg,glioma,0,train,2486
Training/glioma/Tr-gl_975.jpg,glioma,0,train,160
Training/glioma/Tr-gl_976.jpg,glioma,0,val,2487
Training/glioma/Tr-gl_977.jpg,glioma,0,val,2488
Training/glioma/Tr-gl_978.jpg,glioma,0,test,2489
Training/glioma/Tr-gl_979.jpg,glioma,0,train,2490
Training/glioma/Tr-gl_98.jpg,glioma,0,val,2491
Training/glioma/Tr-gl_980.jpg,glioma,0,train,2492
Training/glioma/Tr-gl_981.jpg,glioma,0,val,2493
Training/glioma/Tr-gl_982.jpg,glioma,0,train,1570
Training/glioma/Tr-gl_983.jpg,glioma,0,train,2494
Training/glioma/Tr-gl_984.jpg,glioma,0,train,2495
Training/glioma/Tr-gl_985.jpg,glioma,0,train,2496
Training/glioma/Tr-gl_986.jpg,glioma,0,test,2497
Training/glioma/Tr-gl_987.jpg,glioma,0,train,2498
Training/glioma/Tr-gl_988.jpg,glioma,0,train,2499
Training/glioma/Tr-gl_989.jpg,glioma,0,train,2500
Training/glioma/Tr-gl_99.jpg,glioma,0,train,2501
Training/glioma/Tr-gl_990.jpg,glioma,0,train,2502
Training/glioma/Tr-gl_991.jpg,glioma,0,train,2503
Training/glioma/Tr-gl_992.jpg,glioma,0,train,2504
Training/glioma/Tr-gl_993.jpg,glioma,0,train,2505
Training/glioma/Tr-gl_994.jpg,glioma,0,train,2506
Training/glioma/Tr-gl_995.jpg,glioma,0,train,2507
Training/glioma/Tr-gl_996.jpg,glioma,0,train,2508
Training/glioma/Tr-gl_997.jpg,glioma,0,train,1321
Training/glioma/Tr-gl_998.jpg,glioma,0,train,2509
Training/glioma/Tr-gl_999.jpg,glioma,0,train,2510
Training/meningioma/Tr-me_1.jpg,meningioma,1,test,2511
Training/meningioma/Tr-me_10.jpg,meningioma,1,train,2512
Training/meningioma/Tr-me_100.jpg,meningioma,1,test,2513
Training/meningioma/Tr-me_1000.jpg,meningioma,1,val,2514
Training/meningioma/Tr-me_1001.jpg,meningioma,1,train,2515
Training/meningioma/Tr-me_1002.jpg,meningioma,1,train,2516
Training/meningioma/Tr-me_1003.jpg,meningioma,1,train,2517
Training/meningioma/Tr-me_1004.jpg,meningioma,1,val,2518
Training/meningioma/Tr-me_1005.jpg,meningioma,1,val,2519
Training/meningioma/Tr-me_1006.jpg,meningioma,1,train,2520
Training/meningioma/Tr-me_1007.jpg,meningioma,1,train,2521
Training/meningioma/Tr-me_1008.jpg,meningioma,1,train,2522
Training/meningioma/Tr-me_1009.jpg,meningioma,1,train,2523
Training/meningioma/Tr-me_101.jpg,meningioma,1,train,2524
Training/meningioma/Tr-me_1010.jpg,meningioma,1,test,2525
Training/meningioma/Tr-me_1011.jpg,meningioma,1,val,2526
Training/meningioma/Tr-me_1012.jpg,meningioma,1,train,2527
Training/meningioma/Tr-me_1013.jpg,meningioma,1,train,2528
Training/meningioma/Tr-me_1014.jpg,meningioma,1,train,2529
Training/meningioma/Tr-me_1015.jpg,meningioma,1,train,2530
Training/meningioma/Tr-me_1016.jpg,meningioma,1,train,2531
Training/meningioma/Tr-me_1017.jpg,meningioma,1,val,2532
Training/meningioma/Tr-me_1018.jpg,meningioma,1,train,2533
Training/meningioma/Tr-me_1019.jpg,meningioma,1,train,2534
Training/meningioma/Tr-me_102.jpg,meningioma,1,train,2535
Training/meningioma/Tr-me_1020.jpg,meningioma,1,val,2536
Training/meningioma/Tr-me_1021.jpg,meningioma,1,train,2537
Training/meningioma/Tr-me_1022.jpg,meningioma,1,val,2538
Training/meningioma/Tr-me_1023.jpg,meningioma,1,val,2539
Training/meningioma/Tr-me_1024.jpg,meningioma,1,test,2540
Training/meningioma/Tr-me_1025.jpg,meningioma,1,val,2541
Training/meningioma/Tr-me_1026.jpg,meningioma,1,train,2542
Training/meningioma/Tr-me_1027.jpg,meningioma,1,train,2543
Training/meningioma/Tr-me_1028.jpg,meningioma,1,test,2544
Training/meningioma/Tr-me_1029.jpg,meningioma,1,train,2545
Training/meningioma/Tr-me_103.jpg,meningioma,1,train,2546
Training/meningioma/Tr-me_1030.jpg,meningioma,1,test,2547
Training/meningioma/Tr-me_1031.jpg,meningioma,1,train,95
Training/meningioma/Tr-me_1032.jpg,meningioma,1,val,2548
Training/meningioma/Tr-me_1033.jpg,meningioma,1,train,2549
Training/meningioma/Tr-me_1034.jpg,meningioma,1,test,2550
Training/meningioma/Tr-me_1035.jpg,meningioma,1,test,2551
Training/meningioma/Tr-me_1036.jpg,meningioma,1,test,2552
Training/meningioma/Tr-me_1037.jpg,meningioma,1,train,2553
Training/meningioma/Tr-me_1038.jpg,meningioma,1,train,431
Training/meningioma/Tr-me_1039.jpg,meningioma,1,train,2554
Training/meningioma/Tr-me_104.jpg,meningioma,1,train,2555
Training/meningioma/Tr-me_1040.jpg,meningioma,1,train,2556
Training/meningioma/Tr-me_1041.jpg,meningioma,1,train,2557
Training/meningioma/Tr-me_1042.jpg,meningioma,1,train,2558
Training/meningioma/Tr-me_1043.jpg,meningioma,1,test,2559
Training/meningioma/Tr-me_1044.jpg,meningioma,1,train,437
Training/meningioma/Tr-me_1045.jpg,meningioma,1,train,2560
Training/meningioma/Tr-me_1046.jpg,meningioma,1,train,2561
Training/meningioma/Tr-me_1047.jpg,meningioma,1,val,2562
Training/meningioma/Tr-me_1048.jpg,meningioma,1,train,2563
Training/meningioma/Tr-me_1049.jpg,meningioma,1,train,2564
Training/meningioma/Tr-me_105.jpg,meningioma,1,test,2565
Training/meningioma/Tr-me_1050.jpg,meningioma,1,train,2566
Training/meningioma/Tr-me_1051.jpg,meningioma,1,train,2567
Training/meningioma/Tr-me_1052.jpg,meningioma,1,train,2568
Training/meningioma/Tr-me_1053.jpg,meningioma,1,test,2569
Training/meningioma/Tr-me_1054.jpg,meningioma,1,train,2570
Training/meningioma/Tr-me_1055.jpg,meningioma,1,train,2571
Training/meningioma/Tr-me_1056.jpg,meningioma,1,val,2572
Training/meningioma/Tr-me_1057.jpg,meningioma,1,train,554
Training/meningioma/Tr-me_1058.jpg,meningioma,1,train,2573
Training/meningioma/Tr-me_1059.jpg,meningioma,1,val,2574
Training/meningioma/Tr-me_106.jpg,meningioma,1,train,2575
Training/meningioma/Tr-me_1060.jpg,meningioma,1,test,2576
Training/meningioma/Tr-me_1061.jpg,meningioma,1,train,2577
Training/meningioma/Tr-me_1062.jpg,meningioma,1,train,2578
Training/meningioma/Tr-me_1063.jpg,meningioma,1,test,2579
Training/meningioma/Tr-me_1064.jpg,meningioma,1,train,2580
Training/meningioma/Tr-me_1065.jpg,meningioma,1,train,2581
Training/meningioma/Tr-me_1066.jpg,meningioma,1,train,2582
Training/meningioma/Tr-me_1067.jpg,meningioma,1,train,2583
Training/meningioma/Tr-me_1068.jpg,meningioma,1,train,2584
Training/meningioma/Tr-me_1069.jpg,meningioma,1,train,481
Training/meningioma/Tr-me_107.jpg,meningioma,1,train,2585
Training/meningioma/Tr-me_1070.jpg,meningioma,1,val,2586
Training/meningioma/Tr-me_1071.jpg,meningioma,1,val,2587
Training/meningioma/Tr-me_1072.jpg,meningioma,1,train,2588
Training/meningioma/Tr-me_1073.jpg,meningioma,1,train,2589
Training/meningioma/Tr-me_1074.jpg,meningioma,1,train,2590
Training/meningioma/Tr-me_1075.jpg,meningioma,1,train,2591
Training/meningioma/Tr-me_1076.jpg,meningioma,1,train,2592
Training/meningioma/Tr-me_1077.jpg,meningioma,1,val,2593
Training/meningioma/Tr-me_1078.jpg,meningioma,1,train,2594
Training/meningioma/Tr-me_1079.jpg,meningioma,1,test,2595
Training/meningioma/Tr-me_108.jpg,meningioma,1,train,2596
Training/meningioma/Tr-me_1080.jpg,meningioma,1,val,2597
Training/meningioma/Tr-me_1081.jpg,meningioma,1,train,2598
Training/meningioma/Tr-me_1082.jpg,meningioma,1,train,2599
Training/meningioma/Tr-me_1083.jpg,meningioma,1,train,601
Training/meningioma/Tr-me_1084.jpg,meningioma,1,val,2600
Training/meningioma/Tr-me_1085.jpg,meningioma,1,train,2601
Training/meningioma/Tr-me_1086.jpg,meningioma,1,train,2602
Training/meningioma/Tr-me_1087.jpg,meningioma,1,train,2603
Training/meningioma/Tr-me_1088.jpg,meningioma,1,train,2604
Training/meningioma/Tr-me_1089.jpg,meningioma,1,train,2605
Training/meningioma/Tr-me_109.jpg,meningioma,1,train,583
Training/meningioma/Tr-me_1090.jpg,meningioma,1,train,2606
Training/meningioma/Tr-me_1091.jpg,meningioma,1,train,647
Training/meningioma/Tr-me_1092.jpg,meningioma,1,train,2607
Training/meningioma/Tr-me_1093.jpg,meningioma,1,train,2608
Training/meningioma/Tr-me_1094.jpg,meningioma,1,train,2609
Training/meningioma/Tr-me_1095.jpg,meningioma,1,test,2610
Training/meningioma/Tr-me_1096.jpg,meningioma,1,train,2611
Training/meningioma/Tr-me_1097.jpg,meningioma,1,test,2612
Training/meningioma/Tr-me_1098.jpg,meningioma,1,train,2613
Training/meningioma/Tr-me_1099.jpg,meningioma,1,val,2614
Training/meningioma/Tr-me_11.jpg,meningioma,1,train,2615
Training/meningioma/Tr-me_110.jpg,meningioma,1,train,387
Training/meningioma/Tr-me_1100.jpg,meningioma,1,test,2616
Training/meningioma/Tr-me_1101.jpg,meningioma,1,train,2617
Training/meningioma/Tr-me_1102.jpg,meningioma,1,train,2618
Training/meningioma/Tr-me_1103.jpg,meningioma,1,val,2619
Training/meningioma/Tr-me_1104.jpg,meningioma,1,train,2620
Training/meningioma/Tr-me_1105.jpg,meningioma,1,train,2621
Training/meningioma/Tr-me_1106.jpg,meningioma,1,train,2622
Training/meningioma/Tr-me_1107.jpg,meningioma,1,train,2623
Training/meningioma/Tr-me_1108.jpg,meningioma,1,train,2624
Training/meningioma/Tr-me_1109.jpg,meningioma,1,train,2625
Training/meningioma/Tr-me_111.jpg,meningioma,1,train,2626
Training/meningioma/Tr-me_1110.jpg,meningioma,1,train,497
Training/meningioma/Tr-me_1111.jpg,meningioma,1,train,2627
Training/meningioma/Tr-me_1112.jpg,meningioma,1,train,445
Training/meningioma/Tr-me_1113.jpg,meningioma,1,test,2628
Training/meningioma/Tr-me_1114.jpg,meningioma,1,train,2629
Training/meningioma/Tr-me_1115.jpg,meningioma,1,train,2630
Training/meningioma/Tr-me_1116.jpg,meningioma,1,train,2631
Training/meningioma/Tr-me_1117.jpg,meningioma,1,test,2632
Training/meningioma/Tr-me_1118.jpg,meningioma,1,val,2633
Training/meningioma/Tr-me_1119.jpg,meningioma,1,val,2634
Training/meningioma/Tr-me_112.jpg,meningioma,1,train,2635
Training/meningioma/Tr-me_1120.jpg,meningioma,1,train,2636
Training/meningioma/Tr-me_1121.jpg,meningioma,1,train,637
Training/meningioma/Tr-me_1122.jpg,meningioma,1,train,68
Training/meningioma/Tr-me_1123.jpg,meningioma,1,train,2637
Training/meningioma/Tr-me_1124.jpg,meningioma,1,train,2638
Training/meningioma/Tr-me_1125.jpg,meningioma,1,train,2639
Training/meningioma/Tr-me_1126.jpg,meningioma,1,val,2640
Training/meningioma/Tr-me_1127.jpg,meningioma,1,train,556
Training/meningioma/Tr-me_1128.jpg,meningioma,1,test,2641
Training/meningioma/Tr-me_1129.jpg,meningioma,1,val,2642
Training/meningioma/Tr-me_113.jpg,meningioma,1,train,2643
Training/meningioma/Tr-me_1130.jpg,meningioma,1,test,2644
Training/meningioma/Tr-me_1131.jpg,meningioma,1,test,2645
Training/meningioma/Tr-me_1132.jpg,meningioma,1,train,2646
Training/meningioma/Tr-me_1133.jpg,meningioma,1,val,2647
Training/meningioma/Tr-me_1134.jpg,meningioma,1,train,2648
Training/meningioma/Tr-me_1135.jpg,meningioma,1,train,2649
Training/meningioma/Tr-me_1136.jpg,meningioma,1,train,2650
Training/meningioma/Tr-me_1137.jpg,meningioma,1,val,2651
Training/meningioma/Tr-me_1138.jpg,meningioma,1,test,2652
Training/meningioma/Tr-me_1139.jpg,meningioma,1,train,2653
Training/meningioma/Tr-me_114.jpg,meningioma,1,train,2654
Training/meningioma/Tr-me_1140.jpg,meningioma,1,test,2655
Training/meningioma/Tr-me_1141.jpg,meningioma,1,train,2656
Training/meningioma/Tr-me_1142.jpg,meningioma,1,val,2657
Training/meningioma/Tr-me_1143.jpg,meningioma,1,train,2658
Training/meningioma/Tr-me_1144.jpg,meningioma,1,train,2659
Training/meningioma/Tr-me_1145.jpg,meningioma,1,train,2660
Training/meningioma/Tr-me_1146.jpg,meningioma,1,train,524
Training/meningioma/Tr-me_1147.jpg,meningioma,1,train,2661
Training/meningioma/Tr-me_1148.jpg,meningioma,1,train,2662
Training/meningioma/Tr-me_1149.jpg,meningioma,1,train,2663
Training/meningioma/Tr-me_115.jpg,meningioma,1,train,2664
Training/meningioma/Tr-me_1150.jpg,meningioma,1,train,2665
Training/meningioma/Tr-me_1151.jpg,meningioma,1,test,2666
Training/meningioma/Tr-me_1152.jpg,meningioma,1,train,2667
Training/meningioma/Tr-me_1153.jpg,meningioma,1,train,2668
Training/meningioma/Tr-me_1154.jpg,meningioma,1,val,2669
Training/meningioma/Tr-me_1155.jpg,meningioma,1,test,2670
Training/meningioma/Tr-me_1156.jpg,meningioma,1,val,2671
Training/meningioma/Tr-me_1157.jpg,meningioma,1,test,2672
Training/meningioma/Tr-me_1158.jpg,meningioma,1,train,2673
Training/meningioma/Tr-me_1159.jpg,meningioma,1,train,2674
Training/meningioma/Tr-me_116.jpg,meningioma,1,test,2675
Training/meningioma/Tr-me_1160.jpg,meningioma,1,train,2676
Training/meningioma/Tr-me_1161.jpg,meningioma,1,train,2677
Training/meningioma/Tr-me_1162.jpg,meningioma,1,train,2678
Training/meningioma/Tr-me_1163.jpg,meningioma,1,train,558
Training/meningioma/Tr-me_1164.jpg,meningioma,1,train,2679
Training/meningioma/Tr-me_1165.jpg,meningioma,1,val,2680
Training/meningioma/Tr-me_1166.jpg,meningioma,1,train,584
Training/meningioma/Tr-me_1167.jpg,meningioma,1,test,2681
Training/meningioma/Tr-me_1168.jpg,meningioma,1,train,622
Training/meningioma/Tr-me_1169.jpg,meningioma,1,test,2682
Training/meningioma/Tr-me_117.jpg,meningioma,1,val,2683
Training/meningioma/Tr-me_1170.jpg,meningioma,1,train,2684
Training/meningioma/Tr-me_1171.jpg,meningioma,1,test,2685
Training/meningioma/Tr-me_1172.jpg,meningioma,1,train,2686
Training/meningioma/Tr-me_1173.jpg,meningioma,1,train,2687
Training/meningioma/Tr-me_1174.jpg,meningioma,1,train,2688
Training/meningioma/Tr-me_1175.jpg,meningioma,1,val,2689
Training/meningioma/Tr-me_1176.jpg,meningioma,1,train,2690
Training/meningioma/Tr-me_1177.jpg,meningioma,1,test,2691
Training/meningioma/Tr-me_1178.jpg,meningioma,1,val,2692
Training/meningioma/Tr-me_1179.jpg,meningioma,1,train,2693
Training/meningioma/Tr-me_118.jpg,meningioma,1,train,2694
Training/meningioma/Tr-me_1180.jpg,meningioma,1,train,2695
Training/meningioma/Tr-me_1181.jpg,meningioma,1,test,2696
Training/meningioma/Tr-me_1182.jpg,meningioma,1,val,2697
Training/meningioma/Tr-me_1183.jpg,meningioma,1,train,2698
Training/meningioma/Tr-me_1184.jpg,meningioma,1,train,2699
Training/meningioma/Tr-me_1185.jpg,meningioma,1,train,2575
Training/meningioma/Tr-me_1186.jpg,meningioma,1,test,2700
Training/meningioma/Tr-me_1187.jpg,meningioma,1,train,2701
Training/meningioma/Tr-me_1188.jpg,meningioma,1,train,2702
Training/meningioma/Tr-me_1189.jpg,meningioma,1,train,2703
Training/meningioma/Tr-me_119.jpg,meningioma,1,train,2704
Training/meningioma/Tr-me_1190.jpg,meningioma,1,train,2705
Training/meningioma/Tr-me_1191.jpg,meningioma,1,train,2706
Training/meningioma/Tr-me_1192.jpg,meningioma,1,test,2707
Training/meningioma/Tr-me_1193.jpg,meningioma,1,test,2708
Training/meningioma/Tr-me_1194.jpg,meningioma,1,train,438
Training/meningioma/Tr-me_1195.jpg,meningioma,1,train,2709
Training/meningioma/Tr-me_1196.jpg,meningioma,1,train,2710
Training/meningioma/Tr-me_1197.jpg,meningioma,1,test,2711
Training/meningioma/Tr-me_1198.jpg,meningioma,1,train,617
Training/meningioma/Tr-me_1199.jpg,meningioma,1,test,2712
Training/meningioma/Tr-me_12.jpg,meningioma,1,train,2713
Training/meningioma/Tr-me_120.jpg,meningioma,1,train,2516
Training/meningioma/Tr-me_1200.jpg,meningioma,1,train,2714
Training/meningioma/Tr-me_1201.jpg,meningioma,1,val,2715
Training/meningioma/Tr-me_1202.jpg,meningioma,1,train,2716
Training/meningioma/Tr-me_1203.jpg,meningioma,1,test,2717
Training/meningioma/Tr-me_1204.jpg,meningioma,1,train,2718
Training/meningioma/Tr-me_1205.jpg,meningioma,1,train,2719
Training/meningioma/Tr-me_1206.jpg,meningioma,1,val,2720
Training/meningioma/Tr-me_1207.jpg,meningioma,1,test,2721
Training/meningioma/Tr-me_1208.jpg,meningioma,1,train,2722
Training/meningioma/Tr-me_1209.jpg,meningioma,1,train,2723
Training/meningioma/Tr-me_121.jpg,meningioma,1,train,2724
Training/meningioma/Tr-me_1210.jpg,meningioma,1,train,2725
Training/meningioma/Tr-me_1211.jpg,meningioma,1,train,2726
Training/meningioma/Tr-me_1212.jpg,meningioma,1,train,2727
Training/meningioma/Tr-me_1213.jpg,meningioma,1,train,2728
Training/meningioma/Tr-me_1214.jpg,meningioma,1,train,2729
Training/meningioma/Tr-me_1215.jpg,meningioma,1,test,2730
Training/meningioma/Tr-me_1216.jpg,meningioma,1,train,2731
Training/meningioma/Tr-me_1217.jpg,meningioma,1,train,2732
Training/meningioma/Tr-me_1218.jpg,meningioma,1,train,2733
Training/meningioma/Tr-me_1219.jpg,meningioma,1,train,2734
Training/meningioma/Tr-me_122.jpg,meningioma,1,train,2735
Training/meningioma/Tr-me_1220.jpg,meningioma,1,train,2736
Training/meningioma/Tr-me_1221.jpg,meningioma,1,train,2737
Training/meningioma/Tr-me_1222.jpg,meningioma,1,test,2738
Training/meningioma/Tr-me_1223.jpg,meningioma,1,train,2739
Training/meningioma/Tr-me_1224.jpg,meningioma,1,train,2740
Training/meningioma/Tr-me_1225.jpg,meningioma,1,train,482
Training/meningioma/Tr-me_1226.jpg,meningioma,1,train,2741
Training/meningioma/Tr-me_1227.jpg,meningioma,1,train,2742
Training/meningioma/Tr-me_1228.jpg,meningioma,1,train,2743
Training/meningioma/Tr-me_1229.jpg,meningioma,1,test,2744
Training/meningioma/Tr-me_123.jpg,meningioma,1,train,2745
Training/meningioma/Tr-me_1230.jpg,meningioma,1,train,2746
Training/meningioma/Tr-me_1231.jpg,meningioma,1,train,2747
Training/meningioma/Tr-me_1232.jpg,meningioma,1,train,2748
Training/meningioma/Tr-me_1233.jpg,meningioma,1,train,2749
Training/meningioma/Tr-me_1234.jpg,meningioma,1,train,2750
Training/meningioma/Tr-me_1235.jpg,meningioma,1,train,2751
Training/meningioma/Tr-me_1236.jpg,meningioma,1,train,2752
Training/meningioma/Tr-me_1237.jpg,meningioma,1,train,2753
Training/meningioma/Tr-me_1238.jpg,meningioma,1,train,2754
Training/meningioma/Tr-me_1239.jpg,meningioma,1,test,2755
Training/meningioma/Tr-me_124.jpg,meningioma,1,train,2756
Training/meningioma/Tr-me_1240.jpg,meningioma,1,val,2757
Training/meningioma/Tr-me_1241.jpg,meningioma,1,train,2758
Training/meningioma/Tr-me_1242.jpg,meningioma,1,train,2588
Training/meningioma/Tr-me_1243.jpg,meningioma,1,test,2759
Training/meningioma/Tr-me_1244.jpg,meningioma,1,val,2760
Training/meningioma/Tr-me_1245.jpg,meningioma,1,train,2498
Training/meningioma/Tr-me_1246.jpg,meningioma,1,train,2761
Training/meningioma/Tr-me_1247.jpg,meningioma,1,train,2762
Training/meningioma/Tr-me_1248.jpg,meningioma,1,train,2763
Training/meningioma/Tr-me_1249.jpg,meningioma,1,train,549
Training/meningioma/Tr-me_125.jpg,meningioma,1,val,2764
Training/meningioma/Tr-me_1250.jpg,meningioma,1,train,2765
Training/meningioma/Tr-me_1251.jpg,meningioma,1,train,2766
Training/meningioma/Tr-me_1252.jpg,meningioma,1,val,2767
Training/meningioma/Tr-me_1253.jpg,meningioma,1,train,2768
Training/meningioma/Tr-me_1254.jpg,meningioma,1,test,2769
Training/meningioma/Tr-me_1255.jpg,meningioma,1,val,2770
Training/meningioma/Tr-me_1256.jpg,meningioma,1,test,2771
Training/meningioma/Tr-me_1257.jpg,meningioma,1,train,2772
Training/meningioma/Tr-me_1258.jpg,meningioma,1,test,2773
Training/meningioma/Tr-me_1259.jpg,meningioma,1,train,2774
Training/meningioma/Tr-me_126.jpg,meningioma,1,train,548
Training/meningioma/Tr-me_1260.jpg,meningioma,1,train,2775
Training/meningioma/Tr-me_1261.jpg,meningioma,1,train,2776
Training/meningioma/Tr-me_1262.jpg,meningioma,1,train,490
Training/meningioma/Tr-me_1263.jpg,meningioma,1,test,2777
Training/meningioma/Tr-me_1264.jpg,meningioma,1,test,2778
Training/meningioma/Tr-me_1265.jpg,meningioma,1,val,2779
Training/meningioma/Tr-me_1266.jpg,meningioma,1,test,2780
Training/meningioma/Tr-me_1267.jpg,meningioma,1,train,2781
Training/meningioma/Tr-me_1268.jpg,meningioma,1,train,2782
Training/meningioma/Tr-me_1269.jpg,meningioma,1,train,2783
Training/meningioma/Tr-me_127.jpg,meningioma,1,val,2784
Training/meningioma/Tr-me_1270.jpg,meningioma,1,train,2785
Training/meningioma/Tr-me_1271.jpg,meningioma,1,train,2786
Training/meningioma/Tr-me_1272.jpg,meningioma,1,train,2787
Training/meningioma/Tr-me_1273.jpg,meningioma,1,train,2788
Training/meningioma/Tr-me_1274.jpg,meningioma,1,train,2789
Training/meningioma/Tr-me_1275.jpg,meningioma,1,train,594
Training/meningioma/Tr-me_1276.jpg,meningioma,1,val,2790
Training/meningioma/Tr-me_1277.jpg,meningioma,1,train,2791
Training/meningioma/Tr-me_1278.jpg,meningioma,1,train,2792
Training/meningioma/Tr-me_1279.jpg,meningioma,1,train,2793
Training/meningioma/Tr-me_128.jpg,meningioma,1,test,2794
Training/meningioma/Tr-me_1280.jpg,meningioma,1,val,2795
Training/meningioma/Tr-me_1281.jpg,meningioma,1,train,2796
Training/meningioma/Tr-me_1282.jpg,meningioma,1,train,402
Training/meningioma/Tr-me_1283.jpg,meningioma,1,val,2797
Training/meningioma/Tr-me_1284.jpg,meningioma,1,val,2798
Training/meningioma/Tr-me_1285.jpg,meningioma,1,train,2799
Training/meningioma/Tr-me_1286.jpg,meningioma,1,train,592
Training/meningioma/Tr-me_1287.jpg,meningioma,1,train,2800
Training/meningioma/Tr-me_1288.jpg,meningioma,1,train,2801
Training/meningioma/Tr-me_1289.jpg,meningioma,1,train,569
Training/meningioma/Tr-me_129.jpg,meningioma,1,train,2802
Training/meningioma/Tr-me_1290.jpg,meningioma,1,train,590
Training/meningioma/Tr-me_1291.jpg,meningioma,1,test,2803
Training/meningioma/Tr-me_1292.jpg,meningioma,1,train,2804
Training/meningioma/Tr-me_1293.jpg,meningioma,1,train,2805
Training/meningioma/Tr-me_1294.jpg,meningioma,1,train,2806
Training/meningioma/Tr-me_1295.jpg,meningioma,1,val,2807
Training/meningioma/Tr-me_1296.jpg,meningioma,1,train,2808
Training/meningioma/Tr-me_1297.jpg,meningioma,1,val,2809
Training/meningioma/Tr-me_1298.jpg,meningioma,1,val,2810
Training/meningioma/Tr-me_1299.jpg,meningioma,1,train,2811
Training/meningioma/Tr-me_13.jpg,meningioma,1,train,2812
Training/meningioma/Tr-me_130.jpg,meningioma,1,val,2813
Training/meningioma/Tr-me_1300.jpg,meningioma,1,test,2814
Training/meningioma/Tr-me_131.jpg,meningioma,1,train,645
Training/meningioma/Tr-me_132.jpg,meningioma,1,test,2815
Training/meningioma/Tr-me_133.jpg,meningioma,1,val,2816
Training/meningioma/Tr-me_134.jpg,meningioma,1,train,2817
Training/meningioma/Tr-me_135.jpg,meningioma,1,train,2818
Training/meningioma/Tr-me_136.jpg,meningioma,1,train,2819
Training/meningioma/Tr-me_137.jpg,meningioma,1,train,2820
Training/meningioma/Tr-me_138.jpg,meningioma,1,train,2821
Training/meningioma/Tr-me_139.jpg,meningioma,1,train,2822
Training/meningioma/Tr-me_14.jpg,meningioma,1,train,2823
Training/meningioma/Tr-me_140.jpg,meningioma,1,train,2824
Training/meningioma/Tr-me_141.jpg,meningioma,1,val,2825
Training/meningioma/Tr-me_142.jpg,meningioma,1,val,2826
Training/meningioma/Tr-me_143.jpg,meningioma,1,train,2827
Training/meningioma/Tr-me_144.jpg,meningioma,1,train,2828
Training/meningioma/Tr-me_145.jpg,meningioma,1,train,580
Training/meningioma/Tr-me_146.jpg,meningioma,1,test,2829
Training/meningioma/Tr-me_147.jpg,meningioma,1,test,2830
Training/meningioma/Tr-me_148.jpg,meningioma,1,train,2831
Training/meningioma/Tr-me_149.jpg,meningioma,1,train,2832
Training/meningioma/Tr-me_15.jpg,meningioma,1,test,2833
Training/meningioma/Tr-me_150.jpg,meningioma,1,train,2834
Training/meningioma/Tr-me_151.jpg,meningioma,1,val,2835
Training/meningioma/Tr-me_152.jpg,meningioma,1,train,2836
Training/meningioma/Tr-me_153.jpg,meningioma,1,train,2837
Training/meningioma/Tr-me_154.jpg,meningioma,1,train,603
Training/meningioma/Tr-me_155.jpg,meningioma,1,val,2838
Training/meningioma/Tr-me_156.jpg,meningioma,1,train,2839
Training/meningioma/Tr-me_157.jpg,meningioma,1,val,2840
Training/meningioma/Tr-me_158.jpg,meningioma,1,train,515
Training/meningioma/Tr-me_159.jpg,meningioma,1,test,2841
Training/meningioma/Tr-me_16.jpg,meningioma,1,val,2842
Training/meningioma/Tr-me_160.jpg,meningioma,1,train,2843
Training/meningioma/Tr-me_161.jpg,meningioma,1,train,2844
Training/meningioma/Tr-me_162.jpg,meningioma,1,train,2845
Training/meningioma/Tr-me_163.jpg,meningioma,1,train,2846
Training/meningioma/Tr-me_164.jpg,meningioma,1,train,2847
Training/meningioma/Tr-me_165.jpg,meningioma,1,train,2848
Training/meningioma/Tr-me_166.jpg,meningioma,1,test,2849
Training/meningioma/Tr-me_167.jpg,meningioma,1,train,493
Training/meningioma/Tr-me_168.jpg,meningioma,1,train,514
Training/meningioma/Tr-me_169.jpg,meningioma,1,train,2850
Training/meningioma/Tr-me_17.jpg,meningioma,1,train,2851
Training/meningioma/Tr-me_170.jpg,meningioma,1,val,2852
Training/meningioma/Tr-me_171.jpg,meningioma,1,val,2853
Training/meningioma/Tr-me_172.jpg,meningioma,1,train,2854
Training/meningioma/Tr-me_173.jpg,meningioma,1,test,2855
Training/meningioma/Tr-me_174.jpg,meningioma,1,val,2856
Training/meningioma/Tr-me_175.jpg,meningioma,1,train,2857
Training/meningioma/Tr-me_176.jpg,meningioma,1,val,2858
Training/meningioma/Tr-me_177.jpg,meningioma,1,test,2859
Training/meningioma/Tr-me_178.jpg,meningioma,1,train,2860
Training/meningioma/Tr-me_179.jpg,meningioma,1,train,2861
Training/meningioma/Tr-me_18.jpg,meningioma,1,train,2862
Training/meningioma/Tr-me_180.jpg,meningioma,1,train,2863
Training/meningioma/Tr-me_181.jpg,meningioma,1,val,2864
Training/meningioma/Tr-me_182.jpg,meningioma,1,test,2865
Training/meningioma/Tr-me_183.jpg,meningioma,1,train,2866
Training/meningioma/Tr-me_184.jpg,meningioma,1,train,2867
Training/meningioma/Tr-me_185.jpg,meningioma,1,train,2868
Training/meningioma/Tr-me_186.jpg,meningioma,1,train,2869
Training/meningioma/Tr-me_187.jpg,meningioma,1,val,2870
Training/meningioma/Tr-me_188.jpg,meningioma,1,train,2871
Training/meningioma/Tr-me_189.jpg,meningioma,1,train,2872
Training/meningioma/Tr-me_19.jpg,meningioma,1,train,465
Training/meningioma/Tr-me_190.jpg,meningioma,1,train,2873
Training/meningioma/Tr-me_191.jpg,meningioma,1,val,2874
Training/meningioma/Tr-me_192.jpg,meningioma,1,train,2875
Training/meningioma/Tr-me_193.jpg,meningioma,1,train,2876
Training/meningioma/Tr-me_194.jpg,meningioma,1,test,2877
Training/meningioma/Tr-me_195.jpg,meningioma,1,train,2878
Training/meningioma/Tr-me_196.jpg,meningioma,1,train,2879
Training/meningioma/Tr-me_197.jpg,meningioma,1,test,2880
Training/meningioma/Tr-me_198.jpg,meningioma,1,train,2881
Training/meningioma/Tr-me_199.jpg,meningioma,1,test,2882
Training/meningioma/Tr-me_2.jpg,meningioma,1,test,2883
Training/meningioma/Tr-me_20.jpg,meningioma,1,test,2884
Training/meningioma/Tr-me_200.jpg,meningioma,1,train,605
Training/meningioma/Tr-me_201.jpg,meningioma,1,test,2885
Training/meningioma/Tr-me_202.jpg,meningioma,1,train,2886
Training/meningioma/Tr-me_203.jpg,meningioma,1,train,2887
Training/meningioma/Tr-me_204.jpg,meningioma,1,test,2888
Training/meningioma/Tr-me_205.jpg,meningioma,1,train,380
Training/meningioma/Tr-me_206.jpg,meningioma,1,test,2889
Training/meningioma/Tr-me_207.jpg,meningioma,1,val,2890
Training/meningioma/Tr-me_208.jpg,meningioma,1,test,2891
Training/meningioma/Tr-me_209.jpg,meningioma,1,train,2892
Training/meningioma/Tr-me_21.jpg,meningioma,1,train,2893
Training/meningioma/Tr-me_210.jpg,meningioma,1,train,552
Training/meningioma/Tr-me_211.jpg,meningioma,1,val,2894
Training/meningioma/Tr-me_212.jpg,meningioma,1,test,2895
Training/meningioma/Tr-me_213.jpg,meningioma,1,val,2896
Training/meningioma/Tr-me_214.jpg,meningioma,1,val,2897
Training/meningioma/Tr-me_215.jpg,meningioma,1,train,2898
Training/meningioma/Tr-me_216.jpg,meningioma,1,train,2899
Training/meningioma/Tr-me_217.jpg,meningioma,1,test,2900
Training/meningioma/Tr-me_218.jpg,meningioma,1,train,2512
Training/meningioma/Tr-me_219.jpg,meningioma,1,train,2609
Training/meningioma/Tr-me_22.jpg,meningioma,1,train,2901
Training/meningioma/Tr-me_220.jpg,meningioma,1,train,2902
Training/meningioma/Tr-me_221.jpg,meningioma,1,val,2903
Training/meningioma/Tr-me_222.jpg,meningioma,1,train,2904
Training/meningioma/Tr-me_223.jpg,meningioma,1,train,2905
Training/meningioma/Tr-me_224.jpg,meningioma,1,train,2906
Training/meningioma/Tr-me_225.jpg,meningioma,1,train,2907
Training/meningioma/Tr-me_226.jpg,meningioma,1,train,2908
Training/meningioma/Tr-me_227.jpg,meningioma,1,val,2909
Training/meningioma/Tr-me_228.jpg,meningioma,1,test,2910
Training/meningioma/Tr-me_229.jpg,meningioma,1,train,2911
Training/meningioma/Tr-me_23.jpg,meningioma,1,test,2912
Training/meningioma/Tr-me_230.jpg,meningioma,1,train,2913
Training/meningioma/Tr-me_231.jpg,meningioma,1,test,2914
Training/meningioma/Tr-me_232.jpg,meningioma,1,train,2915
Training/meningioma/Tr-me_233.jpg,meningioma,1,train,2916
Training/meningioma/Tr-me_234.jpg,meningioma,1,train,2783
Training/meningioma/Tr-me_235.jpg,meningioma,1,val,2917
Training/meningioma/Tr-me_236.jpg,meningioma,1,test,2918
Training/meningioma/Tr-me_237.jpg,meningioma,1,train,2919
Training/meningioma/Tr-me_238.jpg,meningioma,1,train,437
Training/meningioma/Tr-me_239.jpg,meningioma,1,train,447
Training/meningioma/Tr-me_24.jpg,meningioma,1,train,2920
Training/meningioma/Tr-me_240.jpg,meningioma,1,train,2921
Training/meningioma/Tr-me_241.jpg,meningioma,1,test,2922
Training/meningioma/Tr-me_242.jpg,meningioma,1,train,2923
Training/meningioma/Tr-me_243.jpg,meningioma,1,train,2924
Training/meningioma/Tr-me_244.jpg,meningioma,1,train,2925
Training/meningioma/Tr-me_245.jpg,meningioma,1,train,2926
Training/meningioma/Tr-me_246.jpg,meningioma,1,val,2927
Training/meningioma/Tr-me_247.jpg,meningioma,1,train,2928
Training/meningioma/Tr-me_248.jpg,meningioma,1,train,2929
Training/meningioma/Tr-me_249.jpg,meningioma,1,train,408
Training/meningioma/Tr-me_25.jpg,meningioma,1,test,2930
Training/meningioma/Tr-me_250.jpg,meningioma,1,val,2931
Training/meningioma/Tr-me_251.jpg,meningioma,1,train,2932
Training/meningioma/Tr-me_252.jpg,meningioma,1,train,2933
Training/meningioma/Tr-me_253.jpg,meningioma,1,val,2934
Training/meningioma/Tr-me_254.jpg,meningioma,1,train,2935
Training/meningioma/Tr-me_255.jpg,meningioma,1,train,2936
Training/meningioma/Tr-me_256.jpg,meningioma,1,train,2937
Training/meningioma/Tr-me_257.jpg,meningioma,1,train,514
Training/meningioma/Tr-me_258.jpg,meningioma,1,train,2938
Training/meningioma/Tr-me_259.jpg,meningioma,1,train,2939
Training/meningioma/Tr-me_26.jpg,meningioma,1,train,2940
Training/meningioma/Tr-me_260.jpg,meningioma,1,train,578
Training/meningioma/Tr-me_261.jpg,meningioma,1,val,2941
Training/meningioma/Tr-me_262.jpg,meningioma,1,train,2736
Training/meningioma/Tr-me_263.jpg,meningioma,1,train,2942
Training/meningioma/Tr-me_264.jpg,meningioma,1,val,2943
Training/meningioma/Tr-me_265.jpg,meningioma,1,train,2944
Training/meningioma/Tr-me_266.jpg,meningioma,1,train,2945
Training/meningioma/Tr-me_267.jpg,meningioma,1,train,2946
Training/meningioma/Tr-me_268.jpg,meningioma,1,test,2947
Training/meningioma/Tr-me_269.jpg,meningioma,1,train,2948
Training/meningioma/Tr-me_27.jpg,meningioma,1,val,2949
Training/meningioma/Tr-me_270.jpg,meningioma,1,val,2950
Training/meningioma/Tr-me_271.jpg,meningioma,1,train,2951
Training/meningioma/Tr-me_272.jpg,meningioma,1,train,2952
Training/meningioma/Tr-me_273.jpg,meningioma,1,val,2953
Training/meningioma/Tr-me_274.jpg,meningioma,1,train,2954
Training/meningioma/Tr-me_275.jpg,meningioma,1,train,2955
Training/meningioma/Tr-me_276.jpg,meningioma,1,val,2956
Training/meningioma/Tr-me_277.jpg,meningioma,1,train,2957
Training/meningioma/Tr-me_278.jpg,meningioma,1,test,2958
Training/meningioma/Tr-me_279.jpg,meningioma,1,train,2959
Training/meningioma/Tr-me_28.jpg,meningioma,1,train,2960
Training/meningioma/Tr-me_280.jpg,meningioma,1,test,2961
Training/meningioma/Tr-me_281.jpg,meningioma,1,train,2962
Training/meningioma/Tr-me_282.jpg,meningioma,1,train,2963
Training/meningioma/Tr-me_283.jpg,meningioma,1,test,2964
Training/meningioma/Tr-me_284.jpg,meningioma,1,train,2965
Training/meningioma/Tr-me_285.jpg,meningioma,1,train,2966
Training/meningioma/Tr-me_286.jpg,meningioma,1,train,2967
Training/meningioma/Tr-me_287.jpg,meningioma,1,train,2968
Training/meningioma/Tr-me_288.jpg,meningioma,1,train,2637
Training/meningioma/Tr-me_289.jpg,meningioma,1,train,2969
Training/meningioma/Tr-me_29.jpg,meningioma,1,train,2970
Training/meningioma/Tr-me_290.jpg,meningioma,1,train,2971
Training/meningioma/Tr-me_291.jpg,meningioma,1,train,2972
Training/meningioma/Tr-me_292.jpg,meningioma,1,test,2973
Training/meningioma/Tr-me_293.jpg,meningioma,1,train,2974
Training/meningioma/Tr-me_294.jpg,meningioma,1,test,2975
Training/meningioma/Tr-me_295.jpg,meningioma,1,train,2976
Training/meningioma/Tr-me_296.jpg,meningioma,1,train,2977
Training/meningioma/Tr-me_297.jpg,meningioma,1,train,2978
Training/meningioma/Tr-me_298.jpg,meningioma,1,train,2979
Training/meningioma/Tr-me_299.jpg,meningioma,1,test,2980
Training/meningioma/Tr-me_3.jpg,meningioma,1,train,477
Training/meningioma/Tr-me_30.jpg,meningioma,1,train,2981
Training/meningioma/Tr-me_300.jpg,meningioma,1,test,2982
Training/meningioma/Tr-me_301.jpg,meningioma,1,train,2466
Training/meningioma/Tr-me_302.jpg,meningioma,1,train,2983
Training/meningioma/Tr-me_303.jpg,meningioma,1,train,2984
Training/meningioma/Tr-me_304.jpg,meningioma,1,train,2985
Training/meningioma/Tr-me_305.jpg,meningioma,1,train,2986
Training/meningioma/Tr-me_306.jpg,meningioma,1,val,2987
Training/meningioma/Tr-me_307.jpg,meningioma,1,train,2988
Training/meningioma/Tr-me_308.jpg,meningioma,1,train,2989
Training/meningioma/Tr-me_309.jpg,meningioma,1,train,2990
Training/meningioma/Tr-me_31.jpg,meningioma,1,train,2991
Training/meningioma/Tr-me_310.jpg,meningioma,1,train,2992
Training/meningioma/Tr-me_311.jpg,meningioma,1,train,2993
Training/meningioma/Tr-me_312.jpg,meningioma,1,val,2994
Training/meningioma/Tr-me_313.jpg,meningioma,1,train,2995
Training/meningioma/Tr-me_314.jpg,meningioma,1,train,2996
Training/meningioma/Tr-me_315.jpg,meningioma,1,test,2997
Training/meningioma/Tr-me_316.jpg,meningioma,1,train,2998
Training/meningioma/Tr-me_317.jpg,meningioma,1,train,2999
Training/meningioma/Tr-me_318.jpg,meningioma,1,test,3000
Training/meningioma/Tr-me_319.jpg,meningioma,1,train,3001
Training/meningioma/Tr-me_32.jpg,meningioma,1,val,3002
Training/meningioma/Tr-me_320.jpg,meningioma,1,train,3003
Training/meningioma/Tr-me_321.jpg,meningioma,1,test,3004
Training/meningioma/Tr-me_322.jpg,meningioma,1,train,3005
Training/meningioma/Tr-me_323.jpg,meningioma,1,train,3006
Training/meningioma/Tr-me_324.jpg,meningioma,1,train,3007
Training/meningioma/Tr-me_325.jpg,meningioma,1,test,3008
Training/meningioma/Tr-me_326.jpg,meningioma,1,train,3009
Training/meningioma/Tr-me_327.jpg,meningioma,1,test,3010
Training/meningioma/Tr-me_328.jpg,meningioma,1,train,3011
Training/meningioma/Tr-me_329.jpg,meningioma,1,train,3012
Training/meningioma/Tr-me_33.jpg,meningioma,1,train,3013
Training/meningioma/Tr-me_330.jpg,meningioma,1,train,499
Training/meningioma/Tr-me_331.jpg,meningioma,1,train,460
Training/meningioma/Tr-me_332.jpg,meningioma,1,train,3014
Training/meningioma/Tr-me_333.jpg,meningioma,1,train,3015
Training/meningioma/Tr-me_334.jpg,meningioma,1,val,3016
Training/meningioma/Tr-me_335.jpg,meningioma,1,val,3017
Training/meningioma/Tr-me_336.jpg,meningioma,1,train,3018
Training/meningioma/Tr-me_337.jpg,meningioma,1,train,3019
Training/meningioma/Tr-me_338.jpg,meningioma,1,val,3020
Training/meningioma/Tr-me_339.jpg,meningioma,1,train,392
Training/meningioma/Tr-me_34.jpg,meningioma,1,train,3021
Training/meningioma/Tr-me_340.jpg,meningioma,1,train,3022
Training/meningioma/Tr-me_341.jpg,meningioma,1,train,3023
Training/meningioma/Tr-me_342.jpg,meningioma,1,train,3024
Training/meningioma/Tr-me_343.jpg,meningioma,1,test,3025
Training/meningioma/Tr-me_344.jpg,meningioma,1,train,3026
Training/meningioma/Tr-me_345.jpg,meningioma,1,train,3027
Training/meningioma/Tr-me_346.jpg,meningioma,1,train,3028
Training/meningioma/Tr-me_347.jpg,meningioma,1,val,3029
Training/meningioma/Tr-me_348.jpg,meningioma,1,train,3030
Training/meningioma/Tr-me_349.jpg,meningioma,1,test,3031
Training/meningioma/Tr-me_35.jpg,meningioma,1,test,3032
Training/meningioma/Tr-me_350.jpg,meningioma,1,test,3033
Training/meningioma/Tr-me_351.jpg,meningioma,1,train,3034
Training/meningioma/Tr-me_352.jpg,meningioma,1,train,3035
Training/meningioma/Tr-me_353.jpg,meningioma,1,train,3036
Training/meningioma/Tr-me_354.jpg,meningioma,1,train,3037
Training/meningioma/Tr-me_355.jpg,meningioma,1,val,3038
Training/meningioma/Tr-me_356.jpg,meningioma,1,val,3039
Training/meningioma/Tr-me_357.jpg,meningioma,1,train,3040
Training/meningioma/Tr-me_358.jpg,meningioma,1,train,3041
Training/meningioma/Tr-me_359.jpg,meningioma,1,train,3042
Training/meningioma/Tr-me_36.jpg,meningioma,1,train,373
Training/meningioma/Tr-me_360.jpg,meningioma,1,val,3043
Training/meningioma/Tr-me_361.jpg,meningioma,1,train,2766
Training/meningioma/Tr-me_362.jpg,meningioma,1,train,3044
Training/meningioma/Tr-me_363.jpg,meningioma,1,train,3045
Training/meningioma/Tr-me_364.jpg,meningioma,1,train,3046
Training/meningioma/Tr-me_365.jpg,meningioma,1,train,3047
Training/meningioma/Tr-me_366.jpg,meningioma,1,train,3048
Training/meningioma/Tr-me_367.jpg,meningioma,1,train,3049
Training/meningioma/Tr-me_368.jpg,meningioma,1,train,3050
Training/meningioma/Tr-me_369.jpg,meningioma,1,test,3051
Training/meningioma/Tr-me_37.jpg,meningioma,1,train,3052
Training/meningioma/Tr-me_370.jpg,meningioma,1,train,3053
Training/meningioma/Tr-me_371.jpg,meningioma,1,train,3054
Training/meningioma/Tr-me_372.jpg,meningioma,1,train,3055
Training/meningioma/Tr-me_373.jpg,meningioma,1,train,482
Training/meningioma/Tr-me_374.jpg,meningioma,1,val,3056
Training/meningioma/Tr-me_375.jpg,meningioma,1,train,3057
Training/meningioma/Tr-me_376.jpg,meningioma,1,val,3058
Training/meningioma/Tr-me_377.jpg,meningioma,1,test,3059
Training/meningioma/Tr-me_378.jpg,meningioma,1,train,3060
Training/meningioma/Tr-me_379.jpg,meningioma,1,train,3061
Training/meningioma/Tr-me_38.jpg,meningioma,1,test,3062
Training/meningioma/Tr-me_380.jpg,meningioma,1,train,3063
Training/meningioma/Tr-me_381.jpg,meningioma,1,train,3064
Training/meningioma/Tr-me_382.jpg,meningioma,1,train,3065
Training/meningioma/Tr-me_383.jpg,meningioma,1,train,3066
Training/meningioma/Tr-me_384.jpg,meningioma,1,train,3067
Training/meningioma/Tr-me_385.jpg,meningioma,1,train,3068
Training/meningioma/Tr-me_386.jpg,meningioma,1,train,3069
Training/meningioma/Tr-me_387.jpg,meningioma,1,val,3070
Training/meningioma/Tr-me_388.jpg,meningioma,1,val,3071
Training/meningioma/Tr-me_389.jpg,meningioma,1,test,3072
Training/meningioma/Tr-me_39.jpg,meningioma,1,train,3073
Training/meningioma/Tr-me_390.jpg,meningioma,1,train,3074
Training/meningioma/Tr-me_391.jpg,meningioma,1,test,3075
Training/meningioma/Tr-me_392.jpg,meningioma,1,train,3076
Training/meningioma/Tr-me_393.jpg,meningioma,1,train,576
Training/meningioma/Tr-me_394.jpg,meningioma,1,test,3077
Training/meningioma/Tr-me_395.jpg,meningioma,1,train,3078
Training/meningioma/Tr-me_396.jpg,meningioma,1,train,3079
Training/meningioma/Tr-me_397.jpg,meningioma,1,train,3080
Training/meningioma/Tr-me_398.jpg,meningioma,1,train,349
Training/meningioma/Tr-me_399.jpg,meningioma,1,train,3081
Training/meningioma/Tr-me_4.jpg,meningioma,1,test,3082
Training/meningioma/Tr-me_40.jpg,meningioma,1,train,3083
Training/meningioma/Tr-me_400.jpg,meningioma,1,train,3084
Training/meningioma/Tr-me_401.jpg,meningioma,1,train,3085
Training/meningioma/Tr-me_402.jpg,meningioma,1,train,3086
Training/meningioma/Tr-me_403.jpg,meningioma,1,val,3087
Training/meningioma/Tr-me_404.jpg,meningioma,1,train,376
Training/meningioma/Tr-me_405.jpg,meningioma,1,train,3088
Training/meningioma/Tr-me_406.jpg,meningioma,1,train,3089
Training/meningioma/Tr-me_407.jpg,meningioma,1,train,3090
Training/meningioma/Tr-me_408.jpg,meningioma,1,train,3091
Training/meningioma/Tr-me_409.jpg,meningioma,1,train,3092
Training/meningioma/Tr-me_41.jpg,meningioma,1,val,3093
Training/meningioma/Tr-me_410.jpg,meningioma,1,test,3094
Training/meningioma/Tr-me_411.jpg,meningioma,1,train,3095
Training/meningioma/Tr-me_412.jpg,meningioma,1,train,3096
Training/meningioma/Tr-me_413.jpg,meningioma,1,test,3097
Training/meningioma/Tr-me_414.jpg,meningioma,1,train,3098
Training/meningioma/Tr-me_415.jpg,meningioma,1,train,3099
Training/meningioma/Tr-me_416.jpg,meningioma,1,train,3100
Training/meningioma/Tr-me_417.jpg,meningioma,1,train,3101
Training/meningioma/Tr-me_418.jpg,meningioma,1,train,3102
Training/meningioma/Tr-me_419.jpg,meningioma,1,train,3103
Training/meningioma/Tr-me_42.jpg,meningioma,1,train,3104
Training/meningioma/Tr-me_420.jpg,meningioma,1,train,2758
Training/meningioma/Tr-me_421.jpg,meningioma,1,train,485
Training/meningioma/Tr-me_422.jpg,meningioma,1,train,3105
Training/meningioma/Tr-me_423.jpg,meningioma,1,test,3106
Training/meningioma/Tr-me_424.jpg,meningioma,1,train,600
Training/meningioma/Tr-me_425.jpg,meningioma,1,val,3107
Training/meningioma/Tr-me_426.jpg,meningioma,1,train,3108
Training/meningioma/Tr-me_427.jpg,meningioma,1,train,3109
Training/meningioma/Tr-me_428.jpg,meningioma,1,train,530
Training/meningioma/Tr-me_429.jpg,meningioma,1,test,3110
Training/meningioma/Tr-me_43.jpg,meningioma,1,test,3111
Training/meningioma/Tr-me_430.jpg,meningioma,1,train,3112
Training/meningioma/Tr-me_431.jpg,meningioma,1,train,3113
Training/meningioma/Tr-me_432.jpg,meningioma,1,train,459
Training/meningioma/Tr-me_433.jpg,meningioma,1,train,3114
Training/meningioma/Tr-me_434.jpg,meningioma,1,test,3115
Training/meningioma/Tr-me_435.jpg,meningioma,1,train,3116
Training/meningioma/Tr-me_436.jpg,meningioma,1,train,3117
Training/meningioma/Tr-me_437.jpg,meningioma,1,train,479
Training/meningioma/Tr-me_438.jpg,meningioma,1,val,3118
Training/meningioma/Tr-me_439.jpg,meningioma,1,train,3119
Training/meningioma/Tr-me_44.jpg,meningioma,1,val,3120
Training/meningioma/Tr-me_440.jpg,meningioma,1,train,3121
Training/meningioma/Tr-me_441.jpg,meningioma,1,val,3122
Training/meningioma/Tr-me_442.jpg,meningioma,1,val,3123
Training/meningioma/Tr-me_443.jpg,meningioma,1,train,2584
Training/meningioma/Tr-me_444.jpg,meningioma,1,train,3124
Training/meningioma/Tr-me_445.jpg,meningioma,1,train,3125
Training/meningioma/Tr-me_446.jpg,meningioma,1,train,3126
Training/meningioma/Tr-me_447.jpg,meningioma,1,val,3127
Training/meningioma/Tr-me_448.jpg,meningioma,1,train,3128
Training/meningioma/Tr-me_449.jpg,meningioma,1,test,3129
Training/meningioma/Tr-me_45.jpg,meningioma,1,test,3130
Training/meningioma/Tr-me_450.jpg,meningioma,1,train,535
Training/meningioma/Tr-me_451.jpg,meningioma,1,train,3131
Training/meningioma/Tr-me_452.jpg,meningioma,1,train,3132
Training/meningioma/Tr-me_453.jpg,meningioma,1,train,452
Training/meningioma/Tr-me_454.jpg,meningioma,1,train,3133
Training/meningioma/Tr-me_455.jpg,meningioma,1,test,3134
Training/meningioma/Tr-me_456.jpg,meningioma,1,train,3135
Training/meningioma/Tr-me_457.jpg,meningioma,1,train,3136
Training/meningioma/Tr-me_458.jpg,meningioma,1,train,342
Training/meningioma/Tr-me_459.jpg,meningioma,1,val,3137
Training/meningioma/Tr-me_46.jpg,meningioma,1,train,3138
Training/meningioma/Tr-me_460.jpg,meningioma,1,train,3139
Training/meningioma/Tr-me_461.jpg,meningioma,1,train,3140
Training/meningioma/Tr-me_462.jpg,meningioma,1,train,3141
Training/meningioma/Tr-me_463.jpg,meningioma,1,train,627
Training/meningioma/Tr-me_464.jpg,meningioma,1,train,497
Training/meningioma/Tr-me_465.jpg,meningioma,1,train,485
Training/meningioma/Tr-me_466.jpg,meningioma,1,train,3142
Training/meningioma/Tr-me_467.jpg,meningioma,1,train,3143
Training/meningioma/Tr-me_468.jpg,meningioma,1,train,342
Training/meningioma/Tr-me_469.jpg,meningioma,1,train,2866
Training/meningioma/Tr-me_47.jpg,meningioma,1,train,3144
Training/meningioma/Tr-me_470.jpg,meningioma,1,val,3145
Training/meningioma/Tr-me_471.jpg,meningioma,1,train,3146
Training/meningioma/Tr-me_472.jpg,meningioma,1,train,472
Training/meningioma/Tr-me_473.jpg,meningioma,1,val,3147
Training/meningioma/Tr-me_474.jpg,meningioma,1,train,3148
Training/meningioma/Tr-me_475.jpg,meningioma,1,train,3149
Training/meningioma/Tr-me_476.jpg,meningioma,1,train,3150
Training/meningioma/Tr-me_477.jpg,meningioma,1,train,3151
Training/meningioma/Tr-me_478.jpg,meningioma,1,test,3152
Training/meningioma/Tr-me_479.jpg,meningioma,1,train,561
Training/meningioma/Tr-me_48.jpg,meningioma,1,train,3153
Training/meningioma/Tr-me_480.jpg,meningioma,1,train,3154
Training/meningioma/Tr-me_481.jpg,meningioma,1,train,3155
Training/meningioma/Tr-me_482.jpg,meningioma,1,train,3156
Training/meningioma/Tr-me_483.jpg,meningioma,1,test,3157
Training/meningioma/Tr-me_484.jpg,meningioma,1,train,3158
Training/meningioma/Tr-me_485.jpg,meningioma,1,train,3159
Training/meningioma/Tr-me_486.jpg,meningioma,1,train,561
Training/meningioma/Tr-me_487.jpg,meningioma,1,train,3160
Training/meningioma/Tr-me_488.jpg,meningioma,1,train,3161
Training/meningioma/Tr-me_489.jpg,meningioma,1,train,496
Training/meningioma/Tr-me_49.jpg,meningioma,1,val,3162
Training/meningioma/Tr-me_490.jpg,meningioma,1,train,2512
Training/meningioma/Tr-me_491.jpg,meningioma,1,train,3163
Training/meningioma/Tr-me_492.jpg,meningioma,1,train,3164
Training/meningioma/Tr-me_493.jpg,meningioma,1,train,2792
Training/meningioma/Tr-me_494.jpg,meningioma,1,train,3165
Training/meningioma/Tr-me_495.jpg,meningioma,1,train,3166
Training/meningioma/Tr-me_496.jpg,meningioma,1,train,3167
Training/meningioma/Tr-me_497.jpg,meningioma,1,train,512
Training/meningioma/Tr-me_498.jpg,meningioma,1,test,3168
Training/meningioma/Tr-me_499.jpg,meningioma,1,train,3169
Training/meningioma/Tr-me_5.jpg,meningioma,1,train,3170
Training/meningioma/Tr-me_50.jpg,meningioma,1,train,560
Training/meningioma/Tr-me_500.jpg,meningioma,1,test,3171
Training/meningioma/Tr-me_501.jpg,meningioma,1,train,3172
Training/meningioma/Tr-me_502.jpg,meningioma,1,train,3173
Training/meningioma/Tr-me_503.jpg,meningioma,1,train,3174
Training/meningioma/Tr-me_504.jpg,meningioma,1,train,3175
Training/meningioma/Tr-me_505.jpg,meningioma,1,train,3176
Training/meningioma/Tr-me_506.jpg,meningioma,1,train,3177
Training/meningioma/Tr-me_507.jpg,meningioma,1,test,3178
Training/meningioma/Tr-me_508.jpg,meningioma,1,train,3179
Training/meningioma/Tr-me_509.jpg,meningioma,1,train,3180
Training/meningioma/Tr-me_51.jpg,meningioma,1,val,3181
Training/meningioma/Tr-me_510.jpg,meningioma,1,train,3182
Training/meningioma/Tr-me_511.jpg,meningioma,1,train,3183
Training/meningioma/Tr-me_512.jpg,meningioma,1,test,3184
Training/meningioma/Tr-me_513.jpg,meningioma,1,test,3185
Training/meningioma/Tr-me_514.jpg,meningioma,1,train,3186
Training/meningioma/Tr-me_515.jpg,meningioma,1,val,3187
Training/meningioma/Tr-me_516.jpg,meningioma,1,train,3188
Training/meningioma/Tr-me_517.jpg,meningioma,1,train,3189
Training/meningioma/Tr-me_518.jpg,meningioma,1,val,3190
Training/meningioma/Tr-me_519.jpg,meningioma,1,train,3191
Training/meningioma/Tr-me_52.jpg,meningioma,1,train,468
Training/meningioma/Tr-me_520.jpg,meningioma,1,test,3192
Training/meningioma/Tr-me_521.jpg,meningioma,1,train,3193
Training/meningioma/Tr-me_522.jpg,meningioma,1,train,3194
Training/meningioma/Tr-me_523.jpg,meningioma,1,train,3195
Training/meningioma/Tr-me_524.jpg,meningioma,1,train,3196
Training/meningioma/Tr-me_525.jpg,meningioma,1,train,3197
Training/meningioma/Tr-me_526.jpg,meningioma,1,val,3198
Training/meningioma/Tr-me_527.jpg,meningioma,1,test,3199
Training/meningioma/Tr-me_528.jpg,meningioma,1,val,3200
Training/meningioma/Tr-me_529.jpg,meningioma,1,test,3201
Training/meningioma/Tr-me_53.jpg,meningioma,1,train,3202
Training/meningioma/Tr-me_530.jpg,meningioma,1,train,380
Training/meningioma/Tr-me_531.jpg,meningioma,1,val,3203
Training/meningioma/Tr-me_532.jpg,meningioma,1,test,3204
Training/meningioma/Tr-me_533.jpg,meningioma,1,val,3205
Training/meningioma/Tr-me_534.jpg,meningioma,1,train,392
Training/meningioma/Tr-me_535.jpg,meningioma,1,train,3206
Training/meningioma/Tr-me_536.jpg,meningioma,1,train,3207
Training/meningioma/Tr-me_537.jpg,meningioma,1,train,3208
Training/meningioma/Tr-me_538.jpg,meningioma,1,train,3209
Training/meningioma/Tr-me_539.jpg,meningioma,1,train,3210
Training/meningioma/Tr-me_54.jpg,meningioma,1,train,3211
Training/meningioma/Tr-me_540.jpg,meningioma,1,val,3212
Training/meningioma/Tr-me_541.jpg,meningioma,1,train,3213
Training/meningioma/Tr-me_542.jpg,meningioma,1,train,3214
Training/meningioma/Tr-me_543.jpg,meningioma,1,train,481
Training/meningioma/Tr-me_544.jpg,meningioma,1,train,3215
Training/meningioma/Tr-me_545.jpg,meningioma,1,train,2542
Training/meningioma/Tr-me_546.jpg,meningioma,1,train,3216
Training/meningioma/Tr-me_547.jpg,meningioma,1,train,3217
Training/meningioma/Tr-me_548.jpg,meningioma,1,val,3218
Training/meningioma/Tr-me_549.jpg,meningioma,1,train,3219
Training/meningioma/Tr-me_55.jpg,meningioma,1,val,3220
Training/meningioma/Tr-me_550.jpg,meningioma,1,train,3221
Training/meningioma/Tr-me_551.jpg,meningioma,1,train,3030
Training/meningioma/Tr-me_552.jpg,meningioma,1,train,3222
Training/meningioma/Tr-me_553.jpg,meningioma,1,train,542
Training/meningioma/Tr-me_554.jpg,meningioma,1,test,3223
Training/meningioma/Tr-me_555.jpg,meningioma,1,train,3224
Training/meningioma/Tr-me_556.jpg,meningioma,1,train,3225
Training/meningioma/Tr-me_557.jpg,meningioma,1,train,416
Training/meningioma/Tr-me_558.jpg,meningioma,1,val,3226
Training/meningioma/Tr-me_559.jpg,meningioma,1,train,3227
Training/meningioma/Tr-me_56.jpg,meningioma,1,train,3228
Training/meningioma/Tr-me_560.jpg,meningioma,1,test,3229
Training/meningioma/Tr-me_561.jpg,meningioma,1,train,459
Training/meningioma/Tr-me_562.jpg,meningioma,1,val,3230
Training/meningioma/Tr-me_563.jpg,meningioma,1,train,3231
Training/meningioma/Tr-me_564.jpg,meningioma,1,train,3232
Training/meningioma/Tr-me_565.jpg,meningioma,1,train,385
Training/meningioma/Tr-me_566.jpg,meningioma,1,train,3233
Training/meningioma/Tr-me_567.jpg,meningioma,1,test,3234
Training/meningioma/Tr-me_568.jpg,meningioma,1,val,3235
Training/meningioma/Tr-me_569.jpg,meningioma,1,train,3236
Training/meningioma/Tr-me_57.jpg,meningioma,1,train,3237
Training/meningioma/Tr-me_570.jpg,meningioma,1,train,3238
Training/meningioma/Tr-me_571.jpg,meningioma,1,train,3239
Training/meningioma/Tr-me_572.jpg,meningioma,1,train,3240
Training/meningioma/Tr-me_573.jpg,meningioma,1,test,3241
Training/meningioma/Tr-me_574.jpg,meningioma,1,test,3242
Training/meningioma/Tr-me_575.jpg,meningioma,1,val,3243
Training/meningioma/Tr-me_576.jpg,meningioma,1,train,3244
Training/meningioma/Tr-me_577.jpg,meningioma,1,train,3245
Training/meningioma/Tr-me_578.jpg,meningioma,1,train,3246
Training/meningioma/Tr-me_579.jpg,meningioma,1,test,3247
Training/meningioma/Tr-me_58.jpg,meningioma,1,train,3248
Training/meningioma/Tr-me_580.jpg,meningioma,1,train,3249
Training/meningioma/Tr-me_581.jpg,meningioma,1,train,3250
Training/meningioma/Tr-me_582.jpg,meningioma,1,train,3251
Training/meningioma/Tr-me_583.jpg,meningioma,1,train,633
Training/meningioma/Tr-me_584.jpg,meningioma,1,train,2575
Training/meningioma/Tr-me_585.jpg,meningioma,1,train,3252
Training/meningioma/Tr-me_586.jpg,meningioma,1,train,3253
Training/meningioma/Tr-me_587.jpg,meningioma,1,train,3254
Training/meningioma/Tr-me_588.jpg,meningioma,1,train,3255
Training/meningioma/Tr-me_589.jpg,meningioma,1,val,3256
Training/meningioma/Tr-me_59.jpg,meningioma,1,train,3257
Training/meningioma/Tr-me_590.jpg,meningioma,1,train,3258
Training/meningioma/Tr-me_591.jpg,meningioma,1,train,3259
Training/meningioma/Tr-me_592.jpg,meningioma,1,test,3260
Training/meningioma/Tr-me_593.jpg,meningioma,1,train,3261
Training/meningioma/Tr-me_594.jpg,meningioma,1,train,3262
Training/meningioma/Tr-me_595.jpg,meningioma,1,train,3263
Training/meningioma/Tr-me_596.jpg,meningioma,1,train,3264
Training/meningioma/Tr-me_597.jpg,meningioma,1,train,575
Training/meningioma/Tr-me_598.jpg,meningioma,1,train,3265
Training/meningioma/Tr-me_599.jpg,meningioma,1,train,3266
Training/meningioma/Tr-me_6.jpg,meningioma,1,train,2575
Training/meningioma/Tr-me_60.jpg,meningioma,1,val,3267
Training/meningioma/Tr-me_600.jpg,meningioma,1,val,3268
Training/meningioma/Tr-me_601.jpg,meningioma,1,train,3269
Training/meningioma/Tr-me_602.jpg,meningioma,1,train,3270
Training/meningioma/Tr-me_603.jpg,meningioma,1,train,3271
Training/meningioma/Tr-me_604.jpg,meningioma,1,train,3272
Training/meningioma/Tr-me_605.jpg,meningioma,1,train,3273
Training/meningioma/Tr-me_606.jpg,meningioma,1,val,3274
Training/meningioma/Tr-me_607.jpg,meningioma,1,test,3275
Training/meningioma/Tr-me_608.jpg,meningioma,1,train,3276
Training/meningioma/Tr-me_609.jpg,meningioma,1,val,3277
Training/meningioma/Tr-me_61.jpg,meningioma,1,train,3278
Training/meningioma/Tr-me_610.jpg,meningioma,1,train,3279
Training/meningioma/Tr-me_611.jpg,meningioma,1,train,3280
Training/meningioma/Tr-me_612.jpg,meningioma,1,train,3281
Training/meningioma/Tr-me_613.jpg,meningioma,1,train,3282
Training/meningioma/Tr-me_614.jpg,meningioma,1,train,2466
Training/meningioma/Tr-me_615.jpg,meningioma,1,train,3283
Training/meningioma/Tr-me_616.jpg,meningioma,1,train,461
Training/meningioma/Tr-me_617.jpg,meningioma,1,train,3284
Training/meningioma/Tr-me_618.jpg,meningioma,1,train,2578
Training/meningioma/Tr-me_619.jpg,meningioma,1,train,3285
Training/meningioma/Tr-me_62.jpg,meningioma,1,train,3286
Training/meningioma/Tr-me_620.jpg,meningioma,1,train,3287
Training/meningioma/Tr-me_621.jpg,meningioma,1,test,3288
Training/meningioma/Tr-me_622.jpg,meningioma,1,val,3289
Training/meningioma/Tr-me_623.jpg,meningioma,1,test,3290
Training/meningioma/Tr-me_624.jpg,meningioma,1,train,3291
Training/meningioma/Tr-me_625.jpg,meningioma,1,train,3292
Training/meningioma/Tr-me_626.jpg,meningioma,1,train,3293
Training/meningioma/Tr-me_627.jpg,meningioma,1,train,3294
Training/meningioma/Tr-me_628.jpg,meningioma,1,train,3295
Training/meningioma/Tr-me_629.jpg,meningioma,1,train,3296
Training/meningioma/Tr-me_63.jpg,meningioma,1,train,3297
Training/meningioma/Tr-me_630.jpg,meningioma,1,train,3298
Training/meningioma/Tr-me_631.jpg,meningioma,1,test,3299
Training/meningioma/Tr-me_632.jpg,meningioma,1,val,3300
Training/meningioma/Tr-me_633.jpg,meningioma,1,train,3301
Training/meningioma/Tr-me_634.jpg,meningioma,1,val,3302
Training/meningioma/Tr-me_635.jpg,meningioma,1,train,563
Training/meningioma/Tr-me_636.jpg,meningioma,1,test,3303
Training/meningioma/Tr-me_637.jpg,meningioma,1,test,3304
Training/meningioma/Tr-me_638.jpg,meningioma,1,train,3305
Training/meningioma/Tr-me_639.jpg,meningioma,1,train,497
Training/meningioma/Tr-me_64.jpg,meningioma,1,train,3306
Training/meningioma/Tr-me_640.jpg,meningioma,1,test,3307
Training/meningioma/Tr-me_641.jpg,meningioma,1,val,3308
Training/meningioma/Tr-me_642.jpg,meningioma,1,train,3309
Training/meningioma/Tr-me_643.jpg,meningioma,1,test,3310
Training/meningioma/Tr-me_644.jpg,meningioma,1,train,3311
Training/meningioma/Tr-me_645.jpg,meningioma,1,train,3312
Training/meningioma/Tr-me_646.jpg,meningioma,1,test,3313
Training/meningioma/Tr-me_647.jpg,meningioma,1,val,3314
Training/meningioma/Tr-me_648.jpg,meningioma,1,train,3315
Training/meningioma/Tr-me_649.jpg,meningioma,1,test,3316
Training/meningioma/Tr-me_65.jpg,meningioma,1,test,3317
Training/meningioma/Tr-me_650.jpg,meningioma,1,val,3318
Training/meningioma/Tr-me_651.jpg,meningioma,1,train,3319
Training/meningioma/Tr-me_652.jpg,meningioma,1,test,3320
Training/meningioma/Tr-me_653.jpg,meningioma,1,val,3321
Training/meningioma/Tr-me_654.jpg,meningioma,1,val,3322
Training/meningioma/Tr-me_655.jpg,meningioma,1,train,2892
Training/meningioma/Tr-me_656.jpg,meningioma,1,test,3323
Training/meningioma/Tr-me_657.jpg,meningioma,1,train,514
Training/meningioma/Tr-me_658.jpg,meningioma,1,train,3324
Training/meningioma/Tr-me_659.jpg,meningioma,1,train,3125
Training/meningioma/Tr-me_66.jpg,meningioma,1,val,3325
Training/meningioma/Tr-me_660.jpg,meningioma,1,train,3326
Training/meningioma/Tr-me_661.jpg,meningioma,1,train,488
Training/meningioma/Tr-me_662.jpg,meningioma,1,train,3327
Training/meningioma/Tr-me_663.jpg,meningioma,1,train,3328
Training/meningioma/Tr-me_664.jpg,meningioma,1,train,3329
Training/meningioma/Tr-me_665.jpg,meningioma,1,train,3330
Training/meningioma/Tr-me_666.jpg,meningioma,1,train,415
Training/meningioma/Tr-me_667.jpg,meningioma,1,train,3331
Training/meningioma/Tr-me_668.jpg,meningioma,1,train,3332
Training/meningioma/Tr-me_669.jpg,meningioma,1,train,3333
Training/meningioma/Tr-me_67.jpg,meningioma,1,test,3334
Training/meningioma/Tr-me_670.jpg,meningioma,1,train,3335
Training/meningioma/Tr-me_671.jpg,meningioma,1,test,3336
Training/meningioma/Tr-me_672.jpg,meningioma,1,test,3337
Training/meningioma/Tr-me_673.jpg,meningioma,1,val,3338
Training/meningioma/Tr-me_674.jpg,meningioma,1,train,3339
Training/meningioma/Tr-me_675.jpg,meningioma,1,val,3340
Training/meningioma/Tr-me_676.jpg,meningioma,1,train,3341
Training/meningioma/Tr-me_677.jpg,meningioma,1,test,3342
Training/meningioma/Tr-me_678.jpg,meningioma,1,train,613
Training/meningioma/Tr-me_679.jpg,meningioma,1,train,3343
Training/meningioma/Tr-me_68.jpg,meningioma,1,train,3344
Training/meningioma/Tr-me_680.jpg,meningioma,1,train,3345
Training/meningioma/Tr-me_681.jpg,meningioma,1,train,3346
Training/meningioma/Tr-me_682.jpg,meningioma,1,train,3347
Training/meningioma/Tr-me_683.jpg,meningioma,1,train,3348
Training/meningioma/Tr-me_684.jpg,meningioma,1,train,574
Training/meningioma/Tr-me_685.jpg,meningioma,1,val,3349
Training/meningioma/Tr-me_686.jpg,meningioma,1,train,3350
Training/meningioma/Tr-me_687.jpg,meningioma,1,val,3351
Training/meningioma/Tr-me_688.jpg,meningioma,1,train,513
Training/meningioma/Tr-me_689.jpg,meningioma,1,train,3352
Training/meningioma/Tr-me_69.jpg,meningioma,1,train,3353
Training/meningioma/Tr-me_690.jpg,meningioma,1,train,3354
Training/meningioma/Tr-me_691.jpg,meningioma,1,val,3355
Training/meningioma/Tr-me_692.jpg,meningioma,1,train,252
Training/meningioma/Tr-me_693.jpg,meningioma,1,train,3356
Training/meningioma/Tr-me_694.jpg,meningioma,1,test,3357
Training/meningioma/Tr-me_695.jpg,meningioma,1,train,3358
Training/meningioma/Tr-me_696.jpg,meningioma,1,train,3044
Training/meningioma/Tr-me_697.jpg,meningioma,1,val,3359
Training/meningioma/Tr-me_698.jpg,meningioma,1,train,3360
Training/meningioma/Tr-me_699.jpg,meningioma,1,test,3361
Training/meningioma/Tr-me_7.jpg,meningioma,1,train,3362
Training/meningioma/Tr-me_70.jpg,meningioma,1,train,3363
Training/meningioma/Tr-me_700.jpg,meningioma,1,val,3364
Training/meningioma/Tr-me_701.jpg,meningioma,1,val,3365
Training/meningioma/Tr-me_702.jpg,meningioma,1,train,3366
Training/meningioma/Tr-me_703.jpg,meningioma,1,test,3367
Training/meningioma/Tr-me_704.jpg,meningioma,1,val,3368
Training/meningioma/Tr-me_705.jpg,meningioma,1,test,3369
Training/meningioma/Tr-me_706.jpg,meningioma,1,train,398
Training/meningioma/Tr-me_707.jpg,meningioma,1,test,3370
Training/meningioma/Tr-me_708.jpg,meningioma,1,train,3371
Training/meningioma/Tr-me_709.jpg,meningioma,1,test,3372
Training/meningioma/Tr-me_71.jpg,meningioma,1,train,3373
Training/meningioma/Tr-me_710.jpg,meningioma,1,val,3374
Training/meningioma/Tr-me_711.jpg,meningioma,1,val,3375
Training/meningioma/Tr-me_712.jpg,meningioma,1,train,3376
Training/meningioma/Tr-me_713.jpg,meningioma,1,train,3377
Training/meningioma/Tr-me_714.jpg,meningioma,1,train,342
Training/meningioma/Tr-me_715.jpg,meningioma,1,train,641
Training/meningioma/Tr-me_716.jpg,meningioma,1,train,3378
Training/meningioma/Tr-me_717.jpg,meningioma,1,train,626
Training/meningioma/Tr-me_718.jpg,meningioma,1,train,3379
Training/meningioma/Tr-me_719.jpg,meningioma,1,test,3380
Training/meningioma/Tr-me_72.jpg,meningioma,1,train,2630
Training/meningioma/Tr-me_720.jpg,meningioma,1,train,3381
Training/meningioma/Tr-me_721.jpg,meningioma,1,train,3382
Training/meningioma/Tr-me_722.jpg,meningioma,1,train,3383
Training/meningioma/Tr-me_723.jpg,meningioma,1,val,3384
Training/meningioma/Tr-me_724.jpg,meningioma,1,val,3385
Training/meningioma/Tr-me_725.jpg,meningioma,1,val,3386
Training/meningioma/Tr-me_726.jpg,meningioma,1,train,481
Training/meningioma/Tr-me_727.jpg,meningioma,1,train,3387
Training/meningioma/Tr-me_728.jpg,meningioma,1,train,3388
Training/meningioma/Tr-me_729.jpg,meningioma,1,val,3389
Training/meningioma/Tr-me_73.jpg,meningioma,1,test,3390
Training/meningioma/Tr-me_730.jpg,meningioma,1,train,3053
Training/meningioma/Tr-me_731.jpg,meningioma,1,train,3391
Training/meningioma/Tr-me_732.jpg,meningioma,1,val,3392
Training/meningioma/Tr-me_733.jpg,meningioma,1,test,3393
Training/meningioma/Tr-me_734.jpg,meningioma,1,train,3394
Training/meningioma/Tr-me_735.jpg,meningioma,1,train,3395
Training/meningioma/Tr-me_736.jpg,meningioma,1,train,3396
Training/meningioma/Tr-me_737.jpg,meningioma,1,train,455
Training/meningioma/Tr-me_738.jpg,meningioma,1,train,3397
Training/meningioma/Tr-me_739.jpg,meningioma,1,val,3398
Training/meningioma/Tr-me_74.jpg,meningioma,1,train,3399
Training/meningioma/Tr-me_740.jpg,meningioma,1,train,632
Training/meningioma/Tr-me_741.jpg,meningioma,1,train,3400
Training/meningioma/Tr-me_742.jpg,meningioma,1,test,3401
Training/meningioma/Tr-me_743.jpg,meningioma,1,train,3402
Training/meningioma/Tr-me_744.jpg,meningioma,1,val,3403
Training/meningioma/Tr-me_745.jpg,meningioma,1,val,3404
Training/meningioma/Tr-me_746.jpg,meningioma,1,val,3405
Training/meningioma/Tr-me_747.jpg,meningioma,1,train,3406
Training/meningioma/Tr-me_748.jpg,meningioma,1,train,3407
Training/meningioma/Tr-me_749.jpg,meningioma,1,train,3408
Training/meningioma/Tr-me_75.jpg,meningioma,1,train,3409
Training/meningioma/Tr-me_750.jpg,meningioma,1,train,3410
Training/meningioma/Tr-me_751.jpg,meningioma,1,train,3411
Training/meningioma/Tr-me_752.jpg,meningioma,1,train,3412
Training/meningioma/Tr-me_753.jpg,meningioma,1,train,489
Training/meningioma/Tr-me_754.jpg,meningioma,1,train,3413
Training/meningioma/Tr-me_755.jpg,meningioma,1,test,3414
Training/meningioma/Tr-me_756.jpg,meningioma,1,train,3415
Training/meningioma/Tr-me_757.jpg,meningioma,1,train,3416
Training/meningioma/Tr-me_758.jpg,meningioma,1,train,442
Training/meningioma/Tr-me_759.jpg,meningioma,1,train,3417
Training/meningioma/Tr-me_76.jpg,meningioma,1,train,627
Training/meningioma/Tr-me_760.jpg,meningioma,1,train,517
Training/meningioma/Tr-me_761.jpg,meningioma,1,train,3418
Training/meningioma/Tr-me_762.jpg,meningioma,1,val,3419
Training/meningioma/Tr-me_763.jpg,meningioma,1,train,3420
Training/meningioma/Tr-me_764.jpg,meningioma,1,test,3421
Training/meningioma/Tr-me_765.jpg,meningioma,1,test,3422
Training/meningioma/Tr-me_766.jpg,meningioma,1,val,3423
Training/meningioma/Tr-me_767.jpg,meningioma,1,train,3424
Training/meningioma/Tr-me_768.jpg,meningioma,1,train,3425
Training/meningioma/Tr-me_769.jpg,meningioma,1,train,514
Training/meningioma/Tr-me_77.jpg,meningioma,1,train,3426
Training/meningioma/Tr-me_770.jpg,meningioma,1,train,3427
Training/meningioma/Tr-me_771.jpg,meningioma,1,train,471
Training/meningioma/Tr-me_772.jpg,meningioma,1,test,3428
Training/meningioma/Tr-me_773.jpg,meningioma,1,train,3394
Training/meningioma/Tr-me_774.jpg,meningioma,1,test,3429
Training/meningioma/Tr-me_775.jpg,meningioma,1,train,3430
Training/meningioma/Tr-me_776.jpg,meningioma,1,train,536
Training/meningioma/Tr-me_777.jpg,meningioma,1,test,3431
Training/meningioma/Tr-me_778.jpg,meningioma,1,val,3432
Training/meningioma/Tr-me_779.jpg,meningioma,1,val,3433
Training/meningioma/Tr-me_78.jpg,meningioma,1,test,3434
Training/meningioma/Tr-me_780.jpg,meningioma,1,train,3435
Training/meningioma/Tr-me_781.jpg,meningioma,1,train,3436
Training/meningioma/Tr-me_782.jpg,meningioma,1,test,3437
Training/meningioma/Tr-me_783.jpg,meningioma,1,val,3438
Training/meningioma/Tr-me_784.jpg,meningioma,1,test,3439
Training/meningioma/Tr-me_785.jpg,meningioma,1,val,3440
Training/meningioma/Tr-me_786.jpg,meningioma,1,train,3441
Training/meningioma/Tr-me_787.jpg,meningioma,1,train,3442
Training/meningioma/Tr-me_788.jpg,meningioma,1,test,3443
Training/meningioma/Tr-me_789.jpg,meningioma,1,train,400
Training/meningioma/Tr-me_79.jpg,meningioma,1,train,3444
Training/meningioma/Tr-me_790.jpg,meningioma,1,test,3445
Training/meningioma/Tr-me_791.jpg,meningioma,1,train,3446
Training/meningioma/Tr-me_792.jpg,meningioma,1,train,3447
Training/meningioma/Tr-me_793.jpg,meningioma,1,train,3448
Training/meningioma/Tr-me_794.jpg,meningioma,1,train,3449
Training/meningioma/Tr-me_795.jpg,meningioma,1,train,3450
Training/meningioma/Tr-me_796.jpg,meningioma,1,train,3451
Training/meningioma/Tr-me_797.jpg,meningioma,1,val,3452
Training/meningioma/Tr-me_798.jpg,meningioma,1,train,3453
Training/meningioma/Tr-me_799.jpg,meningioma,1,train,513
Training/meningioma/Tr-me_8.jpg,meningioma,1,test,3454
Training/meningioma/Tr-me_80.jpg,meningioma,1,train,3455
Training/meningioma/Tr-me_800.jpg,meningioma,1,val,3456
Training/meningioma/Tr-me_801.jpg,meningioma,1,train,3457
Training/meningioma/Tr-me_802.jpg,meningioma,1,train,3458
Training/meningioma/Tr-me_803.jpg,meningioma,1,train,3459
Training/meningioma/Tr-me_804.jpg,meningioma,1,train,3460
Training/meningioma/Tr-me_805.jpg,meningioma,1,train,3461
Training/meningioma/Tr-me_806.jpg,meningioma,1,train,627
Training/meningioma/Tr-me_807.jpg,meningioma,1,train,3462
Training/meningioma/Tr-me_808.jpg,meningioma,1,train,3463
Training/meningioma/Tr-me_809.jpg,meningioma,1,test,3464
Training/meningioma/Tr-me_81.jpg,meningioma,1,val,3465
Training/meningioma/Tr-me_810.jpg,meningioma,1,train,3466
Training/meningioma/Tr-me_811.jpg,meningioma,1,val,3467
Training/meningioma/Tr-me_812.jpg,meningioma,1,val,3468
Training/meningioma/Tr-me_813.jpg,meningioma,1,train,3469
Training/meningioma/Tr-me_814.jpg,meningioma,1,test,3470
Training/meningioma/Tr-me_815.jpg,meningioma,1,test,3471
Training/meningioma/Tr-me_816.jpg,meningioma,1,train,425
Training/meningioma/Tr-me_817.jpg,meningioma,1,train,3472
Training/meningioma/Tr-me_818.jpg,meningioma,1,train,3473
Training/meningioma/Tr-me_819.jpg,meningioma,1,train,3474
Training/meningioma/Tr-me_82.jpg,meningioma,1,train,3216
Training/meningioma/Tr-me_820.jpg,meningioma,1,train,3475
Training/meningioma/Tr-me_821.jpg,meningioma,1,train,3476
Training/meningioma/Tr-me_822.jpg,meningioma,1,test,3477
Training/meningioma/Tr-me_823.jpg,meningioma,1,train,3478
Training/meningioma/Tr-me_824.jpg,meningioma,1,train,3479
Training/meningioma/Tr-me_825.jpg,meningioma,1,train,3480
Training/meningioma/Tr-me_826.jpg,meningioma,1,train,3481
Training/meningioma/Tr-me_827.jpg,meningioma,1,train,3482
Training/meningioma/Tr-me_828.jpg,meningioma,1,train,3483
Training/meningioma/Tr-me_829.jpg,meningioma,1,test,3484
Training/meningioma/Tr-me_83.jpg,meningioma,1,val,3485
Training/meningioma/Tr-me_830.jpg,meningioma,1,test,3486
Training/meningioma/Tr-me_831.jpg,meningioma,1,train,3487
Training/meningioma/Tr-me_832.jpg,meningioma,1,train,377
Training/meningioma/Tr-me_833.jpg,meningioma,1,train,3488
Training/meningioma/Tr-me_834.jpg,meningioma,1,val,3489
Training/meningioma/Tr-me_835.jpg,meningioma,1,val,3490
Training/meningioma/Tr-me_836.jpg,meningioma,1,train,2617
Training/meningioma/Tr-me_837.jpg,meningioma,1,train,3353
Training/meningioma/Tr-me_838.jpg,meningioma,1,train,3491
Training/meningioma/Tr-me_839.jpg,meningioma,1,val,3492
Training/meningioma/Tr-me_84.jpg,meningioma,1,val,3493
Training/meningioma/Tr-me_840.jpg,meningioma,1,train,3494
Training/meningioma/Tr-me_841.jpg,meningioma,1,train,3495
Training/meningioma/Tr-me_842.jpg,meningioma,1,train,3496
Training/meningioma/Tr-me_843.jpg,meningioma,1,val,3497
Training/meningioma/Tr-me_844.jpg,meningioma,1,train,3498
Training/meningioma/Tr-me_845.jpg,meningioma,1,train,403
Training/meningioma/Tr-me_846.jpg,meningioma,1,train,393
Training/meningioma/Tr-me_847.jpg,meningioma,1,train,3499
Training/meningioma/Tr-me_848.jpg,meningioma,1,test,3500
Training/meningioma/Tr-me_849.jpg,meningioma,1,train,3501
Training/meningioma/Tr-me_85.jpg,meningioma,1,train,3502
Training/meningioma/Tr-me_850.jpg,meningioma,1,train,3503
Training/meningioma/Tr-me_851.jpg,meningioma,1,val,3504
Training/meningioma/Tr-me_852.jpg,meningioma,1,val,3505
Training/meningioma/Tr-me_853.jpg,meningioma,1,train,3506
Training/meningioma/Tr-me_854.jpg,meningioma,1,train,3507
Training/meningioma/Tr-me_855.jpg,meningioma,1,test,3508
Training/meningioma/Tr-me_856.jpg,meningioma,1,train,3509
Training/meningioma/Tr-me_857.jpg,meningioma,1,train,3510
Training/meningioma/Tr-me_858.jpg,meningioma,1,train,3511
Training/meningioma/Tr-me_859.jpg,meningioma,1,train,3512
Training/meningioma/Tr-me_86.jpg,meningioma,1,train,392
Training/meningioma/Tr-me_860.jpg,meningioma,1,train,594
Training/meningioma/Tr-me_861.jpg,meningioma,1,val,3513
Training/meningioma/Tr-me_862.jpg,meningioma,1,val,3514
Training/meningioma/Tr-me_863.jpg,meningioma,1,val,3515
Training/meningioma/Tr-me_864.jpg,meningioma,1,train,3516
Training/meningioma/Tr-me_865.jpg,meningioma,1,train,387
Training/meningioma/Tr-me_866.jpg,meningioma,1,test,3517
Training/meningioma/Tr-me_867.jpg,meningioma,1,val,3518
Training/meningioma/Tr-me_868.jpg,meningioma,1,train,3224
Training/meningioma/Tr-me_869.jpg,meningioma,1,train,3519
Training/meningioma/Tr-me_87.jpg,meningioma,1,train,3520
Training/meningioma/Tr-me_870.jpg,meningioma,1,train,3521
Training/meningioma/Tr-me_871.jpg,meningioma,1,train,3261
Training/meningioma/Tr-me_872.jpg,meningioma,1,train,3522
Training/meningioma/Tr-me_873.jpg,meningioma,1,train,3523
Training/meningioma/Tr-me_874.jpg,meningioma,1,train,3524
Training/meningioma/Tr-me_875.jpg,meningioma,1,train,3525
Training/meningioma/Tr-me_876.jpg,meningioma,1,train,3526
Training/meningioma/Tr-me_877.jpg,meningioma,1,train,384
Training/meningioma/Tr-me_878.jpg,meningioma,1,train,3527
Training/meningioma/Tr-me_879.jpg,meningioma,1,train,3528
Training/meningioma/Tr-me_88.jpg,meningioma,1,train,3529
Training/meningioma/Tr-me_880.jpg,meningioma,1,train,526
Training/meningioma/Tr-me_881.jpg,meningioma,1,train,3530
Training/meningioma/Tr-me_882.jpg,meningioma,1,train,2749
Training/meningioma/Tr-me_883.jpg,meningioma,1,val,3531
Training/meningioma/Tr-me_884.jpg,meningioma,1,train,3532
Training/meningioma/Tr-me_885.jpg,meningioma,1,train,3533
Training/meningioma/Tr-me_886.jpg,meningioma,1,train,2528
Training/meningioma/Tr-me_887.jpg,meningioma,1,train,3534
Training/meningioma/Tr-me_888.jpg,meningioma,1,val,3535
Training/meningioma/Tr-me_889.jpg,meningioma,1,train,3536
Training/meningioma/Tr-me_89.jpg,meningioma,1,train,3537
Training/meningioma/Tr-me_890.jpg,meningioma,1,val,3538
Training/meningioma/Tr-me_891.jpg,meningioma,1,train,3539
Training/meningioma/Tr-me_892.jpg,meningioma,1,train,3540
Training/meningioma/Tr-me_893.jpg,meningioma,1,test,3541
Training/meningioma/Tr-me_894.jpg,meningioma,1,train,3542
Training/meningioma/Tr-me_895.jpg,meningioma,1,train,3543
Training/meningioma/Tr-me_896.jpg,meningioma,1,train,3544
Training/meningioma/Tr-me_897.jpg,meningioma,1,train,562
Training/meningioma/Tr-me_898.jpg,meningioma,1,train,3545
Training/meningioma/Tr-me_899.jpg,meningioma,1,train,3546
Training/meningioma/Tr-me_9.jpg,meningioma,1,train,2584
Training/meningioma/Tr-me_90.jpg,meningioma,1,train,2719
Training/meningioma/Tr-me_900.jpg,meningioma,1,val,3547
Training/meningioma/Tr-me_901.jpg,meningioma,1,train,3548
Training/meningioma/Tr-me_902.jpg,meningioma,1,train,3549
Training/meningioma/Tr-me_903.jpg,meningioma,1,test,3550
Training/meningioma/Tr-me_904.jpg,meningioma,1,train,3551
Training/meningioma/Tr-me_905.jpg,meningioma,1,train,634
Training/meningioma/Tr-me_906.jpg,meningioma,1,train,3552
Training/meningioma/Tr-me_907.jpg,meningioma,1,train,3553
Training/meningioma/Tr-me_908.jpg,meningioma,1,test,3554
Training/meningioma/Tr-me_909.jpg,meningioma,1,test,3555
Training/meningioma/Tr-me_91.jpg,meningioma,1,val,3556
Training/meningioma/Tr-me_910.jpg,meningioma,1,train,3557
Training/meningioma/Tr-me_911.jpg,meningioma,1,train,3558
Training/meningioma/Tr-me_912.jpg,meningioma,1,test,3559
Training/meningioma/Tr-me_913.jpg,meningioma,1,train,3560
Training/meningioma/Tr-me_914.jpg,meningioma,1,train,3561
Training/meningioma/Tr-me_915.jpg,meningioma,1,train,3562
Training/meningioma/Tr-me_916.jpg,meningioma,1,train,3563
Training/meningioma/Tr-me_917.jpg,meningioma,1,test,3564
Training/meningioma/Tr-me_918.jpg,meningioma,1,train,2575
Training/meningioma/Tr-me_919.jpg,meningioma,1,train,3565
Training/meningioma/Tr-me_92.jpg,meningioma,1,train,570
Training/meningioma/Tr-me_920.jpg,meningioma,1,train,502
Training/meningioma/Tr-me_921.jpg,meningioma,1,train,3566
Training/meningioma/Tr-me_922.jpg,meningioma,1,train,3567
Training/meningioma/Tr-me_923.jpg,meningioma,1,train,3568
Training/meningioma/Tr-me_924.jpg,meningioma,1,val,3569
Training/meningioma/Tr-me_925.jpg,meningioma,1,val,3570
Training/meningioma/Tr-me_926.jpg,meningioma,1,test,3571
Training/meningioma/Tr-me_927.jpg,meningioma,1,test,3572
Training/meningioma/Tr-me_928.jpg,meningioma,1,val,3573
Training/meningioma/Tr-me_929.jpg,meningioma,1,val,3574
Training/meningioma/Tr-me_93.jpg,meningioma,1,train,3575
Training/meningioma/Tr-me_930.jpg,meningioma,1,train,3576
Training/meningioma/Tr-me_931.jpg,meningioma,1,val,3577
Training/meningioma/Tr-me_932.jpg,meningioma,1,val,3578
Training/meningioma/Tr-me_933.jpg,meningioma,1,train,3579
Training/meningioma/Tr-me_934.jpg,meningioma,1,val,3580
Training/meningioma/Tr-me_935.jpg,meningioma,1,test,3581
Training/meningioma/Tr-me_936.jpg,meningioma,1,train,3582
Training/meningioma/Tr-me_937.jpg,meningioma,1,val,3583
Training/meningioma/Tr-me_938.jpg,meningioma,1,test,3584
Training/meningioma/Tr-me_939.jpg,meningioma,1,train,3585
Training/meningioma/Tr-me_94.jpg,meningioma,1,train,3586
Training/meningioma/Tr-me_940.jpg,meningioma,1,train,3587
Training/meningioma/Tr-me_941.jpg,meningioma,1,val,3588
Training/meningioma/Tr-me_942.jpg,meningioma,1,val,3589
Training/meningioma/Tr-me_943.jpg,meningioma,1,train,3590
Training/meningioma/Tr-me_944.jpg,meningioma,1,val,3591
Training/meningioma/Tr-me_945.jpg,meningioma,1,val,3592
Training/meningioma/Tr-me_946.jpg,meningioma,1,train,646
Training/meningioma/Tr-me_947.jpg,meningioma,1,train,3593
Training/meningioma/Tr-me_948.jpg,meningioma,1,train,3124
Training/meningioma/Tr-me_949.jpg,meningioma,1,train,3594
Training/meningioma/Tr-me_95.jpg,meningioma,1,val,3595
Training/meningioma/Tr-me_950.jpg,meningioma,1,train,3596
Training/meningioma/Tr-me_951.jpg,meningioma,1,val,3597
Training/meningioma/Tr-me_952.jpg,meningioma,1,train,3598
Training/meningioma/Tr-me_953.jpg,meningioma,1,train,2902
Training/meningioma/Tr-me_954.jpg,meningioma,1,train,564
Training/meningioma/Tr-me_955.jpg,meningioma,1,test,3599
Training/meningioma/Tr-me_956.jpg,meningioma,1,train,3600
Training/meningioma/Tr-me_957.jpg,meningioma,1,train,436
Training/meningioma/Tr-me_958.jpg,meningioma,1,train,3601
Training/meningioma/Tr-me_959.jpg,meningioma,1,train,3466
Training/meningioma/Tr-me_96.jpg,meningioma,1,train,3602
Training/meningioma/Tr-me_960.jpg,meningioma,1,train,428
Training/meningioma/Tr-me_961.jpg,meningioma,1,train,3603
Training/meningioma/Tr-me_962.jpg,meningioma,1,train,389
Training/meningioma/Tr-me_963.jpg,meningioma,1,test,3604
Training/meningioma/Tr-me_964.jpg,meningioma,1,train,3605
Training/meningioma/Tr-me_965.jpg,meningioma,1,train,507
Training/meningioma/Tr-me_966.jpg,meningioma,1,val,3606
Training/meningioma/Tr-me_967.jpg,meningioma,1,val,3607
Training/meningioma/Tr-me_968.jpg,meningioma,1,val,3608
Training/meningioma/Tr-me_969.jpg,meningioma,1,train,3609
Training/meningioma/Tr-me_97.jpg,meningioma,1,train,3610
Training/meningioma/Tr-me_970.jpg,meningioma,1,train,3611
Training/meningioma/Tr-me_971.jpg,meningioma,1,train,3612
Training/meningioma/Tr-me_972.jpg,meningioma,1,val,3613
Training/meningioma/Tr-me_973.jpg,meningioma,1,train,3614
Training/meningioma/Tr-me_974.jpg,meningioma,1,test,3615
Training/meningioma/Tr-me_975.jpg,meningioma,1,train,3616
Training/meningioma/Tr-me_976.jpg,meningioma,1,train,3617
Training/meningioma/Tr-me_977.jpg,meningioma,1,test,3618
Training/meningioma/Tr-me_978.jpg,meningioma,1,train,3619
Training/meningioma/Tr-me_979.jpg,meningioma,1,val,3620
Training/meningioma/Tr-me_98.jpg,meningioma,1,test,3621
Training/meningioma/Tr-me_980.jpg,meningioma,1,train,572
Training/meningioma/Tr-me_981.jpg,meningioma,1,test,3622
Training/meningioma/Tr-me_982.jpg,meningioma,1,train,3296
Training/meningioma/Tr-me_983.jpg,meningioma,1,train,3623
Training/meningioma/Tr-me_984.jpg,meningioma,1,test,3624
Training/meningioma/Tr-me_985.jpg,meningioma,1,val,3625
Training/meningioma/Tr-me_986.jpg,meningioma,1,test,3626
Training/meningioma/Tr-me_987.jpg,meningioma,1,train,3627
Training/meningioma/Tr-me_988.jpg,meningioma,1,train,3628
Training/meningioma/Tr-me_989.jpg,meningioma,1,train,3629
Training/meningioma/Tr-me_99.jpg,meningioma,1,train,543
Training/meningioma/Tr-me_990.jpg,meningioma,1,test,3630
Training/meningioma/Tr-me_991.jpg,meningioma,1,train,2832
Training/meningioma/Tr-me_992.jpg,meningioma,1,train,3631
Training/meningioma/Tr-me_993.jpg,meningioma,1,train,3632
Training/meningioma/Tr-me_994.jpg,meningioma,1,train,3633
Training/meningioma/Tr-me_995.jpg,meningioma,1,train,3634
Training/meningioma/Tr-me_996.jpg,meningioma,1,train,3635
Training/meningioma/Tr-me_997.jpg,meningioma,1,test,3636
Training/meningioma/Tr-me_998.jpg,meningioma,1,train,3637
Training/meningioma/Tr-me_999.jpg,meningioma,1,train,3638
Training/notumor/Tr-no_1.jpg,notumor,2,train,729
Training/notumor/Tr-no_10.jpg,notumor,2,train,677
Training/notumor/Tr-no_100.jpg,notumor,2,val,3639
Training/notumor/Tr-no_1000.jpg,notumor,2,train,3640
Training/notumor/Tr-no_1001.jpg,notumor,2,test,3641
Training/notumor/Tr-no_1002.jpg,notumor,2,train,829
Training/notumor/Tr-no_1003.jpg,notumor,2,val,3642
Training/notumor/Tr-no_1004.jpg,notumor,2,train,735
Training/notumor/Tr-no_1005.jpg,notumor,2,test,3643
Training/notumor/Tr-no_1006.jpg,notumor,2,val,3644
Training/notumor/Tr-no_1007.jpg,notumor,2,test,3645
Training/notumor/Tr-no_1008.jpg,notumor,2,train,831
Training/notumor/Tr-no_1009.jpg,notumor,2,train,748
Training/notumor/Tr-no_101.jpg,notumor,2,train,765
Training/notumor/Tr-no_1010.jpg,notumor,2,train,771
Training/notumor/Tr-no_1011.jpg,notumor,2,val,3646
Training/notumor/Tr-no_1012.jpg,notumor,2,train,795
Training/notumor/Tr-no_1013.jpg,notumor,2,train,823
Training/notumor/Tr-no_1014.jpg,notumor,2,test,3647
Training/notumor/Tr-no_1015.jpg,notumor,2,train,3648
Training/notumor/Tr-no_1016.jpg,notumor,2,train,3649
Training/notumor/Tr-no_1017.jpg,notumor,2,train,696
Training/notumor/Tr-no_1018.jpg,notumor,2,train,3650
Training/notumor/Tr-no_1019.jpg,notumor,2,train,3651
Training/notumor/Tr-no_102.jpg,notumor,2,val,3652
Training/notumor/Tr-no_1020.jpg,notumor,2,train,3653
Training/notumor/Tr-no_1021.jpg,notumor,2,test,3654
Training/notumor/Tr-no_1022.jpg,notumor,2,val,720
Training/notumor/Tr-no_1023.jpg,notumor,2,train,754
Training/notumor/Tr-no_1024.jpg,notumor,2,test,3655
Training/notumor/Tr-no_1025.jpg,notumor,2,train,3656
Training/notumor/Tr-no_1026.jpg,notumor,2,train,819
Training/notumor/Tr-no_1027.jpg,notumor,2,train,667
Training/notumor/Tr-no_1028.jpg,notumor,2,test,3657
Training/notumor/Tr-no_1029.jpg,notumor,2,train,259
Training/notumor/Tr-no_103.jpg,notumor,2,train,744
Training/notumor/Tr-no_1030.jpg,notumor,2,train,3658
Training/notumor/Tr-no_1031.jpg,notumor,2,val,3659
Training/notumor/Tr-no_1032.jpg,notumor,2,train,752
Training/notumor/Tr-no_1033.jpg,notumor,2,val,3660
Training/notumor/Tr-no_1034.jpg,notumor,2,val,773
Training/notumor/Tr-no_1035.jpg,notumor,2,train,679
Training/notumor/Tr-no_1036.jpg,notumor,2,test,3661
Training/notumor/Tr-no_1037.jpg,notumor,2,val,3662
Training/notumor/Tr-no_1038.jpg,notumor,2,train,842
Training/notumor/Tr-no_1039.jpg,notumor,2,train,711
Training/notumor/Tr-no_104.jpg,notumor,2,val,850
Training/notumor/Tr-no_1040.jpg,notumor,2,val,3663
Training/notumor/Tr-no_1041.jpg,notumor,2,val,756
Training/notumor/Tr-no_1042.jpg,notumor,2,val,3664
Training/notumor/Tr-no_1043.jpg,notumor,2,train,3665
Training/notumor/Tr-no_1044.jpg,notumor,2,train,722
Training/notumor/Tr-no_1045.jpg,notumor,2,train,667
Training/notumor/Tr-no_1046.jpg,notumor,2,test,3666
Training/notumor/Tr-no_1047.jpg,notumor,2,train,852
Training/notumor/Tr-no_1048.jpg,notumor,2,test,3667
Training/notumor/Tr-no_1049.jpg,notumor,2,train,688
Training/notumor/Tr-no_105.jpg,notumor,2,train,3640
Training/notumor/Tr-no_1050.jpg,notumor,2,train,725
Training/notumor/Tr-no_1051.jpg,notumor,2,train,711
Training/notumor/Tr-no_1052.jpg,notumor,2,train,716
Training/notumor/Tr-no_1053.jpg,notumor,2,train,671
Training/notumor/Tr-no_1054.jpg,notumor,2,train,3668
Training/notumor/Tr-no_1055.jpg,notumor,2,train,721
Training/notumor/Tr-no_1056.jpg,notumor,2,train,3669
Training/notumor/Tr-no_1057.jpg,notumor,2,test,814
Training/notumor/Tr-no_1058.jpg,notumor,2,train,3670
Training/notumor/Tr-no_1059.jpg,notumor,2,train,3671
Training/notumor/Tr-no_106.jpg,notumor,2,val,3672
Training/notumor/Tr-no_1060.jpg,notumor,2,train,667
Training/notumor/Tr-no_1061.jpg,notumor,2,train,826
Training/notumor/Tr-no_1062.jpg,notumor,2,train,667
Training/notumor/Tr-no_1063.jpg,notumor,2,train,795
Training/notumor/Tr-no_1064.jpg,notumor,2,val,815
Training/notumor/Tr-no_1065.jpg,notumor,2,test,3673
Training/notumor/Tr-no_1066.jpg,notumor,2,train,725
Training/notumor/Tr-no_1067.jpg,notumor,2,val,3674
Training/notumor/Tr-no_1068.jpg,notumor,2,train,754
Training/notumor/Tr-no_1069.jpg,notumor,2,test,3675
Training/notumor/Tr-no_107.jpg,notumor,2,train,3676
Training/notumor/Tr-no_1070.jpg,notumor,2,train,3677
Training/notumor/Tr-no_1071.jpg,notumor,2,train,667
Training/notumor/Tr-no_1072.jpg,notumor,2,test,3678
Training/notumor/Tr-no_1073.jpg,notumor,2,val,3679
Training/notumor/Tr-no_1074.jpg,notumor,2,train,3680
Training/notumor/Tr-no_1075.jpg,notumor,2,train,818
Training/notumor/Tr-no_1076.jpg,notumor,2,train,689
Training/notumor/Tr-no_1077.jpg,notumor,2,train,793
Training/notumor/Tr-no_1078.jpg,notumor,2,train,689
Training/notumor/Tr-no_1079.jpg,notumor,2,train,3681
Training/notumor/Tr-no_108.jpg,notumor,2,train,852
Training/notumor/Tr-no_1080.jpg,notumor,2,val,3682
Training/notumor/Tr-no_1081.jpg,notumor,2,train,741
Training/notumor/Tr-no_1082.jpg,notumor,2,train,826
Training/notumor/Tr-no_1083.jpg,notumor,2,train,825
Training/notumor/Tr-no_1084.jpg,notumor,2,train,655
Training/notumor/Tr-no_1085.jpg,notumor,2,train,3683
Training/notumor/Tr-no_1086.jpg,notumor,2,train,711
Training/notumor/Tr-no_1087.jpg,notumor,2,train,743
Training/notumor/Tr-no_1088.jpg,notumor,2,train,800
Training/notumor/Tr-no_1089.jpg,notumor,2,train,3684
Training/notumor/Tr-no_109.jpg,notumor,2,train,667
Training/notumor/Tr-no_1090.jpg,notumor,2,train,3685
Training/notumor/Tr-no_1091.jpg,notumor,2,train,711
Training/notumor/Tr-no_1092.jpg,notumor,2,test,3686
Training/notumor/Tr-no_1093.jpg,notumor,2,train,3687
Training/notumor/Tr-no_1094.jpg,notumor,2,train,724
Training/notumor/Tr-no_1095.jpg,notumor,2,train,3688
Training/notumor/Tr-no_1096.jpg,notumor,2,test,863
Training/notumor/Tr-no_1097.jpg,notumor,2,train,3689
Training/notumor/Tr-no_1098.jpg,notumor,2,train,764
Training/notumor/Tr-no_1099.jpg,notumor,2,train,3690
Training/notumor/Tr-no_11.jpg,notumor,2,train,678
Training/notumor/Tr-no_110.jpg,notumor,2,val,3691
Training/notumor/Tr-no_1100.jpg,notumor,2,train,3692
Training/notumor/Tr-no_1101.jpg,notumor,2,train,3693
Training/notumor/Tr-no_1102.jpg,notumor,2,train,667
Training/notumor/Tr-no_1103.jpg,notumor,2,train,654
Training/notumor/Tr-no_1104.jpg,notumor,2,test,3694
Training/notumor/Tr-no_1105.jpg,notumor,2,train,3695
Training/notumor/Tr-no_1106.jpg,notumor,2,train,3696
Training/notumor/Tr-no_1107.jpg,notumor,2,train,3697
Training/notumor/Tr-no_1108.jpg,notumor,2,train,695
Training/notumor/Tr-no_1109.jpg,notumor,2,test,3698
Training/notumor/Tr-no_111.jpg,notumor,2,train,852
Training/notumor/Tr-no_1110.jpg,notumor,2,val,3699
Training/notumor/Tr-no_1111.jpg,notumor,2,test,3700
Training/notumor/Tr-no_1112.jpg,notumor,2,train,673
Training/notumor/Tr-no_1113.jpg,notumor,2,train,673
Training/notumor/Tr-no_1114.jpg,notumor,2,train,3701
Training/notumor/Tr-no_1115.jpg,notumor,2,train,3702
Training/notumor/Tr-no_1116.jpg,notumor,2,train,768
Training/notumor/Tr-no_1117.jpg,notumor,2,train,867
Training/notumor/Tr-no_1118.jpg,notumor,2,train,710
Training/notumor/Tr-no_1119.jpg,notumor,2,val,3703
Training/notumor/Tr-no_112.jpg,notumor,2,train,3704
Training/notumor/Tr-no_1120.jpg,notumor,2,train,719
Training/notumor/Tr-no_1121.jpg,notumor,2,test,3705
Training/notumor/Tr-no_1122.jpg,notumor,2,train,806
Training/notumor/Tr-no_1123.jpg,notumor,2,train,813
Training/notumor/Tr-no_1124.jpg,notumor,2,train,667
Training/notumor/Tr-no_1125.jpg,notumor,2,train,857
Training/notumor/Tr-no_1126.jpg,notumor,2,train,690
Training/notumor/Tr-no_1127.jpg,notumor,2,val,798
Training/notumor/Tr-no_1128.jpg,notumor,2,test,760
Training/notumor/Tr-no_1129.jpg,notumor,2,test,3706
Training/notumor/Tr-no_113.jpg,notumor,2,test,3707
Training/notumor/Tr-no_1130.jpg,notumor,2,train,786
Training/notumor/Tr-no_1131.jpg,notumor,2,val,693
Training/notumor/Tr-no_1132.jpg,notumor,2,train,3708
Training/notumor/Tr-no_1133.jpg,notumor,2,train,793
Training/notumor/Tr-no_1134.jpg,notumor,2,train,826
Training/notumor/Tr-no_1135.jpg,notumor,2,train,725
Training/notumor/Tr-no_1136.jpg,notumor,2,train,664
Training/notumor/Tr-no_1137.jpg,notumor,2,train,770
Training/notumor/Tr-no_1138.jpg,notumor,2,train,667
Training/notumor/Tr-no_1139.jpg,notumor,2,train,761
Training/notumor/Tr-no_114.jpg,notumor,2,train,791
Training/notumor/Tr-no_1140.jpg,notumor,2,train,3709
Training/notumor/Tr-no_1141.jpg,notumor,2,test,3710
Training/notumor/Tr-no_1142.jpg,notumor,2,train,865
Training/notumor/Tr-no_1143.jpg,notumor,2,test,790
Training/notumor/Tr-no_1144.jpg,notumor,2,train,754
Training/notumor/Tr-no_1145.jpg,notumor,2,train,722
Training/notumor/Tr-no_1146.jpg,notumor,2,train,842
Training/notumor/Tr-no_1147.jpg,notumor,2,train,829
Training/notumor/Tr-no_1148.jpg,notumor,2,train,3711
Training/notumor/Tr-no_1149.jpg,notumor,2,train,3712
Training/notumor/Tr-no_115.jpg,notumor,2,val,3713
Training/notumor/Tr-no_1150.jpg,notumor,2,train,695
Training/notumor/Tr-no_1151.jpg,notumor,2,train,259
Training/notumor/Tr-no_1152.jpg,notumor,2,train,3714
Training/notumor/Tr-no_1153.jpg,notumor,2,val,694
Training/notumor/Tr-no_1154.jpg,notumor,2,train,3715
Training/notumor/Tr-no_1155.jpg,notumor,2,train,731
Training/notumor/Tr-no_1156.jpg,notumor,2,val,1499
Training/notumor/Tr-no_1157.jpg,notumor,2,train,781
Training/notumor/Tr-no_1158.jpg,notumor,2,train,711
Training/notumor/Tr-no_1159.jpg,notumor,2,test,732
Training/notumor/Tr-no_116.jpg,notumor,2,val,3716
Training/notumor/Tr-no_1160.jpg,notumor,2,train,3717
Training/notumor/Tr-no_1161.jpg,notumor,2,train,671
Training/notumor/Tr-no_1162.jpg,notumor,2,train,3718
Training/notumor/Tr-no_1163.jpg,notumor,2,train,762
Training/notumor/Tr-no_1164.jpg,notumor,2,train,747
Training/notumor/Tr-no_1165.jpg,notumor,2,train,854
Training/notumor/Tr-no_1166.jpg,notumor,2,train,857
Training/notumor/Tr-no_1167.jpg,notumor,2,train,692
Training/notumor/Tr-no_1168.jpg,notumor,2,train,823
Training/notumor/Tr-no_1169.jpg,notumor,2,train,3719
Training/notumor/Tr-no_117.jpg,notumor,2,train,759
Training/notumor/Tr-no_1170.jpg,notumor,2,train,825
Training/notumor/Tr-no_1171.jpg,notumor,2,train,3720
Training/notumor/Tr-no_1172.jpg,notumor,2,val,3721
Training/notumor/Tr-no_1173.jpg,notumor,2,test,3722
Training/notumor/Tr-no_1174.jpg,notumor,2,train,671
Training/notumor/Tr-no_1175.jpg,notumor,2,train,868
Training/notumor/Tr-no_1176.jpg,notumor,2,train,3723
Training/notumor/Tr-no_1177.jpg,notumor,2,test,3724
Training/notumor/Tr-no_1178.jpg,notumor,2,train,3704
Training/notumor/Tr-no_1179.jpg,notumor,2,train,3725
Training/notumor/Tr-no_118.jpg,notumor,2,train,767
Training/notumor/Tr-no_1180.jpg,notumor,2,val,3726
Training/notumor/Tr-no_1181.jpg,notumor,2,train,3727
Training/notumor/Tr-no_1182.jpg,notumor,2,val,660
Training/notumor/Tr-no_1183.jpg,notumor,2,train,667
Training/notumor/Tr-no_1184.jpg,notumor,2,test,3728
Training/notumor/Tr-no_1185.jpg,notumor,2,train,805
Training/notumor/Tr-no_1186.jpg,notumor,2,test,3729
Training/notumor/Tr-no_1187.jpg,notumor,2,val,3730
Training/notumor/Tr-no_1188.jpg,notumor,2,val,3713
Training/notumor/Tr-no_1189.jpg,notumor,2,train,3688
Training/notumor/Tr-no_119.jpg,notumor,2,train,779
Training/notumor/Tr-no_1190.jpg,notumor,2,train,817
Training/notumor/Tr-no_1191.jpg,notumor,2,train,663
Training/notumor/Tr-no_1192.jpg,notumor,2,train,806
Training/notumor/Tr-no_1193.jpg,notumor,2,val,3731
Training/notumor/Tr-no_1194.jpg,notumor,2,test,3732
Training/notumor/Tr-no_1195.jpg,notumor,2,train,654
Training/notumor/Tr-no_1196.jpg,notumor,2,train,751
Training/notumor/Tr-no_1197.jpg,notumor,2,test,3733
Training/notumor/Tr-no_1198.jpg,notumor,2,train,800
Training/notumor/Tr-no_1199.jpg,notumor,2,test,3734
Training/notumor/Tr-no_12.jpg,notumor,2,train,3735
Training/notumor/Tr-no_120.jpg,notumor,2,test,3736
Training/notumor/Tr-no_1200.jpg,notumor,2,train,3648
Training/notumor/Tr-no_1201.jpg,notumor,2,val,3737
Training/notumor/Tr-no_1202.jpg,notumor,2,train,689
Training/notumor/Tr-no_1203.jpg,notumor,2,train,684
Training/notumor/Tr-no_1204.jpg,notumor,2,test,697
Training/notumor/Tr-no_1205.jpg,notumor,2,test,3738
Training/notumor/Tr-no_1206.jpg,notumor,2,train,722
Training/notumor/Tr-no_1207.jpg,notumor,2,train,3670
Training/notumor/Tr-no_1208.jpg,notumor,2,val,3739
Training/notumor/Tr-no_1209.jpg,notumor,2,val,3644
Training/notumor/Tr-no_121.jpg,notumor,2,val,3716
Training/notumor/Tr-no_1210.jpg,notumor,2,train,688
Training/notumor/Tr-no_1211.jpg,notumor,2,train,714
Training/notumor/Tr-no_1212.jpg,notumor,2,val,3740
Training/notumor/Tr-no_1213.jpg,notumor,2,train,3741
Training/notumor/Tr-no_1214.jpg,notumor,2,train,3708
Training/notumor/Tr-no_1215.jpg,notumor,2,train,3697
Training/notumor/Tr-no_1216.jpg,notumor,2,train,3742
Training/notumor/Tr-no_1217.jpg,notumor,2,train,722
Training/notumor/Tr-no_1218.jpg,notumor,2,test,3743
Training/notumor/Tr-no_1219.jpg,notumor,2,train,3744
Training/notumor/Tr-no_122.jpg,notumor,2,train,855
Training/notumor/Tr-no_1220.jpg,notumor,2,train,825
Training/notumor/Tr-no_1221.jpg,notumor,2,test,3745
Training/notumor/Tr-no_1222.jpg,notumor,2,train,711
Training/notumor/Tr-no_1223.jpg,notumor,2,train,829
Training/notumor/Tr-no_1224.jpg,notumor,2,train,710
Training/notumor/Tr-no_1225.jpg,notumor,2,test,788
Training/notumor/Tr-no_1226.jpg,notumor,2,train,3746
Training/notumor/Tr-no_1227.jpg,notumor,2,train,721
Training/notumor/Tr-no_1228.jpg,notumor,2,train,3723
Training/notumor/Tr-no_1229.jpg,notumor,2,test,666
Training/notumor/Tr-no_123.jpg,notumor,2,test,3747
Training/notumor/Tr-no_1230.jpg,notumor,2,train,716
Training/notumor/Tr-no_1231.jpg,notumor,2,train,3680
Training/notumor/Tr-no_1232.jpg,notumor,2,train,654
Training/notumor/Tr-no_1233.jpg,notumor,2,val,773
Training/notumor/Tr-no_1234.jpg,notumor,2,train,722
Training/notumor/Tr-no_1235.jpg,notumor,2,train,3715
Training/notumor/Tr-no_1236.jpg,notumor,2,train,744
Training/notumor/Tr-no_1237.jpg,notumor,2,train,3688
Training/notumor/Tr-no_1238.jpg,notumor,2,train,654
Training/notumor/Tr-no_1239.jpg,notumor,2,train,3748
Training/notumor/Tr-no_124.jpg,notumor,2,train,864
Training/notumor/Tr-no_1240.jpg,notumor,2,val,3749
Training/notumor/Tr-no_1241.jpg,notumor,2,train,689
Training/notumor/Tr-no_1242.jpg,notumor,2,train,3750
Training/notumor/Tr-no_1243.jpg,notumor,2,val,3751
Training/notumor/Tr-no_1244.jpg,notumor,2,train,825
Training/notumor/Tr-no_1245.jpg,notumor,2,train,754
Training/notumor/Tr-no_1246.jpg,notumor,2,train,859
Training/notumor/Tr-no_1247.jpg,notumor,2,train,754
Training/notumor/Tr-no_1248.jpg,notumor,2,test,3752
Training/notumor/Tr-no_1249.jpg,notumor,2,train,659
Training/notumor/Tr-no_125.jpg,notumor,2,train,3753
Training/notumor/Tr-no_1250.jpg,notumor,2,train,827
Training/notumor/Tr-no_1251.jpg,notumor,2,train,852
Training/notumor/Tr-no_1252.jpg,notumor,2,train,667
Training/notumor/Tr-no_1253.jpg,notumor,2,test,3732
Training/notumor/Tr-no_1254.jpg,notumor,2,train,662
Training/notumor/Tr-no_1255.jpg,notumor,2,train,725
Training/notumor/Tr-no_1256.jpg,notumor,2,train,259
Training/notumor/Tr-no_1257.jpg,notumor,2,train,667
Training/notumor/Tr-no_1258.jpg,notumor,2,test,3754
Training/notumor/Tr-no_1259.jpg,notumor,2,train,741
Training/notumor/Tr-no_126.jpg,notumor,2,train,762
Training/notumor/Tr-no_1260.jpg,notumor,2,val,832
Training/notumor/Tr-no_1261.jpg,notumor,2,val,3755
Training/notumor/Tr-no_1262.jpg,notumor,2,train,3735
Training/notumor/Tr-no_1263.jpg,notumor,2,train,731
Training/notumor/Tr-no_1264.jpg,notumor,2,val,3756
Training/notumor/Tr-no_1265.jpg,notumor,2,train,3704
Training/notumor/Tr-no_1266.jpg,notumor,2,train,3757
Training/notumor/Tr-no_1267.jpg,notumor,2,test,3758
Training/notumor/Tr-no_1268.jpg,notumor,2,val,766
Training/notumor/Tr-no_1269.jpg,notumor,2,train,3759
Training/notumor/Tr-no_127.jpg,notumor,2,train,672
Training/notumor/Tr-no_1270.jpg,notumor,2,train,722
Training/notumor/Tr-no_1271.jpg,notumor,2,test,3760
Training/notumor/Tr-no_1272.jpg,notumor,2,train,793
Training/notumor/Tr-no_1273.jpg,notumor,2,test,3761
Training/notumor/Tr-no_1274.jpg,notumor,2,train,3762
Training/notumor/Tr-no_1275.jpg,notumor,2,val,3763
Training/notumor/Tr-no_1276.jpg,notumor,2,train,655
Training/notumor/Tr-no_1277.jpg,notumor,2,train,865
Training/notumor/Tr-no_1278.jpg,notumor,2,test,3764
Training/notumor/Tr-no_1279.jpg,notumor,2,train,803
Training/notumor/Tr-no_128.jpg,notumor,2,test,3765
Training/notumor/Tr-no_1280.jpg,notumor,2,train,789
Training/notumor/Tr-no_1281.jpg,notumor,2,train,829
Training/notumor/Tr-no_1282.jpg,notumor,2,train,716
Training/notumor/Tr-no_1283.jpg,notumor,2,train,770
Training/notumor/Tr-no_1284.jpg,notumor,2,train,795
Training/notumor/Tr-no_1285.jpg,notumor,2,val,3766
Training/notumor/Tr-no_1286.jpg,notumor,2,train,3767
Training/notumor/Tr-no_1287.jpg,notumor,2,train,673
Training/notumor/Tr-no_1288.jpg,notumor,2,train,3768
Training/notumor/Tr-no_1289.jpg,notumor,2,val,3769
Training/notumor/Tr-no_129.jpg,notumor,2,train,3681
Training/notumor/Tr-no_1290.jpg,notumor,2,train,3692
Training/notumor/Tr-no_1291.jpg,notumor,2,train,3770
Training/notumor/Tr-no_1292.jpg,notumor,2,val,3771
Training/notumor/Tr-no_1293.jpg,notumor,2,train,722
Training/notumor/Tr-no_1294.jpg,notumor,2,val,797
Training/notumor/Tr-no_1295.jpg,notumor,2,val,3772
Training/notumor/Tr-no_1296.jpg,notumor,2,val,810
Training/notumor/Tr-no_1297.jpg,notumor,2,train,725
Training/notumor/Tr-no_1298.jpg,notumor,2,train,3773
Training/notumor/Tr-no_1299.jpg,notumor,2,train,671
Training/notumor/Tr-no_13.jpg,notumor,2,train,3690
Training/notumor/Tr-no_130.jpg,notumor,2,train,811
Training/notumor/Tr-no_1300.jpg,notumor,2,train,767
Training/notumor/Tr-no_1301.jpg,notumor,2,val,824
Training/notumor/Tr-no_1302.jpg,notumor,2,train,868
Training/notumor/Tr-no_1303.jpg,notumor,2,train,767
Training/notumor/Tr-no_1304.jpg,notumor,2,train,825
Training/notumor/Tr-no_1305.jpg,notumor,2,val,3774
Training/notumor/Tr-no_1306.jpg,notumor,2,train,829
Training/notumor/Tr-no_1307.jpg,notumor,2,val,3775
Training/notumor/Tr-no_1308.jpg,notumor,2,train,3776
Training/notumor/Tr-no_1309.jpg,notumor,2,val,3777
Training/notumor/Tr-no_131.jpg,notumor,2,test,3778
Training/notumor/Tr-no_1310.jpg,notumor,2,train,786
Training/notumor/Tr-no_1311.jpg,notumor,2,train,849
Training/notumor/Tr-no_1312.jpg,notumor,2,test,3779
Training/notumor/Tr-no_1313.jpg,notumor,2,val,707
Training/notumor/Tr-no_1314.jpg,notumor,2,train,823
Training/notumor/Tr-no_1315.jpg,notumor,2,train,259
Training/notumor/Tr-no_1316.jpg,notumor,2,train,808
Training/notumor/Tr-no_1317.jpg,notumor,2,test,3780
Training/notumor/Tr-no_1318.jpg,notumor,2,val,3781
Training/notumor/Tr-no_1319.jpg,notumor,2,val,870
Training/notumor/Tr-no_132.jpg,notumor,2,train,3782
Training/notumor/Tr-no_1320.jpg,notumor,2,train,3725
Training/notumor/Tr-no_1321.jpg,notumor,2,train,661
Training/notumor/Tr-no_1322.jpg,notumor,2,train,3783
Training/notumor/Tr-no_1323.jpg,notumor,2,train,3735
Training/notumor/Tr-no_1324.jpg,notumor,2,test,3784
Training/notumor/Tr-no_1325.jpg,notumor,2,val,843
Training/notumor/Tr-no_1326.jpg,notumor,2,train,3735
Training/notumor/Tr-no_1327.jpg,notumor,2,train,857
Training/notumor/Tr-no_1328.jpg,notumor,2,train,785
Training/notumor/Tr-no_1329.jpg,notumor,2,test,3785
Training/notumor/Tr-no_133.jpg,notumor,2,train,754
Training/notumor/Tr-no_1330.jpg,notumor,2,train,818
Training/notumor/Tr-no_1331.jpg,notumor,2,test,3786
Training/notumor/Tr-no_1332.jpg,notumor,2,train,3787
Training/notumor/Tr-no_1333.jpg,notumor,2,train,3788
Training/notumor/Tr-no_1334.jpg,notumor,2,test,3789
Training/notumor/Tr-no_1335.jpg,notumor,2,test,704
Training/notumor/Tr-no_1336.jpg,notumor,2,train,3719
Training/notumor/Tr-no_1337.jpg,notumor,2,test,706
Training/notumor/Tr-no_1338.jpg,notumor,2,train,678
Training/notumor/Tr-no_1339.jpg,notumor,2,train,3648
Training/notumor/Tr-no_134.jpg,notumor,2,train,3790
Training/notumor/Tr-no_1340.jpg,notumor,2,train,3791
Training/notumor/Tr-no_1341.jpg,notumor,2,train,710
Training/notumor/Tr-no_1342.jpg,notumor,2,val,3792
Training/notumor/Tr-no_1343.jpg,notumor,2,train,795
Training/notumor/Tr-no_1344.jpg,notumor,2,train,3793
Training/notumor/Tr-no_1345.jpg,notumor,2,test,3794
Training/notumor/Tr-no_1346.jpg,notumor,2,train,749
Training/notumor/Tr-no_1347.jpg,notumor,2,train,749
Training/notumor/Tr-no_1348.jpg,notumor,2,val,3795
Training/notumor/Tr-no_1349.jpg,notumor,2,train,710
Training/notumor/Tr-no_135.jpg,notumor,2,test,3796
Training/notumor/Tr-no_1350.jpg,notumor,2,train,801
Training/notumor/Tr-no_1351.jpg,notumor,2,test,3797
Training/notumor/Tr-no_1352.jpg,notumor,2,val,3798
Training/notumor/Tr-no_1353.jpg,notumor,2,train,3759
Training/notumor/Tr-no_1354.jpg,notumor,2,test,3799
Training/notumor/Tr-no_1355.jpg,notumor,2,train,678
Training/notumor/Tr-no_1356.jpg,notumor,2,train,654
Training/notumor/Tr-no_1357.jpg,notumor,2,test,3800
Training/notumor/Tr-no_1358.jpg,notumor,2,test,3801
Training/notumor/Tr-no_1359.jpg,notumor,2,train,749
Training/notumor/Tr-no_136.jpg,notumor,2,train,717
Training/notumor/Tr-no_1360.jpg,notumor,2,train,3715
Training/notumor/Tr-no_1361.jpg,notumor,2,train,806
Training/notumor/Tr-no_1362.jpg,notumor,2,train,737
Training/notumor/Tr-no_1363.jpg,notumor,2,train,3802
Training/notumor/Tr-no_1364.jpg,notumor,2,train,770
Training/notumor/Tr-no_1365.jpg,notumor,2,train,3803
Training/notumor/Tr-no_1366.jpg,notumor,2,val,3804
Training/notumor/Tr-no_1367.jpg,notumor,2,train,801
Training/notumor/Tr-no_1368.jpg,notumor,2,train,855
Training/notumor/Tr-no_1369.jpg,notumor,2,train,821
Training/notumor/Tr-no_137.jpg,notumor,2,test,730
Training/notumor/Tr-no_1370.jpg,notumor,2,train,689
Training/notumor/Tr-no_1371.jpg,notumor,2,train,663
Training/notumor/Tr-no_1372.jpg,notumor,2,val,3805
Training/notumor/Tr-no_1373.jpg,notumor,2,val,3806
Training/notumor/Tr-no_1374.jpg,notumor,2,train,3807
Training/notumor/Tr-no_1375.jpg,notumor,2,train,825
Training/notumor/Tr-no_1376.jpg,notumor,2,train,3648
Training/notumor/Tr-no_1377.jpg,notumor,2,train,779
Training/notumor/Tr-no_1378.jpg,notumor,2,train,3712
Training/notumor/Tr-no_1379.jpg,notumor,2,train,795
Training/notumor/Tr-no_138.jpg,notumor,2,train,754
Training/notumor/Tr-no_1380.jpg,notumor,2,test,3698
Training/notumor/Tr-no_1381.jpg,notumor,2,train,774
Training/notumor/Tr-no_1382.jpg,notumor,2,train,747
Training/notumor/Tr-no_1383.jpg,notumor,2,train,754
Training/notumor/Tr-no_1384.jpg,notumor,2,val,3808
Training/notumor/Tr-no_1385.jpg,notumor,2,train,711
Training/notumor/Tr-no_1386.jpg,notumor,2,test,657
Training/notumor/Tr-no_1387.jpg,notumor,2,train,734
Training/notumor/Tr-no_1388.jpg,notumor,2,train,748
Training/notumor/Tr-no_1389.jpg,notumor,2,train,811
Training/notumor/Tr-no_139.jpg,notumor,2,val,782
Training/notumor/Tr-no_1390.jpg,notumor,2,val,3809
Training/notumor/Tr-no_1391.jpg,notumor,2,val,3810
Training/notumor/Tr-no_1392.jpg,notumor,2,train,825
Training/notumor/Tr-no_1393.jpg,notumor,2,train,3811
Training/notumor/Tr-no_1394.jpg,notumor,2,train,3812
Training/notumor/Tr-no_1395.jpg,notumor,2,test,3813
Training/notumor/Tr-no_1396.jpg,notumor,2,train,721
Training/notumor/Tr-no_1397.jpg,notumor,2,val,3814
Training/notumor/Tr-no_1398.jpg,notumor,2,train,3815
Training/notumor/Tr-no_1399.jpg,notumor,2,train,738
Training/notumor/Tr-no_14.jpg,notumor,2,train,3709
Training/notumor/Tr-no_140.jpg,notumor,2,test,3816
Training/notumor/Tr-no_1400.jpg,notumor,2,train,793
Training/notumor/Tr-no_141.jpg,notumor,2,train,857
Training/notumor/Tr-no_142.jpg,notumor,2,train,767
Training/notumor/Tr-no_143.jpg,notumor,2,val,782
Training/notumor/Tr-no_144.jpg,notumor,2,train,3817
Training/notumor/Tr-no_145.jpg,notumor,2,train,654
Training/notumor/Tr-no_146.jpg,notumor,2,train,750
Training/notumor/Tr-no_147.jpg,notumor,2,train,715
Training/notumor/Tr-no_148.jpg,notumor,2,train,698
Training/notumor/Tr-no_149.jpg,notumor,2,train,813
Training/notumor/Tr-no_15.jpg,notumor,2,train,3818
Training/notumor/Tr-no_150.jpg,notumor,2,test,3819
Training/notumor/Tr-no_151.jpg,notumor,2,train,651
Training/notumor/Tr-no_152.jpg,notumor,2,test,3707
Training/notumor/Tr-no_153.jpg,notumor,2,train,695
Training/notumor/Tr-no_154.jpg,notumor,2,train,684
Training/notumor/Tr-no_155.jpg,notumor,2,train,3820
Training/notumor/Tr-no_156.jpg,notumor,2,val,3769
Training/notumor/Tr-no_157.jpg,notumor,2,val,3821
Training/notumor/Tr-no_158.jpg,notumor,2,train,772
Training/notumor/Tr-no_159.jpg,notumor,2,train,754
Training/notumor/Tr-no_16.jpg,notumor,2,train,689
Training/notumor/Tr-no_160.jpg,notumor,2,val,816
Training/notumor/Tr-no_161.jpg,notumor,2,val,3822
Training/notumor/Tr-no_162.jpg,notumor,2,test,3801
Training/notumor/Tr-no_163.jpg,notumor,2,train,673
Training/notumor/Tr-no_164.jpg,notumor,2,train,801
Training/notumor/Tr-no_165.jpg,notumor,2,train,3719
Training/notumor/Tr-no_166.jpg,notumor,2,val,3823
Training/notumor/Tr-no_167.jpg,notumor,2,train,3824
Training/notumor/Tr-no_168.jpg,notumor,2,train,3812
Training/notumor/Tr-no_169.jpg,notumor,2,train,667
Training/notumor/Tr-no_17.jpg,notumor,2,test,3813
Training/notumor/Tr-no_170.jpg,notumor,2,train,759
Training/notumor/Tr-no_171.jpg,notumor,2,train,3825
Training/notumor/Tr-no_172.jpg,notumor,2,val,691
Training/notumor/Tr-no_173.jpg,notumor,2,test,3826
Training/notumor/Tr-no_174.jpg,notumor,2,train,3827
Training/notumor/Tr-no_175.jpg,notumor,2,val,782
Training/notumor/Tr-no_176.jpg,notumor,2,train,754
Training/notumor/Tr-no_177.jpg,notumor,2,train,665
Training/notumor/Tr-no_178.jpg,notumor,2,train,3742
Training/notumor/Tr-no_179.jpg,notumor,2,val,3828
Training/notumor/Tr-no_18.jpg,notumor,2,train,770
Training/notumor/Tr-no_180.jpg,notumor,2,test,3829
Training/notumor/Tr-no_181.jpg,notumor,2,test,788
Training/notumor/Tr-no_182.jpg,notumor,2,train,716
Training/notumor/Tr-no_183.jpg,notumor,2,train,3830
Training/notumor/Tr-no_184.jpg,notumor,2,train,711
Training/notumor/Tr-no_185.jpg,notumor,2,train,3831
Training/notumor/Tr-no_186.jpg,notumor,2,train,805
Training/notumor/Tr-no_187.jpg,notumor,2,train,831
Training/notumor/Tr-no_188.jpg,notumor,2,train,767
Training/notumor/Tr-no_189.jpg,notumor,2,train,770
Training/notumor/Tr-no_19.jpg,notumor,2,train,678
Training/notumor/Tr-no_190.jpg,notumor,2,val,3832
Training/notumor/Tr-no_191.jpg,notumor,2,train,742
Training/notumor/Tr-no_192.jpg,notumor,2,train,3833
Training/notumor/Tr-no_193.jpg,notumor,2,val,3834
Training/notumor/Tr-no_194.jpg,notumor,2,train,865
Training/notumor/Tr-no_195.jpg,notumor,2,train,800
Training/notumor/Tr-no_196.jpg,notumor,2,val,3835
Training/notumor/Tr-no_197.jpg,notumor,2,train,734
Training/notumor/Tr-no_198.jpg,notumor,2,test,3667
Training/notumor/Tr-no_199.jpg,notumor,2,train,711
Training/notumor/Tr-no_2.jpg,notumor,2,train,836
Training/notumor/Tr-no_20.jpg,notumor,2,test,3836
Training/notumor/Tr-no_200.jpg,notumor,2,train,673
Training/notumor/Tr-no_201.jpg,notumor,2,train,3837
Training/notumor/Tr-no_202.jpg,notumor,2,train,747
Training/notumor/Tr-no_203.jpg,notumor,2,train,667
Training/notumor/Tr-no_204.jpg,notumor,2,train,817
Training/notumor/Tr-no_205.jpg,notumor,2,train,661
Training/notumor/Tr-no_206.jpg,notumor,2,train,795
Training/notumor/Tr-no_207.jpg,notumor,2,test,669
Training/notumor/Tr-no_208.jpg,notumor,2,test,3838
Training/notumor/Tr-no_209.jpg,notumor,2,train,3839
Training/notumor/Tr-no_21.jpg,notumor,2,train,667
Training/notumor/Tr-no_210.jpg,notumor,2,val,3840
Training/notumor/Tr-no_211.jpg,notumor,2,train,679
Training/notumor/Tr-no_212.jpg,notumor,2,train,661
Training/notumor/Tr-no_213.jpg,notumor,2,train,671
Training/notumor/Tr-no_214.jpg,notumor,2,test,3760
Training/notumor/Tr-no_215.jpg,notumor,2,val,3841
Training/notumor/Tr-no_216.jpg,notumor,2,train,3723
Training/notumor/Tr-no_217.jpg,notumor,2,train,825
Training/notumor/Tr-no_218.jpg,notumor,2,test,3842
Training/notumor/Tr-no_219.jpg,notumor,2,train,865
Training/notumor/Tr-no_22.jpg,notumor,2,train,3843
Training/notumor/Tr-no_220.jpg,notumor,2,train,821
Training/notumor/Tr-no_221.jpg,notumor,2,train,761
Training/notumor/Tr-no_222.jpg,notumor,2,val,3844
Training/notumor/Tr-no_223.jpg,notumor,2,train,678
Training/notumor/Tr-no_224.jpg,notumor,2,train,667
Training/notumor/Tr-no_225.jpg,notumor,2,val,3845
Training/notumor/Tr-no_226.jpg,notumor,2,val,3846
Training/notumor/Tr-no_227.jpg,notumor,2,test,763
Training/notumor/Tr-no_228.jpg,notumor,2,train,771
Training/notumor/Tr-no_229.jpg,notumor,2,val,3847
Training/notumor/Tr-no_23.jpg,notumor,2,train,836
Training/notumor/Tr-no_230.jpg,notumor,2,train,3812
Training/notumor/Tr-no_231.jpg,notumor,2,train,713
Training/notumor/Tr-no_232.jpg,notumor,2,train,667
Training/notumor/Tr-no_233.jpg,notumor,2,train,3848
Training/notumor/Tr-no_234.jpg,notumor,2,train,663
Training/notumor/Tr-no_235.jpg,notumor,2,test,3789
Training/notumor/Tr-no_236.jpg,notumor,2,train,672
Training/notumor/Tr-no_237.jpg,notumor,2,train,667
Training/notumor/Tr-no_238.jpg,notumor,2,train,811
Training/notumor/Tr-no_239.jpg,notumor,2,train,718
Training/notumor/Tr-no_24.jpg,notumor,2,train,655
Training/notumor/Tr-no_240.jpg,notumor,2,val,3849
Training/notumor/Tr-no_241.jpg,notumor,2,train,667
Training/notumor/Tr-no_242.jpg,notumor,2,test,3850
Training/notumor/Tr-no_243.jpg,notumor,2,train,817
Training/notumor/Tr-no_244.jpg,notumor,2,val,3851
Training/notumor/Tr-no_245.jpg,notumor,2,train,3690
Training/notumor/Tr-no_246.jpg,notumor,2,train,727
Training/notumor/Tr-no_247.jpg,notumor,2,train,700
Training/notumor/Tr-no_248.jpg,notumor,2,test,3852
Training/notumor/Tr-no_249.jpg,notumor,2,train,667
Training/notumor/Tr-no_25.jpg,notumor,2,train,721
Training/notumor/Tr-no_250.jpg,notumor,2,val,3853
Training/notumor/Tr-no_251.jpg,notumor,2,train,667
Training/notumor/Tr-no_252.jpg,notumor,2,train,739
Training/notumor/Tr-no_253.jpg,notumor,2,train,259
Training/notumor/Tr-no_254.jpg,notumor,2,train,671
Training/notumor/Tr-no_255.jpg,notumor,2,train,3790
Training/notumor/Tr-no_256.jpg,notumor,2,train,734
Training/notumor/Tr-no_257.jpg,notumor,2,val,3854
Training/notumor/Tr-no_258.jpg,notumor,2,val,3855
Training/notumor/Tr-no_259.jpg,notumor,2,train,728
Training/notumor/Tr-no_26.jpg,notumor,2,val,3856
Training/notumor/Tr-no_260.jpg,notumor,2,train,721
Training/notumor/Tr-no_261.jpg,notumor,2,val,3857
Training/notumor/Tr-no_262.jpg,notumor,2,train,3650
Training/notumor/Tr-no_263.jpg,notumor,2,train,3843
Training/notumor/Tr-no_264.jpg,notumor,2,train,789
Training/notumor/Tr-no_265.jpg,notumor,2,train,667
Training/notumor/Tr-no_266.jpg,notumor,2,val,3858
Training/notumor/Tr-no_267.jpg,notumor,2,train,667
Training/notumor/Tr-no_268.jpg,notumor,2,train,3859
Training/notumor/Tr-no_269.jpg,notumor,2,train,673
Training/notumor/Tr-no_27.jpg,notumor,2,train,793
Training/notumor/Tr-no_270.jpg,notumor,2,train,259
Training/notumor/Tr-no_271.jpg,notumor,2,train,775
Training/notumor/Tr-no_272.jpg,notumor,2,train,725
Training/notumor/Tr-no_273.jpg,notumor,2,train,3788
Training/notumor/Tr-no_274.jpg,notumor,2,test,3860
Training/notumor/Tr-no_275.jpg,notumor,2,val,3772
Training/notumor/Tr-no_276.jpg,notumor,2,train,721
Training/notumor/Tr-no_277.jpg,notumor,2,train,818
Training/notumor/Tr-no_278.jpg,notumor,2,train,772
Training/notumor/Tr-no_279.jpg,notumor,2,train,3861
Training/notumor/Tr-no_28.jpg,notumor,2,test,3862
Training/notumor/Tr-no_280.jpg,notumor,2,train,3692
Training/notumor/Tr-no_281.jpg,notumor,2,train,3692
Training/notumor/Tr-no_282.jpg,notumor,2,val,3863
Training/notumor/Tr-no_283.jpg,notumor,2,train,678
Training/notumor/Tr-no_284.jpg,notumor,2,train,667
Training/notumor/Tr-no_285.jpg,notumor,2,test,3745
Training/notumor/Tr-no_286.jpg,notumor,2,train,662
Training/notumor/Tr-no_287.jpg,notumor,2,train,754
Training/notumor/Tr-no_288.jpg,notumor,2,train,754
Training/notumor/Tr-no_289.jpg,notumor,2,train,3864
Training/notumor/Tr-no_29.jpg,notumor,2,train,667
Training/notumor/Tr-no_290.jpg,notumor,2,train,742
Training/notumor/Tr-no_291.jpg,notumor,2,test,866
Training/notumor/Tr-no_292.jpg,notumor,2,val,3865
Training/notumor/Tr-no_293.jpg,notumor,2,train,668
Training/notumor/Tr-no_294.jpg,notumor,2,test,783
Training/notumor/Tr-no_295.jpg,notumor,2,test,3866
Training/notumor/Tr-no_296.jpg,notumor,2,train,721
Training/notumor/Tr-no_297.jpg,notumor,2,train,808
Training/notumor/Tr-no_298.jpg,notumor,2,test,3867
Training/notumor/Tr-no_299.jpg,notumor,2,test,3667
Training/notumor/Tr-no_3.jpg,notumor,2,test,3868
Training/notumor/Tr-no_30.jpg,notumor,2,train,3869
Training/notumor/Tr-no_300.jpg,notumor,2,test,3870
Training/notumor/Tr-no_301.jpg,notumor,2,train,3790
Training/notumor/Tr-no_302.jpg,notumor,2,test,709
Training/notumor/Tr-no_303.jpg,notumor,2,val,3740
Training/notumor/Tr-no_304.jpg,notumor,2,train,817
Training/notumor/Tr-no_305.jpg,notumor,2,test,3871
Training/notumor/Tr-no_306.jpg,notumor,2,train,765
Training/notumor/Tr-no_307.jpg,notumor,2,test,3872
Training/notumor/Tr-no_308.jpg,notumor,2,train,3704
Training/notumor/Tr-no_309.jpg,notumor,2,test,699
Training/notumor/Tr-no_31.jpg,notumor,2,test,3873
Training/notumor/Tr-no_310.jpg,notumor,2,train,661
Training/notumor/Tr-no_311.jpg,notumor,2,train,841
Training/notumor/Tr-no_312.jpg,notumor,2,val,3874
Training/notumor/Tr-no_313.jpg,notumor,2,train,705
Training/notumor/Tr-no_314.jpg,notumor,2,train,714
Training/notumor/Tr-no_315.jpg,notumor,2,train,3875
Training/notumor/Tr-no_316.jpg,notumor,2,test,3722
Training/notumor/Tr-no_317.jpg,notumor,2,train,3688
Training/notumor/Tr-no_318.jpg,notumor,2,train,719
Training/notumor/Tr-no_319.jpg,notumor,2,train,767
Training/notumor/Tr-no_32.jpg,notumor,2,train,3837
Training/notumor/Tr-no_320.jpg,notumor,2,train,679
Training/notumor/Tr-no_321.jpg,notumor,2,train,754
Training/notumor/Tr-no_322.jpg,notumor,2,train,667
Training/notumor/Tr-no_323.jpg,notumor,2,train,3684
Training/notumor/Tr-no_324.jpg,notumor,2,test,787
Training/notumor/Tr-no_325.jpg,notumor,2,train,735
Training/notumor/Tr-no_326.jpg,notumor,2,train,718
Training/notumor/Tr-no_327.jpg,notumor,2,train,3717
Training/notumor/Tr-no_328.jpg,notumor,2,train,795
Training/notumor/Tr-no_329.jpg,notumor,2,train,722
Training/notumor/Tr-no_33.jpg,notumor,2,train,3876
Training/notumor/Tr-no_330.jpg,notumor,2,train,711
Training/notumor/Tr-no_331.jpg,notumor,2,train,762
Training/notumor/Tr-no_332.jpg,notumor,2,val,3877
Training/notumor/Tr-no_333.jpg,notumor,2,train,3878
Training/notumor/Tr-no_334.jpg,notumor,2,train,678
Training/notumor/Tr-no_335.jpg,notumor,2,train,795
Training/notumor/Tr-no_336.jpg,notumor,2,test,3879
Training/notumor/Tr-no_337.jpg,notumor,2,train,859
Training/notumor/Tr-no_338.jpg,notumor,2,train,688
Training/notumor/Tr-no_339.jpg,notumor,2,train,667
Training/notumor/Tr-no_34.jpg,notumor,2,val,3880
Training/notumor/Tr-no_340.jpg,notumor,2,train,826
Training/notumor/Tr-no_341.jpg,notumor,2,train,868
Training/notumor/Tr-no_342.jpg,notumor,2,train,768
Training/notumor/Tr-no_343.jpg,notumor,2,train,823
Training/notumor/Tr-no_344.jpg,notumor,2,test,3826
Training/notumor/Tr-no_345.jpg,notumor,2,train,827
Training/notumor/Tr-no_346.jpg,notumor,2,train,3881
Training/notumor/Tr-no_347.jpg,notumor,2,train,684
Training/notumor/Tr-no_348.jpg,notumor,2,val,3882
Training/notumor/Tr-no_349.jpg,notumor,2,test,3883
Training/notumor/Tr-no_35.jpg,notumor,2,train,671
Training/notumor/Tr-no_350.jpg,notumor,2,test,3884
Training/notumor/Tr-no_351.jpg,notumor,2,train,667
Training/notumor/Tr-no_352.jpg,notumor,2,train,710
Training/notumor/Tr-no_353.jpg,notumor,2,train,661
Training/notumor/Tr-no_354.jpg,notumor,2,train,811
Training/notumor/Tr-no_355.jpg,notumor,2,train,3885
Training/notumor/Tr-no_356.jpg,notumor,2,val,3886
Training/notumor/Tr-no_357.jpg,notumor,2,train,724
Training/notumor/Tr-no_358.jpg,notumor,2,test,3887
Training/notumor/Tr-no_359.jpg,notumor,2,train,772
Training/notumor/Tr-no_36.jpg,notumor,2,train,722
Training/notumor/Tr-no_360.jpg,notumor,2,val,844
Training/notumor/Tr-no_361.jpg,notumor,2,train,806
Training/notumor/Tr-no_362.jpg,notumor,2,train,839
Training/notumor/Tr-no_363.jpg,notumor,2,train,3888
Training/notumor/Tr-no_364.jpg,notumor,2,train,723
Training/notumor/Tr-no_365.jpg,notumor,2,train,684
Training/notumor/Tr-no_366.jpg,notumor,2,test,3889
Training/notumor/Tr-no_367.jpg,notumor,2,train,800
Training/notumor/Tr-no_368.jpg,notumor,2,train,739
Training/notumor/Tr-no_369.jpg,notumor,2,train,710
Training/notumor/Tr-no_37.jpg,notumor,2,train,825
Training/notumor/Tr-no_370.jpg,notumor,2,train,772
Training/notumor/Tr-no_371.jpg,notumor,2,train,667
Training/notumor/Tr-no_372.jpg,notumor,2,test,3890
Training/notumor/Tr-no_373.jpg,notumor,2,train,675
Training/notumor/Tr-no_374.jpg,notumor,2,train,722
Training/notumor/Tr-no_375.jpg,notumor,2,train,722
Training/notumor/Tr-no_376.jpg,notumor,2,test,3891
Training/notumor/Tr-no_377.jpg,notumor,2,train,677
Training/notumor/Tr-no_378.jpg,notumor,2,train,806
Training/notumor/Tr-no_379.jpg,notumor,2,train,667
Training/notumor/Tr-no_38.jpg,notumor,2,test,3796
Training/notumor/Tr-no_380.jpg,notumor,2,test,3758
Training/notumor/Tr-no_381.jpg,notumor,2,test,732
Training/notumor/Tr-no_382.jpg,notumor,2,train,744
Training/notumor/Tr-no_383.jpg,notumor,2,train,3892
Training/notumor/Tr-no_384.jpg,notumor,2,train,744
Training/notumor/Tr-no_385.jpg,notumor,2,train,865
Training/notumor/Tr-no_386.jpg,notumor,2,train,684
Training/notumor/Tr-no_387.jpg,notumor,2,test,3758
Training/notumor/Tr-no_388.jpg,notumor,2,train,747
Training/notumor/Tr-no_389.jpg,notumor,2,train,735
Training/notumor/Tr-no_39.jpg,notumor,2,train,3893
Training/notumor/Tr-no_390.jpg,notumor,2,train,805
Training/notumor/Tr-no_391.jpg,notumor,2,val,871
Training/notumor/Tr-no_392.jpg,notumor,2,test,848
Training/notumor/Tr-no_393.jpg,notumor,2,val,3703
Training/notumor/Tr-no_394.jpg,notumor,2,train,721
Training/notumor/Tr-no_395.jpg,notumor,2,train,721
Training/notumor/Tr-no_396.jpg,notumor,2,train,734
Training/notumor/Tr-no_397.jpg,notumor,2,train,803
Training/notumor/Tr-no_398.jpg,notumor,2,test,3734
Training/notumor/Tr-no_399.jpg,notumor,2,train,3668
Training/notumor/Tr-no_4.jpg,notumor,2,train,690
Training/notumor/Tr-no_40.jpg,notumor,2,test,3894
Training/notumor/Tr-no_400.jpg,notumor,2,train,754
Training/notumor/Tr-no_401.jpg,notumor,2,val,780
Training/notumor/Tr-no_402.jpg,notumor,2,train,663
Training/notumor/Tr-no_403.jpg,notumor,2,train,729
Training/notumor/Tr-no_404.jpg,notumor,2,train,718
Training/notumor/Tr-no_405.jpg,notumor,2,train,857
Training/notumor/Tr-no_406.jpg,notumor,2,train,3748
Training/notumor/Tr-no_407.jpg,notumor,2,val,3895
Training/notumor/Tr-no_408.jpg,notumor,2,test,3896
Training/notumor/Tr-no_409.jpg,notumor,2,train,672
Training/notumor/Tr-no_41.jpg,notumor,2,train,754
Training/notumor/Tr-no_410.jpg,notumor,2,val,3739
Training/notumor/Tr-no_411.jpg,notumor,2,train,3735
Training/notumor/Tr-no_412.jpg,notumor,2,train,3677
Training/notumor/Tr-no_413.jpg,notumor,2,train,731
Training/notumor/Tr-no_414.jpg,notumor,2,val,3846
Training/notumor/Tr-no_415.jpg,notumor,2,train,3825
Training/notumor/Tr-no_416.jpg,notumor,2,val,3897
Training/notumor/Tr-no_417.jpg,notumor,2,train,3843
Training/notumor/Tr-no_418.jpg,notumor,2,test,3898
Training/notumor/Tr-no_419.jpg,notumor,2,train,754
Training/notumor/Tr-no_42.jpg,notumor,2,train,3692
Training/notumor/Tr-no_420.jpg,notumor,2,val,3730
Training/notumor/Tr-no_421.jpg,notumor,2,val,3899
Training/notumor/Tr-no_422.jpg,notumor,2,train,842
Training/notumor/Tr-no_423.jpg,notumor,2,train,3900
Training/notumor/Tr-no_424.jpg,notumor,2,train,671
Training/notumor/Tr-no_425.jpg,notumor,2,train,716
Training/notumor/Tr-no_426.jpg,notumor,2,val,3901
Training/notumor/Tr-no_427.jpg,notumor,2,train,3723
Training/notumor/Tr-no_428.jpg,notumor,2,train,3902
Training/notumor/Tr-no_429.jpg,notumor,2,test,746
Training/notumor/Tr-no_43.jpg,notumor,2,train,3718
Training/notumor/Tr-no_430.jpg,notumor,2,train,722
Training/notumor/Tr-no_431.jpg,notumor,2,val,3903
Training/notumor/Tr-no_432.jpg,notumor,2,val,3904
Training/notumor/Tr-no_433.jpg,notumor,2,train,3905
Training/notumor/Tr-no_434.jpg,notumor,2,test,3906
Training/notumor/Tr-no_435.jpg,notumor,2,train,772
Training/notumor/Tr-no_436.jpg,notumor,2,test,3907
Training/notumor/Tr-no_437.jpg,notumor,2,train,673
Training/notumor/Tr-no_438.jpg,notumor,2,train,3908
Training/notumor/Tr-no_439.jpg,notumor,2,test,3743
Training/notumor/Tr-no_44.jpg,notumor,2,train,817
Training/notumor/Tr-no_440.jpg,notumor,2,train,854
Training/notumor/Tr-no_441.jpg,notumor,2,train,3909
Training/notumor/Tr-no_442.jpg,notumor,2,test,3910
Training/notumor/Tr-no_443.jpg,notumor,2,train,710
Training/notumor/Tr-no_444.jpg,notumor,2,test,799
Training/notumor/Tr-no_445.jpg,notumor,2,train,3911
Training/notumor/Tr-no_446.jpg,notumor,2,train,748
Training/notumor/Tr-no_447.jpg,notumor,2,train,678
Training/notumor/Tr-no_448.jpg,notumor,2,train,3692
Training/notumor/Tr-no_449.jpg,notumor,2,test,680
Training/notumor/Tr-no_45.jpg,notumor,2,train,3912
Training/notumor/Tr-no_450.jpg,notumor,2,val,850
Training/notumor/Tr-no_451.jpg,notumor,2,test,3913
Training/notumor/Tr-no_452.jpg,notumor,2,train,3914
Training/notumor/Tr-no_453.jpg,notumor,2,train,721
Training/notumor/Tr-no_454.jpg,notumor,2,test,3666
Training/notumor/Tr-no_455.jpg,notumor,2,train,3915
Training/notumor/Tr-no_456.jpg,notumor,2,val,3916
Training/notumor/Tr-no_457.jpg,notumor,2,val,3917
Training/notumor/Tr-no_458.jpg,notumor,2,train,661
Training/notumor/Tr-no_459.jpg,notumor,2,val,3918
Training/notumor/Tr-no_46.jpg,notumor,2,train,667
Training/notumor/Tr-no_460.jpg,notumor,2,train,838
Training/notumor/Tr-no_461.jpg,notumor,2,train,3767
Training/notumor/Tr-no_462.jpg,notumor,2,train,3919
Training/notumor/Tr-no_463.jpg,notumor,2,val,3886
Training/notumor/Tr-no_464.jpg,notumor,2,train,3790
Training/notumor/Tr-no_465.jpg,notumor,2,train,3690
Training/notumor/Tr-no_466.jpg,notumor,2,train,3688
Training/notumor/Tr-no_467.jpg,notumor,2,val,3874
Training/notumor/Tr-no_468.jpg,notumor,2,train,652
Training/notumor/Tr-no_469.jpg,notumor,2,train,655
Training/notumor/Tr-no_47.jpg,notumor,2,train,3723
Training/notumor/Tr-no_470.jpg,notumor,2,train,655
Training/notumor/Tr-no_471.jpg,notumor,2,test,3920
Training/notumor/Tr-no_472.jpg,notumor,2,val,3853
Training/notumor/Tr-no_473.jpg,notumor,2,train,673
Training/notumor/Tr-no_474.jpg,notumor,2,train,3900
Training/notumor/Tr-no_475.jpg,notumor,2,train,808
Training/notumor/Tr-no_476.jpg,notumor,2,train,259
Training/notumor/Tr-no_477.jpg,notumor,2,val,3751
Training/notumor/Tr-no_478.jpg,notumor,2,val,3858
Training/notumor/Tr-no_479.jpg,notumor,2,train,659
Training/notumor/Tr-no_48.jpg,notumor,2,train,3709
Training/notumor/Tr-no_480.jpg,notumor,2,train,664
Training/notumor/Tr-no_481.jpg,notumor,2,train,3921
Training/notumor/Tr-no_482.jpg,notumor,2,val,3922
Training/notumor/Tr-no_483.jpg,notumor,2,train,857
Training/notumor/Tr-no_484.jpg,notumor,2,train,3923
Training/notumor/Tr-no_485.jpg,notumor,2,val,3924
Training/notumor/Tr-no_486.jpg,notumor,2,val,3925
Training/notumor/Tr-no_487.jpg,notumor,2,train,3926
Training/notumor/Tr-no_488.jpg,notumor,2,train,663
Training/notumor/Tr-no_489.jpg,notumor,2,val,3927
Training/notumor/Tr-no_49.jpg,notumor,2,train,823
Training/notumor/Tr-no_490.jpg,notumor,2,train,3770
Training/notumor/Tr-no_491.jpg,notumor,2,train,683
Training/notumor/Tr-no_492.jpg,notumor,2,train,3905
Training/notumor/Tr-no_493.jpg,notumor,2,val,3928
Training/notumor/Tr-no_494.jpg,notumor,2,train,3704
Training/notumor/Tr-no_495.jpg,notumor,2,test,702
Training/notumor/Tr-no_496.jpg,notumor,2,val,3929
Training/notumor/Tr-no_497.jpg,notumor,2,train,689
Training/notumor/Tr-no_498.jpg,notumor,2,train,786
Training/notumor/Tr-no_499.jpg,notumor,2,train,678
Training/notumor/Tr-no_5.jpg,notumor,2,train,667
Training/notumor/Tr-no_50.jpg,notumor,2,train,770
Training/notumor/Tr-no_500.jpg,notumor,2,train,727
Training/notumor/Tr-no_501.jpg,notumor,2,val,776
Training/notumor/Tr-no_502.jpg,notumor,2,train,3748
Training/notumor/Tr-no_503.jpg,notumor,2,test,3654
Training/notumor/Tr-no_504.jpg,notumor,2,train,655
Training/notumor/Tr-no_505.jpg,notumor,2,test,3930
Training/notumor/Tr-no_506.jpg,notumor,2,val,3931
Training/notumor/Tr-no_507.jpg,notumor,2,test,3932
Training/notumor/Tr-no_508.jpg,notumor,2,train,831
Training/notumor/Tr-no_509.jpg,notumor,2,test,3933
Training/notumor/Tr-no_51.jpg,notumor,2,val,3751
Training/notumor/Tr-no_510.jpg,notumor,2,train,752
Training/notumor/Tr-no_511.jpg,notumor,2,train,718
Training/notumor/Tr-no_512.jpg,notumor,2,val,3858
Training/notumor/Tr-no_513.jpg,notumor,2,train,789
Training/notumor/Tr-no_514.jpg,notumor,2,train,825
Training/notumor/Tr-no_515.jpg,notumor,2,train,795
Training/notumor/Tr-no_516.jpg,notumor,2,train,3815
Training/notumor/Tr-no_517.jpg,notumor,2,train,728
Training/notumor/Tr-no_518.jpg,notumor,2,test,3934
Training/notumor/Tr-no_519.jpg,notumor,2,train,3935
Training/notumor/Tr-no_52.jpg,notumor,2,train,3936
Training/notumor/Tr-no_520.jpg,notumor,2,test,3937
Training/notumor/Tr-no_521.jpg,notumor,2,train,689
Training/notumor/Tr-no_522.jpg,notumor,2,train,3938
Training/notumor/Tr-no_523.jpg,notumor,2,val,3939
Training/notumor/Tr-no_524.jpg,notumor,2,test,3940
Training/notumor/Tr-no_525.jpg,notumor,2,test,3941
Training/notumor/Tr-no_526.jpg,notumor,2,train,800
Training/notumor/Tr-no_527.jpg,notumor,2,test,3942
Training/notumor/Tr-no_528.jpg,notumor,2,train,859
Training/notumor/Tr-no_529.jpg,notumor,2,train,689
Training/notumor/Tr-no_53.jpg,notumor,2,train,671
Training/notumor/Tr-no_530.jpg,notumor,2,train,862
Training/notumor/Tr-no_531.jpg,notumor,2,train,759
Training/notumor/Tr-no_532.jpg,notumor,2,val,3927
Training/notumor/Tr-no_533.jpg,notumor,2,train,3943
Training/notumor/Tr-no_534.jpg,notumor,2,train,3712
Training/notumor/Tr-no_535.jpg,notumor,2,val,3944
Training/notumor/Tr-no_536.jpg,notumor,2,train,754
Training/notumor/Tr-no_537.jpg,notumor,2,train,95
Training/notumor/Tr-no_538.jpg,notumor,2,train,711
Training/notumor/Tr-no_539.jpg,notumor,2,val,3945
Training/notumor/Tr-no_54.jpg,notumor,2,train,719
Training/notumor/Tr-no_540.jpg,notumor,2,train,743
Training/notumor/Tr-no_541.jpg,notumor,2,train,3718
Training/notumor/Tr-no_542.jpg,notumor,2,train,3833
Training/notumor/Tr-no_543.jpg,notumor,2,val,3945
Training/notumor/Tr-no_544.jpg,notumor,2,train,849
Training/notumor/Tr-no_545.jpg,notumor,2,test,3796
Training/notumor/Tr-no_546.jpg,notumor,2,val,3731
Training/notumor/Tr-no_547.jpg,notumor,2,train,718
Training/notumor/Tr-no_548.jpg,notumor,2,train,696
Training/notumor/Tr-no_549.jpg,notumor,2,train,705
Training/notumor/Tr-no_55.jpg,notumor,2,train,3680
Training/notumor/Tr-no_550.jpg,notumor,2,train,829
Training/notumor/Tr-no_551.jpg,notumor,2,train,3946
Training/notumor/Tr-no_552.jpg,notumor,2,train,754
Training/notumor/Tr-no_553.jpg,notumor,2,val,3947
Training/notumor/Tr-no_554.jpg,notumor,2,train,785
Training/notumor/Tr-no_555.jpg,notumor,2,val,3771
Training/notumor/Tr-no_556.jpg,notumor,2,train,731
Training/notumor/Tr-no_557.jpg,notumor,2,test,3743
Training/notumor/Tr-no_558.jpg,notumor,2,train,716
Training/notumor/Tr-no_559.jpg,notumor,2,train,825
Training/notumor/Tr-no_56.jpg,notumor,2,train,754
Training/notumor/Tr-no_560.jpg,notumor,2,val,753
Training/notumor/Tr-no_561.jpg,notumor,2,train,737
Training/notumor/Tr-no_562.jpg,notumor,2,test,3948
Training/notumor/Tr-no_563.jpg,notumor,2,val,835
Training/notumor/Tr-no_564.jpg,notumor,2,train,690
Training/notumor/Tr-no_565.jpg,notumor,2,val,3809
Training/notumor/Tr-no_566.jpg,notumor,2,test,848
Training/notumor/Tr-no_567.jpg,notumor,2,train,728
Training/notumor/Tr-no_568.jpg,notumor,2,train,771
Training/notumor/Tr-no_569.jpg,notumor,2,train,3695
Training/notumor/Tr-no_57.jpg,notumor,2,train,663
Training/notumor/Tr-no_570.jpg,notumor,2,test,787
Training/notumor/Tr-no_571.jpg,notumor,2,train,849
Training/notumor/Tr-no_572.jpg,notumor,2,train,823
Training/notumor/Tr-no_573.jpg,notumor,2,train,722
Training/notumor/Tr-no_574.jpg,notumor,2,train,821
Training/notumor/Tr-no_575.jpg,notumor,2,train,3718
Training/notumor/Tr-no_576.jpg,notumor,2,train,3949
Training/notumor/Tr-no_577.jpg,notumor,2,train,3741
Training/notumor/Tr-no_578.jpg,notumor,2,train,3680
Training/notumor/Tr-no_579.jpg,notumor,2,train,3712
Training/notumor/Tr-no_58.jpg,notumor,2,train,3950
Training/notumor/Tr-no_580.jpg,notumor,2,val,3847
Training/notumor/Tr-no_581.jpg,notumor,2,test,3894
Training/notumor/Tr-no_582.jpg,notumor,2,val,3899
Training/notumor/Tr-no_583.jpg,notumor,2,train,689
Training/notumor/Tr-no_584.jpg,notumor,2,test,697
Training/notumor/Tr-no_585.jpg,notumor,2,train,678
Training/notumor/Tr-no_586.jpg,notumor,2,train,836
Training/notumor/Tr-no_587.jpg,notumor,2,train,717
Training/notumor/Tr-no_588.jpg,notumor,2,train,721
Training/notumor/Tr-no_589.jpg,notumor,2,test,3951
Training/notumor/Tr-no_59.jpg,notumor,2,test,3952
Training/notumor/Tr-no_590.jpg,notumor,2,test,3745
Training/notumor/Tr-no_591.jpg,notumor,2,val,3774
Training/notumor/Tr-no_592.jpg,notumor,2,val,851
Training/notumor/Tr-no_593.jpg,notumor,2,test,3953
Training/notumor/Tr-no_594.jpg,notumor,2,train,3719
Training/notumor/Tr-no_595.jpg,notumor,2,train,762
Training/notumor/Tr-no_596.jpg,notumor,2,train,661
Training/notumor/Tr-no_597.jpg,notumor,2,train,762
Training/notumor/Tr-no_598.jpg,notumor,2,train,750
Training/notumor/Tr-no_599.jpg,notumor,2,train,3878
Training/notumor/Tr-no_6.jpg,notumor,2,test,3954
Training/notumor/Tr-no_60.jpg,notumor,2,train,668
Training/notumor/Tr-no_600.jpg,notumor,2,train,711
Training/notumor/Tr-no_601.jpg,notumor,2,test,3955
Training/notumor/Tr-no_602.jpg,notumor,2,val,3956
Training/notumor/Tr-no_603.jpg,notumor,2,train,842
Training/notumor/Tr-no_604.jpg,notumor,2,train,867
Training/notumor/Tr-no_605.jpg,notumor,2,train,3714
Training/notumor/Tr-no_606.jpg,notumor,2,val,3755
Training/notumor/Tr-no_607.jpg,notumor,2,train,3957
Training/notumor/Tr-no_608.jpg,notumor,2,train,3958
Training/notumor/Tr-no_609.jpg,notumor,2,val,693
Training/notumor/Tr-no_61.jpg,notumor,2,train,749
Training/notumor/Tr-no_610.jpg,notumor,2,train,3959
Training/notumor/Tr-no_611.jpg,notumor,2,train,667
Training/notumor/Tr-no_612.jpg,notumor,2,train,754
Training/notumor/Tr-no_613.jpg,notumor,2,train,806
Training/notumor/Tr-no_614.jpg,notumor,2,train,3893
Training/notumor/Tr-no_615.jpg,notumor,2,train,705
Training/notumor/Tr-no_616.jpg,notumor,2,train,3960
Training/notumor/Tr-no_617.jpg,notumor,2,test,3940
Training/notumor/Tr-no_618.jpg,notumor,2,train,792
Training/notumor/Tr-no_619.jpg,notumor,2,train,808
Training/notumor/Tr-no_62.jpg,notumor,2,train,3681
Training/notumor/Tr-no_620.jpg,notumor,2,train,825
Training/notumor/Tr-no_621.jpg,notumor,2,train,696
Training/notumor/Tr-no_622.jpg,notumor,2,train,711
Training/notumor/Tr-no_623.jpg,notumor,2,train,800
Training/notumor/Tr-no_624.jpg,notumor,2,train,671
Training/notumor/Tr-no_625.jpg,notumor,2,val,3809
Training/notumor/Tr-no_626.jpg,notumor,2,train,714
Training/notumor/Tr-no_627.jpg,notumor,2,train,3909
Training/notumor/Tr-no_628.jpg,notumor,2,train,678
Training/notumor/Tr-no_629.jpg,notumor,2,train,667
Training/notumor/Tr-no_63.jpg,notumor,2,train,3900
Training/notumor/Tr-no_630.jpg,notumor,2,train,3961
Training/notumor/Tr-no_631.jpg,notumor,2,train,781
Training/notumor/Tr-no_632.jpg,notumor,2,train,3843
Training/notumor/Tr-no_633.jpg,notumor,2,train,818
Training/notumor/Tr-no_634.jpg,notumor,2,train,3742
Training/notumor/Tr-no_635.jpg,notumor,2,train,817
Training/notumor/Tr-no_636.jpg,notumor,2,train,747
Training/notumor/Tr-no_637.jpg,notumor,2,train,831
Training/notumor/Tr-no_638.jpg,notumor,2,train,3962
Training/notumor/Tr-no_639.jpg,notumor,2,test,3738
Training/notumor/Tr-no_64.jpg,notumor,2,train,713
Training/notumor/Tr-no_640.jpg,notumor,2,train,3708
Training/notumor/Tr-no_641.jpg,notumor,2,train,819
Training/notumor/Tr-no_642.jpg,notumor,2,train,3811
Training/notumor/Tr-no_643.jpg,notumor,2,train,663
Training/notumor/Tr-no_644.jpg,notumor,2,train,849
Training/notumor/Tr-no_645.jpg,notumor,2,train,741
Training/notumor/Tr-no_646.jpg,notumor,2,train,3909
Training/notumor/Tr-no_647.jpg,notumor,2,train,770
Training/notumor/Tr-no_648.jpg,notumor,2,train,713
Training/notumor/Tr-no_649.jpg,notumor,2,train,3963
Training/notumor/Tr-no_65.jpg,notumor,2,val,851
Training/notumor/Tr-no_650.jpg,notumor,2,val,3964
Training/notumor/Tr-no_651.jpg,notumor,2,train,678
Training/notumor/Tr-no_652.jpg,notumor,2,train,865
Training/notumor/Tr-no_653.jpg,notumor,2,train,3692
Training/notumor/Tr-no_654.jpg,notumor,2,train,3965
Training/notumor/Tr-no_655.jpg,notumor,2,train,772
Training/notumor/Tr-no_656.jpg,notumor,2,test,3722
Training/notumor/Tr-no_657.jpg,notumor,2,train,754
Training/notumor/Tr-no_658.jpg,notumor,2,val,3966
Training/notumor/Tr-no_659.jpg,notumor,2,train,749
Training/notumor/Tr-no_66.jpg,notumor,2,train,671
Training/notumor/Tr-no_660.jpg,notumor,2,val,3814
Training/notumor/Tr-no_661.jpg,notumor,2,train,853
Training/notumor/Tr-no_662.jpg,notumor,2,val,3967
Training/notumor/Tr-no_663.jpg,notumor,2,train,661
Training/notumor/Tr-no_664.jpg,notumor,2,val,3928
Training/notumor/Tr-no_665.jpg,notumor,2,train,714
Training/notumor/Tr-no_666.jpg,notumor,2,train,821
Training/notumor/Tr-no_667.jpg,notumor,2,train,786
Training/notumor/Tr-no_668.jpg,notumor,2,train,718
Training/notumor/Tr-no_669.jpg,notumor,2,train,3968
Training/notumor/Tr-no_67.jpg,notumor,2,val,3969
Training/notumor/Tr-no_670.jpg,notumor,2,train,3970
Training/notumor/Tr-no_671.jpg,notumor,2,test,732
Training/notumor/Tr-no_672.jpg,notumor,2,val,3877
Training/notumor/Tr-no_673.jpg,notumor,2,train,827
Training/notumor/Tr-no_674.jpg,notumor,2,val,3945
Training/notumor/Tr-no_675.jpg,notumor,2,train,711
Training/notumor/Tr-no_676.jpg,notumor,2,train,721
Training/notumor/Tr-no_677.jpg,notumor,2,val,3726
Training/notumor/Tr-no_678.jpg,notumor,2,val,3703
Training/notumor/Tr-no_679.jpg,notumor,2,train,719
Training/notumor/Tr-no_68.jpg,notumor,2,val,660
Training/notumor/Tr-no_680.jpg,notumor,2,train,722
Training/notumor/Tr-no_681.jpg,notumor,2,train,3790
Training/notumor/Tr-no_682.jpg,notumor,2,train,3759
Training/notumor/Tr-no_683.jpg,notumor,2,train,868
Training/notumor/Tr-no_684.jpg,notumor,2,train,3712
Training/notumor/Tr-no_685.jpg,notumor,2,train,661
Training/notumor/Tr-no_686.jpg,notumor,2,train,3971
Training/notumor/Tr-no_687.jpg,notumor,2,train,759
Training/notumor/Tr-no_688.jpg,notumor,2,val,3972
Training/notumor/Tr-no_689.jpg,notumor,2,train,718
Training/notumor/Tr-no_69.jpg,notumor,2,train,3688
Training/notumor/Tr-no_690.jpg,notumor,2,train,729
Training/notumor/Tr-no_691.jpg,notumor,2,test,3973
Training/notumor/Tr-no_692.jpg,notumor,2,train,3683
Training/notumor/Tr-no_693.jpg,notumor,2,train,667
Training/notumor/Tr-no_694.jpg,notumor,2,train,690
Training/notumor/Tr-no_695.jpg,notumor,2,test,3974
Training/notumor/Tr-no_696.jpg,notumor,2,train,717
Training/notumor/Tr-no_697.jpg,notumor,2,test,3975
Training/notumor/Tr-no_698.jpg,notumor,2,train,3976
Training/notumor/Tr-no_699.jpg,notumor,2,val,3777
Training/notumor/Tr-no_7.jpg,notumor,2,train,3977
Training/notumor/Tr-no_70.jpg,notumor,2,train,3676
Training/notumor/Tr-no_700.jpg,notumor,2,train,3978
Training/notumor/Tr-no_701.jpg,notumor,2,train,808
Training/notumor/Tr-no_702.jpg,notumor,2,train,3979
Training/notumor/Tr-no_703.jpg,notumor,2,val,3805
Training/notumor/Tr-no_704.jpg,notumor,2,train,655
Training/notumor/Tr-no_705.jpg,notumor,2,val,3980
Training/notumor/Tr-no_706.jpg,notumor,2,train,3981
Training/notumor/Tr-no_707.jpg,notumor,2,train,3746
Training/notumor/Tr-no_708.jpg,notumor,2,train,3718
Training/notumor/Tr-no_709.jpg,notumor,2,train,667
Training/notumor/Tr-no_71.jpg,notumor,2,train,724
Training/notumor/Tr-no_710.jpg,notumor,2,test,3761
Training/notumor/Tr-no_711.jpg,notumor,2,test,3982
Training/notumor/Tr-no_712.jpg,notumor,2,test,3983
Training/notumor/Tr-no_713.jpg,notumor,2,train,717
Training/notumor/Tr-no_714.jpg,notumor,2,train,685
Training/notumor/Tr-no_715.jpg,notumor,2,train,711
Training/notumor/Tr-no_716.jpg,notumor,2,train,678
Training/notumor/Tr-no_717.jpg,notumor,2,train,867
Training/notumor/Tr-no_718.jpg,notumor,2,train,817
Training/notumor/Tr-no_719.jpg,notumor,2,val,3984
Training/notumor/Tr-no_72.jpg,notumor,2,train,804
Training/notumor/Tr-no_720.jpg,notumor,2,train,678
Training/notumor/Tr-no_721.jpg,notumor,2,train,695
Training/notumor/Tr-no_722.jpg,notumor,2,train,805
Training/notumor/Tr-no_723.jpg,notumor,2,train,685
Training/notumor/Tr-no_724.jpg,notumor,2,train,3833
Training/notumor/Tr-no_725.jpg,notumor,2,train,684
Training/notumor/Tr-no_726.jpg,notumor,2,test,3974
Training/notumor/Tr-no_727.jpg,notumor,2,val,3874
Training/notumor/Tr-no_728.jpg,notumor,2,train,3665
Training/notumor/Tr-no_729.jpg,notumor,2,train,667
Training/notumor/Tr-no_73.jpg,notumor,2,train,754
Training/notumor/Tr-no_730.jpg,notumor,2,train,752
Training/notumor/Tr-no_731.jpg,notumor,2,train,805
Training/notumor/Tr-no_732.jpg,notumor,2,test,3985
Training/notumor/Tr-no_733.jpg,notumor,2,train,3782
Training/notumor/Tr-no_734.jpg,notumor,2,train,678
Training/notumor/Tr-no_735.jpg,notumor,2,train,825
Training/notumor/Tr-no_736.jpg,notumor,2,train,3748
Training/notumor/Tr-no_737.jpg,notumor,2,test,3706
Training/notumor/Tr-no_738.jpg,notumor,2,train,3812
Training/notumor/Tr-no_739.jpg,notumor,2,train,731
Training/notumor/Tr-no_74.jpg,notumor,2,train,825
Training/notumor/Tr-no_740.jpg,notumor,2,train,716
Training/notumor/Tr-no_741.jpg,notumor,2,test,3728
Training/notumor/Tr-no_742.jpg,notumor,2,train,841
Training/notumor/Tr-no_743.jpg,notumor,2,train,3878
Training/notumor/Tr-no_744.jpg,notumor,2,val,1499
Training/notumor/Tr-no_745.jpg,notumor,2,train,3986
Training/notumor/Tr-no_746.jpg,notumor,2,test,3987
Training/notumor/Tr-no_747.jpg,notumor,2,test,3868
Training/notumor/Tr-no_748.jpg,notumor,2,train,749
Training/notumor/Tr-no_749.jpg,notumor,2,train,3709
Training/notumor/Tr-no_75.jpg,notumor,2,val,3916
Training/notumor/Tr-no_750.jpg,notumor,2,val,3988
Training/notumor/Tr-no_751.jpg,notumor,2,train,695
Training/notumor/Tr-no_752.jpg,notumor,2,train,662
Training/notumor/Tr-no_753.jpg,notumor,2,train,743
Training/notumor/Tr-no_754.jpg,notumor,2,train,3989
Training/notumor/Tr-no_755.jpg,notumor,2,train,772
Training/notumor/Tr-no_756.jpg,notumor,2,train,806
Training/notumor/Tr-no_757.jpg,notumor,2,train,3968
Training/notumor/Tr-no_758.jpg,notumor,2,test,3932
Training/notumor/Tr-no_759.jpg,notumor,2,train,718
Training/notumor/Tr-no_76.jpg,notumor,2,val,3990
Training/notumor/Tr-no_760.jpg,notumor,2,val,822
Training/notumor/Tr-no_761.jpg,notumor,2,train,765
Training/notumor/Tr-no_762.jpg,notumor,2,val,815
Training/notumor/Tr-no_763.jpg,notumor,2,val,3897
Training/notumor/Tr-no_764.jpg,notumor,2,train,3741
Training/notumor/Tr-no_765.jpg,notumor,2,train,717
Training/notumor/Tr-no_766.jpg,notumor,2,val,3991
Training/notumor/Tr-no_767.jpg,notumor,2,train,3683
Training/notumor/Tr-no_768.jpg,notumor,2,train,802
Training/notumor/Tr-no_769.jpg,notumor,2,test,837
Training/notumor/Tr-no_77.jpg,notumor,2,test,3992
Training/notumor/Tr-no_770.jpg,notumor,2,train,827
Training/notumor/Tr-no_771.jpg,notumor,2,train,716
Training/notumor/Tr-no_772.jpg,notumor,2,train,655
Training/notumor/Tr-no_773.jpg,notumor,2,train,671
Training/notumor/Tr-no_774.jpg,notumor,2,train,3692
Training/notumor/Tr-no_775.jpg,notumor,2,train,802
Training/notumor/Tr-no_776.jpg,notumor,2,train,689
Training/notumor/Tr-no_777.jpg,notumor,2,val,3993
Training/notumor/Tr-no_778.jpg,notumor,2,train,673
Training/notumor/Tr-no_779.jpg,notumor,2,test,3883
Training/notumor/Tr-no_78.jpg,notumor,2,val,3994
Training/notumor/Tr-no_780.jpg,notumor,2,train,689
Training/notumor/Tr-no_781.jpg,notumor,2,train,825
Training/notumor/Tr-no_782.jpg,notumor,2,test,3995
Training/notumor/Tr-no_783.jpg,notumor,2,train,3996
Training/notumor/Tr-no_784.jpg,notumor,2,train,795
Training/notumor/Tr-no_785.jpg,notumor,2,val,720
Training/notumor/Tr-no_786.jpg,notumor,2,train,3935
Training/notumor/Tr-no_787.jpg,notumor,2,train,795
Training/notumor/Tr-no_788.jpg,notumor,2,train,713
Training/notumor/Tr-no_789.jpg,notumor,2,train,3650
Training/notumor/Tr-no_79.jpg,notumor,2,test,861
Training/notumor/Tr-no_790.jpg,notumor,2,val,3863
Training/notumor/Tr-no_791.jpg,notumor,2,train,673
Training/notumor/Tr-no_792.jpg,notumor,2,test,3997
Training/notumor/Tr-no_793.jpg,notumor,2,train,750
Training/notumor/Tr-no_794.jpg,notumor,2,train,725
Training/notumor/Tr-no_795.jpg,notumor,2,train,721
Training/notumor/Tr-no_796.jpg,notumor,2,val,3998
Training/notumor/Tr-no_797.jpg,notumor,2,train,725
Training/notumor/Tr-no_798.jpg,notumor,2,train,827
Training/notumor/Tr-no_799.jpg,notumor,2,train,770
Training/notumor/Tr-no_8.jpg,notumor,2,train,3875
Training/notumor/Tr-no_80.jpg,notumor,2,train,855
Training/notumor/Tr-no_800.jpg,notumor,2,train,761
Training/notumor/Tr-no_801.jpg,notumor,2,train,817
Training/notumor/Tr-no_802.jpg,notumor,2,train,3999
Training/notumor/Tr-no_803.jpg,notumor,2,test,4000
Training/notumor/Tr-no_804.jpg,notumor,2,train,667
Training/notumor/Tr-no_805.jpg,notumor,2,train,829
Training/notumor/Tr-no_806.jpg,notumor,2,train,4001
Training/notumor/Tr-no_807.jpg,notumor,2,train,692
Training/notumor/Tr-no_808.jpg,notumor,2,train,853
Training/notumor/Tr-no_809.jpg,notumor,2,val,3947
Training/notumor/Tr-no_81.jpg,notumor,2,train,695
Training/notumor/Tr-no_810.jpg,notumor,2,train,795
Training/notumor/Tr-no_811.jpg,notumor,2,train,654
Training/notumor/Tr-no_812.jpg,notumor,2,train,3830
Training/notumor/Tr-no_813.jpg,notumor,2,train,4002
Training/notumor/Tr-no_814.jpg,notumor,2,train,4003
Training/notumor/Tr-no_815.jpg,notumor,2,train,4004
Training/notumor/Tr-no_816.jpg,notumor,2,val,4005
Training/notumor/Tr-no_817.jpg,notumor,2,train,3963
Training/notumor/Tr-no_818.jpg,notumor,2,val,3740
Training/notumor/Tr-no_819.jpg,notumor,2,train,3649
Training/notumor/Tr-no_82.jpg,notumor,2,train,667
Training/notumor/Tr-no_820.jpg,notumor,2,train,3767
Training/notumor/Tr-no_821.jpg,notumor,2,train,868
Training/notumor/Tr-no_822.jpg,notumor,2,train,3712
Training/notumor/Tr-no_823.jpg,notumor,2,test,657
Training/notumor/Tr-no_824.jpg,notumor,2,test,3890
Training/notumor/Tr-no_825.jpg,notumor,2,train,818
Training/notumor/Tr-no_826.jpg,notumor,2,train,792
Training/notumor/Tr-no_827.jpg,notumor,2,val,3805
Training/notumor/Tr-no_828.jpg,notumor,2,train,762
Training/notumor/Tr-no_829.jpg,notumor,2,train,661
Training/notumor/Tr-no_83.jpg,notumor,2,val,816
Training/notumor/Tr-no_830.jpg,notumor,2,test,856
Training/notumor/Tr-no_831.jpg,notumor,2,train,3768
Training/notumor/Tr-no_832.jpg,notumor,2,train,674
Training/notumor/Tr-no_833.jpg,notumor,2,train,663
Training/notumor/Tr-no_834.jpg,notumor,2,train,817
Training/notumor/Tr-no_835.jpg,notumor,2,train,712
Training/notumor/Tr-no_836.jpg,notumor,2,test,4006
Training/notumor/Tr-no_837.jpg,notumor,2,train,747
Training/notumor/Tr-no_838.jpg,notumor,2,train,683
Training/notumor/Tr-no_839.jpg,notumor,2,train,678
Training/notumor/Tr-no_84.jpg,notumor,2,test,3686
Training/notumor/Tr-no_840.jpg,notumor,2,train,3807
Training/notumor/Tr-no_841.jpg,notumor,2,train,825
Training/notumor/Tr-no_842.jpg,notumor,2,val,4007
Training/notumor/Tr-no_843.jpg,notumor,2,val,3988
Training/notumor/Tr-no_844.jpg,notumor,2,test,4008
Training/notumor/Tr-no_845.jpg,notumor,2,train,723
Training/notumor/Tr-no_846.jpg,notumor,2,val,3865
Training/notumor/Tr-no_847.jpg,notumor,2,train,817
Training/notumor/Tr-no_848.jpg,notumor,2,test,837
Training/notumor/Tr-no_849.jpg,notumor,2,train,849
Training/notumor/Tr-no_85.jpg,notumor,2,train,688
Training/notumor/Tr-no_850.jpg,notumor,2,test,4009
Training/notumor/Tr-no_851.jpg,notumor,2,val,824
Training/notumor/Tr-no_852.jpg,notumor,2,train,716
Training/notumor/Tr-no_853.jpg,notumor,2,test,3801
Training/notumor/Tr-no_854.jpg,notumor,2,train,3715
Training/notumor/Tr-no_855.jpg,notumor,2,train,826
Training/notumor/Tr-no_856.jpg,notumor,2,train,3714
Training/notumor/Tr-no_857.jpg,notumor,2,val,4010
Training/notumor/Tr-no_858.jpg,notumor,2,train,3648
Training/notumor/Tr-no_859.jpg,notumor,2,train,817
Training/notumor/Tr-no_86.jpg,notumor,2,train,829
Training/notumor/Tr-no_860.jpg,notumor,2,train,857
Training/notumor/Tr-no_861.jpg,notumor,2,train,3690
Training/notumor/Tr-no_862.jpg,notumor,2,train,795
Training/notumor/Tr-no_863.jpg,notumor,2,train,3768
Training/notumor/Tr-no_864.jpg,notumor,2,train,795
Training/notumor/Tr-no_865.jpg,notumor,2,val,3716
Training/notumor/Tr-no_866.jpg,notumor,2,train,3915
Training/notumor/Tr-no_867.jpg,notumor,2,train,808
Training/notumor/Tr-no_868.jpg,notumor,2,train,744
Training/notumor/Tr-no_869.jpg,notumor,2,train,744
Training/notumor/Tr-no_87.jpg,notumor,2,test,833
Training/notumor/Tr-no_870.jpg,notumor,2,train,667
Training/notumor/Tr-no_871.jpg,notumor,2,test,4011
Training/notumor/Tr-no_872.jpg,notumor,2,test,3910
Training/notumor/Tr-no_873.jpg,notumor,2,train,825
Training/notumor/Tr-no_874.jpg,notumor,2,train,4012
Training/notumor/Tr-no_875.jpg,notumor,2,train,688
Training/notumor/Tr-no_876.jpg,notumor,2,train,770
Training/notumor/Tr-no_877.jpg,notumor,2,train,3909
Training/notumor/Tr-no_878.jpg,notumor,2,train,690
Training/notumor/Tr-no_879.jpg,notumor,2,train,4013
Training/notumor/Tr-no_88.jpg,notumor,2,train,779
Training/notumor/Tr-no_880.jpg,notumor,2,train,793
Training/notumor/Tr-no_881.jpg,notumor,2,train,4014
Training/notumor/Tr-no_882.jpg,notumor,2,train,3688
Training/notumor/Tr-no_883.jpg,notumor,2,train,671
Training/notumor/Tr-no_884.jpg,notumor,2,test,3933
Training/notumor/Tr-no_885.jpg,notumor,2,train,668
Training/notumor/Tr-no_886.jpg,notumor,2,train,4015
Training/notumor/Tr-no_887.jpg,notumor,2,val,4016
Training/notumor/Tr-no_888.jpg,notumor,2,train,665
Training/notumor/Tr-no_889.jpg,notumor,2,train,749
Training/notumor/Tr-no_89.jpg,notumor,2,train,689
Training/notumor/Tr-no_890.jpg,notumor,2,train,821
Training/notumor/Tr-no_891.jpg,notumor,2,test,856
Training/notumor/Tr-no_892.jpg,notumor,2,train,654
Training/notumor/Tr-no_893.jpg,notumor,2,train,868
Training/notumor/Tr-no_894.jpg,notumor,2,val,3994
Training/notumor/Tr-no_895.jpg,notumor,2,test,3954
Training/notumor/Tr-no_896.jpg,notumor,2,test,790
Training/notumor/Tr-no_897.jpg,notumor,2,val,4017
Training/notumor/Tr-no_898.jpg,notumor,2,train,793
Training/notumor/Tr-no_899.jpg,notumor,2,val,4018
Training/notumor/Tr-no_9.jpg,notumor,2,train,3782
Training/notumor/Tr-no_90.jpg,notumor,2,test,4019
Training/notumor/Tr-no_900.jpg,notumor,2,test,4020
Training/notumor/Tr-no_901.jpg,notumor,2,train,713
Training/notumor/Tr-no_902.jpg,notumor,2,train,806
Training/notumor/Tr-no_903.jpg,notumor,2,val,686
Training/notumor/Tr-no_904.jpg,notumor,2,train,865
Training/notumor/Tr-no_905.jpg,notumor,2,val,4021
Training/notumor/Tr-no_906.jpg,notumor,2,train,3950
Training/notumor/Tr-no_907.jpg,notumor,2,test,4022
Training/notumor/Tr-no_908.jpg,notumor,2,train,3825
Training/notumor/Tr-no_909.jpg,notumor,2,train,675
Training/notumor/Tr-no_91.jpg,notumor,2,val,844
Training/notumor/Tr-no_910.jpg,notumor,2,train,854
Training/notumor/Tr-no_911.jpg,notumor,2,train,3762
Training/notumor/Tr-no_912.jpg,notumor,2,train,3741
Training/notumor/Tr-no_913.jpg,notumor,2,test,4023
Training/notumor/Tr-no_914.jpg,notumor,2,train,722
Training/notumor/Tr-no_915.jpg,notumor,2,train,3878
Training/notumor/Tr-no_916.jpg,notumor,2,train,817
Training/notumor/Tr-no_917.jpg,notumor,2,train,3714
Training/notumor/Tr-no_918.jpg,notumor,2,train,793
Training/notumor/Tr-no_919.jpg,notumor,2,test,3873
Training/notumor/Tr-no_92.jpg,notumor,2,test,3934
Training/notumor/Tr-no_920.jpg,notumor,2,val,3925
Training/notumor/Tr-no_921.jpg,notumor,2,train,719
Training/notumor/Tr-no_922.jpg,notumor,2,train,721
Training/notumor/Tr-no_923.jpg,notumor,2,train,667
Training/notumor/Tr-no_924.jpg,notumor,2,val,756
Training/notumor/Tr-no_925.jpg,notumor,2,train,770
Training/notumor/Tr-no_926.jpg,notumor,2,train,821
Training/notumor/Tr-no_927.jpg,notumor,2,train,3748
Training/notumor/Tr-no_928.jpg,notumor,2,train,859
Training/notumor/Tr-no_929.jpg,notumor,2,train,759
Training/notumor/Tr-no_93.jpg,notumor,2,train,3962
Training/notumor/Tr-no_930.jpg,notumor,2,train,3976
Training/notumor/Tr-no_931.jpg,notumor,2,train,3709
Training/notumor/Tr-no_932.jpg,notumor,2,train,846
Training/notumor/Tr-no_933.jpg,notumor,2,test,4024
Training/notumor/Tr-no_934.jpg,notumor,2,test,4025
Training/notumor/Tr-no_935.jpg,notumor,2,train,3875
Training/notumor/Tr-no_936.jpg,notumor,2,train,711
Training/notumor/Tr-no_937.jpg,notumor,2,train,847
Training/notumor/Tr-no_938.jpg,notumor,2,train,667
Training/notumor/Tr-no_939.jpg,notumor,2,train,662
Training/notumor/Tr-no_94.jpg,notumor,2,train,4026
Training/notumor/Tr-no_940.jpg,notumor,2,train,4027
Training/notumor/Tr-no_941.jpg,notumor,2,train,3692
Training/notumor/Tr-no_942.jpg,notumor,2,test,701
Training/notumor/Tr-no_943.jpg,notumor,2,train,830
Training/notumor/Tr-no_944.jpg,notumor,2,train,806
Training/notumor/Tr-no_945.jpg,notumor,2,train,3878
Training/notumor/Tr-no_946.jpg,notumor,2,train,4002
Training/notumor/Tr-no_947.jpg,notumor,2,train,721
Training/notumor/Tr-no_948.jpg,notumor,2,train,654
Training/notumor/Tr-no_949.jpg,notumor,2,val,4028
Training/notumor/Tr-no_95.jpg,notumor,2,test,4029
Training/notumor/Tr-no_950.jpg,notumor,2,train,767
Training/notumor/Tr-no_951.jpg,notumor,2,train,827
Training/notumor/Tr-no_952.jpg,notumor,2,test,681
Training/notumor/Tr-no_953.jpg,notumor,2,val,858
Training/notumor/Tr-no_954.jpg,notumor,2,val,4030
Training/notumor/Tr-no_955.jpg,notumor,2,train,825
Training/notumor/Tr-no_956.jpg,notumor,2,train,4031
Training/notumor/Tr-no_957.jpg,notumor,2,train,3718
Training/notumor/Tr-no_958.jpg,notumor,2,val,753
Training/notumor/Tr-no_959.jpg,notumor,2,train,3979
Training/notumor/Tr-no_96.jpg,notumor,2,train,743
Training/notumor/Tr-no_960.jpg,notumor,2,val,832
Training/notumor/Tr-no_961.jpg,notumor,2,train,806
Training/notumor/Tr-no_962.jpg,notumor,2,train,3692
Training/notumor/Tr-no_963.jpg,notumor,2,train,3718
Training/notumor/Tr-no_964.jpg,notumor,2,train,731
Training/notumor/Tr-no_965.jpg,notumor,2,train,3742
Training/notumor/Tr-no_966.jpg,notumor,2,train,857
Training/notumor/Tr-no_967.jpg,notumor,2,val,3991
Training/notumor/Tr-no_968.jpg,notumor,2,val,807
Training/notumor/Tr-no_969.jpg,notumor,2,test,4024
Training/notumor/Tr-no_97.jpg,notumor,2,test,3887
Training/notumor/Tr-no_970.jpg,notumor,2,train,708
Training/notumor/Tr-no_971.jpg,notumor,2,test,704
Training/notumor/Tr-no_972.jpg,notumor,2,train,826
Training/notumor/Tr-no_973.jpg,notumor,2,train,849
Training/notumor/Tr-no_974.jpg,notumor,2,test,814
Training/notumor/Tr-no_975.jpg,notumor,2,train,675
Training/notumor/Tr-no_976.jpg,notumor,2,test,3728
Training/notumor/Tr-no_977.jpg,notumor,2,test,4032
Training/notumor/Tr-no_978.jpg,notumor,2,train,4033
Training/notumor/Tr-no_979.jpg,notumor,2,val,4034
Training/notumor/Tr-no_98.jpg,notumor,2,train,3683
Training/notumor/Tr-no_980.jpg,notumor,2,train,4035
Training/notumor/Tr-no_981.jpg,notumor,2,val,720
Training/notumor/Tr-no_982.jpg,notumor,2,train,3833
Training/notumor/Tr-no_983.jpg,notumor,2,train,741
Training/notumor/Tr-no_984.jpg,notumor,2,train,808
Training/notumor/Tr-no_985.jpg,notumor,2,train,3648
Training/notumor/Tr-no_986.jpg,notumor,2,train,678
Training/notumor/Tr-no_987.jpg,notumor,2,train,864
Training/notumor/Tr-no_988.jpg,notumor,2,train,795
Training/notumor/Tr-no_989.jpg,notumor,2,train,721
Training/notumor/Tr-no_99.jpg,notumor,2,test,769
Training/notumor/Tr-no_990.jpg,notumor,2,val,3749
Training/notumor/Tr-no_991.jpg,notumor,2,train,683
Training/notumor/Tr-no_992.jpg,notumor,2,train,771
Training/notumor/Tr-no_993.jpg,notumor,2,train,857
Training/notumor/Tr-no_994.jpg,notumor,2,train,655
Training/notumor/Tr-no_995.jpg,notumor,2,train,827
Training/notumor/Tr-no_996.jpg,notumor,2,train,789
Training/notumor/Tr-no_997.jpg,notumor,2,test,3816
Training/notumor/Tr-no_998.jpg,notumor,2,val,4036
Training/notumor/Tr-no_999.jpg,notumor,2,train,3909
Training/pituitary/Tr-pi_1.jpg,pituitary,3,val,4037
Training/pituitary/Tr-pi_10.jpg,pituitary,3,val,4038
Training/pituitary/Tr-pi_100.jpg,pituitary,3,test,4039
Training/pituitary/Tr-pi_1000.jpg,pituitary,3,val,4040
Training/pituitary/Tr-pi_1001.jpg,pituitary,3,test,4041
Training/pituitary/Tr-pi_1002.jpg,pituitary,3,train,4042
Training/pituitary/Tr-pi_1003.jpg,pituitary,3,train,4043
Training/pituitary/Tr-pi_1004.jpg,pituitary,3,test,4044
Training/pituitary/Tr-pi_1005.jpg,pituitary,3,train,4045
Training/pituitary/Tr-pi_1006.jpg,pituitary,3,test,4046
Training/pituitary/Tr-pi_1007.jpg,pituitary,3,val,4047
Training/pituitary/Tr-pi_1008.jpg,pituitary,3,train,4048
Training/pituitary/Tr-pi_1009.jpg,pituitary,3,train,4049
Training/pituitary/Tr-pi_101.jpg,pituitary,3,train,4050
Training/pituitary/Tr-pi_1010.jpg,pituitary,3,train,4051
Training/pituitary/Tr-pi_1011.jpg,pituitary,3,train,4052
Training/pituitary/Tr-pi_1012.jpg,pituitary,3,test,4053
Training/pituitary/Tr-pi_1013.jpg,pituitary,3,train,4054
Training/pituitary/Tr-pi_1014.jpg,pituitary,3,train,4055
Training/pituitary/Tr-pi_1015.jpg,pituitary,3,train,4056
Training/pituitary/Tr-pi_1016.jpg,pituitary,3,test,4057
Training/pituitary/Tr-pi_1017.jpg,pituitary,3,train,4058
Training/pituitary/Tr-pi_1018.jpg,pituitary,3,train,4059
Training/pituitary/Tr-pi_1019.jpg,pituitary,3,train,4060
Training/pituitary/Tr-pi_102.jpg,pituitary,3,test,4061
Training/pituitary/Tr-pi_1020.jpg,pituitary,3,test,4062
Training/pituitary/Tr-pi_1021.jpg,pituitary,3,train,1184
Training/pituitary/Tr-pi_1022.jpg,pituitary,3,train,4063
Training/pituitary/Tr-pi_1023.jpg,pituitary,3,train,4064
Training/pituitary/Tr-pi_1024.jpg,pituitary,3,train,4065
Training/pituitary/Tr-pi_1025.jpg,pituitary,3,train,4066
Training/pituitary/Tr-pi_1026.jpg,pituitary,3,val,4067
Training/pituitary/Tr-pi_1027.jpg,pituitary,3,test,4068
Training/pituitary/Tr-pi_1028.jpg,pituitary,3,train,4069
Training/pituitary/Tr-pi_1029.jpg,pituitary,3,train,4070
Training/pituitary/Tr-pi_103.jpg,pituitary,3,train,4071
Training/pituitary/Tr-pi_1030.jpg,pituitary,3,train,4072
Training/pituitary/Tr-pi_1031.jpg,pituitary,3,train,1167
Training/pituitary/Tr-pi_1032.jpg,pituitary,3,train,4073
Training/pituitary/Tr-pi_1033.jpg,pituitary,3,train,4074
Training/pituitary/Tr-pi_1034.jpg,pituitary,3,train,4075
Training/pituitary/Tr-pi_1035.jpg,pituitary,3,train,2374
Training/pituitary/Tr-pi_1036.jpg,pituitary,3,train,4076
Training/pituitary/Tr-pi_1037.jpg,pituitary,3,train,4077
Training/pituitary/Tr-pi_1038.jpg,pituitary,3,train,4078
Training/pituitary/Tr-pi_1039.jpg,pituitary,3,test,4079
Training/pituitary/Tr-pi_104.jpg,pituitary,3,train,4080
Training/pituitary/Tr-pi_1040.jpg,pituitary,3,train,4081
Training/pituitary/Tr-pi_1041.jpg,pituitary,3,train,4082
Training/pituitary/Tr-pi_1042.jpg,pituitary,3,test,4083
Training/pituitary/Tr-pi_1043.jpg,pituitary,3,train,4084
Training/pituitary/Tr-pi_1044.jpg,pituitary,3,train,4085
Training/pituitary/Tr-pi_1045.jpg,pituitary,3,train,4086
Training/pituitary/Tr-pi_1046.jpg,pituitary,3,train,4087
Training/pituitary/Tr-pi_1047.jpg,pituitary,3,val,4088
Training/pituitary/Tr-pi_1048.jpg,pituitary,3,train,4089
Training/pituitary/Tr-pi_1049.jpg,pituitary,3,train,4090
Training/pituitary/Tr-pi_105.jpg,pituitary,3,test,4091
Training/pituitary/Tr-pi_1050.jpg,pituitary,3,train,4092
Training/pituitary/Tr-pi_1051.jpg,pituitary,3,train,4093
Training/pituitary/Tr-pi_1052.jpg,pituitary,3,train,4094
Training/pituitary/Tr-pi_1053.jpg,pituitary,3,val,4095
Training/pituitary/Tr-pi_1054.jpg,pituitary,3,test,4096
Training/pituitary/Tr-pi_1055.jpg,pituitary,3,train,4097
Training/pituitary/Tr-pi_1056.jpg,pituitary,3,train,4098
Training/pituitary/Tr-pi_1057.jpg,pituitary,3,train,4099
Training/pituitary/Tr-pi_1058.jpg,pituitary,3,train,4100
Training/pituitary/Tr-pi_1059.jpg,pituitary,3,train,4101
Training/pituitary/Tr-pi_106.jpg,pituitary,3,train,4102
Training/pituitary/Tr-pi_1060.jpg,pituitary,3,train,4103
Training/pituitary/Tr-pi_1061.jpg,pituitary,3,train,4104
Training/pituitary/Tr-pi_1062.jpg,pituitary,3,train,4105
Training/pituitary/Tr-pi_1063.jpg,pituitary,3,val,4106
Training/pituitary/Tr-pi_1064.jpg,pituitary,3,test,4107
Training/pituitary/Tr-pi_1065.jpg,pituitary,3,test,4108
Training/pituitary/Tr-pi_1066.jpg,pituitary,3,test,4109
Training/pituitary/Tr-pi_1067.jpg,pituitary,3,train,4110
Training/pituitary/Tr-pi_1068.jpg,pituitary,3,train,4111
Training/pituitary/Tr-pi_1069.jpg,pituitary,3,test,4112
Training/pituitary/Tr-pi_107.jpg,pituitary,3,train,4113
Training/pituitary/Tr-pi_1070.jpg,pituitary,3,train,4114
Training/pituitary/Tr-pi_1071.jpg,pituitary,3,train,4064
Training/pituitary/Tr-pi_1072.jpg,pituitary,3,train,4115
Training/pituitary/Tr-pi_1073.jpg,pituitary,3,train,4116
Training/pituitary/Tr-pi_1074.jpg,pituitary,3,train,4117
Training/pituitary/Tr-pi_1075.jpg,pituitary,3,train,4118
Training/pituitary/Tr-pi_1076.jpg,pituitary,3,val,4119
Training/pituitary/Tr-pi_1077.jpg,pituitary,3,test,4120
Training/pituitary/Tr-pi_1078.jpg,pituitary,3,train,4121
Training/pituitary/Tr-pi_1079.jpg,pituitary,3,train,4111
Training/pituitary/Tr-pi_108.jpg,pituitary,3,train,4122
Training/pituitary/Tr-pi_1080.jpg,pituitary,3,test,4123
Training/pituitary/Tr-pi_1081.jpg,pituitary,3,train,4124
Training/pituitary/Tr-pi_1082.jpg,pituitary,3,train,4125
Training/pituitary/Tr-pi_1083.jpg,pituitary,3,train,673
Training/pituitary/Tr-pi_1084.jpg,pituitary,3,train,4126
Training/pituitary/Tr-pi_1085.jpg,pituitary,3,test,4127
Training/pituitary/Tr-pi_1086.jpg,pituitary,3,val,4128
Training/pituitary/Tr-pi_1087.jpg,pituitary,3,train,4129
Training/pituitary/Tr-pi_1088.jpg,pituitary,3,val,4130
Training/pituitary/Tr-pi_1089.jpg,pituitary,3,train,4131
Training/pituitary/Tr-pi_109.jpg,pituitary,3,train,1169
Training/pituitary/Tr-pi_1090.jpg,pituitary,3,test,4132
Training/pituitary/Tr-pi_1091.jpg,pituitary,3,val,4133
Training/pituitary/Tr-pi_1092.jpg,pituitary,3,train,4134
Training/pituitary/Tr-pi_1093.jpg,pituitary,3,test,4135
Training/pituitary/Tr-pi_1094.jpg,pituitary,3,train,4136
Training/pituitary/Tr-pi_1095.jpg,pituitary,3,test,4137
Training/pituitary/Tr-pi_1096.jpg,pituitary,3,val,4138
Training/pituitary/Tr-pi_1097.jpg,pituitary,3,train,4139
Training/pituitary/Tr-pi_1098.jpg,pituitary,3,train,4140
Training/pituitary/Tr-pi_1099.jpg,pituitary,3,train,4141
Training/pituitary/Tr-pi_11.jpg,pituitary,3,train,4125
Training/pituitary/Tr-pi_110.jpg,pituitary,3,val,4142
Training/pituitary/Tr-pi_1100.jpg,pituitary,3,train,4143
Training/pituitary/Tr-pi_1101.jpg,pituitary,3,train,4144
Training/pituitary/Tr-pi_1102.jpg,pituitary,3,train,4145
Training/pituitary/Tr-pi_1103.jpg,pituitary,3,test,4146
Training/pituitary/Tr-pi_1104.jpg,pituitary,3,val,4147
Training/pituitary/Tr-pi_1105.jpg,pituitary,3,train,4148
Training/pituitary/Tr-pi_1106.jpg,pituitary,3,train,4149
Training/pituitary/Tr-pi_1107.jpg,pituitary,3,train,4150
Training/pituitary/Tr-pi_1108.jpg,pituitary,3,train,1239
Training/pituitary/Tr-pi_1109.jpg,pituitary,3,train,4151
Training/pituitary/Tr-pi_111.jpg,pituitary,3,test,4152
Training/pituitary/Tr-pi_1110.jpg,pituitary,3,train,4153
Training/pituitary/Tr-pi_1111.jpg,pituitary,3,train,4154
Training/pituitary/Tr-pi_1112.jpg,pituitary,3,train,4155
Training/pituitary/Tr-pi_1113.jpg,pituitary,3,train,4156
Training/pituitary/Tr-pi_1114.jpg,pituitary,3,val,4157
Training/pituitary/Tr-pi_1115.jpg,pituitary,3,train,4158
Training/pituitary/Tr-pi_1116.jpg,pituitary,3,test,4159
Training/pituitary/Tr-pi_1117.jpg,pituitary,3,train,4160
Training/pituitary/Tr-pi_1118.jpg,pituitary,3,train,4161
Training/pituitary/Tr-pi_1119.jpg,pituitary,3,train,4162
Training/pituitary/Tr-pi_112.jpg,pituitary,3,train,1194
Training/pituitary/Tr-pi_1120.jpg,pituitary,3,train,4163
Training/pituitary/Tr-pi_1121.jpg,pituitary,3,train,4164
Training/pituitary/Tr-pi_1122.jpg,pituitary,3,train,4165
Training/pituitary/Tr-pi_1123.jpg,pituitary,3,train,4166
Training/pituitary/Tr-pi_1124.jpg,pituitary,3,val,4167
Training/pituitary/Tr-pi_1125.jpg,pituitary,3,val,4168
Training/pituitary/Tr-pi_1126.jpg,pituitary,3,val,4169
Training/pituitary/Tr-pi_1127.jpg,pituitary,3,train,4170
Training/pituitary/Tr-pi_1128.jpg,pituitary,3,test,4171
Training/pituitary/Tr-pi_1129.jpg,pituitary,3,train,4172
Training/pituitary/Tr-pi_113.jpg,pituitary,3,train,4173
Training/pituitary/Tr-pi_1130.jpg,pituitary,3,test,4174
Training/pituitary/Tr-pi_1131.jpg,pituitary,3,train,4124
Training/pituitary/Tr-pi_1132.jpg,pituitary,3,train,924
Training/pituitary/Tr-pi_1133.jpg,pituitary,3,train,3018
Training/pituitary/Tr-pi_1134.jpg,pituitary,3,train,4175
Training/pituitary/Tr-pi_1135.jpg,pituitary,3,train,4176
Training/pituitary/Tr-pi_1136.jpg,pituitary,3,val,4177
Training/pituitary/Tr-pi_1137.jpg,pituitary,3,train,4178
Training/pituitary/Tr-pi_1138.jpg,pituitary,3,train,4179
Training/pituitary/Tr-pi_1139.jpg,pituitary,3,test,4180
Training/pituitary/Tr-pi_114.jpg,pituitary,3,val,4181
Training/pituitary/Tr-pi_1140.jpg,pituitary,3,val,4182
Training/pituitary/Tr-pi_1141.jpg,pituitary,3,test,4183
Training/pituitary/Tr-pi_1142.jpg,pituitary,3,train,1169
Training/pituitary/Tr-pi_1143.jpg,pituitary,3,train,4184
Training/pituitary/Tr-pi_1144.jpg,pituitary,3,val,4185
Training/pituitary/Tr-pi_1145.jpg,pituitary,3,train,4186
Training/pituitary/Tr-pi_1146.jpg,pituitary,3,train,4187
Training/pituitary/Tr-pi_1147.jpg,pituitary,3,train,4188
Training/pituitary/Tr-pi_1148.jpg,pituitary,3,test,4189
Training/pituitary/Tr-pi_1149.jpg,pituitary,3,train,4190
Training/pituitary/Tr-pi_115.jpg,pituitary,3,test,4191
Training/pituitary/Tr-pi_1150.jpg,pituitary,3,train,4192
Training/pituitary/Tr-pi_1151.jpg,pituitary,3,test,4193
Training/pituitary/Tr-pi_1152.jpg,pituitary,3,train,4194
Training/pituitary/Tr-pi_1153.jpg,pituitary,3,val,4195
Training/pituitary/Tr-pi_1154.jpg,pituitary,3,train,4196
Training/pituitary/Tr-pi_1155.jpg,pituitary,3,train,4140
Training/pituitary/Tr-pi_1156.jpg,pituitary,3,train,992
Training/pituitary/Tr-pi_1157.jpg,pituitary,3,train,4197
Training/pituitary/Tr-pi_1158.jpg,pituitary,3,train,4198
Training/pituitary/Tr-pi_1159.jpg,pituitary,3,val,4199
Training/pituitary/Tr-pi_116.jpg,pituitary,3,train,4200
Training/pituitary/Tr-pi_1160.jpg,pituitary,3,train,4201
Training/pituitary/Tr-pi_1161.jpg,pituitary,3,train,4202
Training/pituitary/Tr-pi_1162.jpg,pituitary,3,train,4203
Training/pituitary/Tr-pi_1163.jpg,pituitary,3,train,4204
Training/pituitary/Tr-pi_1164.jpg,pituitary,3,train,1169
Training/pituitary/Tr-pi_1165.jpg,pituitary,3,train,4205
Training/pituitary/Tr-pi_1166.jpg,pituitary,3,test,4206
Training/pituitary/Tr-pi_1167.jpg,pituitary,3,train,4207
Training/pituitary/Tr-pi_1168.jpg,pituitary,3,train,4208
Training/pituitary/Tr-pi_1169.jpg,pituitary,3,train,4209
Training/pituitary/Tr-pi_117.jpg,pituitary,3,test,4210
Training/pituitary/Tr-pi_1170.jpg,pituitary,3,train,4211
Training/pituitary/Tr-pi_1171.jpg,pituitary,3,val,4212
Training/pituitary/Tr-pi_1172.jpg,pituitary,3,val,4213
Training/pituitary/Tr-pi_1173.jpg,pituitary,3,train,1088
Training/pituitary/Tr-pi_1174.jpg,pituitary,3,train,4214
Training/pituitary/Tr-pi_1175.jpg,pituitary,3,train,4215
Training/pituitary/Tr-pi_1176.jpg,pituitary,3,train,4216
Training/pituitary/Tr-pi_1177.jpg,pituitary,3,train,4216
Training/pituitary/Tr-pi_1178.jpg,pituitary,3,train,4217
Training/pituitary/Tr-pi_1179.jpg,pituitary,3,test,4218
Training/pituitary/Tr-pi_118.jpg,pituitary,3,val,4219
Training/pituitary/Tr-pi_1180.jpg,pituitary,3,train,4220
Training/pituitary/Tr-pi_1181.jpg,pituitary,3,train,4221
Training/pituitary/Tr-pi_1182.jpg,pituitary,3,val,4222
Training/pituitary/Tr-pi_1183.jpg,pituitary,3,train,4223
Training/pituitary/Tr-pi_1184.jpg,pituitary,3,train,4224
Training/pituitary/Tr-pi_1185.jpg,pituitary,3,train,4225
Training/pituitary/Tr-pi_1186.jpg,pituitary,3,train,1254
Training/pituitary/Tr-pi_1187.jpg,pituitary,3,train,4165
Training/pituitary/Tr-pi_1188.jpg,pituitary,3,train,4226
Training/pituitary/Tr-pi_1189.jpg,pituitary,3,train,4227
Training/pituitary/Tr-pi_119.jpg,pituitary,3,train,4228
Training/pituitary/Tr-pi_1190.jpg,pituitary,3,test,4229
Training/pituitary/Tr-pi_1191.jpg,pituitary,3,train,4230
Training/pituitary/Tr-pi_1192.jpg,pituitary,3,test,4231
Training/pituitary/Tr-pi_1193.jpg,pituitary,3,train,4232
Training/pituitary/Tr-pi_1194.jpg,pituitary,3,train,4233
Training/pituitary/Tr-pi_1195.jpg,pituitary,3,train,4234
Training/pituitary/Tr-pi_1196.jpg,pituitary,3,train,4165
Training/pituitary/Tr-pi_1197.jpg,pituitary,3,train,4235
Training/pituitary/Tr-pi_1198.jpg,pituitary,3,val,4236
Training/pituitary/Tr-pi_1199.jpg,pituitary,3,test,4237
Training/pituitary/Tr-pi_12.jpg,pituitary,3,val,4238
Training/pituitary/Tr-pi_120.jpg,pituitary,3,train,4239
Training/pituitary/Tr-pi_1200.jpg,pituitary,3,train,4240
Training/pituitary/Tr-pi_1201.jpg,pituitary,3,train,4241
Training/pituitary/Tr-pi_1202.jpg,pituitary,3,val,4242
Training/pituitary/Tr-pi_1203.jpg,pituitary,3,train,4243
Training/pituitary/Tr-pi_1204.jpg,pituitary,3,test,4244
Training/pituitary/Tr-pi_1205.jpg,pituitary,3,train,4245
Training/pituitary/Tr-pi_1206.jpg,pituitary,3,train,4246
Training/pituitary/Tr-pi_1207.jpg,pituitary,3,train,4064
Training/pituitary/Tr-pi_1208.jpg,pituitary,3,train,4247
Training/pituitary/Tr-pi_1209.jpg,pituitary,3,train,4248
Training/pituitary/Tr-pi_121.jpg,pituitary,3,val,4249
Training/pituitary/Tr-pi_1210.jpg,pituitary,3,train,4250
Training/pituitary/Tr-pi_1211.jpg,pituitary,3,train,4196
Training/pituitary/Tr-pi_1212.jpg,pituitary,3,train,4251
Training/pituitary/Tr-pi_1213.jpg,pituitary,3,train,4252
Training/pituitary/Tr-pi_1214.jpg,pituitary,3,train,4253
Training/pituitary/Tr-pi_1215.jpg,pituitary,3,train,4254
Training/pituitary/Tr-pi_1216.jpg,pituitary,3,train,4255
Training/pituitary/Tr-pi_1217.jpg,pituitary,3,val,4256
Training/pituitary/Tr-pi_1218.jpg,pituitary,3,train,4257
Training/pituitary/Tr-pi_1219.jpg,pituitary,3,train,4258
Training/pituitary/Tr-pi_122.jpg,pituitary,3,train,4259
Training/pituitary/Tr-pi_1220.jpg,pituitary,3,train,4260
Training/pituitary/Tr-pi_1221.jpg,pituitary,3,train,4261
Training/pituitary/Tr-pi_1222.jpg,pituitary,3,val,4262
Training/pituitary/Tr-pi_1223.jpg,pituitary,3,train,4263
Training/pituitary/Tr-pi_1224.jpg,pituitary,3,train,4264
Training/pituitary/Tr-pi_1225.jpg,pituitary,3,train,4265
Training/pituitary/Tr-pi_1226.jpg,pituitary,3,train,4266
Training/pituitary/Tr-pi_1227.jpg,pituitary,3,train,4267
Training/pituitary/Tr-pi_1228.jpg,pituitary,3,test,4268
Training/pituitary/Tr-pi_1229.jpg,pituitary,3,train,4269
Training/pituitary/Tr-pi_123.jpg,pituitary,3,train,4270
Training/pituitary/Tr-pi_1230.jpg,pituitary,3,val,4271
Training/pituitary/Tr-pi_1231.jpg,pituitary,3,train,4272
Training/pituitary/Tr-pi_1232.jpg,pituitary,3,val,4273
Training/pituitary/Tr-pi_1233.jpg,pituitary,3,train,4274
Training/pituitary/Tr-pi_1234.jpg,pituitary,3,train,4275
Training/pituitary/Tr-pi_1235.jpg,pituitary,3,train,4276
Training/pituitary/Tr-pi_1236.jpg,pituitary,3,train,4277
Training/pituitary/Tr-pi_1237.jpg,pituitary,3,train,4097
Training/pituitary/Tr-pi_1238.jpg,pituitary,3,test,4278
Training/pituitary/Tr-pi_1239.jpg,pituitary,3,train,4279
Training/pituitary/Tr-pi_124.jpg,pituitary,3,train,4280
Training/pituitary/Tr-pi_1240.jpg,pituitary,3,test,4281
Training/pituitary/Tr-pi_1241.jpg,pituitary,3,test,4282
Training/pituitary/Tr-pi_1242.jpg,pituitary,3,val,4283
Training/pituitary/Tr-pi_1243.jpg,pituitary,3,train,4284
Training/pituitary/Tr-pi_1244.jpg,pituitary,3,train,4194
Training/pituitary/Tr-pi_1245.jpg,pituitary,3,train,4285
Training/pituitary/Tr-pi_1246.jpg,pituitary,3,train,1169
Training/pituitary/Tr-pi_1247.jpg,pituitary,3,train,4286
Training/pituitary/Tr-pi_1248.jpg,pituitary,3,train,4287
Training/pituitary/Tr-pi_1249.jpg,pituitary,3,test,4288
Training/pituitary/Tr-pi_125.jpg,pituitary,3,train,4289
Training/pituitary/Tr-pi_1250.jpg,pituitary,3,train,4290
Training/pituitary/Tr-pi_1251.jpg,pituitary,3,train,4291
Training/pituitary/Tr-pi_1252.jpg,pituitary,3,train,4292
Training/pituitary/Tr-pi_1253.jpg,pituitary,3,val,4293
Training/pituitary/Tr-pi_1254.jpg,pituitary,3,val,4294
Training/pituitary/Tr-pi_1255.jpg,pituitary,3,train,594
Training/pituitary/Tr-pi_1256.jpg,pituitary,3,train,4295
Training/pituitary/Tr-pi_1257.jpg,pituitary,3,train,1194
Training/pituitary/Tr-pi_1258.jpg,pituitary,3,train,4296
Training/pituitary/Tr-pi_1259.jpg,pituitary,3,train,4297
Training/pituitary/Tr-pi_126.jpg,pituitary,3,train,4298
Training/pituitary/Tr-pi_1260.jpg,pituitary,3,train,4299
Training/pituitary/Tr-pi_1261.jpg,pituitary,3,train,4300
Training/pituitary/Tr-pi_1262.jpg,pituitary,3,train,4301
Training/pituitary/Tr-pi_1263.jpg,pituitary,3,test,4302
Training/pituitary/Tr-pi_1264.jpg,pituitary,3,test,4303
Training/pituitary/Tr-pi_1265.jpg,pituitary,3,test,4304
Training/pituitary/Tr-pi_1266.jpg,pituitary,3,val,4305
Training/pituitary/Tr-pi_1267.jpg,pituitary,3,train,4306
Training/pituitary/Tr-pi_1268.jpg,pituitary,3,train,4307
Training/pituitary/Tr-pi_1269.jpg,pituitary,3,train,4308
Training/pituitary/Tr-pi_127.jpg,pituitary,3,train,4309
Training/pituitary/Tr-pi_1270.jpg,pituitary,3,val,4310
Training/pituitary/Tr-pi_1271.jpg,pituitary,3,train,4311
Training/pituitary/Tr-pi_1272.jpg,pituitary,3,train,4312
Training/pituitary/Tr-pi_1273.jpg,pituitary,3,train,884
Training/pituitary/Tr-pi_1274.jpg,pituitary,3,train,4313
Training/pituitary/Tr-pi_1275.jpg,pituitary,3,train,4314
Training/pituitary/Tr-pi_1276.jpg,pituitary,3,test,4315
Training/pituitary/Tr-pi_1277.jpg,pituitary,3,train,4316
Training/pituitary/Tr-pi_1278.jpg,pituitary,3,train,4317
Training/pituitary/Tr-pi_1279.jpg,pituitary,3,train,4318
Training/pituitary/Tr-pi_128.jpg,pituitary,3,train,4319
Training/pituitary/Tr-pi_1280.jpg,pituitary,3,test,4320
Training/pituitary/Tr-pi_1281.jpg,pituitary,3,train,4321
Training/pituitary/Tr-pi_1282.jpg,pituitary,3,test,4322
Training/pituitary/Tr-pi_1283.jpg,pituitary,3,train,4323
Training/pituitary/Tr-pi_1284.jpg,pituitary,3,train,4324
Training/pituitary/Tr-pi_1285.jpg,pituitary,3,train,4325
Training/pituitary/Tr-pi_1286.jpg,pituitary,3,test,4326
Training/pituitary/Tr-pi_1287.jpg,pituitary,3,train,4327
Training/pituitary/Tr-pi_1288.jpg,pituitary,3,test,4328
Training/pituitary/Tr-pi_1289.jpg,pituitary,3,val,4329
Training/pituitary/Tr-pi_129.jpg,pituitary,3,val,4330
Training/pituitary/Tr-pi_1290.jpg,pituitary,3,test,4331
Training/pituitary/Tr-pi_1291.jpg,pituitary,3,train,4332
Training/pituitary/Tr-pi_1292.jpg,pituitary,3,train,4333
Training/pituitary/Tr-pi_1293.jpg,pituitary,3,test,4334
Training/pituitary/Tr-pi_1294.jpg,pituitary,3,train,4335
Training/pituitary/Tr-pi_1295.jpg,pituitary,3,train,4336
Training/pituitary/Tr-pi_1296.jpg,pituitary,3,val,4337
Training/pituitary/Tr-pi_1297.jpg,pituitary,3,train,4089
Training/pituitary/Tr-pi_1298.jpg,pituitary,3,train,4338
Training/pituitary/Tr-pi_1299.jpg,pituitary,3,train,1238
Training/pituitary/Tr-pi_13.jpg,pituitary,3,train,4339
Training/pituitary/Tr-pi_130.jpg,pituitary,3,test,4340
Training/pituitary/Tr-pi_1300.jpg,pituitary,3,train,4341
Training/pituitary/Tr-pi_1301.jpg,pituitary,3,train,4342
Training/pituitary/Tr-pi_1302.jpg,pituitary,3,val,4343
Training/pituitary/Tr-pi_1303.jpg,pituitary,3,train,4344
Training/pituitary/Tr-pi_1304.jpg,pituitary,3,test,4345
Training/pituitary/Tr-pi_1305.jpg,pituitary,3,train,4346
Training/pituitary/Tr-pi_1306.jpg,pituitary,3,val,4347
Training/pituitary/Tr-pi_1307.jpg,pituitary,3,train,947
Training/pituitary/Tr-pi_1308.jpg,pituitary,3,train,4348
Training/pituitary/Tr-pi_1309.jpg,pituitary,3,train,991
Training/pituitary/Tr-pi_131.jpg,pituitary,3,train,4349
Training/pituitary/Tr-pi_1310.jpg,pituitary,3,train,895
Training/pituitary/Tr-pi_1311.jpg,pituitary,3,train,4350
Training/pituitary/Tr-pi_1312.jpg,pituitary,3,test,4351
Training/pituitary/Tr-pi_1313.jpg,pituitary,3,train,4352
Training/pituitary/Tr-pi_1314.jpg,pituitary,3,train,1194
Training/pituitary/Tr-pi_1315.jpg,pituitary,3,train,4353
Training/pituitary/Tr-pi_1316.jpg,pituitary,3,train,4354
Training/pituitary/Tr-pi_1317.jpg,pituitary,3,train,4355
Training/pituitary/Tr-pi_1318.jpg,pituitary,3,train,4356
Training/pituitary/Tr-pi_1319.jpg,pituitary,3,train,4357
Training/pituitary/Tr-pi_132.jpg,pituitary,3,train,4358
Training/pituitary/Tr-pi_1320.jpg,pituitary,3,train,3018
Training/pituitary/Tr-pi_1321.jpg,pituitary,3,train,4359
Training/pituitary/Tr-pi_1322.jpg,pituitary,3,train,4360
Training/pituitary/Tr-pi_1323.jpg,pituitary,3,train,4361
Training/pituitary/Tr-pi_1324.jpg,pituitary,3,train,4362
Training/pituitary/Tr-pi_1325.jpg,pituitary,3,train,4363
Training/pituitary/Tr-pi_1326.jpg,pituitary,3,test,4364
Training/pituitary/Tr-pi_1327.jpg,pituitary,3,train,1206
Training/pituitary/Tr-pi_1328.jpg,pituitary,3,train,4365
Training/pituitary/Tr-pi_1329.jpg,pituitary,3,test,4366
Training/pituitary/Tr-pi_133.jpg,pituitary,3,train,4367
Training/pituitary/Tr-pi_1330.jpg,pituitary,3,val,4368
Training/pituitary/Tr-pi_1331.jpg,pituitary,3,val,4369
Training/pituitary/Tr-pi_1332.jpg,pituitary,3,train,4370
Training/pituitary/Tr-pi_1333.jpg,pituitary,3,train,4371
Training/pituitary/Tr-pi_1334.jpg,pituitary,3,val,4372
Training/pituitary/Tr-pi_1335.jpg,pituitary,3,train,1042
Training/pituitary/Tr-pi_1336.jpg,pituitary,3,train,4373
Training/pituitary/Tr-pi_1337.jpg,pituitary,3,train,4374
Training/pituitary/Tr-pi_1338.jpg,pituitary,3,train,4375
Training/pituitary/Tr-pi_1339.jpg,pituitary,3,train,4196
Training/pituitary/Tr-pi_134.jpg,pituitary,3,train,4376
Training/pituitary/Tr-pi_1340.jpg,pituitary,3,val,4377
Training/pituitary/Tr-pi_1341.jpg,pituitary,3,train,922
Training/pituitary/Tr-pi_1342.jpg,pituitary,3,train,4378
Training/pituitary/Tr-pi_1343.jpg,pituitary,3,train,4379
Training/pituitary/Tr-pi_1344.jpg,pituitary,3,train,4380
Training/pituitary/Tr-pi_1345.jpg,pituitary,3,train,4381
Training/pituitary/Tr-pi_1346.jpg,pituitary,3,test,4382
Training/pituitary/Tr-pi_1347.jpg,pituitary,3,val,4383
Training/pituitary/Tr-pi_1348.jpg,pituitary,3,train,4384
Training/pituitary/Tr-pi_1349.jpg,pituitary,3,train,1157
Training/pituitary/Tr-pi_135.jpg,pituitary,3,train,4385
Training/pituitary/Tr-pi_1350.jpg,pituitary,3,train,4386
Training/pituitary/Tr-pi_1351.jpg,pituitary,3,test,4387
Training/pituitary/Tr-pi_1352.jpg,pituitary,3,train,4248
Training/pituitary/Tr-pi_1353.jpg,pituitary,3,train,4388
Training/pituitary/Tr-pi_1354.jpg,pituitary,3,train,988
Training/pituitary/Tr-pi_1355.jpg,pituitary,3,train,4389
Training/pituitary/Tr-pi_1356.jpg,pituitary,3,test,4390
Training/pituitary/Tr-pi_1357.jpg,pituitary,3,train,4391
Training/pituitary/Tr-pi_1358.jpg,pituitary,3,train,4392
Training/pituitary/Tr-pi_1359.jpg,pituitary,3,train,1032
Training/pituitary/Tr-pi_136.jpg,pituitary,3,val,4393
Training/pituitary/Tr-pi_1360.jpg,pituitary,3,train,4394
Training/pituitary/Tr-pi_1361.jpg,pituitary,3,val,4395
Training/pituitary/Tr-pi_1362.jpg,pituitary,3,train,4396
Training/pituitary/Tr-pi_1363.jpg,pituitary,3,test,4397
Training/pituitary/Tr-pi_1364.jpg,pituitary,3,train,4398
Training/pituitary/Tr-pi_1365.jpg,pituitary,3,train,1199
Training/pituitary/Tr-pi_1366.jpg,pituitary,3,train,4399
Training/pituitary/Tr-pi_1367.jpg,pituitary,3,train,4400
Training/pituitary/Tr-pi_1368.jpg,pituitary,3,train,4401
Training/pituitary/Tr-pi_1369.jpg,pituitary,3,train,4402
Training/pituitary/Tr-pi_137.jpg,pituitary,3,train,4403
Training/pituitary/Tr-pi_1370.jpg,pituitary,3,train,4404
Training/pituitary/Tr-pi_1371.jpg,pituitary,3,val,4405
Training/pituitary/Tr-pi_1372.jpg,pituitary,3,val,4406
Training/pituitary/Tr-pi_1373.jpg,pituitary,3,val,4407
Training/pituitary/Tr-pi_1374.jpg,pituitary,3,train,4408
Training/pituitary/Tr-pi_1375.jpg,pituitary,3,train,4158
Training/pituitary/Tr-pi_1376.jpg,pituitary,3,train,4409
Training/pituitary/Tr-pi_1377.jpg,pituitary,3,test,4410
Training/pituitary/Tr-pi_1378.jpg,pituitary,3,test,4411
Training/pituitary/Tr-pi_1379.jpg,pituitary,3,test,4412
Training/pituitary/Tr-pi_138.jpg,pituitary,3,test,4413
Training/pituitary/Tr-pi_1380.jpg,pituitary,3,train,4140
Training/pituitary/Tr-pi_1381.jpg,pituitary,3,train,4414
Training/pituitary/Tr-pi_1382.jpg,pituitary,3,test,4415
Training/pituitary/Tr-pi_1383.jpg,pituitary,3,train,4416
Training/pituitary/Tr-pi_1384.jpg,pituitary,3,train,2792
Training/pituitary/Tr-pi_1385.jpg,pituitary,3,train,4417
Training/pituitary/Tr-pi_1386.jpg,pituitary,3,train,1256
Training/pituitary/Tr-pi_1387.jpg,pituitary,3,test,4418
Training/pituitary/Tr-pi_1388.jpg,pituitary,3,train,4419
Training/pituitary/Tr-pi_1389.jpg,pituitary,3,test,4420
Training/pituitary/Tr-pi_139.jpg,pituitary,3,train,4421
Training/pituitary/Tr-pi_1390.jpg,pituitary,3,train,4422
Training/pituitary/Tr-pi_1391.jpg,pituitary,3,train,4423
Training/pituitary/Tr-pi_1392.jpg,pituitary,3,test,4424
Training/pituitary/Tr-pi_1393.jpg,pituitary,3,val,4425
Training/pituitary/Tr-pi_1394.jpg,pituitary,3,train,4426
Training/pituitary/Tr-pi_1395.jpg,pituitary,3,train,4416
Training/pituitary/Tr-pi_1396.jpg,pituitary,3,train,4427
Training/pituitary/Tr-pi_1397.jpg,pituitary,3,val,4428
Training/pituitary/Tr-pi_1398.jpg,pituitary,3,train,4429
Training/pituitary/Tr-pi_1399.jpg,pituitary,3,train,4292
Training/pituitary/Tr-pi_14.jpg,pituitary,3,train,4378
Training/pituitary/Tr-pi_140.jpg,pituitary,3,train,4430
Training/pituitary/Tr-pi_1400.jpg,pituitary,3,val,4431
Training/pituitary/Tr-pi_141.jpg,pituitary,3,train,4432
Training/pituitary/Tr-pi_142.jpg,pituitary,3,train,1193
Training/pituitary/Tr-pi_143.jpg,pituitary,3,train,4433
Training/pituitary/Tr-pi_144.jpg,pituitary,3,train,927
Training/pituitary/Tr-pi_145.jpg,pituitary,3,val,4434
Training/pituitary/Tr-pi_146.jpg,pituitary,3,val,4435
Training/pituitary/Tr-pi_147.jpg,pituitary,3,train,4436
Training/pituitary/Tr-pi_148.jpg,pituitary,3,test,4437
Training/pituitary/Tr-pi_149.jpg,pituitary,3,val,4438
Training/pituitary/Tr-pi_15.jpg,pituitary,3,train,4439
Training/pituitary/Tr-pi_150.jpg,pituitary,3,train,4440
Training/pituitary/Tr-pi_151.jpg,pituitary,3,test,4441
Training/pituitary/Tr-pi_152.jpg,pituitary,3,train,4442
Training/pituitary/Tr-pi_153.jpg,pituitary,3,val,4443
Training/pituitary/Tr-pi_154.jpg,pituitary,3,train,4444
Training/pituitary/Tr-pi_155.jpg,pituitary,3,val,4445
Training/pituitary/Tr-pi_156.jpg,pituitary,3,val,4446
Training/pituitary/Tr-pi_157.jpg,pituitary,3,train,4447
Training/pituitary/Tr-pi_158.jpg,pituitary,3,train,4141
Training/pituitary/Tr-pi_159.jpg,pituitary,3,train,1104
Training/pituitary/Tr-pi_16.jpg,pituitary,3,train,4448
Training/pituitary/Tr-pi_160.jpg,pituitary,3,train,4196
Training/pituitary/Tr-pi_161.jpg,pituitary,3,train,4449
Training/pituitary/Tr-pi_162.jpg,pituitary,3,train,4450
Training/pituitary/Tr-pi_163.jpg,pituitary,3,train,4451
Training/pituitary/Tr-pi_164.jpg,pituitary,3,test,4452
Training/pituitary/Tr-pi_165.jpg,pituitary,3,test,4453
Training/pituitary/Tr-pi_166.jpg,pituitary,3,val,4454
Training/pituitary/Tr-pi_167.jpg,pituitary,3,train,4455
Training/pituitary/Tr-pi_168.jpg,pituitary,3,test,4456
Training/pituitary/Tr-pi_169.jpg,pituitary,3,train,4457
Training/pituitary/Tr-pi_17.jpg,pituitary,3,train,4458
Training/pituitary/Tr-pi_170.jpg,pituitary,3,train,523
Training/pituitary/Tr-pi_171.jpg,pituitary,3,train,4459
Training/pituitary/Tr-pi_172.jpg,pituitary,3,train,4460
Training/pituitary/Tr-pi_173.jpg,pituitary,3,train,4402
Training/pituitary/Tr-pi_174.jpg,pituitary,3,train,4461
Training/pituitary/Tr-pi_175.jpg,pituitary,3,train,4462
Training/pituitary/Tr-pi_176.jpg,pituitary,3,test,4463
Training/pituitary/Tr-pi_177.jpg,pituitary,3,train,4464
Training/pituitary/Tr-pi_178.jpg,pituitary,3,train,964
Training/pituitary/Tr-pi_179.jpg,pituitary,3,test,4465
Training/pituitary/Tr-pi_18.jpg,pituitary,3,val,4466
Training/pituitary/Tr-pi_180.jpg,pituitary,3,train,4467
Training/pituitary/Tr-pi_181.jpg,pituitary,3,train,4468
Training/pituitary/Tr-pi_182.jpg,pituitary,3,train,4469
Training/pituitary/Tr-pi_183.jpg,pituitary,3,train,4470
Training/pituitary/Tr-pi_184.jpg,pituitary,3,train,4471
Training/pituitary/Tr-pi_185.jpg,pituitary,3,train,4472
Training/pituitary/Tr-pi_186.jpg,pituitary,3,test,4473
Training/pituitary/Tr-pi_187.jpg,pituitary,3,val,4474
Training/pituitary/Tr-pi_188.jpg,pituitary,3,train,4475
Training/pituitary/Tr-pi_189.jpg,pituitary,3,train,4476
Training/pituitary/Tr-pi_19.jpg,pituitary,3,val,4477
Training/pituitary/Tr-pi_190.jpg,pituitary,3,test,4478
Training/pituitary/Tr-pi_191.jpg,pituitary,3,test,4479
Training/pituitary/Tr-pi_192.jpg,pituitary,3,train,4480
Training/pituitary/Tr-pi_193.jpg,pituitary,3,train,4481
Training/pituitary/Tr-pi_194.jpg,pituitary,3,train,4482
Training/pituitary/Tr-pi_195.jpg,pituitary,3,train,4292
Training/pituitary/Tr-pi_196.jpg,pituitary,3,test,4483
Training/pituitary/Tr-pi_197.jpg,pituitary,3,train,4484
Training/pituitary/Tr-pi_198.jpg,pituitary,3,train,4485
Training/pituitary/Tr-pi_199.jpg,pituitary,3,train,4486
Training/pituitary/Tr-pi_2.jpg,pituitary,3,train,4487
Training/pituitary/Tr-pi_20.jpg,pituitary,3,train,4488
Training/pituitary/Tr-pi_200.jpg,pituitary,3,train,4489
Training/pituitary/Tr-pi_201.jpg,pituitary,3,test,4490
Training/pituitary/Tr-pi_202.jpg,pituitary,3,train,4491
Training/pituitary/Tr-pi_203.jpg,pituitary,3,val,4492
Training/pituitary/Tr-pi_204.jpg,pituitary,3,train,4493
Training/pituitary/Tr-pi_205.jpg,pituitary,3,train,4494
Training/pituitary/Tr-pi_206.jpg,pituitary,3,train,4495
Training/pituitary/Tr-pi_207.jpg,pituitary,3,train,4279
Training/pituitary/Tr-pi_208.jpg,pituitary,3,train,4496
Training/pituitary/Tr-pi_209.jpg,pituitary,3,test,4497
Training/pituitary/Tr-pi_21.jpg,pituitary,3,train,947
Training/pituitary/Tr-pi_210.jpg,pituitary,3,train,4498
Training/pituitary/Tr-pi_211.jpg,pituitary,3,train,4055
Training/pituitary/Tr-pi_212.jpg,pituitary,3,train,4499
Training/pituitary/Tr-pi_213.jpg,pituitary,3,test,4500
Training/pituitary/Tr-pi_214.jpg,pituitary,3,val,4501
Training/pituitary/Tr-pi_215.jpg,pituitary,3,train,4502
Training/pituitary/Tr-pi_216.jpg,pituitary,3,train,4503
Training/pituitary/Tr-pi_217.jpg,pituitary,3,test,4504
Training/pituitary/Tr-pi_218.jpg,pituitary,3,train,4505
Training/pituitary/Tr-pi_219.jpg,pituitary,3,train,4506
Training/pituitary/Tr-pi_22.jpg,pituitary,3,train,4507
Training/pituitary/Tr-pi_220.jpg,pituitary,3,val,4508
Training/pituitary/Tr-pi_221.jpg,pituitary,3,train,4509
Training/pituitary/Tr-pi_222.jpg,pituitary,3,train,4510
Training/pituitary/Tr-pi_223.jpg,pituitary,3,train,4511
Training/pituitary/Tr-pi_224.jpg,pituitary,3,test,4512
Training/pituitary/Tr-pi_225.jpg,pituitary,3,train,4513
Training/pituitary/Tr-pi_226.jpg,pituitary,3,train,4514
Training/pituitary/Tr-pi_227.jpg,pituitary,3,test,4515
Training/pituitary/Tr-pi_228.jpg,pituitary,3,train,4516
Training/pituitary/Tr-pi_229.jpg,pituitary,3,train,4517
Training/pituitary/Tr-pi_23.jpg,pituitary,3,train,4357
Training/pituitary/Tr-pi_230.jpg,pituitary,3,train,4505
Training/pituitary/Tr-pi_231.jpg,pituitary,3,train,964
Training/pituitary/Tr-pi_232.jpg,pituitary,3,train,4518
Training/pituitary/Tr-pi_233.jpg,pituitary,3,val,4519
Training/pituitary/Tr-pi_234.jpg,pituitary,3,train,4520
Training/pituitary/Tr-pi_235.jpg,pituitary,3,test,4521
Training/pituitary/Tr-pi_236.jpg,pituitary,3,train,4297
Training/pituitary/Tr-pi_237.jpg,pituitary,3,train,4522
Training/pituitary/Tr-pi_238.jpg,pituitary,3,train,4523
Training/pituitary/Tr-pi_239.jpg,pituitary,3,train,924
Training/pituitary/Tr-pi_24.jpg,pituitary,3,train,4524
Training/pituitary/Tr-pi_240.jpg,pituitary,3,train,4525
Training/pituitary/Tr-pi_241.jpg,pituitary,3,val,4526
Training/pituitary/Tr-pi_242.jpg,pituitary,3,train,4527
Training/pituitary/Tr-pi_243.jpg,pituitary,3,val,4528
Training/pituitary/Tr-pi_244.jpg,pituitary,3,train,4529
Training/pituitary/Tr-pi_245.jpg,pituitary,3,val,4530
Training/pituitary/Tr-pi_246.jpg,pituitary,3,train,4531
Training/pituitary/Tr-pi_247.jpg,pituitary,3,train,673
Training/pituitary/Tr-pi_248.jpg,pituitary,3,val,4532
Training/pituitary/Tr-pi_249.jpg,pituitary,3,test,4533
Training/pituitary/Tr-pi_25.jpg,pituitary,3,train,4534
Training/pituitary/Tr-pi_250.jpg,pituitary,3,val,4535
Training/pituitary/Tr-pi_251.jpg,pituitary,3,train,4536
Training/pituitary/Tr-pi_252.jpg,pituitary,3,val,4537
Training/pituitary/Tr-pi_253.jpg,pituitary,3,train,4300
Training/pituitary/Tr-pi_254.jpg,pituitary,3,train,4538
Training/pituitary/Tr-pi_255.jpg,pituitary,3,train,4539
Training/pituitary/Tr-pi_256.jpg,pituitary,3,train,4540
Training/pituitary/Tr-pi_257.jpg,pituitary,3,train,4111
Training/pituitary/Tr-pi_258.jpg,pituitary,3,val,4541
Training/pituitary/Tr-pi_259.jpg,pituitary,3,val,4542
Training/pituitary/Tr-pi_26.jpg,pituitary,3,test,4543
Training/pituitary/Tr-pi_260.jpg,pituitary,3,train,4414
Training/pituitary/Tr-pi_261.jpg,pituitary,3,train,991
Training/pituitary/Tr-pi_262.jpg,pituitary,3,val,4544
Training/pituitary/Tr-pi_263.jpg,pituitary,3,train,4545
Training/pituitary/Tr-pi_264.jpg,pituitary,3,train,4546
Training/pituitary/Tr-pi_265.jpg,pituitary,3,train,4547
Training/pituitary/Tr-pi_266.jpg,pituitary,3,test,4548
Training/pituitary/Tr-pi_267.jpg,pituitary,3,train,4549
Training/pituitary/Tr-pi_268.jpg,pituitary,3,train,4550
Training/pituitary/Tr-pi_269.jpg,pituitary,3,train,4551
Training/pituitary/Tr-pi_27.jpg,pituitary,3,test,4552
Training/pituitary/Tr-pi_270.jpg,pituitary,3,train,4553
Training/pituitary/Tr-pi_271.jpg,pituitary,3,train,4554
Training/pituitary/Tr-pi_272.jpg,pituitary,3,train,4375
Training/pituitary/Tr-pi_273.jpg,pituitary,3,train,4555
Training/pituitary/Tr-pi_274.jpg,pituitary,3,train,4556
Training/pituitary/Tr-pi_275.jpg,pituitary,3,train,4557
Training/pituitary/Tr-pi_276.jpg,pituitary,3,train,4558
Training/pituitary/Tr-pi_277.jpg,pituitary,3,train,4559
Training/pituitary/Tr-pi_278.jpg,pituitary,3,train,4560
Training/pituitary/Tr-pi_279.jpg,pituitary,3,train,4561
Training/pituitary/Tr-pi_28.jpg,pituitary,3,train,4562
Training/pituitary/Tr-pi_280.jpg,pituitary,3,test,4563
Training/pituitary/Tr-pi_281.jpg,pituitary,3,train,890
Training/pituitary/Tr-pi_282.jpg,pituitary,3,val,4564
Training/pituitary/Tr-pi_283.jpg,pituitary,3,val,4565
Training/pituitary/Tr-pi_284.jpg,pituitary,3,train,4566
Training/pituitary/Tr-pi_285.jpg,pituitary,3,train,1019
Training/pituitary/Tr-pi_286.jpg,pituitary,3,train,4567
Training/pituitary/Tr-pi_287.jpg,pituitary,3,train,1019
Training/pituitary/Tr-pi_288.jpg,pituitary,3,train,4568
Training/pituitary/Tr-pi_289.jpg,pituitary,3,train,896
Training/pituitary/Tr-pi_29.jpg,pituitary,3,test,4569
Training/pituitary/Tr-pi_290.jpg,pituitary,3,test,4570
Training/pituitary/Tr-pi_291.jpg,pituitary,3,train,4571
Training/pituitary/Tr-pi_292.jpg,pituitary,3,train,4572
Training/pituitary/Tr-pi_293.jpg,pituitary,3,test,4573
Training/pituitary/Tr-pi_294.jpg,pituitary,3,train,4574
Training/pituitary/Tr-pi_295.jpg,pituitary,3,train,4575
Training/pituitary/Tr-pi_296.jpg,pituitary,3,test,4576
Training/pituitary/Tr-pi_297.jpg,pituitary,3,test,4577
Training/pituitary/Tr-pi_298.jpg,pituitary,3,train,4578
Training/pituitary/Tr-pi_299.jpg,pituitary,3,train,4579
Training/pituitary/Tr-pi_3.jpg,pituitary,3,train,4580
Training/pituitary/Tr-pi_30.jpg,pituitary,3,train,4581
Training/pituitary/Tr-pi_300.jpg,pituitary,3,train,4582
Training/pituitary/Tr-pi_301.jpg,pituitary,3,train,4583
Training/pituitary/Tr-pi_302.jpg,pituitary,3,train,4584
Training/pituitary/Tr-pi_303.jpg,pituitary,3,val,4585
Training/pituitary/Tr-pi_304.jpg,pituitary,3,train,4586
Training/pituitary/Tr-pi_305.jpg,pituitary,3,train,4587
Training/pituitary/Tr-pi_306.jpg,pituitary,3,train,4458
Training/pituitary/Tr-pi_307.jpg,pituitary,3,val,4588
Training/pituitary/Tr-pi_308.jpg,pituitary,3,val,4589
Training/pituitary/Tr-pi_309.jpg,pituitary,3,train,4590
Training/pituitary/Tr-pi_31.jpg,pituitary,3,train,4591
Training/pituitary/Tr-pi_310.jpg,pituitary,3,train,4592
Training/pituitary/Tr-pi_311.jpg,pituitary,3,train,4593
Training/pituitary/Tr-pi_312.jpg,pituitary,3,train,4594
Training/pituitary/Tr-pi_313.jpg,pituitary,3,train,4595
Training/pituitary/Tr-pi_314.jpg,pituitary,3,train,4596
Training/pituitary/Tr-pi_315.jpg,pituitary,3,test,4597
Training/pituitary/Tr-pi_316.jpg,pituitary,3,val,4598
Training/pituitary/Tr-pi_317.jpg,pituitary,3,test,4599
Training/pituitary/Tr-pi_318.jpg,pituitary,3,train,4416
Training/pituitary/Tr-pi_319.jpg,pituitary,3,test,4600
Training/pituitary/Tr-pi_32.jpg,pituitary,3,train,4052
Training/pituitary/Tr-pi_320.jpg,pituitary,3,train,4593
Training/pituitary/Tr-pi_321.jpg,pituitary,3,train,4601
Training/pituitary/Tr-pi_322.jpg,pituitary,3,val,4602
Training/pituitary/Tr-pi_323.jpg,pituitary,3,train,937
Training/pituitary/Tr-pi_324.jpg,pituitary,3,train,4603
Training/pituitary/Tr-pi_325.jpg,pituitary,3,train,1109
Training/pituitary/Tr-pi_326.jpg,pituitary,3,train,4604
Training/pituitary/Tr-pi_327.jpg,pituitary,3,val,4605
Training/pituitary/Tr-pi_328.jpg,pituitary,3,train,4606
Training/pituitary/Tr-pi_329.jpg,pituitary,3,train,4254
Training/pituitary/Tr-pi_33.jpg,pituitary,3,train,4607
Training/pituitary/Tr-pi_330.jpg,pituitary,3,val,4608
Training/pituitary/Tr-pi_331.jpg,pituitary,3,test,4609
Training/pituitary/Tr-pi_332.jpg,pituitary,3,train,4610
Training/pituitary/Tr-pi_333.jpg,pituitary,3,train,946
Training/pituitary/Tr-pi_334.jpg,pituitary,3,train,4117
Training/pituitary/Tr-pi_335.jpg,pituitary,3,test,4611
Training/pituitary/Tr-pi_336.jpg,pituitary,3,train,890
Training/pituitary/Tr-pi_337.jpg,pituitary,3,test,4612
Training/pituitary/Tr-pi_338.jpg,pituitary,3,train,4613
Training/pituitary/Tr-pi_339.jpg,pituitary,3,val,4614
Training/pituitary/Tr-pi_34.jpg,pituitary,3,train,4615
Training/pituitary/Tr-pi_340.jpg,pituitary,3,train,4616
Training/pituitary/Tr-pi_341.jpg,pituitary,3,val,4617
Training/pituitary/Tr-pi_342.jpg,pituitary,3,train,4618
Training/pituitary/Tr-pi_343.jpg,pituitary,3,test,4619
Training/pituitary/Tr-pi_344.jpg,pituitary,3,train,4620
Training/pituitary/Tr-pi_345.jpg,pituitary,3,test,4621
Training/pituitary/Tr-pi_346.jpg,pituitary,3,train,4622
Training/pituitary/Tr-pi_347.jpg,pituitary,3,test,4623
Training/pituitary/Tr-pi_348.jpg,pituitary,3,train,4624
Training/pituitary/Tr-pi_349.jpg,pituitary,3,train,4625
Training/pituitary/Tr-pi_35.jpg,pituitary,3,train,4416
Training/pituitary/Tr-pi_350.jpg,pituitary,3,train,4626
Training/pituitary/Tr-pi_351.jpg,pituitary,3,train,4627
Training/pituitary/Tr-pi_352.jpg,pituitary,3,train,4628
Training/pituitary/Tr-pi_353.jpg,pituitary,3,train,4629
Training/pituitary/Tr-pi_354.jpg,pituitary,3,test,4630
Training/pituitary/Tr-pi_355.jpg,pituitary,3,test,4631
Training/pituitary/Tr-pi_356.jpg,pituitary,3,train,4632
Training/pituitary/Tr-pi_357.jpg,pituitary,3,val,4633
Training/pituitary/Tr-pi_358.jpg,pituitary,3,val,4634
Training/pituitary/Tr-pi_359.jpg,pituitary,3,val,4635
Training/pituitary/Tr-pi_36.jpg,pituitary,3,train,4158
Training/pituitary/Tr-pi_360.jpg,pituitary,3,val,4636
Training/pituitary/Tr-pi_361.jpg,pituitary,3,val,4637
Training/pituitary/Tr-pi_362.jpg,pituitary,3,train,4638
Training/pituitary/Tr-pi_363.jpg,pituitary,3,train,4043
Training/pituitary/Tr-pi_364.jpg,pituitary,3,train,4639
Training/pituitary/Tr-pi_365.jpg,pituitary,3,train,4560
Training/pituitary/Tr-pi_366.jpg,pituitary,3,train,4640
Training/pituitary/Tr-pi_367.jpg,pituitary,3,train,4641
Training/pituitary/Tr-pi_368.jpg,pituitary,3,train,4638
Training/pituitary/Tr-pi_369.jpg,pituitary,3,train,1156
Training/pituitary/Tr-pi_37.jpg,pituitary,3,train,4403
Training/pituitary/Tr-pi_370.jpg,pituitary,3,train,4642
Training/pituitary/Tr-pi_371.jpg,pituitary,3,val,4643
Training/pituitary/Tr-pi_372.jpg,pituitary,3,test,4644
Training/pituitary/Tr-pi_373.jpg,pituitary,3,train,4052
Training/pituitary/Tr-pi_374.jpg,pituitary,3,val,4645
Training/pituitary/Tr-pi_375.jpg,pituitary,3,test,4646
Training/pituitary/Tr-pi_376.jpg,pituitary,3,train,4647
Training/pituitary/Tr-pi_377.jpg,pituitary,3,train,4246
Training/pituitary/Tr-pi_378.jpg,pituitary,3,val,4648
Training/pituitary/Tr-pi_379.jpg,pituitary,3,train,4649
Training/pituitary/Tr-pi_38.jpg,pituitary,3,val,4650
Training/pituitary/Tr-pi_380.jpg,pituitary,3,val,4651
Training/pituitary/Tr-pi_381.jpg,pituitary,3,train,4652
Training/pituitary/Tr-pi_382.jpg,pituitary,3,train,4653
Training/pituitary/Tr-pi_383.jpg,pituitary,3,train,890
Training/pituitary/Tr-pi_384.jpg,pituitary,3,train,4165
Training/pituitary/Tr-pi_385.jpg,pituitary,3,train,4654
Training/pituitary/Tr-pi_386.jpg,pituitary,3,train,924
Training/pituitary/Tr-pi_387.jpg,pituitary,3,train,1072
Training/pituitary/Tr-pi_388.jpg,pituitary,3,train,4655
Training/pituitary/Tr-pi_389.jpg,pituitary,3,val,4656
Training/pituitary/Tr-pi_39.jpg,pituitary,3,train,4657
Training/pituitary/Tr-pi_390.jpg,pituitary,3,train,4658
Training/pituitary/Tr-pi_391.jpg,pituitary,3,train,1193
Training/pituitary/Tr-pi_392.jpg,pituitary,3,train,4659
Training/pituitary/Tr-pi_393.jpg,pituitary,3,test,4660
Training/pituitary/Tr-pi_394.jpg,pituitary,3,train,4661
Training/pituitary/Tr-pi_395.jpg,pituitary,3,train,4662
Training/pituitary/Tr-pi_396.jpg,pituitary,3,train,4292
Training/pituitary/Tr-pi_397.jpg,pituitary,3,train,4567
Training/pituitary/Tr-pi_398.jpg,pituitary,3,train,4663
Training/pituitary/Tr-pi_399.jpg,pituitary,3,train,4664
Training/pituitary/Tr-pi_4.jpg,pituitary,3,test,4665
Training/pituitary/Tr-pi_40.jpg,pituitary,3,train,969
Training/pituitary/Tr-pi_400.jpg,pituitary,3,train,4666
Training/pituitary/Tr-pi_401.jpg,pituitary,3,train,4667
Training/pituitary/Tr-pi_402.jpg,pituitary,3,train,4668
Training/pituitary/Tr-pi_403.jpg,pituitary,3,train,4669
Training/pituitary/Tr-pi_404.jpg,pituitary,3,train,4670
Training/pituitary/Tr-pi_405.jpg,pituitary,3,train,4495
Training/pituitary/Tr-pi_406.jpg,pituitary,3,train,4671
Training/pituitary/Tr-pi_407.jpg,pituitary,3,val,4672
Training/pituitary/Tr-pi_408.jpg,pituitary,3,test,4673
Training/pituitary/Tr-pi_409.jpg,pituitary,3,train,4674
Training/pituitary/Tr-pi_41.jpg,pituitary,3,val,4675
Training/pituitary/Tr-pi_410.jpg,pituitary,3,train,4264
Training/pituitary/Tr-pi_411.jpg,pituitary,3,train,988
Training/pituitary/Tr-pi_412.jpg,pituitary,3,train,4676
Training/pituitary/Tr-pi_413.jpg,pituitary,3,train,4677
Training/pituitary/Tr-pi_414.jpg,pituitary,3,train,4678
Training/pituitary/Tr-pi_415.jpg,pituitary,3,test,4679
Training/pituitary/Tr-pi_416.jpg,pituitary,3,test,4680
Training/pituitary/Tr-pi_417.jpg,pituitary,3,train,4681
Training/pituitary/Tr-pi_418.jpg,pituitary,3,train,673
Training/pituitary/Tr-pi_419.jpg,pituitary,3,val,4682
Training/pituitary/Tr-pi_42.jpg,pituitary,3,train,4683
Training/pituitary/Tr-pi_420.jpg,pituitary,3,train,4684
Training/pituitary/Tr-pi_421.jpg,pituitary,3,val,4685
Training/pituitary/Tr-pi_422.jpg,pituitary,3,train,4686
Training/pituitary/Tr-pi_423.jpg,pituitary,3,val,4687
Training/pituitary/Tr-pi_424.jpg,pituitary,3,train,4688
Training/pituitary/Tr-pi_425.jpg,pituitary,3,train,4689
Training/pituitary/Tr-pi_426.jpg,pituitary,3,val,4690
Training/pituitary/Tr-pi_427.jpg,pituitary,3,train,4691
Training/pituitary/Tr-pi_428.jpg,pituitary,3,train,4436
Training/pituitary/Tr-pi_429.jpg,pituitary,3,train,958
Training/pituitary/Tr-pi_43.jpg,pituitary,3,train,1173
Training/pituitary/Tr-pi_430.jpg,pituitary,3,train,4509
Training/pituitary/Tr-pi_431.jpg,pituitary,3,val,4692
Training/pituitary/Tr-pi_432.jpg,pituitary,3,train,4115
Training/pituitary/Tr-pi_433.jpg,pituitary,3,train,4693
Training/pituitary/Tr-pi_434.jpg,pituitary,3,train,4694
Training/pituitary/Tr-pi_435.jpg,pituitary,3,train,4695
Training/pituitary/Tr-pi_436.jpg,pituitary,3,train,4696
Training/pituitary/Tr-pi_437.jpg,pituitary,3,val,4697
Training/pituitary/Tr-pi_438.jpg,pituitary,3,val,4698
Training/pituitary/Tr-pi_439.jpg,pituitary,3,train,4699
Training/pituitary/Tr-pi_44.jpg,pituitary,3,test,4700
Training/pituitary/Tr-pi_440.jpg,pituitary,3,test,4701
Training/pituitary/Tr-pi_441.jpg,pituitary,3,val,4702
Training/pituitary/Tr-pi_442.jpg,pituitary,3,val,4703
Training/pituitary/Tr-pi_443.jpg,pituitary,3,train,4704
Training/pituitary/Tr-pi_444.jpg,pituitary,3,test,4705
Training/pituitary/Tr-pi_445.jpg,pituitary,3,train,4706
Training/pituitary/Tr-pi_446.jpg,pituitary,3,train,4707
Training/pituitary/Tr-pi_447.jpg,pituitary,3,train,4708
Training/pituitary/Tr-pi_448.jpg,pituitary,3,train,4709
Training/pituitary/Tr-pi_449.jpg,pituitary,3,val,4710
Training/pituitary/Tr-pi_45.jpg,pituitary,3,train,4711
Training/pituitary/Tr-pi_450.jpg,pituitary,3,train,4143
Training/pituitary/Tr-pi_451.jpg,pituitary,3,val,4712
Training/pituitary/Tr-pi_452.jpg,pituitary,3,train,4713
Training/pituitary/Tr-pi_453.jpg,pituitary,3,val,4714
Training/pituitary/Tr-pi_454.jpg,pituitary,3,train,4715
Training/pituitary/Tr-pi_455.jpg,pituitary,3,train,4158
Training/pituitary/Tr-pi_456.jpg,pituitary,3,train,4716
Training/pituitary/Tr-pi_457.jpg,pituitary,3,train,4717
Training/pituitary/Tr-pi_458.jpg,pituitary,3,val,4718
Training/pituitary/Tr-pi_459.jpg,pituitary,3,train,4719
Training/pituitary/Tr-pi_46.jpg,pituitary,3,val,4720
Training/pituitary/Tr-pi_460.jpg,pituitary,3,train,4721
Training/pituitary/Tr-pi_461.jpg,pituitary,3,train,4292
Training/pituitary/Tr-pi_462.jpg,pituitary,3,train,4722
Training/pituitary/Tr-pi_463.jpg,pituitary,3,train,4723
Training/pituitary/Tr-pi_464.jpg,pituitary,3,train,4724
Training/pituitary/Tr-pi_465.jpg,pituitary,3,train,4725
Training/pituitary/Tr-pi_466.jpg,pituitary,3,train,4726
Training/pituitary/Tr-pi_467.jpg,pituitary,3,train,890
Training/pituitary/Tr-pi_468.jpg,pituitary,3,train,4727
Training/pituitary/Tr-pi_469.jpg,pituitary,3,train,4728
Training/pituitary/Tr-pi_47.jpg,pituitary,3,train,4729
Training/pituitary/Tr-pi_470.jpg,pituitary,3,train,4730
Training/pituitary/Tr-pi_471.jpg,pituitary,3,train,4731
Training/pituitary/Tr-pi_472.jpg,pituitary,3,train,4699
Training/pituitary/Tr-pi_473.jpg,pituitary,3,train,4732
Training/pituitary/Tr-pi_474.jpg,pituitary,3,train,4733
Training/pituitary/Tr-pi_475.jpg,pituitary,3,train,4734
Training/pituitary/Tr-pi_476.jpg,pituitary,3,train,4292
Training/pituitary/Tr-pi_477.jpg,pituitary,3,test,4735
Training/pituitary/Tr-pi_478.jpg,pituitary,3,train,4736
Training/pituitary/Tr-pi_479.jpg,pituitary,3,val,4737
Training/pituitary/Tr-pi_48.jpg,pituitary,3,test,4738
Training/pituitary/Tr-pi_480.jpg,pituitary,3,train,4739
Training/pituitary/Tr-pi_481.jpg,pituitary,3,train,4740
Training/pituitary/Tr-pi_482.jpg,pituitary,3,train,4741
Training/pituitary/Tr-pi_483.jpg,pituitary,3,train,4742
Training/pituitary/Tr-pi_484.jpg,pituitary,3,train,4743
Training/pituitary/Tr-pi_485.jpg,pituitary,3,train,4744
Training/pituitary/Tr-pi_486.jpg,pituitary,3,train,4745
Training/pituitary/Tr-pi_487.jpg,pituitary,3,train,1139
Training/pituitary/Tr-pi_488.jpg,pituitary,3,train,4746
Training/pituitary/Tr-pi_489.jpg,pituitary,3,train,4747
Training/pituitary/Tr-pi_49.jpg,pituitary,3,train,4748
Training/pituitary/Tr-pi_490.jpg,pituitary,3,train,4749
Training/pituitary/Tr-pi_491.jpg,pituitary,3,train,4750
Training/pituitary/Tr-pi_492.jpg,pituitary,3,train,4246
Training/pituitary/Tr-pi_493.jpg,pituitary,3,train,4751
Training/pituitary/Tr-pi_494.jpg,pituitary,3,train,4752
Training/pituitary/Tr-pi_495.jpg,pituitary,3,test,4753
Training/pituitary/Tr-pi_496.jpg,pituitary,3,train,1169
Training/pituitary/Tr-pi_497.jpg,pituitary,3,train,4111
Training/pituitary/Tr-pi_498.jpg,pituitary,3,train,4754
Training/pituitary/Tr-pi_499.jpg,pituitary,3,train,896
Training/pituitary/Tr-pi_5.jpg,pituitary,3,train,4755
Training/pituitary/Tr-pi_50.jpg,pituitary,3,train,4554
Training/pituitary/Tr-pi_500.jpg,pituitary,3,test,4756
Training/pituitary/Tr-pi_501.jpg,pituitary,3,train,4757
Training/pituitary/Tr-pi_502.jpg,pituitary,3,train,4758
Training/pituitary/Tr-pi_503.jpg,pituitary,3,train,4759
Training/pituitary/Tr-pi_504.jpg,pituitary,3,train,4451
Training/pituitary/Tr-pi_505.jpg,pituitary,3,train,4058
Training/pituitary/Tr-pi_506.jpg,pituitary,3,test,4760
Training/pituitary/Tr-pi_507.jpg,pituitary,3,test,4761
Training/pituitary/Tr-pi_508.jpg,pituitary,3,val,4762
Training/pituitary/Tr-pi_509.jpg,pituitary,3,train,4763
Training/pituitary/Tr-pi_51.jpg,pituitary,3,val,4764
Training/pituitary/Tr-pi_510.jpg,pituitary,3,train,4765
Training/pituitary/Tr-pi_511.jpg,pituitary,3,train,4766
Training/pituitary/Tr-pi_512.jpg,pituitary,3,test,4767
Training/pituitary/Tr-pi_513.jpg,pituitary,3,train,4353
Training/pituitary/Tr-pi_514.jpg,pituitary,3,train,4768
Training/pituitary/Tr-pi_515.jpg,pituitary,3,train,4264
Training/pituitary/Tr-pi_516.jpg,pituitary,3,val,4769
Training/pituitary/Tr-pi_517.jpg,pituitary,3,train,4770
Training/pituitary/Tr-pi_518.jpg,pituitary,3,train,4771
Training/pituitary/Tr-pi_519.jpg,pituitary,3,train,4416
Training/pituitary/Tr-pi_52.jpg,pituitary,3,train,4772
Training/pituitary/Tr-pi_520.jpg,pituitary,3,train,4773
Training/pituitary/Tr-pi_521.jpg,pituitary,3,train,4774
Training/pituitary/Tr-pi_522.jpg,pituitary,3,train,4775
Training/pituitary/Tr-pi_523.jpg,pituitary,3,train,4776
Training/pituitary/Tr-pi_524.jpg,pituitary,3,train,4777
Training/pituitary/Tr-pi_525.jpg,pituitary,3,train,4778
Training/pituitary/Tr-pi_526.jpg,pituitary,3,val,4779
Training/pituitary/Tr-pi_527.jpg,pituitary,3,train,4780
Training/pituitary/Tr-pi_528.jpg,pituitary,3,train,4292
Training/pituitary/Tr-pi_529.jpg,pituitary,3,train,4781
Training/pituitary/Tr-pi_53.jpg,pituitary,3,val,4782
Training/pituitary/Tr-pi_530.jpg,pituitary,3,val,4783
Training/pituitary/Tr-pi_531.jpg,pituitary,3,train,4784
Training/pituitary/Tr-pi_532.jpg,pituitary,3,train,4785
Training/pituitary/Tr-pi_533.jpg,pituitary,3,test,4786
Training/pituitary/Tr-pi_534.jpg,pituitary,3,train,4522
Training/pituitary/Tr-pi_535.jpg,pituitary,3,train,4787
Training/pituitary/Tr-pi_536.jpg,pituitary,3,train,4699
Training/pituitary/Tr-pi_537.jpg,pituitary,3,test,4788
Training/pituitary/Tr-pi_538.jpg,pituitary,3,train,4789
Training/pituitary/Tr-pi_539.jpg,pituitary,3,train,4790
Training/pituitary/Tr-pi_54.jpg,pituitary,3,test,4791
Training/pituitary/Tr-pi_540.jpg,pituitary,3,val,4792
Training/pituitary/Tr-pi_541.jpg,pituitary,3,train,4793
Training/pituitary/Tr-pi_542.jpg,pituitary,3,train,4794
Training/pituitary/Tr-pi_543.jpg,pituitary,3,train,4795
Training/pituitary/Tr-pi_544.jpg,pituitary,3,train,4796
Training/pituitary/Tr-pi_545.jpg,pituitary,3,test,4797
Training/pituitary/Tr-pi_546.jpg,pituitary,3,val,4798
Training/pituitary/Tr-pi_547.jpg,pituitary,3,val,4799
Training/pituitary/Tr-pi_548.jpg,pituitary,3,train,4800
Training/pituitary/Tr-pi_549.jpg,pituitary,3,train,4615
Training/pituitary/Tr-pi_55.jpg,pituitary,3,train,4801
Training/pituitary/Tr-pi_550.jpg,pituitary,3,test,4802
Training/pituitary/Tr-pi_551.jpg,pituitary,3,test,4803
Training/pituitary/Tr-pi_552.jpg,pituitary,3,train,4804
Training/pituitary/Tr-pi_553.jpg,pituitary,3,train,4805
Training/pituitary/Tr-pi_554.jpg,pituitary,3,train,4806
Training/pituitary/Tr-pi_555.jpg,pituitary,3,train,4807
Training/pituitary/Tr-pi_556.jpg,pituitary,3,test,4808
Training/pituitary/Tr-pi_557.jpg,pituitary,3,test,4809
Training/pituitary/Tr-pi_558.jpg,pituitary,3,train,4810
Training/pituitary/Tr-pi_559.jpg,pituitary,3,test,4811
Training/pituitary/Tr-pi_56.jpg,pituitary,3,train,890
Training/pituitary/Tr-pi_560.jpg,pituitary,3,train,4812
Training/pituitary/Tr-pi_561.jpg,pituitary,3,test,4813
Training/pituitary/Tr-pi_562.jpg,pituitary,3,train,4814
Training/pituitary/Tr-pi_563.jpg,pituitary,3,val,4815
Training/pituitary/Tr-pi_564.jpg,pituitary,3,train,4358
Training/pituitary/Tr-pi_565.jpg,pituitary,3,val,4816
Training/pituitary/Tr-pi_566.jpg,pituitary,3,test,4817
Training/pituitary/Tr-pi_567.jpg,pituitary,3,train,4818
Training/pituitary/Tr-pi_568.jpg,pituitary,3,test,4819
Training/pituitary/Tr-pi_569.jpg,pituitary,3,train,4820
Training/pituitary/Tr-pi_57.jpg,pituitary,3,test,4821
Training/pituitary/Tr-pi_570.jpg,pituitary,3,train,4822
Training/pituitary/Tr-pi_571.jpg,pituitary,3,val,4823
Training/pituitary/Tr-pi_572.jpg,pituitary,3,train,4824
Training/pituitary/Tr-pi_573.jpg,pituitary,3,test,4825
Training/pituitary/Tr-pi_574.jpg,pituitary,3,train,4448
Training/pituitary/Tr-pi_575.jpg,pituitary,3,train,4826
Training/pituitary/Tr-pi_576.jpg,pituitary,3,train,4827
Training/pituitary/Tr-pi_577.jpg,pituitary,3,train,4828
Training/pituitary/Tr-pi_578.jpg,pituitary,3,train,4829
Training/pituitary/Tr-pi_579.jpg,pituitary,3,train,1096
Training/pituitary/Tr-pi_58.jpg,pituitary,3,train,4830
Training/pituitary/Tr-pi_580.jpg,pituitary,3,train,4831
Training/pituitary/Tr-pi_581.jpg,pituitary,3,val,4832
Training/pituitary/Tr-pi_582.jpg,pituitary,3,train,1203
Training/pituitary/Tr-pi_583.jpg,pituitary,3,train,4833
Training/pituitary/Tr-pi_584.jpg,pituitary,3,train,4829
Training/pituitary/Tr-pi_585.jpg,pituitary,3,val,4834
Training/pituitary/Tr-pi_586.jpg,pituitary,3,test,4835
Training/pituitary/Tr-pi_587.jpg,pituitary,3,test,4836
Training/pituitary/Tr-pi_588.jpg,pituitary,3,train,4837
Training/pituitary/Tr-pi_589.jpg,pituitary,3,train,4838
Training/pituitary/Tr-pi_59.jpg,pituitary,3,train,4839
Training/pituitary/Tr-pi_590.jpg,pituitary,3,train,4484
Training/pituitary/Tr-pi_591.jpg,pituitary,3,train,4840
Training/pituitary/Tr-pi_592.jpg,pituitary,3,train,4841
Training/pituitary/Tr-pi_593.jpg,pituitary,3,train,4842
Training/pituitary/Tr-pi_594.jpg,pituitary,3,train,4843
Training/pituitary/Tr-pi_595.jpg,pituitary,3,train,4844
Training/pituitary/Tr-pi_596.jpg,pituitary,3,train,4620
Training/pituitary/Tr-pi_597.jpg,pituitary,3,train,4845
Training/pituitary/Tr-pi_598.jpg,pituitary,3,train,1015
Training/pituitary/Tr-pi_599.jpg,pituitary,3,train,4846
Training/pituitary/Tr-pi_6.jpg,pituitary,3,val,4847
Training/pituitary/Tr-pi_60.jpg,pituitary,3,test,4848
Training/pituitary/Tr-pi_600.jpg,pituitary,3,train,4849
Training/pituitary/Tr-pi_601.jpg,pituitary,3,train,4850
Training/pituitary/Tr-pi_602.jpg,pituitary,3,train,4851
Training/pituitary/Tr-pi_603.jpg,pituitary,3,train,4852
Training/pituitary/Tr-pi_604.jpg,pituitary,3,train,4853
Training/pituitary/Tr-pi_605.jpg,pituitary,3,train,4854
Training/pituitary/Tr-pi_606.jpg,pituitary,3,train,4855
Training/pituitary/Tr-pi_607.jpg,pituitary,3,train,4856
Training/pituitary/Tr-pi_608.jpg,pituitary,3,test,4857
Training/pituitary/Tr-pi_609.jpg,pituitary,3,val,4858
Training/pituitary/Tr-pi_61.jpg,pituitary,3,train,4859
Training/pituitary/Tr-pi_610.jpg,pituitary,3,val,4860
Training/pituitary/Tr-pi_611.jpg,pituitary,3,val,4861
Training/pituitary/Tr-pi_612.jpg,pituitary,3,train,673
Training/pituitary/Tr-pi_613.jpg,pituitary,3,val,4862
Training/pituitary/Tr-pi_614.jpg,pituitary,3,test,4863
Training/pituitary/Tr-pi_615.jpg,pituitary,3,test,4864
Training/pituitary/Tr-pi_616.jpg,pituitary,3,train,4865
Training/pituitary/Tr-pi_617.jpg,pituitary,3,train,4866
Training/pituitary/Tr-pi_618.jpg,pituitary,3,train,4867
Training/pituitary/Tr-pi_619.jpg,pituitary,3,train,4868
Training/pituitary/Tr-pi_62.jpg,pituitary,3,train,4869
Training/pituitary/Tr-pi_620.jpg,pituitary,3,train,965
Training/pituitary/Tr-pi_621.jpg,pituitary,3,train,4870
Training/pituitary/Tr-pi_622.jpg,pituitary,3,train,4871
Training/pituitary/Tr-pi_623.jpg,pituitary,3,test,4872
Training/pituitary/Tr-pi_624.jpg,pituitary,3,train,4873
Training/pituitary/Tr-pi_625.jpg,pituitary,3,train,4874
Training/pituitary/Tr-pi_626.jpg,pituitary,3,test,4875
Training/pituitary/Tr-pi_627.jpg,pituitary,3,train,4876
Training/pituitary/Tr-pi_628.jpg,pituitary,3,val,4877
Training/pituitary/Tr-pi_629.jpg,pituitary,3,train,4878
Training/pituitary/Tr-pi_63.jpg,pituitary,3,train,1092
Training/pituitary/Tr-pi_630.jpg,pituitary,3,train,4879
Training/pituitary/Tr-pi_631.jpg,pituitary,3,train,1072
Training/pituitary/Tr-pi_632.jpg,pituitary,3,val,4880
Training/pituitary/Tr-pi_633.jpg,pituitary,3,test,4881
Training/pituitary/Tr-pi_634.jpg,pituitary,3,train,4495
Training/pituitary/Tr-pi_635.jpg,pituitary,3,train,4882
Training/pituitary/Tr-pi_636.jpg,pituitary,3,train,1193
Training/pituitary/Tr-pi_637.jpg,pituitary,3,train,4883
Training/pituitary/Tr-pi_638.jpg,pituitary,3,train,4884
Training/pituitary/Tr-pi_639.jpg,pituitary,3,train,4885
Training/pituitary/Tr-pi_64.jpg,pituitary,3,val,4886
Training/pituitary/Tr-pi_640.jpg,pituitary,3,val,4887
Training/pituitary/Tr-pi_641.jpg,pituitary,3,train,4888
Training/pituitary/Tr-pi_642.jpg,pituitary,3,val,4889
Training/pituitary/Tr-pi_643.jpg,pituitary,3,test,4890
Training/pituitary/Tr-pi_644.jpg,pituitary,3,train,4891
Training/pituitary/Tr-pi_645.jpg,pituitary,3,train,4892
Training/pituitary/Tr-pi_646.jpg,pituitary,3,train,4893
Training/pituitary/Tr-pi_647.jpg,pituitary,3,train,4746
Training/pituitary/Tr-pi_648.jpg,pituitary,3,train,4894
Training/pituitary/Tr-pi_649.jpg,pituitary,3,test,4895
Training/pituitary/Tr-pi_65.jpg,pituitary,3,train,4896
Training/pituitary/Tr-pi_650.jpg,pituitary,3,train,4511
Training/pituitary/Tr-pi_651.jpg,pituitary,3,train,890
Training/pituitary/Tr-pi_652.jpg,pituitary,3,test,4897
Training/pituitary/Tr-pi_653.jpg,pituitary,3,test,4898
Training/pituitary/Tr-pi_654.jpg,pituitary,3,train,4899
Training/pituitary/Tr-pi_655.jpg,pituitary,3,val,4900
Training/pituitary/Tr-pi_656.jpg,pituitary,3,train,4901
Training/pituitary/Tr-pi_657.jpg,pituitary,3,train,4902
Training/pituitary/Tr-pi_658.jpg,pituitary,3,train,4903
Training/pituitary/Tr-pi_659.jpg,pituitary,3,train,4904
Training/pituitary/Tr-pi_66.jpg,pituitary,3,val,4905
Training/pituitary/Tr-pi_660.jpg,pituitary,3,train,4906
Training/pituitary/Tr-pi_661.jpg,pituitary,3,train,4907
Training/pituitary/Tr-pi_662.jpg,pituitary,3,train,4908
Training/pituitary/Tr-pi_663.jpg,pituitary,3,train,4909
Training/pituitary/Tr-pi_664.jpg,pituitary,3,test,4910
Training/pituitary/Tr-pi_665.jpg,pituitary,3,train,4885
Training/pituitary/Tr-pi_666.jpg,pituitary,3,test,4911
Training/pituitary/Tr-pi_667.jpg,pituitary,3,val,4912
Training/pituitary/Tr-pi_668.jpg,pituitary,3,train,4221
Training/pituitary/Tr-pi_669.jpg,pituitary,3,train,4913
Training/pituitary/Tr-pi_67.jpg,pituitary,3,train,4914
Training/pituitary/Tr-pi_670.jpg,pituitary,3,val,4915
Training/pituitary/Tr-pi_671.jpg,pituitary,3,test,4916
Training/pituitary/Tr-pi_672.jpg,pituitary,3,test,4917
Training/pituitary/Tr-pi_673.jpg,pituitary,3,train,1084
Training/pituitary/Tr-pi_674.jpg,pituitary,3,test,4918
Training/pituitary/Tr-pi_675.jpg,pituitary,3,val,4919
Training/pituitary/Tr-pi_676.jpg,pituitary,3,val,4920
Training/pituitary/Tr-pi_677.jpg,pituitary,3,train,4921
Training/pituitary/Tr-pi_678.jpg,pituitary,3,train,4922
Training/pituitary/Tr-pi_679.jpg,pituitary,3,train,4826
Training/pituitary/Tr-pi_68.jpg,pituitary,3,train,4923
Training/pituitary/Tr-pi_680.jpg,pituitary,3,test,4924
Training/pituitary/Tr-pi_681.jpg,pituitary,3,test,4925
Training/pituitary/Tr-pi_682.jpg,pituitary,3,train,4926
Training/pituitary/Tr-pi_683.jpg,pituitary,3,val,4927
Training/pituitary/Tr-pi_684.jpg,pituitary,3,train,4758
Training/pituitary/Tr-pi_685.jpg,pituitary,3,train,4928
Training/pituitary/Tr-pi_686.jpg,pituitary,3,train,4375
Training/pituitary/Tr-pi_687.jpg,pituitary,3,train,4929
Training/pituitary/Tr-pi_688.jpg,pituitary,3,train,4930
Training/pituitary/Tr-pi_689.jpg,pituitary,3,train,4931
Training/pituitary/Tr-pi_69.jpg,pituitary,3,test,4932
Training/pituitary/Tr-pi_690.jpg,pituitary,3,train,2792
Training/pituitary/Tr-pi_691.jpg,pituitary,3,train,4933
Training/pituitary/Tr-pi_692.jpg,pituitary,3,train,4158
Training/pituitary/Tr-pi_693.jpg,pituitary,3,test,4934
Training/pituitary/Tr-pi_694.jpg,pituitary,3,val,4935
Training/pituitary/Tr-pi_695.jpg,pituitary,3,val,4936
Training/pituitary/Tr-pi_696.jpg,pituitary,3,train,4937
Training/pituitary/Tr-pi_697.jpg,pituitary,3,train,4938
Training/pituitary/Tr-pi_698.jpg,pituitary,3,train,4531
Training/pituitary/Tr-pi_699.jpg,pituitary,3,train,4854
Training/pituitary/Tr-pi_7.jpg,pituitary,3,val,4939
Training/pituitary/Tr-pi_70.jpg,pituitary,3,train,4427
Training/pituitary/Tr-pi_700.jpg,pituitary,3,train,4255
Training/pituitary/Tr-pi_701.jpg,pituitary,3,train,4940
Training/pituitary/Tr-pi_702.jpg,pituitary,3,train,4941
Training/pituitary/Tr-pi_703.jpg,pituitary,3,test,4942
Training/pituitary/Tr-pi_704.jpg,pituitary,3,train,4943
Training/pituitary/Tr-pi_705.jpg,pituitary,3,train,4944
Training/pituitary/Tr-pi_706.jpg,pituitary,3,val,4945
Training/pituitary/Tr-pi_707.jpg,pituitary,3,val,4946
Training/pituitary/Tr-pi_708.jpg,pituitary,3,val,4947
Training/pituitary/Tr-pi_709.jpg,pituitary,3,train,4948
Training/pituitary/Tr-pi_71.jpg,pituitary,3,train,4949
Training/pituitary/Tr-pi_710.jpg,pituitary,3,train,4950
Training/pituitary/Tr-pi_711.jpg,pituitary,3,train,4111
Training/pituitary/Tr-pi_712.jpg,pituitary,3,train,4951
Training/pituitary/Tr-pi_713.jpg,pituitary,3,train,4952
Training/pituitary/Tr-pi_714.jpg,pituitary,3,val,4953
Training/pituitary/Tr-pi_715.jpg,pituitary,3,val,4954
Training/pituitary/Tr-pi_716.jpg,pituitary,3,val,4955
Training/pituitary/Tr-pi_717.jpg,pituitary,3,val,4956
Training/pituitary/Tr-pi_718.jpg,pituitary,3,train,4375
Training/pituitary/Tr-pi_719.jpg,pituitary,3,val,4957
Training/pituitary/Tr-pi_72.jpg,pituitary,3,train,4883
Training/pituitary/Tr-pi_720.jpg,pituitary,3,train,4958
Training/pituitary/Tr-pi_721.jpg,pituitary,3,train,4959
Training/pituitary/Tr-pi_722.jpg,pituitary,3,val,4960
Training/pituitary/Tr-pi_723.jpg,pituitary,3,train,4230
Training/pituitary/Tr-pi_724.jpg,pituitary,3,test,4961
Training/pituitary/Tr-pi_725.jpg,pituitary,3,train,4143
Training/pituitary/Tr-pi_726.jpg,pituitary,3,val,4962
Training/pituitary/Tr-pi_727.jpg,pituitary,3,train,4963
Training/pituitary/Tr-pi_728.jpg,pituitary,3,train,4964
Training/pituitary/Tr-pi_729.jpg,pituitary,3,train,4965
Training/pituitary/Tr-pi_73.jpg,pituitary,3,test,4966
Training/pituitary/Tr-pi_730.jpg,pituitary,3,train,4913
Training/pituitary/Tr-pi_731.jpg,pituitary,3,train,1254
Training/pituitary/Tr-pi_732.jpg,pituitary,3,train,4967
Training/pituitary/Tr-pi_733.jpg,pituitary,3,train,4968
Training/pituitary/Tr-pi_734.jpg,pituitary,3,train,4969
Training/pituitary/Tr-pi_735.jpg,pituitary,3,train,4826
Training/pituitary/Tr-pi_736.jpg,pituitary,3,train,4970
Training/pituitary/Tr-pi_737.jpg,pituitary,3,test,4971
Training/pituitary/Tr-pi_738.jpg,pituitary,3,val,4972
Training/pituitary/Tr-pi_739.jpg,pituitary,3,val,4973
Training/pituitary/Tr-pi_74.jpg,pituitary,3,train,4974
Training/pituitary/Tr-pi_740.jpg,pituitary,3,val,4975
Training/pituitary/Tr-pi_741.jpg,pituitary,3,train,4976
Training/pituitary/Tr-pi_742.jpg,pituitary,3,train,4977
Training/pituitary/Tr-pi_743.jpg,pituitary,3,train,4978
Training/pituitary/Tr-pi_744.jpg,pituitary,3,train,4979
Training/pituitary/Tr-pi_745.jpg,pituitary,3,train,4980
Training/pituitary/Tr-pi_746.jpg,pituitary,3,val,4981
Training/pituitary/Tr-pi_747.jpg,pituitary,3,train,4982
Training/pituitary/Tr-pi_748.jpg,pituitary,3,train,1085
Training/pituitary/Tr-pi_749.jpg,pituitary,3,train,4983
Training/pituitary/Tr-pi_75.jpg,pituitary,3,train,4724
Training/pituitary/Tr-pi_750.jpg,pituitary,3,train,4984
Training/pituitary/Tr-pi_751.jpg,pituitary,3,train,4985
Training/pituitary/Tr-pi_752.jpg,pituitary,3,train,4986
Training/pituitary/Tr-pi_753.jpg,pituitary,3,val,4987
Training/pituitary/Tr-pi_754.jpg,pituitary,3,val,4988
Training/pituitary/Tr-pi_755.jpg,pituitary,3,train,4989
Training/pituitary/Tr-pi_756.jpg,pituitary,3,train,4990
Training/pituitary/Tr-pi_757.jpg,pituitary,3,train,4416
Training/pituitary/Tr-pi_758.jpg,pituitary,3,test,4991
Training/pituitary/Tr-pi_759.jpg,pituitary,3,train,4632
Training/pituitary/Tr-pi_76.jpg,pituitary,3,train,4992
Training/pituitary/Tr-pi_760.jpg,pituitary,3,train,4993
Training/pituitary/Tr-pi_761.jpg,pituitary,3,train,4994
Training/pituitary/Tr-pi_762.jpg,pituitary,3,train,4995
Training/pituitary/Tr-pi_763.jpg,pituitary,3,train,4239
Training/pituitary/Tr-pi_764.jpg,pituitary,3,train,4996
Training/pituitary/Tr-pi_765.jpg,pituitary,3,val,4997
Training/pituitary/Tr-pi_766.jpg,pituitary,3,train,4998
Training/pituitary/Tr-pi_767.jpg,pituitary,3,train,922
Training/pituitary/Tr-pi_768.jpg,pituitary,3,val,4999
Training/pituitary/Tr-pi_769.jpg,pituitary,3,train,5000
Training/pituitary/Tr-pi_77.jpg,pituitary,3,train,4632
Training/pituitary/Tr-pi_770.jpg,pituitary,3,val,5001
Training/pituitary/Tr-pi_771.jpg,pituitary,3,train,5002
Training/pituitary/Tr-pi_772.jpg,pituitary,3,val,5003
Training/pituitary/Tr-pi_773.jpg,pituitary,3,train,5004
Training/pituitary/Tr-pi_774.jpg,pituitary,3,train,5005
Training/pituitary/Tr-pi_775.jpg,pituitary,3,val,5006
Training/pituitary/Tr-pi_776.jpg,pituitary,3,test,5007
Training/pituitary/Tr-pi_777.jpg,pituitary,3,test,5008
Training/pituitary/Tr-pi_778.jpg,pituitary,3,train,1084
Training/pituitary/Tr-pi_779.jpg,pituitary,3,train,5009
Training/pituitary/Tr-pi_78.jpg,pituitary,3,train,5010
Training/pituitary/Tr-pi_780.jpg,pituitary,3,test,5011
Training/pituitary/Tr-pi_781.jpg,pituitary,3,train,5012
Training/pituitary/Tr-pi_782.jpg,pituitary,3,test,5013
Training/pituitary/Tr-pi_783.jpg,pituitary,3,train,4230
Training/pituitary/Tr-pi_784.jpg,pituitary,3,val,5014
Training/pituitary/Tr-pi_785.jpg,pituitary,3,train,5015
Training/pituitary/Tr-pi_786.jpg,pituitary,3,test,5016
Training/pituitary/Tr-pi_787.jpg,pituitary,3,train,5017
Training/pituitary/Tr-pi_788.jpg,pituitary,3,test,5018
Training/pituitary/Tr-pi_789.jpg,pituitary,3,train,4995
Training/pituitary/Tr-pi_79.jpg,pituitary,3,train,5019
Training/pituitary/Tr-pi_790.jpg,pituitary,3,train,5020
Training/pituitary/Tr-pi_791.jpg,pituitary,3,val,5021
Training/pituitary/Tr-pi_792.jpg,pituitary,3,train,5022
Training/pituitary/Tr-pi_793.jpg,pituitary,3,train,5023
Training/pituitary/Tr-pi_794.jpg,pituitary,3,val,5024
Training/pituitary/Tr-pi_795.jpg,pituitary,3,train,5025
Training/pituitary/Tr-pi_796.jpg,pituitary,3,val,5026
Training/pituitary/Tr-pi_797.jpg,pituitary,3,test,5027
Training/pituitary/Tr-pi_798.jpg,pituitary,3,test,5028
Training/pituitary/Tr-pi_799.jpg,pituitary,3,train,5029
Training/pituitary/Tr-pi_8.jpg,pituitary,3,train,5030
Training/pituitary/Tr-pi_80.jpg,pituitary,3,val,5031
Training/pituitary/Tr-pi_800.jpg,pituitary,3,train,5032
Training/pituitary/Tr-pi_801.jpg,pituitary,3,train,5033
Training/pituitary/Tr-pi_802.jpg,pituitary,3,train,673
Training/pituitary/Tr-pi_803.jpg,pituitary,3,train,5034
Training/pituitary/Tr-pi_804.jpg,pituitary,3,train,5035
Training/pituitary/Tr-pi_805.jpg,pituitary,3,train,5036
Training/pituitary/Tr-pi_806.jpg,pituitary,3,train,5037
Training/pituitary/Tr-pi_807.jpg,pituitary,3,train,5038
Training/pituitary/Tr-pi_808.jpg,pituitary,3,train,5039
Training/pituitary/Tr-pi_809.jpg,pituitary,3,val,5040
Training/pituitary/Tr-pi_81.jpg,pituitary,3,test,5041
Training/pituitary/Tr-pi_810.jpg,pituitary,3,test,5042
Training/pituitary/Tr-pi_811.jpg,pituitary,3,train,5043
Training/pituitary/Tr-pi_812.jpg,pituitary,3,train,4481
Training/pituitary/Tr-pi_813.jpg,pituitary,3,train,4371
Training/pituitary/Tr-pi_814.jpg,pituitary,3,test,5044
Training/pituitary/Tr-pi_815.jpg,pituitary,3,train,5045
Training/pituitary/Tr-pi_816.jpg,pituitary,3,val,5046
Training/pituitary/Tr-pi_817.jpg,pituitary,3,train,5047
Training/pituitary/Tr-pi_818.jpg,pituitary,3,val,5048
Training/pituitary/Tr-pi_819.jpg,pituitary,3,train,5049
Training/pituitary/Tr-pi_82.jpg,pituitary,3,train,5050
Training/pituitary/Tr-pi_820.jpg,pituitary,3,train,5051
Training/pituitary/Tr-pi_821.jpg,pituitary,3,train,5052
Training/pituitary/Tr-pi_822.jpg,pituitary,3,train,5053
Training/pituitary/Tr-pi_823.jpg,pituitary,3,train,916
Training/pituitary/Tr-pi_824.jpg,pituitary,3,test,5054
Training/pituitary/Tr-pi_825.jpg,pituitary,3,train,5055
Training/pituitary/Tr-pi_826.jpg,pituitary,3,train,5056
Training/pituitary/Tr-pi_827.jpg,pituitary,3,train,5057
Training/pituitary/Tr-pi_828.jpg,pituitary,3,test,5058
Training/pituitary/Tr-pi_829.jpg,pituitary,3,train,5059
Training/pituitary/Tr-pi_83.jpg,pituitary,3,train,2792
Training/pituitary/Tr-pi_830.jpg,pituitary,3,train,5060
Training/pituitary/Tr-pi_831.jpg,pituitary,3,train,890
Training/pituitary/Tr-pi_832.jpg,pituitary,3,train,5061
Training/pituitary/Tr-pi_833.jpg,pituitary,3,train,5062
Training/pituitary/Tr-pi_834.jpg,pituitary,3,test,5063
Training/pituitary/Tr-pi_835.jpg,pituitary,3,train,5064
Training/pituitary/Tr-pi_836.jpg,pituitary,3,train,5065
Training/pituitary/Tr-pi_837.jpg,pituitary,3,train,5066
Training/pituitary/Tr-pi_838.jpg,pituitary,3,test,5067
Training/pituitary/Tr-pi_839.jpg,pituitary,3,train,1039
Training/pituitary/Tr-pi_84.jpg,pituitary,3,test,5068
Training/pituitary/Tr-pi_840.jpg,pituitary,3,test,5069
Training/pituitary/Tr-pi_841.jpg,pituitary,3,train,4625
Training/pituitary/Tr-pi_842.jpg,pituitary,3,train,5070
Training/pituitary/Tr-pi_843.jpg,pituitary,3,train,5071
Training/pituitary/Tr-pi_844.jpg,pituitary,3,train,5072
Training/pituitary/Tr-pi_845.jpg,pituitary,3,train,5073
Training/pituitary/Tr-pi_846.jpg,pituitary,3,train,5074
Training/pituitary/Tr-pi_847.jpg,pituitary,3,train,5075
Training/pituitary/Tr-pi_848.jpg,pituitary,3,train,5076
Training/pituitary/Tr-pi_849.jpg,pituitary,3,train,4594
Training/pituitary/Tr-pi_85.jpg,pituitary,3,train,5077
Training/pituitary/Tr-pi_850.jpg,pituitary,3,test,5078
Training/pituitary/Tr-pi_851.jpg,pituitary,3,train,5079
Training/pituitary/Tr-pi_852.jpg,pituitary,3,train,5080
Training/pituitary/Tr-pi_853.jpg,pituitary,3,train,5081
Training/pituitary/Tr-pi_854.jpg,pituitary,3,train,5082
Training/pituitary/Tr-pi_855.jpg,pituitary,3,train,5083
Training/pituitary/Tr-pi_856.jpg,pituitary,3,val,5084
Training/pituitary/Tr-pi_857.jpg,pituitary,3,train,4794
Training/pituitary/Tr-pi_858.jpg,pituitary,3,val,5085
Training/pituitary/Tr-pi_859.jpg,pituitary,3,train,5086
Training/pituitary/Tr-pi_86.jpg,pituitary,3,train,5087
Training/pituitary/Tr-pi_860.jpg,pituitary,3,train,5088
Training/pituitary/Tr-pi_861.jpg,pituitary,3,train,5089
Training/pituitary/Tr-pi_862.jpg,pituitary,3,train,5090
Training/pituitary/Tr-pi_863.jpg,pituitary,3,train,4165
Training/pituitary/Tr-pi_864.jpg,pituitary,3,val,5091
Training/pituitary/Tr-pi_865.jpg,pituitary,3,val,5092
Training/pituitary/Tr-pi_866.jpg,pituitary,3,train,4308
Training/pituitary/Tr-pi_867.jpg,pituitary,3,train,5093
Training/pituitary/Tr-pi_868.jpg,pituitary,3,train,5094
Training/pituitary/Tr-pi_869.jpg,pituitary,3,train,1015
Training/pituitary/Tr-pi_87.jpg,pituitary,3,test,5095
Training/pituitary/Tr-pi_870.jpg,pituitary,3,train,5096
Training/pituitary/Tr-pi_871.jpg,pituitary,3,val,5097
Training/pituitary/Tr-pi_872.jpg,pituitary,3,train,5098
Training/pituitary/Tr-pi_873.jpg,pituitary,3,val,5099
Training/pituitary/Tr-pi_874.jpg,pituitary,3,test,5100
Training/pituitary/Tr-pi_875.jpg,pituitary,3,val,5101
Training/pituitary/Tr-pi_876.jpg,pituitary,3,train,5102
Training/pituitary/Tr-pi_877.jpg,pituitary,3,train,5103
Training/pituitary/Tr-pi_878.jpg,pituitary,3,train,5036
Training/pituitary/Tr-pi_879.jpg,pituitary,3,train,5104
Training/pituitary/Tr-pi_88.jpg,pituitary,3,train,5105
Training/pituitary/Tr-pi_880.jpg,pituitary,3,train,5106
Training/pituitary/Tr-pi_881.jpg,pituitary,3,train,5107
Training/pituitary/Tr-pi_882.jpg,pituitary,3,val,5108
Training/pituitary/Tr-pi_883.jpg,pituitary,3,train,4509
Training/pituitary/Tr-pi_884.jpg,pituitary,3,train,5109
Training/pituitary/Tr-pi_885.jpg,pituitary,3,train,4211
Training/pituitary/Tr-pi_886.jpg,pituitary,3,train,4086
Training/pituitary/Tr-pi_887.jpg,pituitary,3,test,5110
Training/pituitary/Tr-pi_888.jpg,pituitary,3,train,5111
Training/pituitary/Tr-pi_889.jpg,pituitary,3,train,5112
Training/pituitary/Tr-pi_89.jpg,pituitary,3,test,5113
Training/pituitary/Tr-pi_890.jpg,pituitary,3,test,5114
Training/pituitary/Tr-pi_891.jpg,pituitary,3,train,5115
Training/pituitary/Tr-pi_892.jpg,pituitary,3,test,5116
Training/pituitary/Tr-pi_893.jpg,pituitary,3,train,4150
Training/pituitary/Tr-pi_894.jpg,pituitary,3,train,5117
Training/pituitary/Tr-pi_895.jpg,pituitary,3,train,5118
Training/pituitary/Tr-pi_896.jpg,pituitary,3,train,5119
Training/pituitary/Tr-pi_897.jpg,pituitary,3,train,4317
Training/pituitary/Tr-pi_898.jpg,pituitary,3,val,5120
Training/pituitary/Tr-pi_899.jpg,pituitary,3,test,5121
Training/pituitary/Tr-pi_9.jpg,pituitary,3,train,5122
Training/pituitary/Tr-pi_90.jpg,pituitary,3,val,5123
Training/pituitary/Tr-pi_900.jpg,pituitary,3,test,5124
Training/pituitary/Tr-pi_901.jpg,pituitary,3,test,5125
Training/pituitary/Tr-pi_902.jpg,pituitary,3,train,969
Training/pituitary/Tr-pi_903.jpg,pituitary,3,train,5126
Training/pituitary/Tr-pi_904.jpg,pituitary,3,train,5127
Training/pituitary/Tr-pi_905.jpg,pituitary,3,train,5128
Training/pituitary/Tr-pi_906.jpg,pituitary,3,test,5129
Training/pituitary/Tr-pi_907.jpg,pituitary,3,train,5130
Training/pituitary/Tr-pi_908.jpg,pituitary,3,train,5131
Training/pituitary/Tr-pi_909.jpg,pituitary,3,train,5132
Training/pituitary/Tr-pi_91.jpg,pituitary,3,test,5133
Training/pituitary/Tr-pi_910.jpg,pituitary,3,train,5134
Training/pituitary/Tr-pi_911.jpg,pituitary,3,train,4371
Training/pituitary/Tr-pi_912.jpg,pituitary,3,train,5135
Training/pituitary/Tr-pi_913.jpg,pituitary,3,train,5136
Training/pituitary/Tr-pi_914.jpg,pituitary,3,train,5137
Training/pituitary/Tr-pi_915.jpg,pituitary,3,train,5138
Training/pituitary/Tr-pi_916.jpg,pituitary,3,train,5139
Training/pituitary/Tr-pi_917.jpg,pituitary,3,test,5140
Training/pituitary/Tr-pi_918.jpg,pituitary,3,train,5141
Training/pituitary/Tr-pi_919.jpg,pituitary,3,train,5142
Training/pituitary/Tr-pi_92.jpg,pituitary,3,train,4464
Training/pituitary/Tr-pi_920.jpg,pituitary,3,train,2374
Training/pituitary/Tr-pi_921.jpg,pituitary,3,train,5143
Training/pituitary/Tr-pi_922.jpg,pituitary,3,test,5144
Training/pituitary/Tr-pi_923.jpg,pituitary,3,train,5145
Training/pituitary/Tr-pi_924.jpg,pituitary,3,train,5146
Training/pituitary/Tr-pi_925.jpg,pituitary,3,train,4205
Training/pituitary/Tr-pi_926.jpg,pituitary,3,test,5147
Training/pituitary/Tr-pi_927.jpg,pituitary,3,test,5148
Training/pituitary/Tr-pi_928.jpg,pituitary,3,train,4495
Training/pituitary/Tr-pi_929.jpg,pituitary,3,train,4866
Training/pituitary/Tr-pi_93.jpg,pituitary,3,train,5149
Training/pituitary/Tr-pi_930.jpg,pituitary,3,train,5150
Training/pituitary/Tr-pi_931.jpg,pituitary,3,test,5151
Training/pituitary/Tr-pi_932.jpg,pituitary,3,train,5152
Training/pituitary/Tr-pi_933.jpg,pituitary,3,train,5153
Training/pituitary/Tr-pi_934.jpg,pituitary,3,train,5154
Training/pituitary/Tr-pi_935.jpg,pituitary,3,train,5155
Training/pituitary/Tr-pi_936.jpg,pituitary,3,train,5156
Training/pituitary/Tr-pi_937.jpg,pituitary,3,train,5157
Training/pituitary/Tr-pi_938.jpg,pituitary,3,train,988
Training/pituitary/Tr-pi_939.jpg,pituitary,3,train,937
Training/pituitary/Tr-pi_94.jpg,pituitary,3,train,1012
Training/pituitary/Tr-pi_940.jpg,pituitary,3,train,1257
Training/pituitary/Tr-pi_941.jpg,pituitary,3,test,5158
Training/pituitary/Tr-pi_942.jpg,pituitary,3,train,5159
Training/pituitary/Tr-pi_943.jpg,pituitary,3,train,4165
Training/pituitary/Tr-pi_944.jpg,pituitary,3,train,995
Training/pituitary/Tr-pi_945.jpg,pituitary,3,train,5160
Training/pituitary/Tr-pi_946.jpg,pituitary,3,val,5161
Training/pituitary/Tr-pi_947.jpg,pituitary,3,train,4139
Training/pituitary/Tr-pi_948.jpg,pituitary,3,test,5162
Training/pituitary/Tr-pi_949.jpg,pituitary,3,val,5163
Training/pituitary/Tr-pi_95.jpg,pituitary,3,train,5164
Training/pituitary/Tr-pi_950.jpg,pituitary,3,train,5165
Training/pituitary/Tr-pi_951.jpg,pituitary,3,train,5166
Training/pituitary/Tr-pi_952.jpg,pituitary,3,train,1199
Training/pituitary/Tr-pi_953.jpg,pituitary,3,train,5167
Training/pituitary/Tr-pi_954.jpg,pituitary,3,val,5168
Training/pituitary/Tr-pi_955.jpg,pituitary,3,val,5169
Training/pituitary/Tr-pi_956.jpg,pituitary,3,train,5170
Training/pituitary/Tr-pi_957.jpg,pituitary,3,train,5171
Training/pituitary/Tr-pi_958.jpg,pituitary,3,train,5172
Training/pituitary/Tr-pi_959.jpg,pituitary,3,train,1063
Training/pituitary/Tr-pi_96.jpg,pituitary,3,train,5173
Training/pituitary/Tr-pi_960.jpg,pituitary,3,train,4793
Training/pituitary/Tr-pi_961.jpg,pituitary,3,test,5174
Training/pituitary/Tr-pi_962.jpg,pituitary,3,train,1019
Training/pituitary/Tr-pi_963.jpg,pituitary,3,val,5175
Training/pituitary/Tr-pi_964.jpg,pituitary,3,test,5176
Training/pituitary/Tr-pi_965.jpg,pituitary,3,train,5177
Training/pituitary/Tr-pi_966.jpg,pituitary,3,train,4300
Training/pituitary/Tr-pi_967.jpg,pituitary,3,train,5178
Training/pituitary/Tr-pi_968.jpg,pituitary,3,test,5179
Training/pituitary/Tr-pi_969.jpg,pituitary,3,train,4531
Training/pituitary/Tr-pi_97.jpg,pituitary,3,test,5180
Training/pituitary/Tr-pi_970.jpg,pituitary,3,train,5181
Training/pituitary/Tr-pi_971.jpg,pituitary,3,val,5182
Training/pituitary/Tr-pi_972.jpg,pituitary,3,train,5183
Training/pituitary/Tr-pi_973.jpg,pituitary,3,test,5184
Training/pituitary/Tr-pi_974.jpg,pituitary,3,test,5185
Training/pituitary/Tr-pi_975.jpg,pituitary,3,test,5186
Training/pituitary/Tr-pi_976.jpg,pituitary,3,train,5187
Training/pituitary/Tr-pi_977.jpg,pituitary,3,train,5188
Training/pituitary/Tr-pi_978.jpg,pituitary,3,val,5189
Training/pituitary/Tr-pi_979.jpg,pituitary,3,train,5190
Training/pituitary/Tr-pi_98.jpg,pituitary,3,val,5191
Training/pituitary/Tr-pi_980.jpg,pituitary,3,train,5192
Training/pituitary/Tr-pi_981.jpg,pituitary,3,train,5141
Training/pituitary/Tr-pi_982.jpg,pituitary,3,train,5193
Training/pituitary/Tr-pi_983.jpg,pituitary,3,train,5194
Training/pituitary/Tr-pi_984.jpg,pituitary,3,train,4361
Training/pituitary/Tr-pi_985.jpg,pituitary,3,train,4297
Training/pituitary/Tr-pi_986.jpg,pituitary,3,train,1146
Training/pituitary/Tr-pi_987.jpg,pituitary,3,train,5195
Training/pituitary/Tr-pi_988.jpg,pituitary,3,train,993
Training/pituitary/Tr-pi_989.jpg,pituitary,3,train,5196
Training/pituitary/Tr-pi_99.jpg,pituitary,3,train,5197
Training/pituitary/Tr-pi_990.jpg,pituitary,3,train,5198
Training/pituitary/Tr-pi_991.jpg,pituitary,3,train,4064
Training/pituitary/Tr-pi_992.jpg,pituitary,3,train,4216
Training/pituitary/Tr-pi_993.jpg,pituitary,3,train,5199
Training/pituitary/Tr-pi_994.jpg,pituitary,3,val,5200
Training/pituitary/Tr-pi_995.jpg,pituitary,3,train,1063
Training/pituitary/Tr-pi_996.jpg,pituitary,3,train,5201
Training/pituitary/Tr-pi_997.jpg,pituitary,3,test,5202
Training/pituitary/Tr-pi_998.jpg,pituitary,3,train,5203
Training/pituitary/Tr-pi_999.jpg,pituitary,3,train,5204
