path,label,pred,correct,p_glioma,p_meningioma,p_notumor,p_pituitary
Testing/glioma/Te-gl_103.jpg,glioma,glioma,True,0.9136077165603638,0.06229512020945549,0.024065013974905014,3.215952165191993e-05
Testing/glioma/Te-gl_105.jpg,glioma,glioma,True,0.9998863935470581,0.00011079909018008038,1.4865448747514165e-06,1.3666225413544453e-06
Testing/glioma/Te-gl_110.jpg,glioma,glioma,True,0.9999234676361084,7.641123374924064e-05,1.3591325398465415e-07,2.1653717041658638e-08
Testing/glioma/Te-gl_115.jpg,glioma,glioma,True,0.9932546019554138,0.006734724622219801,1.0380156709288713e-05,2.8535669116536155e-07
Testing/glioma/Te-gl_145.jpg,glioma,glioma,True,0.9999767541885376,2.2260233890847303e-05,8.224548082580441e-07,1.9802642725608166e-07
Testing/glioma/Te-gl_153.jpg,glioma,glioma,True,0.9931116104125977,0.006852975580841303,2.4319319891219493e-06,3.2917363569140434e-05
Testing/glioma/Te-gl_155.jpg,glioma,glioma,True,0.9998788833618164,0.00011980879935435951,3.2544227224207134e-07,9.730626970849698e-07
Testing/glioma/Te-gl_159.jpg,glioma,glioma,True,0.6668829917907715,0.19285839796066284,0.1081557497382164,0.03210284560918808
Testing/glioma/Te-gl_163.jpg,glioma,glioma,True,0.9999579191207886,4.121908568777144e-05,5.846044928148331e-07,2.1346930623167282e-07
Testing/glioma/Te-gl_173.jpg,glioma,glioma,True,0.9999868869781494,1.2946054084750358e-05,5.443829920181997e-08,1.1150706313856062e-07
Testing/glioma/Te-gl_180.jpg,glioma,glioma,True,0.9996274709701538,0.00033801369136199355,2.3360620616585948e-05,1.1106302736152429e-05
Testing/glioma/Te-gl_184.jpg,glioma,glioma,True,0.9999911785125732,8.765091479290277e-06,3.331717124410716e-08,1.7744874014624656e-08
Testing/glioma/Te-gl_185.jpg,glioma,glioma,True,0.9999879598617554,4.0743798308540136e-06,6.232876785361441e-06,1.803987288440112e-06
Testing/glioma/Te-gl_192.jpg,glioma,glioma,True,0.999631404876709,0.0003665521217044443,3.370647050360276e-07,1.6275162124657072e-06
Testing/glioma/Te-gl_2.jpg,glioma,glioma,True,0.9999232292175293,7.627288141520694e-05,4.8954849063420625e-08,4.4751874384019175e-07
Testing/glioma/Te-gl_209.jpg,glioma,glioma,True,0.9997321963310242,0.00014633855607826263,0.0001175270153908059,3.932866093236953e-06
Testing/glioma/Te-gl_210.jpg,glioma,glioma,True,0.9973904490470886,0.0010387491201981902,0.0006107909139245749,0.0009600361227057874
Testing/glioma/Te-gl_211.jpg,glioma,glioma,True,0.9964115023612976,0.003452040022239089,8.496285590808839e-05,5.155303006176837e-05
Testing/glioma/Te-gl_218.jpg,glioma,meningioma,False,0.19356495141983032,0.7193682193756104,0.07732192426919937,0.009744860231876373
Testing/glioma/Te-gl_226.jpg,glioma,glioma,True,0.9997418522834778,0.00012282606621738523,7.586285209981725e-05,5.945339216850698e-05
Testing/glioma/Te-gl_24.jpg,glioma,glioma,True,0.9999649524688721,3.382109571248293e-05,3.099321190802584e-07,8.50538810936996e-07
Testing/glioma/Te-gl_242.jpg,glioma,glioma,True,0.9998801946640015,0.00010882585047511384,8.488393177685793e-06,2.4874827886378625e-06
Testing/glioma/Te-gl_260.jpg,glioma,glioma,True,0.9999663829803467,2.8813012249884196e-05,4.093883035238832e-06,7.983861110005819e-07
Testing/glioma/Te-gl_268.jpg,glioma,glioma,True,0.9992108345031738,0.0007540608057752252,2.397904609097168e-05,1.119378339353716e-05
Testing/glioma/Te-gl_30.jpg,glioma,glioma,True,0.9705209136009216,0.005898000672459602,0.023474793881177902,0.00010630294855218381
Testing/glioma/Te-gl_304.jpg,glioma,glioma,True,0.9999909400939941,8.917114428186323e-06,1.04396377764715e-07,2.946050692287372e-08
Testing/glioma/Te-gl_305.jpg,glioma,glioma,True,0.9993869066238403,0.0006127409287728369,1.7720061862291914e-07,1.6230212906975794e-07
Testing/glioma/Te-gl_313.jpg,glioma,notumor,False,0.1544787585735321,0.05078199878334999,0.794338583946228,0.00040062799234874547
Testing/glioma/Te-gl_331.jpg,glioma,glioma,True,0.9988051652908325,0.000932181894313544,3.2448738238599617e-06,0.00025943946093320847
Testing/glioma/Te-gl_332.jpg,glioma,glioma,True,0.9998200535774231,0.00017530542390886694,2.304535428265808e-06,2.3855429844843457e-06
Testing/glioma/Te-gl_337.jpg,glioma,glioma,True,0.9792885184288025,0.02058933489024639,2.3176173272076994e-05,9.887363557936624e-05
Testing/glioma/Te-gl_347.jpg,glioma,glioma,True,0.9997324347496033,0.0002463657292537391,2.0533090719254687e-05,6.72157000281004e-07
Testing/glioma/Te-gl_360.jpg,glioma,glioma,True,0.9992468357086182,0.0006944970809854567,5.7711633417056873e-05,1.0645580914570019e-06
Testing/glioma/Te-gl_374.jpg,glioma,glioma,True,0.9998675584793091,0.00012632555444724858,2.4602213670732453e-06,3.590213282222976e-06
Testing/glioma/Te-gl_379.jpg,glioma,glioma,True,0.9998027682304382,0.00019593526667449623,1.0018245433229822e-07,1.2106590929761296e-06
Testing/glioma/Te-gl_381.jpg,glioma,glioma,True,0.9996975660324097,0.0003003619203809649,1.8406448987207114e-07,1.802622477953264e-06
Testing/glioma/Te-gl_382.jpg,glioma,glioma,True,0.9994357228279114,0.0005440586246550083,1.3662065612152219e-05,6.458218649640912e-06
Testing/glioma/Te-gl_385.jpg,glioma,glioma,True,0.9996693134307861,0.0003102256450802088,1.886370409920346e-05,1.6040204400269431e-06
Testing/glioma/Te-gl_39.jpg,glioma,notumor,False,0.3062742352485657,0.28471776843070984,0.4035704731941223,0.0054375166073441505
Testing/glioma/Te-gl_390.jpg,glioma,glioma,True,0.9998922348022461,9.320490789832547e-05,1.08252206700854e-05,3.682526994452928e-06
Testing/glioma/Te-gl_394.jpg,glioma,glioma,True,0.9980106949806213,0.0015644822269678116,0.00016284875164274126,0.000262005312833935
Testing/glioma/Te-gl_43.jpg,glioma,glioma,True,0.5785270929336548,0.01882847025990486,0.39942654967308044,0.003217881778255105
Testing/glioma/Te-gl_48.jpg,glioma,glioma,True,0.9999395608901978,5.8883673773379996e-05,1.204670866172819e-06,3.6099677913625783e-07
Testing/glioma/Te-gl_51.jpg,glioma,glioma,True,0.9998635053634644,0.00012752762995660305,7.723276212345809e-06,1.146220029113465e-06
Testing/glioma/Te-gl_52.jpg,glioma,glioma,True,0.9998192191123962,0.00017160580318886787,1.2222463965372299e-06,8.027816875255667e-06
Testing/glioma/Te-gl_53.jpg,glioma,glioma,True,0.9988747239112854,0.0007908224943093956,0.00022245149011723697,0.00011205465125385672
Testing/glioma/Te-gl_54.jpg,glioma,glioma,True,0.9996281862258911,0.000362446007784456,3.7424952097353525e-06,5.686219083145261e-06
Testing/glioma/Te-gl_61.jpg,glioma,glioma,True,0.999097466468811,0.0008719648467376828,2.7023635993828066e-05,3.5259199648862705e-06
Testing/glioma/Te-gl_65.jpg,glioma,glioma,True,0.999067485332489,0.0009174727601930499,1.3228809336851555e-07,1.492228329880163e-05
Testing/glioma/Te-gl_7.jpg,glioma,glioma,True,0.9999363422393799,6.210498395375907e-05,1.0601816029520705e-06,5.014151156501612e-07
Testing/glioma/Te-gl_74.jpg,glioma,notumor,False,0.016641562804579735,0.0024429294280707836,0.9809014201164246,1.4049951460037846e-05
Testing/glioma/Te-gl_82.jpg,glioma,glioma,True,0.9986175298690796,0.001214867108501494,3.307070437585935e-05,0.0001344894408248365
Testing/glioma/Te-gl_83.jpg,glioma,glioma,True,0.9995759129524231,0.0004199785180389881,4.0133451761903416e-07,3.781259465540643e-06
Testing/glioma/Te-gl_92.jpg,glioma,glioma,True,0.9999581575393677,3.8275560655165464e-05,3.052631427635788e-06,4.653221878925251e-07
Testing/glioma/Te-gl_95.jpg,glioma,glioma,True,0.9997255206108093,0.0002593018871266395,1.1924211321456823e-05,3.190845291101141e-06
Testing/glioma/Te-gl_98.jpg,glioma,glioma,True,0.9999784231185913,1.749554394336883e-05,1.9678067531003762e-07,3.83404722015257e-06
Testing/glioma/Te-gl_99.jpg,glioma,glioma,True,0.9996466636657715,0.000252190773608163,4.3079016904812306e-05,5.799801874672994e-05
Testing/meningioma/Te-me_103.jpg,meningioma,meningioma,True,0.00037818154669366777,0.9995355606079102,3.940941041946644e-06,8.23842128738761e-05
Testing/meningioma/Te-me_104.jpg,meningioma,meningioma,True,0.00037083341157995164,0.9996126294136047,1.1634670954663306e-05,4.8516158130951226e-06
Testing/meningioma/Te-me_110.jpg,meningioma,meningioma,True,5.238418907538289e-06,0.999993085861206,1.4260011766964453e-06,2.6630655725057295e-07
Testing/meningioma/Te-me_118.jpg,meningioma,meningioma,True,0.0006259959773160517,0.9993519186973572,1.037202491716016e-05,1.1703573363774922e-05
Testing/meningioma/Te-me_119.jpg,meningioma,meningioma,True,0.00021586073853541166,0.9997710585594177,1.8077478216582676e-06,1.1340967830619775e-05
Testing/meningioma/Te-me_12.jpg,meningioma,meningioma,True,4.208795871818438e-06,0.9999934434890747,8.916089910826486e-08,2.245142923129606e-06
Testing/meningioma/Te-me_127.jpg,meningioma,meningioma,True,3.414342791074887e-05,0.9999593496322632,5.1048687055299524e-08,6.466854756581597e-06
Testing/meningioma/Te-me_14.jpg,meningioma,meningioma,True,0.13243243098258972,0.8275973796844482,0.0006565043004229665,0.039313606917858124
Testing/meningioma/Te-me_141.jpg,meningioma,meningioma,True,0.0016909082187339664,0.9982627034187317,4.894561698165489e-06,4.1550680180080235e-05
Testing/meningioma/Te-me_152.jpg,meningioma,meningioma,True,0.0001763163454597816,0.9998185038566589,4.053421889693709e-06,1.1983307786067598e-06
Testing/meningioma/Te-me_155.jpg,meningioma,meningioma,True,0.003321342635899782,0.996657133102417,1.3957674127595965e-06,2.007293005590327e-05
Testing/meningioma/Te-me_176.jpg,meningioma,meningioma,True,0.0001074916435754858,0.9998782873153687,1.3999346265336499e-05,2.3533353044058458e-07
Testing/meningioma/Te-me_188.jpg,meningioma,meningioma,True,0.0006538874586112797,0.9993364214897156,3.767422185774194e-06,5.907017111894675e-06
Testing/meningioma/Te-me_192.jpg,meningioma,meningioma,True,4.023137444164604e-05,0.9999480247497559,6.710496336381766e-07,1.1027686923625879e-05
Testing/meningioma/Te-me_194.jpg,meningioma,meningioma,True,7.300935322973601e-08,0.9999998807907104,7.042504357457346e-10,3.308455021056034e-08
Testing/meningioma/Te-me_199.jpg,meningioma,meningioma,True,1.3882997791370144e-06,0.9999969005584717,3.7988758805340694e-09,1.6814934724607156e-06
Testing/meningioma/Te-me_201.jpg,meningioma,meningioma,True,8.451177563983947e-05,0.999906063079834,5.5931609495019075e-06,3.836121322819963e-06
Testing/meningioma/Te-me_211.jpg,meningioma,meningioma,True,9.976645287679275e-07,0.9999985694885254,2.3703719875811657e-08,3.444586127443472e-07
Testing/meningioma/Te-me_218.jpg,meningioma,meningioma,True,3.849758286378346e-06,0.9999946355819702,1.5701244748811405e-08,1.5628266964995419e-06
Testing/meningioma/Te-me_220.jpg,meningioma,meningioma,True,9.415120075573213e-06,0.9999760389328003,1.4124579138297122e-05,5.22127493240987e-07
Testing/meningioma/Te-me_221.jpg,meningioma,meningioma,True,9.510168456472456e-05,0.999897837638855,4.966446795151569e-06,2.0546212908811867e-06
Testing/meningioma/Te-me_226.jpg,meningioma,meningioma,True,0.006223439704626799,0.9894775748252869,0.0001416367886122316,0.004157376475632191
Testing/meningioma/Te-me_244.jpg,meningioma,meningioma,True,0.3452449142932892,0.654705286026001,2.775435177682084e-06,4.6997265599202365e-05
Testing/meningioma/Te-me_245.jpg,meningioma,meningioma,True,0.0002995113900396973,0.9997000694274902,1.891133223352881e-07,2.491736381671217e-07
Testing/meningioma/Te-me_25.jpg,meningioma,meningioma,True,3.263538746978156e-05,0.9999580383300781,8.920932259570691e-07,8.479053576593287e-06
Testing/meningioma/Te-me_264.jpg,meningioma,meningioma,True,3.9178146835183725e-05,0.9999598264694214,5.916118261950487e-09,1.0057516419692547e-06
Testing/meningioma/Te-me_273.jpg,meningioma,meningioma,True,8.874468221620191e-06,0.9999873638153076,1.8893689457399887e-07,3.6309731967776315e-06
Testing/meningioma/Te-me_292.jpg,meningioma,meningioma,True,0.00023840335779823363,0.9994418025016785,1.8808481172527536e-06,0.00031792130903340876
Testing/meningioma/Te-me_32.jpg,meningioma,meningioma,True,0.0005010784370824695,0.9994848966598511,8.704066203790717e-06,5.291501111059915e-06
Testing/meningioma/Te-me_36.jpg,meningioma,meningioma,True,0.00691573042422533,0.9929884076118469,7.36079819034785e-05,2.2200261810212396e-05
Testing/meningioma/Te-me_51.jpg,meningioma,meningioma,True,0.02149488776922226,0.9784973859786987,9.152002178325347e-08,7.745907169010025e-06
Testing/meningioma/Te-me_55.jpg,meningioma,meningioma,True,4.8836966016096994e-05,0.9999455213546753,6.471879743230602e-08,5.6430708355037495e-06
Testing/meningioma/Te-me_58.jpg,meningioma,meningioma,True,1.1544974768185057e-05,0.9999880790710449,2.0861580907194366e-08,3.4839305840250745e-07
Testing/meningioma/Te-me_6.jpg,meningioma,meningioma,True,1.9457651433185674e-05,0.9980210065841675,0.001959478249773383,1.389601038681576e-07
Testing/meningioma/Te-me_60.jpg,meningioma,meningioma,True,6.843456503702328e-05,0.9998517036437988,6.827752076787874e-05,1.1541033018147573e-05
Testing/meningioma/Te-me_84.jpg,meningioma,meningioma,True,5.221060291660251e-06,0.9999946355819702,3.182531216339157e-08,1.4136499260075652e-07
Testing/meningioma/Te-me_87.jpg,meningioma,meningioma,True,5.003958904126193e-06,0.9999943971633911,2.0189419913663187e-08,6.203541715876781e-07
Testing/meningioma/Te-me_97.jpg,meningioma,meningioma,True,3.3135640364889696e-07,0.9999994039535522,3.8337211183403497e-10,1.9233833370435605e-07
Testing/meningioma/Te-me_98.jpg,meningioma,meningioma,True,0.14483770728111267,0.8463189005851746,0.003942235838621855,0.0049011665396392345
Testing/notumor/Te-no_103.jpg,notumor,notumor,True,2.5057564926100895e-05,8.43988345877733e-06,0.9999663829803467,1.680099899203924e-07
Testing/notumor/Te-no_104.jpg,notumor,notumor,True,3.426316368404514e-07,2.5308929252787493e-05,0.9999743700027466,3.5740557180474752e-09
Testing/notumor/Te-no_112.jpg,notumor,notumor,True,1.33158901007846e-05,1.2157068340457045e-05,0.9999737739562988,6.65348864004045e-07
Testing/notumor/Te-no_116.jpg,notumor,notumor,True,2.127761433712294e-08,1.0480533092049882e-05,0.9999895095825195,3.0797326494580446e-11
Testing/notumor/Te-no_117.jpg,notumor,notumor,True,3.449452560744248e-05,3.1007450161268935e-05,0.9999339580535889,6.104655199123954e-07
Testing/notumor/Te-no_123.jpg,notumor,notumor,True,4.0108418033923954e-05,2.878461964428425e-05,0.9999294281005859,1.7271775050176075e-06
Testing/notumor/Te-no_13.jpg,notumor,notumor,True,1.1801032542280154e-06,1.1659872143354733e-05,0.9999871253967285,7.844946026125399e-09
Testing/notumor/Te-no_130.jpg,notumor,notumor,True,1.2181694541979482e-10,9.909250593409524e-07,0.9999990463256836,6.439151729181747e-12
Testing/notumor/Te-no_148.jpg,notumor,notumor,True,2.575229416379443e-07,6.05334535066504e-05,0.9999392032623291,2.301991308684137e-08
Testing/notumor/Te-no_15.jpg,notumor,notumor,True,5.669688107445836e-06,5.37344840267906e-06,0.9999886751174927,2.2589040327147814e-07
Testing/notumor/Te-no_151.jpg,notumor,notumor,True,4.886320326136229e-08,1.2867743635069928e-06,0.9999986886978149,1.1119229093026206e-08
Testing/notumor/Te-no_152.jpg,notumor,notumor,True,9.513966148233521e-08,6.816435416112654e-07,0.9999991655349731,9.490395136424468e-10
Testing/notumor/Te-no_153.jpg,notumor,notumor,True,1.1156118944199989e-06,1.7516265870654024e-05,0.9999814033508301,1.8278809577054744e-08
Testing/notumor/Te-no_154.jpg,notumor,notumor,True,5.2021594456164166e-05,2.676098665688187e-05,0.9999197721481323,1.5028246025394765e-06
Testing/notumor/Te-no_156.jpg,notumor,notumor,True,1.290229700856571e-08,1.262644218513742e-06,0.9999986886978149,4.917069773568983e-08
Testing/notumor/Te-no_16.jpg,notumor,notumor,True,6.391682916273567e-08,3.4842769309761934e-06,0.9999964237213135,5.713259643158608e-09
Testing/notumor/Te-no_181.jpg,notumor,notumor,True,1.3031742795988066e-08,1.5596226603520336e-06,0.9999984502792358,5.771030320289583e-10
Testing/notumor/Te-no_187.jpg,notumor,notumor,True,9.15519631234929e-05,0.0001193984062410891,0.9997875094413757,1.5138263051994727e-06
Testing/notumor/Te-no_19.jpg,notumor,notumor,True,7.893221076749057e-10,6.472651392641637e-08,0.9999998807907104,3.401649101286708e-11
Testing/notumor/Te-no_196.jpg,notumor,notumor,True,5.584912088352212e-09,8.118079676933121e-06,0.9999918937683105,8.25962128553348e-12
Testing/notumor/Te-no_202.jpg,notumor,notumor,True,1.273119960387703e-05,1.842313758970704e-05,0.9999685287475586,3.4163545592491573e-07
Testing/notumor/Te-no_212.jpg,notumor,notumor,True,7.740117524690504e-08,0.00010292371007381007,0.9998968839645386,6.0637317389478085e-09
Testing/notumor/Te-no_224.jpg,notumor,notumor,True,1.3759896319243126e-05,0.0002645179920364171,0.9997215867042542,1.672964486942874e-07
Testing/notumor/Te-no_229.jpg,notumor,notumor,True,2.5942219394892163e-07,0.00013022386701777577,0.9998694658279419,4.817037435600469e-09
Testing/notumor/Te-no_230.jpg,notumor,notumor,True,5.60536100238096e-05,1.5277335478458554e-05,0.9999282360076904,4.743100987525395e-07
Testing/notumor/Te-no_233.jpg,notumor,notumor,True,1.4404333796846913e-06,7.020968837423425e-07,0.9999978542327881,3.7442536182652475e-08
Testing/notumor/Te-no_241.jpg,notumor,notumor,True,6.928806897121831e-07,1.7103034224419389e-06,0.9999974966049194,8.18345711195434e-08
Testing/notumor/Te-no_255.jpg,notumor,notumor,True,4.3545570795056054e-12,6.251452759897802e-07,0.9999994039535522,1.886476543554172e-13
Testing/notumor/Te-no_259.jpg,notumor,notumor,True,1.041159862325003e-06,2.8906051738886163e-06,0.9999960660934448,1.0240928105531566e-08
Testing/notumor/Te-no_267.jpg,notumor,notumor,True,2.9533180345708843e-09,9.063223842531443e-06,0.9999909400939941,1.3332381865183152e-09
Testing/notumor/Te-no_268.jpg,notumor,notumor,True,8.259606332217118e-09,3.789265292652999e-06,0.9999961853027344,5.956946602658775e-10
Testing/notumor/Te-no_27.jpg,notumor,notumor,True,2.7830222393276927e-07,1.999303549382603e-06,0.999997615814209,1.206157520527995e-07
Testing/notumor/Te-no_270.jpg,notumor,notumor,True,3.930991169909248e-06,3.603372533689253e-05,0.9999599456787109,6.198541058211049e-08
Testing/notumor/Te-no_274.jpg,notumor,notumor,True,5.9225473414414864e-09,6.865543582534883e-06,0.999993085861206,1.0695814893491029e-11
Testing/notumor/Te-no_278.jpg,notumor,notumor,True,5.6435515034536365e-06,1.6430533378297696e-06,0.9999926090240479,1.5469917968857771e-07
Testing/notumor/Te-no_279.jpg,notumor,notumor,True,6.815349706812412e-08,2.6950374376610853e-05,0.999972939491272,4.757388705201038e-09
Testing/notumor/Te-no_286.jpg,notumor,notumor,True,0.00013768710778094828,7.758510037092492e-05,0.9997835755348206,1.196302264361293e-06
Testing/notumor/Te-no_3.jpg,notumor,notumor,True,1.202968974434171e-11,8.621002052677795e-06,0.9999914169311523,1.7438805391054024e-12
Testing/notumor/Te-no_301.jpg,notumor,notumor,True,1.8704689352944115e-07,7.5668335739464965e-06,0.9999921321868896,4.022894373179042e-08
Testing/notumor/Te-no_305.jpg,notumor,notumor,True,5.505008175532566e-06,6.147878593765199e-06,0.9999880790710449,2.9933104883639317e-07
Testing/notumor/Te-no_306.jpg,notumor,notumor,True,1.3869260406806916e-08,1.2674176105065271e-05,0.9999873638153076,3.878522850109256e-11
Testing/notumor/Te-no_308.jpg,notumor,notumor,True,1.8161426851293072e-07,6.730003406119067e-06,0.9999929666519165,3.372005963342417e-08
Testing/notumor/Te-no_331.jpg,notumor,notumor,True,9.744055205374025e-06,0.00017003813991323113,0.9998201727867126,1.0672441597137095e-08
Testing/notumor/Te-no_346.jpg,notumor,notumor,True,0.0001261182624148205,7.488267146982253e-05,0.9997978806495667,1.124783693740028e-06
Testing/notumor/Te-no_347.jpg,notumor,notumor,True,4.311675994017605e-08,3.961927359341644e-05,0.9999603033065796,4.7132019176387985e-08
Testing/notumor/Te-no_355.jpg,notumor,notumor,True,4.0515337786928285e-06,1.4854985238343943e-05,0.9999810457229614,2.082104622047609e-08
Testing/notumor/Te-no_362.jpg,notumor,notumor,True,6.051859902100887e-09,6.63637911202386e-06,0.9999933242797852,1.06719233450292e-09
Testing/notumor/Te-no_368.jpg,notumor,notumor,True,9.418462454391374e-09,1.3002163541386835e-06,0.9999986886978149,5.317354334621882e-10
Testing/notumor/Te-no_382.jpg,notumor,notumor,True,1.1508853276609443e-05,1.898928348964546e-05,0.9999691247940063,3.5555262911657337e-07
Testing/notumor/Te-no_384.jpg,notumor,notumor,True,0.0005472657503560185,0.00010260112321702763,0.9993481040000916,1.9920994418498594e-06
Testing/notumor/Te-no_386.jpg,notumor,notumor,True,1.7945090803550556e-05,0.00022192443429958075,0.9997597336769104,2.9825696401530877e-07
Testing/notumor/Te-no_393.jpg,notumor,notumor,True,3.297533623936033e-08,1.2087850791431265e-06,0.9999988079071045,1.2915299052451701e-08
Testing/notumor/Te-no_5.jpg,notumor,notumor,True,5.954705173394359e-08,3.4067400065396214e-06,0.999996542930603,5.044628270667317e-09
Testing/notumor/Te-no_51.jpg,notumor,notumor,True,2.4415700572433252e-09,1.0052473271571216e-06,0.9999990463256836,6.568861427025396e-11
Testing/notumor/Te-no_6.jpg,notumor,notumor,True,0.0011495082871988416,0.00017232373647857457,0.9986735582351685,4.5749529817840084e-06
Testing/notumor/Te-no_64.jpg,notumor,notumor,True,3.075176948641456e-07,2.6793268261826597e-06,0.9999967813491821,1.377642178113092e-07
Testing/notumor/Te-no_67.jpg,notumor,notumor,True,5.741883796872571e-06,0.0005621021264232695,0.9994308352470398,1.3081059933028882e-06
Testing/notumor/Te-no_77.jpg,notumor,notumor,True,0.4778575301170349,0.0043749562464654446,0.5174098014831543,0.0003576955059543252
Testing/notumor/Te-no_81.jpg,notumor,notumor,True,4.3221873056609184e-05,0.00028807835769839585,0.9996681213378906,5.651701826536737e-07
Testing/pituitary/Te-pi_1.jpg,pituitary,pituitary,True,0.0008824786636978388,0.008854211308062077,2.3010800305200974e-06,0.9902610182762146
Testing/pituitary/Te-pi_102.jpg,pituitary,pituitary,True,3.4049564874294447e-06,8.049745520111173e-05,4.592802724801004e-06,0.9999115467071533
Testing/pituitary/Te-pi_109.jpg,pituitary,pituitary,True,1.33824760268908e-05,0.0022387253120541573,3.864307018375257e-06,0.997744083404541
Testing/pituitary/Te-pi_113.jpg,pituitary,pituitary,True,4.677549804910086e-05,0.0004391290422063321,6.897303683217615e-05,0.9994450211524963
Testing/pituitary/Te-pi_114.jpg,pituitary,pituitary,True,2.8662680051638745e-06,0.00038272253004834056,4.610194537235657e-07,0.9996139407157898
Testing/pituitary/Te-pi_129.jpg,pituitary,pituitary,True,0.0006155472947284579,0.0011161055881530046,3.504362393869087e-05,0.9982333183288574
Testing/pituitary/Te-pi_140.jpg,pituitary,glioma,False,0.9778237342834473,0.0005151088116690516,5.010838776797755e-06,0.021656092256307602
Testing/pituitary/Te-pi_148.jpg,pituitary,pituitary,True,0.00018614789587445557,0.00017584272427484393,1.9926653749280376e-06,0.9996359348297119
Testing/pituitary/Te-pi_156.jpg,pituitary,pituitary,True,0.0013604084961116314,0.0006436848780140281,8.214224180846941e-07,0.997995138168335
Testing/pituitary/Te-pi_168.jpg,pituitary,pituitary,True,7.857826130930334e-05,0.00020738558669108897,5.225183485890739e-07,0.9997134804725647
Testing/pituitary/Te-pi_170.jpg,pituitary,pituitary,True,0.0004196308145765215,0.0009201062493957579,9.073463843378704e-06,0.9986512064933777
Testing/pituitary/Te-pi_172.jpg,pituitary,pituitary,True,1.7721980839269236e-05,1.3736314940615557e-05,1.474660734857025e-06,0.999967098236084
Testing/pituitary/Te-pi_173.jpg,pituitary,pituitary,True,1.8623744608703419e-06,8.226485806517303e-05,1.5707320244473522e-07,0.9999157190322876
Testing/pituitary/Te-pi_193.jpg,pituitary,pituitary,True,0.0015911718364804983,0.0015256715705618262,7.90508056525141e-05,0.9968041181564331
Testing/pituitary/Te-pi_219.jpg,pituitary,pituitary,True,3.2046361866377993e-06,0.0007143336697481573,2.988197422837402e-08,0.9992824196815491
Testing/pituitary/Te-pi_225.jpg,pituitary,pituitary,True,5.901127678953344e-06,0.00018067362543661147,2.6061687208311923e-07,0.9998131394386292
Testing/pituitary/Te-pi_228.jpg,pituitary,pituitary,True,5.692342892871238e-05,0.0008056035148911178,4.3799111153930426e-05,0.9990936517715454
Testing/pituitary/Te-pi_233.jpg,pituitary,pituitary,True,6.607545401493553e-06,3.5317440051585436e-05,2.6386423996882513e-06,0.999955415725708
Testing/pituitary/Te-pi_247.jpg,pituitary,pituitary,True,0.01437909621745348,0.01148703508079052,4.5632608816958964e-05,0.974088191986084
Testing/pituitary/Te-pi_254.jpg,pituitary,pituitary,True,0.001442163367755711,0.010275340639054775,1.891397187137045e-05,0.9882636070251465
Testing/pituitary/Te-pi_259.jpg,pituitary,pituitary,True,1.9697166862897575e-05,8.967648318503052e-05,1.7836983943197993e-06,0.9998888969421387
Testing/pituitary/Te-pi_26.jpg,pituitary,pituitary,True,0.0006465409533120692,0.006137465592473745,0.0002910702314693481,0.9929249286651611
Testing/pituitary/Te-pi_260.jpg,pituitary,pituitary,True,1.2191633686597925e-05,0.00017204711912199855,1.1288408359177993e-06,0.9998145699501038
Testing/pituitary/Te-pi_268.jpg,pituitary,pituitary,True,7.476443897758145e-06,1.3697177564608864e-05,1.310567228074433e-07,0.9999786615371704
Testing/pituitary/Te-pi_282.jpg,pituitary,pituitary,True,4.741053999168798e-06,0.00011087812163168564,1.1766460374929011e-05,0.9998726844787598
Testing/pituitary/Te-pi_288.jpg,pituitary,pituitary,True,2.5497130991425365e-05,0.0001725821930449456,5.390306341723772e-06,0.9997965693473816
Testing/pituitary/Te-pi_309.jpg,pituitary,pituitary,True,8.439030352747068e-06,3.248177745263092e-05,3.408003692584316e-07,0.9999587535858154
Testing/pituitary/Te-pi_316.jpg,pituitary,pituitary,True,2.0781340026587714e-06,9.293941729993094e-06,1.4831472299192683e-06,0.9999871253967285
Testing/pituitary/Te-pi_327.jpg,pituitary,pituitary,True,3.469500597930164e-06,1.177189733425621e-05,1.1149398915222264e-06,0.9999836683273315
Testing/pituitary/Te-pi_333.jpg,pituitary,pituitary,True,3.051591761504824e-07,1.056549899658421e-05,7.751719977022731e-08,0.9999890327453613
Testing/pituitary/Te-pi_336.jpg,pituitary,pituitary,True,7.197976401585038e-07,0.0001231217902386561,1.832944604984732e-07,0.9998759031295776
Testing/pituitary/Te-pi_338.jpg,pituitary,pituitary,True,0.00019907693786080927,0.005239442456513643,8.402172170463018e-06,0.9945530891418457
Testing/pituitary/Te-pi_340.jpg,pituitary,pituitary,True,6.142885013105115e-06,3.438179919612594e-05,6.44984936570836e-08,0.9999594688415527
Testing/pituitary/Te-pi_354.jpg,pituitary,pituitary,True,6.879185821162537e-05,0.0001303196040680632,4.157406863214419e-07,0.9998005032539368
Testing/pituitary/Te-pi_356.jpg,pituitary,pituitary,True,1.7172562820633175e-06,5.793383388663642e-05,4.7879492370839216e-08,0.9999402761459351
Testing/pituitary/Te-pi_358.jpg,pituitary,pituitary,True,2.5648519113019574e-06,0.00023481274547521025,8.014088052732404e-06,0.9997546076774597
Testing/pituitary/Te-pi_359.jpg,pituitary,pituitary,True,5.966326170891989e-06,2.5028499294421636e-05,7.317158292607928e-07,0.9999682903289795
Testing/pituitary/Te-pi_365.jpg,pituitary,pituitary,True,3.592440634747618e-06,3.4085637707903516e-06,5.165739125345681e-08,0.999992847442627
Testing/pituitary/Te-pi_374.jpg,pituitary,pituitary,True,1.4517291901938734e-06,0.00014813279267400503,5.91887612699793e-07,0.999849796295166
Testing/pituitary/Te-pi_379.jpg,pituitary,pituitary,True,0.00015368283493444324,0.0003185995446983725,0.00010445983207318932,0.9994232654571533
Testing/pituitary/Te-pi_384.jpg,pituitary,pituitary,True,1.7897640418595984e-06,0.0002664686762727797,3.129088952391612e-07,0.9997313618659973
Testing/pituitary/Te-pi_394.jpg,pituitary,pituitary,True,9.253378266294021e-06,1.2854324268118944e-05,7.435160114255268e-07,0.9999771118164062
Testing/pituitary/Te-pi_45.jpg,pituitary,pituitary,True,2.590103576949332e-05,0.0006646894034929574,1.363895080430666e-06,0.9993079900741577
Testing/pituitary/Te-pi_52.jpg,pituitary,pituitary,True,1.5072821952344384e-05,0.00013234348443802446,3.337254838697845e-06,0.9998493194580078
Testing/pituitary/Te-pi_57.jpg,pituitary,pituitary,True,0.00022697409440297633,0.00096547557041049,4.855438237427734e-05,0.9987590312957764
Testing/pituitary/Te-pi_58.jpg,pituitary,pituitary,True,4.284079113858752e-05,0.021402738988399506,3.353488011725858e-07,0.9785540699958801
Testing/pituitary/Te-pi_6.jpg,pituitary,pituitary,True,6.973635026952252e-05,0.0002846894203685224,3.804164953180589e-05,0.9996076226234436
Testing/pituitary/Te-pi_61.jpg,pituitary,pituitary,True,6.33011368336156e-05,8.99483056855388e-05,0.00010311975347576663,0.999743640422821
Testing/pituitary/Te-pi_65.jpg,pituitary,pituitary,True,1.3189718401918071e-06,2.270006552862469e-05,6.812289257140947e-07,0.999975323677063
Testing/pituitary/Te-pi_7.jpg,pituitary,pituitary,True,0.00010957907215924934,0.0010600372916087508,2.65661174125853e-06,0.9988276362419128
Testing/pituitary/Te-pi_70.jpg,pituitary,pituitary,True,1.9394465198274702e-05,0.0004049648705404252,0.0007010952685959637,0.9988744854927063
Testing/pituitary/Te-pi_80.jpg,pituitary,pituitary,True,2.610856608953327e-05,3.703449692693539e-05,1.304727561546315e-06,0.999935507774353
Testing/pituitary/Te-pi_82.jpg,pituitary,pituitary,True,0.00012361245171632618,0.0008636753191240132,8.36640265333699e-06,0.9990044236183167
Testing/pituitary/Te-pi_9.jpg,pituitary,pituitary,True,4.83452167827636e-05,0.002644201507791877,4.580776931106811e-06,0.9973028898239136
Testing/pituitary/Te-pi_91.jpg,pituitary,pituitary,True,0.0010701861465349793,0.0002154299581889063,8.448837434116285e-07,0.9987136125564575
Testing/pituitary/Te-pi_93.jpg,pituitary,pituitary,True,2.6762093057186576e-06,0.00019755821267608553,4.7134154357308944e-08,0.9997996687889099
Training/glioma/Tr-gl_1.jpg,glioma,glioma,True,0.999742329120636,0.00024272534938063473,1.2210835848236457e-05,2.7578953449847177e-06
Training/glioma/Tr-gl_1003.jpg,glioma,glioma,True,0.9992160797119141,0.0007713923696428537,1.1334824193909299e-05,1.1429091273384984e-06
Training/glioma/Tr-gl_1015.jpg,glioma,glioma,True,0.9999485015869141,4.176741640549153e-05,9.044086255016737e-06,6.241734809009358e-07
Training/glioma/Tr-gl_1018.jpg,glioma,glioma,True,0.9997637867927551,0.00023430734290741384,1.4960785392759135e-06,3.8266074398052297e-07
Training/glioma/Tr-gl_1023.jpg,glioma,glioma,True,0.9998779296875,0.00011153135710628703,2.168705805161153e-06,8.386448826058768e-06
Training/glioma/Tr-gl_1035.jpg,glioma,glioma,True,0.9997926354408264,0.00019890189287252724,4.566481038636994e-06,3.996287432528334e-06
Training/glioma/Tr-gl_1037.jpg,glioma,glioma,True,0.9983868598937988,0.0014813762390986085,0.00012080479791620746,1.0993796422553714e-05
Training/glioma/Tr-gl_1051.jpg,glioma,glioma,True,0.9711776375770569,0.028759006410837173,4.5794749894412234e-05,1.7512640624772757e-05
Training/glioma/Tr-gl_1059.jpg,glioma,glioma,True,0.9784098267555237,0.021573113277554512,7.629045626345032e-07,1.6231360859819688e-05
Training/glioma/Tr-gl_1069.jpg,glioma,glioma,True,0.9999066591262817,9.066562779480591e-05,1.633720444260689e-06,1.0507981187402038e-06
Training/glioma/Tr-gl_107.jpg,glioma,glioma,True,0.9999368190765381,6.264304101932794e-05,3.12903665644626e-07,1.7029141474722564e-07
Training/glioma/Tr-gl_1070.jpg,glioma,glioma,True,0.9999703168869019,2.8768177799065597e-05,3.756857438474981e-07,5.360648174246307e-07
Training/glioma/Tr-gl_1071.jpg,glioma,glioma,True,0.9999264478683472,7.157903019106016e-05,2.6593656343720795e-07,1.7001761989376973e-06
Training/glioma/Tr-gl_1078.jpg,glioma,glioma,True,0.9993948936462402,0.0004400472971610725,4.053932207170874e-05,0.00012456983677111566
Training/glioma/Tr-gl_1081.jpg,glioma,glioma,True,0.9991509914398193,0.0008172641391865909,2.171532833017409e-05,1.002406861516647e-05
Training/glioma/Tr-gl_1088.jpg,glioma,glioma,True,0.9991740584373474,0.0006063033943064511,0.00017744213982950896,4.2108233174076304e-05
Training/glioma/Tr-gl_109.jpg,glioma,glioma,True,0.9997784495353699,0.00021809112513437867,1.8305956928088563e-06,1.724193225527415e-06
Training/glioma/Tr-gl_1092.jpg,glioma,glioma,True,0.9969377517700195,0.0015497759450227022,0.0014753052964806557,3.717816434800625e-05
Training/glioma/Tr-gl_1095.jpg,glioma,glioma,True,0.999575674533844,0.00041634286753833294,2.330346831058705e-07,7.71322265791241e-06
Training/glioma/Tr-gl_11.jpg,glioma,glioma,True,0.9998781681060791,0.00011920386168640107,2.0427974050107878e-06,6.096879019423795e-07
Training/glioma/Tr-gl_110.jpg,glioma,glioma,True,0.9992709755897522,9.642630902817473e-05,0.0006301507819443941,2.445629206704325e-06
Training/glioma/Tr-gl_1104.jpg,glioma,glioma,True,0.9999537467956543,4.540263762464747e-05,4.3267505134281237e-07,3.8109445199552283e-07
Training/glioma/Tr-gl_1109.jpg,glioma,glioma,True,0.9993669390678406,0.000554415921214968,1.9385714040254243e-05,5.928482278250158e-05
Training/glioma/Tr-gl_1110.jpg,glioma,glioma,True,0.999835729598999,0.0001566012651892379,2.9949273994134273e-07,7.327943876589416e-06
Training/glioma/Tr-gl_1114.jpg,glioma,glioma,True,0.9995991587638855,0.0003969759272877127,7.320956996181849e-08,3.728919637069339e-06
Training/glioma/Tr-gl_1117.jpg,glioma,glioma,True,0.9325252175331116,0.04375195875763893,0.01784484088420868,0.005877997726202011
Training/glioma/Tr-gl_1118.jpg,glioma,glioma,True,0.9999655485153198,3.0188033633749e-05,3.4394256545056123e-06,7.700796800236276e-07
Training/glioma/Tr-gl_1120.jpg,glioma,glioma,True,0.9998723268508911,0.00011987726611550897,1.7501089359939215e-06,6.032145847711945e-06
Training/glioma/Tr-gl_113.jpg,glioma,glioma,True,0.9999250173568726,7.316750998143107e-05,1.0595985031613964e-06,7.647302027180558e-07
Training/glioma/Tr-gl_1136.jpg,glioma,glioma,True,0.9993357062339783,0.0005640275194309652,2.5870351237244904e-05,7.444882794516161e-05
Training/glioma/Tr-gl_1139.jpg,glioma,glioma,True,0.9995880722999573,0.00035715632839128375,1.9003048237209441e-06,5.2817544201388955e-05
Training/glioma/Tr-gl_1147.jpg,glioma,glioma,True,0.9967572093009949,0.0025956067256629467,0.0006253888132050633,2.1767262296634726e-05
Training/glioma/Tr-gl_1155.jpg,glioma,glioma,True,0.9997990727424622,0.00011177820124430582,7.008328975643963e-05,1.9049677575821988e-05
Training/glioma/Tr-gl_1156.jpg,glioma,glioma,True,0.9998716115951538,0.0001228305191034451,1.6252392924798187e-06,3.8969883462414145e-06
Training/glioma/Tr-gl_1159.jpg,glioma,glioma,True,0.8481936454772949,0.1516944020986557,2.9014910978730768e-05,8.293340943055227e-05
Training/glioma/Tr-gl_1161.jpg,glioma,glioma,True,0.9977062940597534,0.0022862793412059546,9.453955129856695e-08,7.28223858459387e-06
Training/glioma/Tr-gl_1163.jpg,glioma,glioma,True,0.9791077971458435,0.016537334769964218,1.4919611203367822e-05,0.004339864943176508
Training/glioma/Tr-gl_1170.jpg,glioma,glioma,True,0.9997410178184509,0.0002568040508776903,1.2762733376803226e-06,8.761723506722774e-07
Training/glioma/Tr-gl_1172.jpg,glioma,glioma,True,0.9999428987503052,5.582583980867639e-05,6.443930260502384e-07,6.60893419990316e-07
Training/glioma/Tr-gl_1179.jpg,glioma,glioma,True,0.9999260902404785,7.171826291596517e-05,1.0179113587582833e-06,1.1463704367997707e-06
Training/glioma/Tr-gl_1185.jpg,glioma,glioma,True,0.999470055103302,0.0005244542262516916,4.466311565920478e-06,1.0981520972563885e-06
Training/glioma/Tr-gl_119.jpg,glioma,glioma,True,0.9998037219047546,0.00016598909860476851,2.9341852496145293e-05,1.0035299737864989e-06
Training/glioma/Tr-gl_1214.jpg,glioma,glioma,True,0.9999592304229736,3.942166222259402e-05,3.7741031633231614e-07,1.0192042054768535e-06
Training/glioma/Tr-gl_122.jpg,glioma,glioma,True,0.999894380569458,0.00010117511556018144,7.493412681469636e-07,3.690814764922834e-06
Training/glioma/Tr-gl_1220.jpg,glioma,glioma,True,0.9999758005142212,2.3381155187962577e-05,4.385689180708141e-07,3.160710377869691e-07
Training/glioma/Tr-gl_1227.jpg,glioma,glioma,True,0.9994727969169617,0.0004660503182094544,5.6946119002532214e-05,4.235261258145329e-06
Training/glioma/Tr-gl_1233.jpg,glioma,glioma,True,0.9998087286949158,0.00017682331963442266,1.0433904208184686e-05,3.9548135646327864e-06
Training/glioma/Tr-gl_1241.jpg,glioma,glioma,True,0.9994298815727234,0.0005555904353968799,1.716399310680572e-06,1.2816365597245749e-05
Training/glioma/Tr-gl_1245.jpg,glioma,glioma,True,0.9999513626098633,3.8333200791385025e-05,8.240924216806889e-06,2.0296370166761335e-06
Training/glioma/Tr-gl_1247.jpg,glioma,glioma,True,0.999907374382019,8.647593494970351e-05,5.286442501528654e-06,8.546780350116023e-07
Training/glioma/Tr-gl_1257.jpg,glioma,glioma,True,0.999944806098938,5.1820476073771715e-05,2.493415195203852e-06,9.096207236325426e-07
Training/glioma/Tr-gl_1268.jpg,glioma,glioma,True,0.9998610019683838,5.947029421804473e-05,5.74295554542914e-05,2.2116608306532726e-05
Training/glioma/Tr-gl_1269.jpg,glioma,glioma,True,0.9997584223747253,0.00023913729819469154,7.065669365147187e-07,1.7298425518674776e-06
Training/glioma/Tr-gl_1274.jpg,glioma,glioma,True,0.9997956156730652,0.00019671590416692197,1.5027054587335442e-06,6.090903752919985e-06
Training/glioma/Tr-gl_1279.jpg,glioma,glioma,True,0.9994912147521973,0.0005053698550909758,1.6237086128967348e-06,1.7718285789669608e-06
Training/glioma/Tr-gl_128.jpg,glioma,glioma,True,0.9999604225158691,3.0167993827490136e-05,9.298569239035714e-06,9.253842137013635e-08
Training/glioma/Tr-gl_1287.jpg,glioma,glioma,True,0.9998144507408142,0.00018252557492814958,2.6563468509266386e-06,3.955486818085774e-07
Training/glioma/Tr-gl_1299.jpg,glioma,glioma,True,0.9997562766075134,0.00024173238489311188,8.895839869182964e-07,1.1524660976647283e-06
Training/glioma/Tr-gl_1305.jpg,glioma,glioma,True,0.9994144439697266,0.0004982491373084486,7.96810127212666e-05,7.618853942403803e-06
Training/glioma/Tr-gl_1307.jpg,glioma,glioma,True,0.9999163150787354,7.936153997434303e-05,2.6258109642185445e-07,4.067135705554392e-06
Training/glioma/Tr-gl_1317.jpg,glioma,glioma,True,0.9998438358306885,0.00012037802662234753,3.461660526227206e-05,1.146932277151791e-06
Training/glioma/Tr-gl_1321.jpg,glioma,glioma,True,0.7425181865692139,0.25744879245758057,1.915875145641621e-06,3.112729245913215e-05
Training/glioma/Tr-gl_1324.jpg,glioma,glioma,True,0.9999104738235474,8.933687786338851e-05,5.0830017528369353e-08,2.2110023678578727e-07
Training/glioma/Tr-gl_134.jpg,glioma,glioma,True,0.9998716115951538,0.00012298043293412775,4.310500116844196e-06,1.0801758207890089e-06
Training/glioma/Tr-gl_1345.jpg,glioma,glioma,True,0.9780554175376892,0.021502874791622162,7.356498099397868e-05,0.0003682123788166791
Training/glioma/Tr-gl_1347.jpg,glioma,glioma,True,0.9997066855430603,0.0002886962320189923,2.758433538474492e-06,1.8458028989698505e-06
Training/glioma/Tr-gl_135.jpg,glioma,glioma,True,0.9997827410697937,0.0002157634444301948,1.0754647519206628e-06,4.819564765057294e-07
Training/glioma/Tr-gl_1350.jpg,glioma,glioma,True,0.9993335604667664,0.0006171773420646787,2.3218974092742428e-05,2.595805563032627e-05
Training/glioma/Tr-gl_1351.jpg,glioma,glioma,True,0.994020402431488,0.004467592108994722,0.0015059822471812367,5.947677436779486e-06
Training/glioma/Tr-gl_1354.jpg,glioma,meningioma,False,0.10285598784685135,0.8955090641975403,0.00016289133054669946,0.0014720504404976964
Training/glioma/Tr-gl_1356.jpg,glioma,pituitary,False,0.15765981376171112,0.11188240349292755,0.0040433150716125965,0.7264144420623779
Training/glioma/Tr-gl_1362.jpg,glioma,glioma,True,0.9998632669448853,0.00013192882761359215,2.362038912906428e-06,2.448337227178854e-06
Training/glioma/Tr-gl_1364.jpg,glioma,glioma,True,0.9998626708984375,0.00013570509327109903,2.2246187825203378e-07,1.4060830153539428e-06
Training/glioma/Tr-gl_1366.jpg,glioma,glioma,True,0.9999390840530396,5.953509025857784e-05,9.65920435191947e-07,4.697855615631852e-07
Training/glioma/Tr-gl_1368.jpg,glioma,glioma,True,0.9997348189353943,0.00026274696574546397,1.3975748061056947e-06,9.686840485301218e-07
Training/glioma/Tr-gl_1369.jpg,glioma,glioma,True,0.9997603297233582,0.00023029652948025614,4.250084657542175e-06,5.054474968346767e-06
Training/glioma/Tr-gl_1371.jpg,glioma,glioma,True,0.9997081160545349,0.0002804290852509439,2.3415677219418285e-07,1.1214166988793295e-05
Training/glioma/Tr-gl_1379.jpg,glioma,glioma,True,0.9946434497833252,0.005180686712265015,8.288172830361873e-05,9.299555676989257e-05
Training/glioma/Tr-gl_1384.jpg,glioma,glioma,True,0.9999072551727295,9.131857950706035e-05,4.7095170430111466e-07,9.282247219744022e-07
Training/glioma/Tr-gl_139.jpg,glioma,glioma,True,0.9998936653137207,0.00010435572039568797,1.4118069202595507e-07,1.9027703501706128e-06
Training/glioma/Tr-gl_140.jpg,glioma,glioma,True,0.999902606010437,9.451316873310134e-05,1.1983755712208222e-06,1.6935881603785674e-06
Training/glioma/Tr-gl_142.jpg,glioma,glioma,True,0.9999451637268066,2.524327464925591e-05,1.5636627722415142e-05,1.4018345609656535e-05
Training/glioma/Tr-gl_153.jpg,glioma,glioma,True,0.9999513626098633,4.4947628339286894e-05,1.5278001228580251e-06,2.1844691673322814e-06
Training/glioma/Tr-gl_157.jpg,glioma,glioma,True,0.9997870326042175,0.0001999792002607137,9.525246241537388e-06,3.5086700336250942e-06
Training/glioma/Tr-gl_160.jpg,glioma,glioma,True,0.9996888637542725,0.0002987207262776792,6.801264476052893e-07,1.1724691830750089e-05
Training/glioma/Tr-gl_162.jpg,glioma,glioma,True,0.9998716115951538,0.00012517992581706494,2.2630199509876547e-06,9.476890454607201e-07
Training/glioma/Tr-gl_169.jpg,glioma,glioma,True,0.999087929725647,0.0008957597310654819,8.381461157114245e-06,7.976874258019961e-06
Training/glioma/Tr-gl_176.jpg,glioma,glioma,True,0.9992665648460388,0.0007184015703387558,1.8703129853747669e-06,1.3081235920253675e-05
Training/glioma/Tr-gl_185.jpg,glioma,glioma,True,0.9997765421867371,0.00022256336524151266,4.919413072457246e-07,3.997928672561102e-07
Training/glioma/Tr-gl_204.jpg,glioma,glioma,True,0.9999417066574097,5.7801244111033157e-05,2.2940210442357056e-07,2.94853208515633e-07
Training/glioma/Tr-gl_213.jpg,glioma,glioma,True,0.9997521042823792,0.00024318044597748667,1.980009074031841e-06,2.670636376933544e-06
Training/glioma/Tr-gl_226.jpg,glioma,glioma,True,0.9933502078056335,0.006625540088862181,1.4555260349879973e-05,9.677362868387718e-06
Training/glioma/Tr-gl_228.jpg,glioma,glioma,True,0.9999557733535767,4.225079464958981e-05,7.529801848704665e-08,1.8924442883871961e-06
Training/glioma/Tr-gl_243.jpg,glioma,glioma,True,0.996918797492981,0.003076413879171014,7.234555141621968e-07,4.109382189199096e-06
Training/glioma/Tr-gl_254.jpg,glioma,glioma,True,0.9997751116752625,0.00021994032431393862,2.1954047042527236e-06,2.7752753339882474e-06
Training/glioma/Tr-gl_255.jpg,glioma,glioma,True,0.998349666595459,0.001644795062020421,5.471678150570369e-07,5.004961167287547e-06
Training/glioma/Tr-gl_26.jpg,glioma,glioma,True,0.99974125623703,0.00025161044322885573,6.370927621901501e-06,8.444732770840346e-07
Training/glioma/Tr-gl_262.jpg,glioma,glioma,True,0.9991264939308167,0.0004942212835885584,9.616676834411919e-06,0.0003697042993735522
Training/glioma/Tr-gl_266.jpg,glioma,glioma,True,0.999968409538269,2.765419048955664e-05,2.0141587953048656e-08,3.985875082435086e-06
Training/glioma/Tr-gl_267.jpg,glioma,glioma,True,0.9999668598175049,2.8102227588533424e-05,4.347316462371964e-06,7.530751418016735e-07
Training/glioma/Tr-gl_277.jpg,glioma,glioma,True,0.9998527765274048,0.00013888650573790073,4.979388450010447e-06,3.2942050438578008e-06
Training/glioma/Tr-gl_279.jpg,glioma,glioma,True,0.9998868703842163,0.00010780609591165558,9.064955293069943e-07,4.3883928810828365e-06
Training/glioma/Tr-gl_284.jpg,glioma,glioma,True,0.9998156428337097,0.00013988654245622456,4.377236109576188e-05,7.884165711402602e-07
Training/glioma/Tr-gl_295.jpg,glioma,glioma,True,0.9987263083457947,0.0012689802097156644,1.6912329101614887e-06,2.9908840133430203e-06
Training/glioma/Tr-gl_296.jpg,glioma,glioma,True,0.9986687898635864,0.001314186374656856,1.8040402665064903e-06,1.522537331766216e-05
Training/glioma/Tr-gl_308.jpg,glioma,glioma,True,0.7706618309020996,0.22917039692401886,1.3564215805672575e-05,0.00015418519615195692
Training/glioma/Tr-gl_311.jpg,glioma,glioma,True,0.9998782873153687,0.0001193180723930709,2.2040796920919092e-06,2.7735467256206903e-07
Training/glioma/Tr-gl_317.jpg,glioma,glioma,True,0.9998284578323364,0.0001546327257528901,8.297026397485752e-06,8.526329111191444e-06
Training/glioma/Tr-gl_320.jpg,glioma,glioma,True,0.999887228012085,0.00011061748227803037,9.568530145998011e-08,1.9679473552969284e-06
Training/glioma/Tr-gl_323.jpg,glioma,glioma,True,0.999953031539917,2.8591812224476598e-05,1.6536187104065903e-05,1.750470573824714e-06
Training/glioma/Tr-gl_325.jpg,glioma,glioma,True,0.9996733665466309,0.00032456323970109224,3.5175073520576916e-08,2.0616785150195938e-06
Training/glioma/Tr-gl_326.jpg,glioma,glioma,True,0.9997312426567078,0.0002422042452963069,2.1791793187730946e-05,4.697929853136884e-06
Training/glioma/Tr-gl_33.jpg,glioma,glioma,True,0.9996461868286133,0.0003461951855570078,1.6474509720865171e-06,5.910584150115028e-06
Training/glioma/Tr-gl_331.jpg,glioma,glioma,True,0.9886046648025513,0.011366384103894234,5.334328761819052e-06,2.361152473895345e-05
Training/glioma/Tr-gl_334.jpg,glioma,glioma,True,0.9999747276306152,2.4936267436714843e-05,8.671825213468765e-08,2.5781764634302817e-07
Training/glioma/Tr-gl_347.jpg,glioma,glioma,True,0.9998716115951538,0.00012361904373392463,1.5513733160332777e-06,3.159532980134827e-06
Training/glioma/Tr-gl_356.jpg,glioma,glioma,True,0.9999423027038574,5.4645359341520816e-05,1.1212873687327374e-06,1.9891667761839926e-06
Training/glioma/Tr-gl_358.jpg,glioma,glioma,True,0.999879002571106,0.00011811422155005857,2.6210957457806217e-06,2.0144426571278018e-07
Training/glioma/Tr-gl_375.jpg,glioma,glioma,True,0.9991030693054199,0.0008638850413262844,9.401322131452616e-06,2.3685917767579667e-05
Training/glioma/Tr-gl_377.jpg,glioma,glioma,True,0.9997887015342712,0.00021053431555628777,6.430226306974873e-08,6.358079076562717e-07
Training/glioma/Tr-gl_379.jpg,glioma,glioma,True,0.9997778534889221,0.00021302692766766995,3.649615507583803e-07,8.82977110450156e-06
Training/glioma/Tr-gl_383.jpg,glioma,glioma,True,0.9992141723632812,0.0005990326753817499,0.00017566431779414415,1.1117031135654543e-05
Training/glioma/Tr-gl_385.jpg,glioma,glioma,True,0.9993250370025635,0.0005963938892818987,3.7109666664036922e-06,7.48749662307091e-05
Training/glioma/Tr-gl_390.jpg,glioma,glioma,True,0.9999125003814697,8.715064177522436e-05,2.562074712386675e-07,1.5957635923768976e-07
Training/glioma/Tr-gl_399.jpg,glioma,glioma,True,0.9999555349349976,3.751993426703848e-05,5.325346592144342e-06,1.5681328022765229e-06
Training/glioma/Tr-gl_409.jpg,glioma,glioma,True,0.9997915625572205,0.00018749524315353483,1.2886905096820556e-05,8.12433790997602e-06
Training/glioma/Tr-gl_41.jpg,glioma,glioma,True,0.9998067021369934,0.0001765095948940143,7.364553766819881e-06,9.478132596996147e-06
Training/glioma/Tr-gl_411.jpg,glioma,glioma,True,0.9994426369667053,0.000460325536550954,8.922944834921509e-05,7.804794222465716e-06
Training/glioma/Tr-gl_424.jpg,glioma,glioma,True,0.9996753931045532,0.0002940442936960608,2.3269505618372932e-05,7.369648756139213e-06
Training/glioma/Tr-gl_433.jpg,glioma,glioma,True,0.9973596930503845,0.0025747744366526604,1.269960921490565e-05,5.2829978812951595e-05
Training/glioma/Tr-gl_445.jpg,glioma,glioma,True,0.9991480112075806,0.0008186682243831456,7.623050805705134e-06,2.570084689068608e-05
Training/glioma/Tr-gl_447.jpg,glioma,glioma,True,0.9998558759689331,0.00014030194142833352,3.077396968365065e-06,6.48253205781657e-07
Training/glioma/Tr-gl_451.jpg,glioma,glioma,True,0.9999523162841797,3.5148852475686e-05,5.185271675145486e-06,7.425781404890586e-06
Training/glioma/Tr-gl_474.jpg,glioma,glioma,True,0.9997097849845886,0.0002743559016380459,1.2481487829063553e-05,3.3355099731124938e-06
Training/glioma/Tr-gl_478.jpg,glioma,glioma,True,0.9990230798721313,0.00033870627521537244,0.0006250629085116088,1.30724247355829e-05
Training/glioma/Tr-gl_479.jpg,glioma,glioma,True,0.9995135068893433,0.00047306090709753335,1.052090919984039e-05,2.9632769837917294e-06
Training/glioma/Tr-gl_48.jpg,glioma,glioma,True,0.9998188614845276,0.0001432324352208525,3.5790933907264844e-05,2.117898247888661e-06
Training/glioma/Tr-gl_488.jpg,glioma,glioma,True,0.9999264478683472,6.54023970128037e-05,7.845694199204445e-06,2.9894317776779644e-07
Training/glioma/Tr-gl_489.jpg,glioma,glioma,True,0.9982858300209045,0.0010595725616440177,0.0006389693007804453,1.566783248563297e-05
Training/glioma/Tr-gl_491.jpg,glioma,glioma,True,0.9995262622833252,0.0004568990843836218,1.2188035725557711e-05,4.658636953536188e-06
Training/glioma/Tr-gl_493.jpg,glioma,glioma,True,0.9998511075973511,0.00014148031186778098,3.6461135550780455e-06,3.679914698295761e-06
Training/glioma/Tr-gl_504.jpg,glioma,glioma,True,0.7049872875213623,0.29306352138519287,0.0009841574355959892,0.0009650725405663252
Training/glioma/Tr-gl_507.jpg,glioma,glioma,True,0.9993544220924377,0.0003142876666970551,0.0002868840820156038,4.447449464350939e-05
Training/glioma/Tr-gl_508.jpg,glioma,glioma,True,0.9997560381889343,0.00016221357509493828,7.495284808101133e-05,6.798002232244471e-06
Training/glioma/Tr-gl_516.jpg,glioma,glioma,True,0.9998185038566589,0.00017870306328404695,9.823959317145636e-07,1.8873887484005536e-06
Training/glioma/Tr-gl_517.jpg,glioma,glioma,True,0.9992701411247253,0.0006418749107979238,2.204339580202941e-05,6.594153092009947e-05
Training/glioma/Tr-gl_519.jpg,glioma,glioma,True,0.999929666519165,6.622165528824553e-05,1.2021064321743324e-06,2.9580517093563685e-06
Training/glioma/Tr-gl_52.jpg,glioma,glioma,True,0.9996651411056519,0.00032809845288284123,5.348621812117926e-07,6.300970198935829e-06
Training/glioma/Tr-gl_525.jpg,glioma,glioma,True,0.9999439716339111,5.228357622399926e-05,1.7091294921556255e-06,2.0953234525222797e-06
Training/glioma/Tr-gl_53.jpg,glioma,glioma,True,0.9999512434005737,4.854650978813879e-05,4.337479708738101e-08,2.0599783567831764e-07
Training/glioma/Tr-gl_530.jpg,glioma,glioma,True,0.999840497970581,0.00015492965758312494,4.4682310544885695e-06,1.069961044208867e-07
Training/glioma/Tr-gl_531.jpg,glioma,glioma,True,0.9998927116394043,0.00010269258928019553,3.0860749120620312e-06,1.4602728697354905e-06
Training/glioma/Tr-gl_538.jpg,glioma,glioma,True,0.9998190999031067,0.0001767541834851727,2.636637418618193e-06,1.514064706498175e-06
Training/glioma/Tr-gl_542.jpg,glioma,glioma,True,0.9991523027420044,0.0006675109616480768,1.235917892472571e-07,0.00018008080951403826
Training/glioma/Tr-gl_546.jpg,glioma,glioma,True,0.9989456534385681,0.00038091710302978754,5.497056463354966e-06,0.0006680022925138474
Training/glioma/Tr-gl_557.jpg,glioma,glioma,True,0.9996308088302612,0.00034677275107242167,5.581689947575796e-06,1.685829738562461e-05
Training/glioma/Tr-gl_565.jpg,glioma,glioma,True,0.9999841451644897,1.5233638805511873e-05,1.1637173713552329e-07,4.828794999411912e-07
Training/glioma/Tr-gl_586.jpg,glioma,glioma,True,0.9999643564224243,3.4571417927509174e-05,5.356083647711785e-07,5.574589181378542e-07
Training/glioma/Tr-gl_587.jpg,glioma,glioma,True,0.9834269285202026,0.01641726866364479,1.7800894056563266e-05,0.00013795620179735124
Training/glioma/Tr-gl_590.jpg,glioma,glioma,True,0.9998774528503418,0.00011297208402538672,1.4053905488253804e-06,8.132818038575351e-06
Training/glioma/Tr-gl_600.jpg,glioma,glioma,True,0.9997599720954895,0.00023585335293319076,3.7233432976790937e-06,4.2861771021307504e-07
Training/glioma/Tr-gl_612.jpg,glioma,glioma,True,0.9998795986175537,0.00011116984387626871,5.928382506681373e-06,3.219961172362673e-06
Training/glioma/Tr-gl_625.jpg,glioma,glioma,True,0.9988082647323608,0.0011752567952498794,1.1563013686100021e-05,4.9063246478908695e-06
Training/glioma/Tr-gl_627.jpg,glioma,glioma,True,0.99045729637146,0.005886644124984741,0.0036098570562899113,4.6264325646916404e-05
Training/glioma/Tr-gl_638.jpg,glioma,glioma,True,0.9998773336410522,0.00012010455975541845,1.551536115584895e-06,9.914159591062344e-07
Training/glioma/Tr-gl_643.jpg,glioma,glioma,True,0.9997116923332214,0.00028645782731473446,1.5981972865120042e-06,3.002322443990124e-07
Training/glioma/Tr-gl_648.jpg,glioma,glioma,True,0.9999083280563354,8.577696280553937e-05,4.350537892605644e-06,1.576535169078852e-06
Training/glioma/Tr-gl_65.jpg,glioma,glioma,True,0.9999293088912964,6.748311716364697e-05,1.9620258626673603e-06,1.2987097761651967e-06
Training/glioma/Tr-gl_650.jpg,glioma,glioma,True,0.9954742789268494,0.004453116562217474,4.247123342793202e-06,6.835324165876955e-05
Training/glioma/Tr-gl_651.jpg,glioma,glioma,True,0.9998947381973267,0.00010338408901588991,1.2457794582587667e-06,6.639291996179963e-07
Training/glioma/Tr-gl_652.jpg,glioma,glioma,True,0.9999768733978271,2.200255221396219e-05,5.041095505475823e-07,6.566618822034798e-07
Training/glioma/Tr-gl_664.jpg,glioma,glioma,True,0.9995119571685791,0.0003919416922144592,1.0375388228567317e-05,8.570183854317293e-05
Training/glioma/Tr-gl_692.jpg,glioma,glioma,True,0.9999872446060181,1.2473289643821772e-05,2.609336320347211e-07,1.013760808632469e-07
Training/glioma/Tr-gl_699.jpg,glioma,glioma,True,0.9998583793640137,0.00011553373042261228,2.4972654500743374e-05,1.0550630804573302e-06
Training/glioma/Tr-gl_70.jpg,glioma,glioma,True,0.9994742274284363,0.00043833936797454953,6.495952789009607e-07,8.681784674990922e-05
Training/glioma/Tr-gl_701.jpg,glioma,glioma,True,0.9998852014541626,9.54535644268617e-05,2.1480350369529333e-06,1.721924672892783e-05
Training/glioma/Tr-gl_703.jpg,glioma,glioma,True,0.9999231100082397,7.582503167213872e-05,3.5659229524753755e-07,7.576235248052399e-07
Training/glioma/Tr-gl_710.jpg,glioma,glioma,True,0.998579740524292,0.001025721081532538,0.000319974817102775,7.459163316525519e-05
Training/glioma/Tr-gl_72.jpg,glioma,glioma,True,0.999565064907074,0.00042036743252538145,4.307344454446138e-07,1.4061195543035865e-05
Training/glioma/Tr-gl_74.jpg,glioma,glioma,True,0.9999496936798096,4.598055238602683e-05,3.856389412248973e-06,5.009371761843795e-07
Training/glioma/Tr-gl_745.jpg,glioma,glioma,True,0.9998376369476318,0.00015900807920843363,2.00151316676056e-06,1.256606765309698e-06
Training/glioma/Tr-gl_760.jpg,glioma,glioma,True,0.6546463370323181,0.27130189538002014,0.002391778863966465,0.07165995985269547
Training/glioma/Tr-gl_764.jpg,glioma,glioma,True,0.9999474287033081,3.805345841101371e-05,1.096585674531525e-05,3.51593939740269e-06
Training/glioma/Tr-gl_779.jpg,glioma,glioma,True,0.9999635219573975,3.5516808566171676e-05,8.128004225227414e-08,8.09133439361176e-07
Training/glioma/Tr-gl_788.jpg,glioma,glioma,True,0.9998902082443237,0.0001070804864866659,2.4594371552666416e-06,1.397585975837501e-07
Training/glioma/Tr-gl_798.jpg,glioma,glioma,True,0.9997161030769348,0.00022263442224357277,5.119829802424647e-05,9.983587915485259e-06
Training/glioma/Tr-gl_803.jpg,glioma,glioma,True,0.9994939565658569,0.0004690812493208796,3.281872704974376e-05,4.17391356677399e-06
Training/glioma/Tr-gl_811.jpg,glioma,glioma,True,0.9997197985649109,9.267665154766291e-05,0.0001805752981454134,6.9418192651937716e-06
Training/glioma/Tr-gl_822.jpg,glioma,glioma,True,0.999417781829834,0.0005644419579766691,3.8064852105890168e-06,1.4030620150151663e-05
Training/glioma/Tr-gl_849.jpg,glioma,glioma,True,0.9998750686645508,0.00011217028804821894,7.5931775427307e-06,5.062421678303508e-06
Training/glioma/Tr-gl_854.jpg,glioma,glioma,True,0.9997677206993103,0.0002223395131295547,9.033054993778933e-06,8.303578056256811e-07
Training/glioma/Tr-gl_858.jpg,glioma,glioma,True,0.9993680119514465,0.0006281472742557526,4.759995988479204e-07,3.359233232913539e-06
Training/glioma/Tr-gl_870.jpg,glioma,glioma,True,0.9999347925186157,5.920581679674797e-05,3.576906919988687e-06,2.3807481284165988e-06
Training/glioma/Tr-gl_880.jpg,glioma,glioma,True,0.997890293598175,0.0020508405286818743,7.814767741365358e-06,5.1024726417381316e-05
Training/glioma/Tr-gl_888.jpg,glioma,glioma,True,0.999846339225769,0.00014755758456885815,3.990142431575805e-06,2.185279527111561e-06
Training/glioma/Tr-gl_896.jpg,glioma,glioma,True,0.999492883682251,0.0005025769933126867,5.102295403958124e-07,4.089900357939769e-06
Training/glioma/Tr-gl_898.jpg,glioma,glioma,True,0.9999685287475586,3.0397888622246683e-05,6.917844075360335e-07,3.5810566600957827e-07
Training/glioma/Tr-gl_904.jpg,glioma,glioma,True,0.9994753003120422,0.0003459917788859457,0.00016695907106623054,1.1840339539048728e-05
Training/glioma/Tr-gl_911.jpg,glioma,glioma,True,0.9998971223831177,8.062567940214649e-05,3.721727580341394e-06,1.8540173186920583e-05
Training/glioma/Tr-gl_914.jpg,glioma,glioma,True,0.999300479888916,0.0006888107163831592,6.499295068351785e-06,4.129899480176391e-06
Training/glioma/Tr-gl_924.jpg,glioma,glioma,True,0.9999778270721436,2.192919419030659e-05,1.580431359116119e-07,1.3363381867748103e-07
Training/glioma/Tr-gl_934.jpg,glioma,glioma,True,0.9999278783798218,6.767030572518706e-05,3.2798534448374994e-06,1.1147543546030647e-06
Training/glioma/Tr-gl_935.jpg,glioma,glioma,True,0.9996955394744873,0.0002941004349850118,1.3444239357340848e-06,9.04210810404038e-06
Training/glioma/Tr-gl_941.jpg,glioma,glioma,True,0.9998255372047424,0.0001629436737857759,8.582577720517293e-06,2.914644255724852e-06
Training/glioma/Tr-gl_942.jpg,glioma,glioma,True,0.9999903440475464,7.63225671107648e-06,1.8680600533116376e-06,7.931516421422202e-08
Training/glioma/Tr-gl_944.jpg,glioma,glioma,True,0.9992423057556152,0.0006607006653212011,9.051435336004943e-05,6.4420596572745126e-06
Training/glioma/Tr-gl_954.jpg,glioma,glioma,True,0.9996806383132935,0.0003175948222633451,4.5714656948803167e-07,1.2947946288477397e-06
Training/glioma/Tr-gl_966.jpg,glioma,glioma,True,0.9998559951782227,0.00012671212607529014,1.5205708223220427e-05,2.0532602320599835e-06
Training/glioma/Tr-gl_971.jpg,glioma,glioma,True,0.9996718168258667,0.0002942000573966652,2.5107750843744725e-05,8.8223532657139e-06
Training/glioma/Tr-gl_972.jpg,glioma,glioma,True,0.9998874664306641,9.095954737858847e-05,5.444301223178627e-06,1.605549914529547e-05
Training/glioma/Tr-gl_978.jpg,glioma,glioma,True,0.8861634135246277,0.10727011412382126,0.006445837672799826,0.00012058303400408477
Training/glioma/Tr-gl_986.jpg,glioma,glioma,True,0.999984860420227,1.4893796105752699e-05,1.3215347394179844e-07,9.649063770211797e-08
Training/meningioma/Tr-me_1.jpg,meningioma,meningioma,True,3.587592436815612e-05,0.9999608993530273,7.583428640600687e-08,3.0949452138884226e-06
Training/meningioma/Tr-me_100.jpg,meningioma,meningioma,True,5.446081559057347e-07,0.9999994039535522,9.9339825254674e-10,2.5698579264599175e-08
Training/meningioma/Tr-me_1010.jpg,meningioma,meningioma,True,1.5762167095090263e-05,0.999962329864502,2.169237814086955e-05,2.0790250232494145e-07
Training/meningioma/Tr-me_1024.jpg,meningioma,meningioma,True,1.594885361555498e-06,0.9999974966049194,3.7424921495166075e-10,9.86912482403568e-07
Training/meningioma/Tr-me_1028.jpg,meningioma,meningioma,True,0.0010610505705699325,0.9988564252853394,5.022541154175997e-05,3.221272709197365e-05
Training/meningioma/Tr-me_1030.jpg,meningioma,meningioma,True,1.3217603736848105e-05,0.9999819993972778,2.4861458314262563e-07,4.511121915129479e-06
Training/meningioma/Tr-me_1034.jpg,meningioma,meningioma,True,0.010175074450671673,0.989638090133667,1.4064149581827223e-05,0.00017273309640586376
Training/meningioma/Tr-me_1035.jpg,meningioma,meningioma,True,7.656200614292175e-05,0.9999101161956787,2.8509487037808867e-06,1.0448216016811784e-05
Training/meningioma/Tr-me_1036.jpg,meningioma,meningioma,True,2.543072696425952e-05,0.9999735355377197,9.314724707110145e-07,1.4002293369230756e-07
Training/meningioma/Tr-me_1043.jpg,meningioma,meningioma,True,0.13812905550003052,0.8617532849311829,2.216942266386468e-05,9.557422890793532e-05
Training/meningioma/Tr-me_105.jpg,meningioma,pituitary,False,0.0005275498260743916,0.0054165394976735115,0.0004925403627566993,0.9935632944107056
Training/meningioma/Tr-me_1053.jpg,meningioma,meningioma,True,4.406434072734555e-06,0.9999946355819702,5.785354915133212e-07,3.3459286896686535e-07
Training/meningioma/Tr-me_1060.jpg,meningioma,meningioma,True,0.00013840972678735852,0.9998557567596436,3.807463599514449e-06,2.0037534795847023e-06
Training/meningioma/Tr-me_1063.jpg,meningioma,meningioma,True,8.261692528321873e-06,0.9999915361404419,2.4992617753127888e-08,1.1911502895145532e-07
Training/meningioma/Tr-me_1079.jpg,meningioma,meningioma,True,1.0308819582860451e-05,0.9999873638153076,8.068975887454144e-08,2.2618748971581226e-06
Training/meningioma/Tr-me_1095.jpg,meningioma,meningioma,True,5.9493004300748e-06,0.9998199343681335,3.806526365224272e-07,0.00017380155622959137
Training/meningioma/Tr-me_1097.jpg,meningioma,meningioma,True,2.4144259441527538e-05,0.9999732971191406,1.9133196929033147e-06,5.438030257209903e-07
Training/meningioma/Tr-me_1100.jpg,meningioma,meningioma,True,0.00048036317457444966,0.9995096921920776,6.629235940636136e-06,3.3407916362193646e-06
Training/meningioma/Tr-me_1113.jpg,meningioma,meningioma,True,0.00011824051762232557,0.9998805522918701,6.766178017869606e-08,1.0736351896412089e-06
Training/meningioma/Tr-me_1117.jpg,meningioma,meningioma,True,3.332054984639399e-05,0.9999575614929199,9.300560321889861e-09,9.110731298278552e-06
Training/meningioma/Tr-me_1128.jpg,meningioma,meningioma,True,1.5914553230800266e-08,1.0,2.1643832559536946e-10,1.292874607372596e-08
Training/meningioma/Tr-me_1130.jpg,meningioma,meningioma,True,0.004198174923658371,0.9953051805496216,0.0004171180771663785,7.948616257635877e-05
Training/meningioma/Tr-me_1131.jpg,meningioma,meningioma,True,9.978703928936739e-06,0.9999887943267822,2.7787461931438884e-07,9.866969321592478e-07
Training/meningioma/Tr-me_1138.jpg,meningioma,meningioma,True,1.6399226865360106e-07,0.9999998807907104,2.6448310208593284e-10,2.262690657062194e-08
Training/meningioma/Tr-me_1140.jpg,meningioma,meningioma,True,8.936217454902362e-06,0.9999899864196777,7.275728819422511e-08,9.479196023676195e-07
Training/meningioma/Tr-me_1151.jpg,meningioma,meningioma,True,1.016120336316817e-06,0.9999988079071045,1.971075302975578e-09,1.1300134872271883e-07
Training/meningioma/Tr-me_1155.jpg,meningioma,meningioma,True,2.6946891011903062e-06,0.9999948740005493,8.614953195262842e-09,2.3834177227399778e-06
Training/meningioma/Tr-me_1157.jpg,meningioma,meningioma,True,2.697464935863536e-07,0.9999997615814209,4.123802632705065e-09,1.901107182789019e-08
Training/meningioma/Tr-me_116.jpg,meningioma,pituitary,False,0.00031788027263246477,0.008717814460396767,3.04963396047242e-06,0.9909612536430359
Training/meningioma/Tr-me_1167.jpg,meningioma,meningioma,True,3.0570397939300165e-05,0.9999607801437378,6.520673423437984e-08,8.63651257532183e-06
Training/meningioma/Tr-me_1169.jpg,meningioma,meningioma,True,0.00014484478742815554,0.9998480081558228,9.951408586061916e-09,7.131127858883701e-06
Training/meningioma/Tr-me_1171.jpg,meningioma,meningioma,True,0.006204201374202967,0.9937648773193359,1.2734705705952365e-05,1.8168737369705923e-05
Training/meningioma/Tr-me_1177.jpg,meningioma,meningioma,True,3.781941268243827e-05,0.9999616146087646,2.5413436688381807e-08,5.43242038020253e-07
Training/meningioma/Tr-me_1181.jpg,meningioma,meningioma,True,0.00039827439468353987,0.999593198299408,4.239481313561555e-06,4.254353825672297e-06
Training/meningioma/Tr-me_1186.jpg,meningioma,meningioma,True,4.384592557471478e-06,0.9999951124191284,1.0565440788923297e-07,3.0813600915280404e-07
Training/meningioma/Tr-me_1192.jpg,meningioma,meningioma,True,0.0004150000459048897,0.9995566010475159,1.0430517249915283e-05,1.805047577363439e-05
Training/meningioma/Tr-me_1193.jpg,meningioma,meningioma,True,0.0003241188533138484,0.9995135068893433,6.681497325189412e-06,0.00015574473945889622
Training/meningioma/Tr-me_1197.jpg,meningioma,meningioma,True,9.502937814431789e-07,0.9999966621398926,3.45388073696995e-08,2.4048636078077834e-06
Training/meningioma/Tr-me_1199.jpg,meningioma,meningioma,True,4.327753049437888e-05,0.999956488609314,4.692248722903969e-08,2.287501104092371e-07
Training/meningioma/Tr-me_1203.jpg,meningioma,meningioma,True,0.00029181691934354603,0.9993845224380493,0.0001704482565401122,0.00015324632113333791
Training/meningioma/Tr-me_1207.jpg,meningioma,meningioma,True,6.742122786818072e-05,0.999927282333374,2.410609340586234e-06,2.869021045626141e-06
Training/meningioma/Tr-me_1215.jpg,meningioma,meningioma,True,0.00015762652037665248,0.9997370839118958,7.335411646636203e-05,3.19106038659811e-05
Training/meningioma/Tr-me_1222.jpg,meningioma,meningioma,True,0.005221731495112181,0.9945322275161743,0.00018851282948162407,5.74892146687489e-05
Training/meningioma/Tr-me_1229.jpg,meningioma,glioma,False,0.8282230496406555,0.12023770809173584,0.011454706080257893,0.04008463770151138
Training/meningioma/Tr-me_1239.jpg,meningioma,meningioma,True,0.00017349467088934034,0.9997674822807312,1.4871555720219476e-07,5.89300507272128e-05
Training/meningioma/Tr-me_1243.jpg,meningioma,meningioma,True,0.0004941205261275172,0.9994988441467285,1.2791635981557192e-06,5.6830440371413715e-06
Training/meningioma/Tr-me_1254.jpg,meningioma,meningioma,True,3.558160096872598e-05,0.9999618530273438,5.1225065078597254e-08,2.4764919999142876e-06
Training/meningioma/Tr-me_1256.jpg,meningioma,meningioma,True,0.00019468067330308259,0.9997515082359314,2.9759961762465537e-05,2.4105751435854472e-05
Training/meningioma/Tr-me_1258.jpg,meningioma,meningioma,True,2.7323364975018194e-06,0.9999970197677612,4.833962563566274e-09,2.1982251041663403e-07
Training/meningioma/Tr-me_1263.jpg,meningioma,meningioma,True,0.0014580202987417579,0.9984254837036133,3.085017669945955e-05,8.567924669478089e-05
Training/meningioma/Tr-me_1264.jpg,meningioma,meningioma,True,8.82105996424798e-06,0.9999904632568359,6.786021344851179e-07,1.6723095797033238e-08
Training/meningioma/Tr-me_1266.jpg,meningioma,meningioma,True,1.8409730273560854e-07,0.9999996423721313,1.7200073587630982e-09,1.5374881456864387e-07
Training/meningioma/Tr-me_128.jpg,meningioma,meningioma,True,3.921290408470668e-05,0.99991774559021,5.918302008467435e-07,4.239092959323898e-05
Training/meningioma/Tr-me_1291.jpg,meningioma,meningioma,True,0.0003666158299893141,0.9995397329330444,8.439795055892318e-05,9.345338185084984e-06
Training/meningioma/Tr-me_1300.jpg,meningioma,meningioma,True,1.1351195325914887e-06,0.9999985694885254,8.446502164360936e-09,2.7563811499931035e-07
Training/meningioma/Tr-me_132.jpg,meningioma,meningioma,True,4.7035832722031046e-06,0.9999916553497314,9.609750151184926e-08,3.6328387977846432e-06
Training/meningioma/Tr-me_146.jpg,meningioma,meningioma,True,1.6377396605093963e-05,0.9999818801879883,1.8876259844091692e-07,1.5559852499791305e-06
Training/meningioma/Tr-me_147.jpg,meningioma,meningioma,True,8.35187456686981e-05,0.9998736381530762,4.1020837670657784e-05,1.779802119017404e-06
Training/meningioma/Tr-me_15.jpg,meningioma,meningioma,True,0.0004998379736207426,0.9994111061096191,7.231087511172518e-05,1.675946441537235e-05
Training/meningioma/Tr-me_159.jpg,meningioma,meningioma,True,2.7912692530662753e-05,0.9999696016311646,5.588639737652557e-07,1.9170386167388642e-06
Training/meningioma/Tr-me_166.jpg,meningioma,meningioma,True,6.076235877117142e-05,0.999933123588562,2.354249318159418e-06,3.870230557367904e-06
Training/meningioma/Tr-me_173.jpg,meningioma,meningioma,True,9.484909242019057e-06,0.9999903440475464,8.72333227874833e-09,1.7297149668138445e-07
Training/meningioma/Tr-me_177.jpg,meningioma,meningioma,True,3.253133036196232e-05,0.9999630451202393,1.9414812868490117e-06,2.5061531232495327e-06
Training/meningioma/Tr-me_182.jpg,meningioma,meningioma,True,9.397964504387346e-07,0.9999990463256836,5.319807172554647e-08,3.2519761106186706e-08
Training/meningioma/Tr-me_194.jpg,meningioma,meningioma,True,9.813460928853601e-05,0.9999011754989624,5.935338265317114e-08,5.536493858926406e-07
Training/meningioma/Tr-me_197.jpg,meningioma,meningioma,True,1.1597159755183384e-05,0.9999833106994629,5.510754164106402e-08,5.05388652527472e-06
Training/meningioma/Tr-me_199.jpg,meningioma,meningioma,True,0.00018861198623199016,0.9998058676719666,5.54319342427334e-07,4.956309567205608e-06
Training/meningioma/Tr-me_2.jpg,meningioma,meningioma,True,0.00018950144294649363,0.999792754650116,4.780000608661794e-07,1.7248617950826883e-05
Training/meningioma/Tr-me_20.jpg,meningioma,meningioma,True,1.9237770175095648e-05,0.9999771118164062,3.1273216904992296e-07,3.3606684155529365e-06
Training/meningioma/Tr-me_201.jpg,meningioma,meningioma,True,0.00861078966408968,0.9911530613899231,0.00021353948977775872,2.2522830477100797e-05
Training/meningioma/Tr-me_204.jpg,meningioma,meningioma,True,5.942890197729866e-07,0.9999992847442627,7.295605231050217e-10,9.547233048579074e-08
Training/meningioma/Tr-me_206.jpg,meningioma,meningioma,True,0.0010552838211879134,0.948148250579834,0.0002033793571172282,0.050593066960573196
Training/meningioma/Tr-me_208.jpg,meningioma,meningioma,True,1.2874248568550684e-05,0.9999867677688599,3.704361972722836e-08,3.997206192707381e-07
Training/meningioma/Tr-me_212.jpg,meningioma,meningioma,True,1.2420954362823977e-06,0.9999984502792358,5.375197176249458e-08,2.1426627938581078e-07
Training/meningioma/Tr-me_217.jpg,meningioma,meningioma,True,0.005115332547575235,0.9945752620697021,1.9123541278531775e-05,0.0002902373962569982
Training/meningioma/Tr-me_228.jpg,meningioma,meningioma,True,3.281504541519098e-05,0.9998728036880493,9.327182488050312e-05,1.0257385838485789e-06
Training/meningioma/Tr-me_23.jpg,meningioma,meningioma,True,0.00015861346037127078,0.9998400211334229,1.168259132100502e-06,8.385091376794662e-08
Training/meningioma/Tr-me_231.jpg,meningioma,meningioma,True,0.0001060224967659451,0.9998931884765625,4.13871426019341e-08,7.151946306294121e-07
Training/meningioma/Tr-me_236.jpg,meningioma,meningioma,True,0.1948878914117813,0.802161455154419,0.0024353666231036186,0.0005153378006070852
Training/meningioma/Tr-me_241.jpg,meningioma,meningioma,True,5.858073109266115e-06,0.9999918937683105,5.902444311089994e-09,2.253520506201312e-06
Training/meningioma/Tr-me_25.jpg,meningioma,meningioma,True,8.996739779831842e-07,0.9999988079071045,2.863544352749159e-07,3.91208097028084e-08
Training/meningioma/Tr-me_268.jpg,meningioma,pituitary,False,0.001878206618130207,0.13347475230693817,0.0014872042229399085,0.8631597757339478
Training/meningioma/Tr-me_278.jpg,meningioma,meningioma,True,9.409497579326853e-06,0.9999890327453613,1.250249511031143e-06,2.98185398150963e-07
Training/meningioma/Tr-me_280.jpg,meningioma,meningioma,True,6.154677976155654e-05,0.9999332427978516,6.641104732807435e-07,4.5444439820130356e-06
Training/meningioma/Tr-me_283.jpg,meningioma,meningioma,True,4.413431724969996e-06,0.9999954700469971,5.625861376756802e-08,7.994984940751237e-08
Training/meningioma/Tr-me_292.jpg,meningioma,meningioma,True,6.566013325937092e-05,0.9998102784156799,7.957452908158302e-06,0.00011606187763391063
Training/meningioma/Tr-me_294.jpg,meningioma,meningioma,True,0.0003878264396917075,0.9995997548103333,2.5449126042076387e-06,9.910259905154817e-06
Training/meningioma/Tr-me_299.jpg,meningioma,meningioma,True,7.591507255710894e-06,0.999991774559021,1.3606824111889182e-08,5.872399810868956e-07
Training/meningioma/Tr-me_300.jpg,meningioma,meningioma,True,7.057777111185715e-05,0.9999233484268188,3.7030961266282247e-06,2.364155079703778e-06
Training/meningioma/Tr-me_315.jpg,meningioma,meningioma,True,0.000376997166313231,0.9981604218482971,2.486185167072108e-06,0.0014601376606151462
Training/meningioma/Tr-me_318.jpg,meningioma,meningioma,True,0.0002912297786679119,0.9997057318687439,8.682445695740171e-07,2.1719727101299213e-06
Training/meningioma/Tr-me_321.jpg,meningioma,meningioma,True,0.0004456756869331002,0.9995361566543579,1.3367841347644571e-05,4.804058789886767e-06
Training/meningioma/Tr-me_325.jpg,meningioma,meningioma,True,1.566349783388432e-05,0.9999761581420898,1.6665644864133355e-07,7.994259249244351e-06
Training/meningioma/Tr-me_327.jpg,meningioma,meningioma,True,7.673899381188676e-05,0.9999111890792847,2.6633260858943686e-06,9.409644007973839e-06
Training/meningioma/Tr-me_343.jpg,meningioma,meningioma,True,1.574502130097244e-05,0.9999793767929077,4.413377610035241e-06,4.951738219460822e-07
Training/meningioma/Tr-me_349.jpg,meningioma,meningioma,True,2.977038820972666e-05,0.9999186992645264,5.061327829025686e-05,9.154205713457486e-07
Training/meningioma/Tr-me_35.jpg,meningioma,meningioma,True,0.13527259230613708,0.8646314740180969,1.005155445454875e-05,8.583856106270105e-05
Training/meningioma/Tr-me_350.jpg,meningioma,glioma,False,0.6198906898498535,0.1752864569425583,0.0018410516204312444,0.20298181474208832
Training/meningioma/Tr-me_369.jpg,meningioma,meningioma,True,4.6287692384794354e-05,0.9999439716339111,7.794261364324484e-06,1.9395399704080774e-06
Training/meningioma/Tr-me_377.jpg,meningioma,meningioma,True,1.0449091860209592e-05,0.9999881982803345,2.074944944752133e-07,1.1486040421004873e-06
Training/meningioma/Tr-me_38.jpg,meningioma,meningioma,True,3.6564467791322386e-06,0.9999955892562866,2.0895080865557247e-07,6.106458272370219e-07
Training/meningioma/Tr-me_389.jpg,meningioma,meningioma,True,1.0857698953259387e-06,0.9999988079071045,9.331652961463988e-08,1.892725798313677e-08
Training/meningioma/Tr-me_391.jpg,meningioma,meningioma,True,9.80414915829897e-06,0.9999898672103882,3.921353908253877e-08,2.8514384098343726e-07
Training/meningioma/Tr-me_394.jpg,meningioma,meningioma,True,3.610845669754781e-05,0.9999604225158691,4.87866714138363e-07,2.993103635162697e-06
Training/meningioma/Tr-me_4.jpg,meningioma,meningioma,True,0.0231435839086771,0.973327100276947,0.00018255593022331595,0.0033468075562268496
Training/meningioma/Tr-me_410.jpg,meningioma,meningioma,True,3.5525304156180937e-06,0.9999954700469971,5.471454187500058e-07,4.3351010958758707e-07
Training/meningioma/Tr-me_413.jpg,meningioma,meningioma,True,0.00012015175889246166,0.999864935874939,1.2819498806493357e-05,2.0592340206349036e-06
Training/meningioma/Tr-me_423.jpg,meningioma,meningioma,True,1.8099299268214963e-05,0.999966025352478,1.5642635844415054e-05,2.0018396185150777e-07
Training/meningioma/Tr-me_429.jpg,meningioma,meningioma,True,7.735797407804057e-05,0.9999083280563354,1.0863350325962529e-05,3.5009597922908142e-06
Training/meningioma/Tr-me_43.jpg,meningioma,meningioma,True,1.4485836800304241e-05,0.999982476234436,3.995586439486942e-08,2.9747238841082435e-06
Training/meningioma/Tr-me_434.jpg,meningioma,meningioma,True,0.0002785283431876451,0.9997172951698303,1.1386530331947142e-06,3.002186076628277e-06
Training/meningioma/Tr-me_449.jpg,meningioma,meningioma,True,1.7191206325151143e-06,0.9999973773956299,2.191864023615153e-09,9.904160833684728e-07
Training/meningioma/Tr-me_45.jpg,meningioma,meningioma,True,0.04485585540533066,0.9550713896751404,6.6190812503919e-05,6.638270406256197e-06
Training/meningioma/Tr-me_455.jpg,meningioma,meningioma,True,0.000518397253472358,0.9993632435798645,4.4533916820910235e-07,0.00011798261402873322
Training/meningioma/Tr-me_478.jpg,meningioma,meningioma,True,0.02993401326239109,0.9696401357650757,0.0004228383186273277,3.0443397918133996e-06
Training/meningioma/Tr-me_483.jpg,meningioma,meningioma,True,1.1556675417523365e-05,0.9999853372573853,1.0403495842581378e-08,3.0549422262993176e-06
Training/meningioma/Tr-me_498.jpg,meningioma,meningioma,True,4.494177846936509e-05,0.9997754693031311,6.319752969830006e-07,0.00017903553089126945
Training/meningioma/Tr-me_500.jpg,meningioma,meningioma,True,2.8545912300614873e-06,0.9999967813491821,2.9478636198732033e-10,3.630707965385227e-07
Training/meningioma/Tr-me_507.jpg,meningioma,meningioma,True,1.6844799688442436e-07,0.9999998807907104,3.82700121592805e-10,1.8475788010619e-08
Training/meningioma/Tr-me_512.jpg,meningioma,meningioma,True,7.126421230907454e-09,1.0,2.2295525425874985e-09,5.571867411902076e-10
Training/meningioma/Tr-me_513.jpg,meningioma,meningioma,True,0.00014452310279011726,0.9997791647911072,5.151019166760307e-08,7.628036837559193e-05
Training/meningioma/Tr-me_520.jpg,meningioma,meningioma,True,0.0014376587932929397,0.9984803795814514,7.38600647309795e-06,7.464882946806028e-05
Training/meningioma/Tr-me_527.jpg,meningioma,meningioma,True,3.8625651654911053e-07,0.9999995231628418,1.4030160144784531e-08,1.1818236345106925e-07
Training/meningioma/Tr-me_529.jpg,meningioma,meningioma,True,2.289924304932356e-05,0.9999651908874512,1.1692536716623181e-08,1.1969617844442837e-05
Training/meningioma/Tr-me_532.jpg,meningioma,meningioma,True,0.0003231022856198251,0.9994333386421204,4.2741535821733123e-07,0.0002430164604447782
Training/meningioma/Tr-me_554.jpg,meningioma,meningioma,True,1.3654372196469922e-05,0.9999814033508301,1.5990485735528637e-07,4.8056713239930104e-06
Training/meningioma/Tr-me_560.jpg,meningioma,meningioma,True,2.778863517960417e-06,0.9999961853027344,6.668222862771245e-09,1.1231875305384165e-06
Training/meningioma/Tr-me_567.jpg,meningioma,meningioma,True,0.002349523361772299,0.9967683553695679,0.0006190845742821693,0.00026303855702281
Training/meningioma/Tr-me_573.jpg,meningioma,meningioma,True,1.8834890624930267e-06,0.9999970197677612,1.00936449598521e-06,1.2703836205218977e-07
Training/meningioma/Tr-me_574.jpg,meningioma,meningioma,True,7.1551266955793835e-06,0.9999920129776001,7.065453928589704e-07,7.492053555324674e-08
Training/meningioma/Tr-me_579.jpg,meningioma,meningioma,True,3.388728941899899e-07,0.9999995231628418,3.943695092711863e-10,8.031210541048495e-08
Training/meningioma/Tr-me_592.jpg,meningioma,meningioma,True,0.0002019955136347562,0.9997883439064026,3.7305323985492578e-06,5.9931080613750964e-06
Training/meningioma/Tr-me_607.jpg,meningioma,meningioma,True,7.688160985708237e-05,0.999809205532074,2.8812434038627543e-07,0.00011371266009518877
Training/meningioma/Tr-me_621.jpg,meningioma,meningioma,True,0.0006896763807162642,0.9967971444129944,0.0024840037804096937,2.9172655558795668e-05
Training/meningioma/Tr-me_623.jpg,meningioma,meningioma,True,0.003611193737015128,0.988335907459259,1.0577304237813223e-05,0.008042308501899242
Training/meningioma/Tr-me_631.jpg,meningioma,meningioma,True,3.7296878872439265e-05,0.9999608993530273,1.4550654725553613e-07,1.6583909427936305e-06
Training/meningioma/Tr-me_636.jpg,meningioma,meningioma,True,1.875624366221018e-05,0.9999778270721436,9.244119247853178e-09,3.496044655548758e-06
Training/meningioma/Tr-me_637.jpg,meningioma,meningioma,True,0.00644970266148448,0.9930434226989746,1.9800979771389393e-06,0.0005048370803706348
Training/meningioma/Tr-me_640.jpg,meningioma,meningioma,True,0.00027027740725316107,0.9997071623802185,7.799143531883601e-06,1.478823833167553e-05
Training/meningioma/Tr-me_643.jpg,meningioma,meningioma,True,2.3574310034746304e-05,0.999972939491272,3.0616021717833064e-07,3.1936476716509787e-06
Training/meningioma/Tr-me_646.jpg,meningioma,meningioma,True,1.4914198800397571e-05,0.9999823570251465,2.670245521585457e-06,3.673380888358224e-08
Training/meningioma/Tr-me_649.jpg,meningioma,meningioma,True,2.599682147774729e-06,0.999996542930603,2.4265787601507327e-08,8.737999905861216e-07
Training/meningioma/Tr-me_65.jpg,meningioma,meningioma,True,1.862148565123789e-06,0.999996542930603,1.4078664456462775e-08,1.545550503578852e-06
Training/meningioma/Tr-me_652.jpg,meningioma,meningioma,True,2.9337987143662758e-05,0.999969482421875,9.870914396969965e-08,1.0424773790873587e-06
Training/meningioma/Tr-me_656.jpg,meningioma,meningioma,True,4.183363671472762e-06,0.9999949932098389,2.8511278671317086e-08,8.504565016664856e-07
Training/meningioma/Tr-me_67.jpg,meningioma,meningioma,True,4.0405957406619564e-05,0.9997844099998474,3.071815513067122e-07,0.00017488790035713464
Training/meningioma/Tr-me_671.jpg,meningioma,meningioma,True,0.000627728586550802,0.9991963505744934,9.790213880478404e-06,0.00016617645451333374
Training/meningioma/Tr-me_672.jpg,meningioma,meningioma,True,0.00030931973014958203,0.9996497631072998,1.4471450413111597e-05,2.643367406562902e-05
Training/meningioma/Tr-me_677.jpg,meningioma,meningioma,True,4.965594143868657e-06,0.9999922513961792,2.8273091174924048e-06,4.949453469293985e-08
Training/meningioma/Tr-me_694.jpg,meningioma,meningioma,True,0.0009658639901317656,0.9989954829216003,3.1090030461200513e-06,3.5438490158412606e-05
Training/meningioma/Tr-me_699.jpg,meningioma,meningioma,True,3.167004251736216e-05,0.9999556541442871,2.1500380853467504e-07,1.2549220627988689e-05
Training/meningioma/Tr-me_703.jpg,meningioma,meningioma,True,2.4275273972307332e-05,0.999972939491272,1.8472594547347398e-06,9.77400077317725e-07
Training/meningioma/Tr-me_705.jpg,meningioma,meningioma,True,6.358644168358296e-05,0.9999279975891113,3.5591625646702596e-07,8.127228284138255e-06
Training/meningioma/Tr-me_707.jpg,meningioma,meningioma,True,2.5771207219804637e-05,0.9999580383300781,1.5659570635762066e-05,4.6106075046736805e-07
Training/meningioma/Tr-me_709.jpg,meningioma,meningioma,True,8.016530046006665e-06,0.9999905824661255,4.5388287617242895e-07,9.747160447659553e-07
Training/meningioma/Tr-me_719.jpg,meningioma,meningioma,True,6.86571147525683e-05,0.9999169111251831,2.8344363727228483e-06,1.1540476407390088e-05
Training/meningioma/Tr-me_73.jpg,meningioma,meningioma,True,2.9597948014270514e-05,0.999966025352478,7.843636353754846e-07,3.543148523021955e-06
Training/meningioma/Tr-me_733.jpg,meningioma,meningioma,True,0.0009178158361464739,0.9989302754402161,0.00014856531925033778,3.3014134714903776e-06
Training/meningioma/Tr-me_742.jpg,meningioma,meningioma,True,0.0557207390666008,0.9410594701766968,0.0027125419583171606,0.0005071935593150556
Training/meningioma/Tr-me_755.jpg,meningioma,meningioma,True,1.8888647900894284e-05,0.9999064207077026,7.408991223201156e-05,5.425948756965226e-07
Training/meningioma/Tr-me_764.jpg,meningioma,glioma,False,0.7104925513267517,0.2893984019756317,9.319499440607615e-06,9.978042362490669e-05
Training/meningioma/Tr-me_765.jpg,meningioma,meningioma,True,6.698455194964481e-07,0.9999992847442627,1.2060374920963568e-09,8.788074268295532e-09
Training/meningioma/Tr-me_772.jpg,meningioma,meningioma,True,0.002138364128768444,0.9970542192459106,0.0007612642366439104,4.616713340510614e-05
Training/meningioma/Tr-me_774.jpg,meningioma,meningioma,True,1.4716477380716242e-05,0.9999840259552002,2.7142526004553247e-09,1.3112900205669575e-06
Training/meningioma/Tr-me_777.jpg,meningioma,meningioma,True,0.00046011130325496197,0.9991599321365356,0.00022942957002669573,0.00015052960952743888
Training/meningioma/Tr-me_78.jpg,meningioma,meningioma,True,8.634339792479295e-06,0.9999867677688599,8.21851742216495e-08,4.520730271906359e-06
Training/meningioma/Tr-me_782.jpg,meningioma,meningioma,True,0.00026528825401328504,0.9997233748435974,1.309950334871246e-07,1.1258003723924048e-05
Training/meningioma/Tr-me_784.jpg,meningioma,meningioma,True,0.0007139479857869446,0.9992210865020752,3.557508171070367e-05,2.9375725716818124e-05
Training/meningioma/Tr-me_788.jpg,meningioma,meningioma,True,0.01380986999720335,0.9841653108596802,0.0009629178093746305,0.0010618438245728612
Training/meningioma/Tr-me_790.jpg,meningioma,meningioma,True,1.939629510161467e-05,0.9999762773513794,4.239589543431066e-06,1.7464115842358297e-07
Training/meningioma/Tr-me_8.jpg,meningioma,meningioma,True,6.647003465332091e-05,0.999933123588562,9.379146348464928e-08,4.1430121200392023e-07
Training/meningioma/Tr-me_809.jpg,meningioma,meningioma,True,0.0013159975642338395,0.9986065030097961,5.213204349274747e-05,2.536183274060022e-05
Training/meningioma/Tr-me_814.jpg,meningioma,meningioma,True,8.491647349728737e-06,0.9999908208847046,3.9643765603614156e-07,1.931257571641254e-07
Training/meningioma/Tr-me_815.jpg,meningioma,meningioma,True,6.490271857728658e-07,0.9999991655349731,1.7051256406830362e-08,8.109493876418128e-08
Training/meningioma/Tr-me_822.jpg,meningioma,meningioma,True,2.4562790713389404e-05,0.9999523162841797,7.387965350602599e-09,2.3110438633011654e-05
Training/meningioma/Tr-me_829.jpg,meningioma,meningioma,True,1.8939952497021295e-05,0.9999780654907227,1.636605850841022e-09,2.962279950224911e-06
Training/meningioma/Tr-me_830.jpg,meningioma,meningioma,True,3.960205049224896e-06,0.9999942779541016,1.5001949682513782e-09,1.8452406038704794e-06
Training/meningioma/Tr-me_848.jpg,meningioma,meningioma,True,1.558003896207083e-05,0.9999828338623047,8.186440823010344e-07,6.882487468828913e-07
Training/meningioma/Tr-me_855.jpg,meningioma,meningioma,True,1.8132644981960766e-05,0.9999803304672241,5.325928142951852e-09,1.5178525245573837e-06
Training/meningioma/Tr-me_866.jpg,meningioma,meningioma,True,0.0003788576868828386,0.9994964599609375,0.00011978238762822002,4.897457529295934e-06
Training/meningioma/Tr-me_893.jpg,meningioma,meningioma,True,0.0007563437684439123,0.9966325163841248,0.00043947974336333573,0.002171662636101246
Training/meningioma/Tr-me_903.jpg,meningioma,meningioma,True,1.2967745533387642e-05,0.9999853372573853,9.662525144449319e-07,6.596268349312595e-07
Training/meningioma/Tr-me_908.jpg,meningioma,meningioma,True,0.0007894538575783372,0.9991507530212402,1.9289770989416866e-06,5.7912551710614935e-05
Training/meningioma/Tr-me_909.jpg,meningioma,meningioma,True,0.00021895187092013657,0.9997759461402893,7.279213605215773e-07,4.385069587442558e-06
Training/meningioma/Tr-me_912.jpg,meningioma,meningioma,True,0.00044092730968259275,0.9988787770271301,2.6545052605797537e-05,0.0006536817527376115
Training/meningioma/Tr-me_917.jpg,meningioma,meningioma,True,0.02694079652428627,0.9727328419685364,0.00021132786059752107,0.0001149769959738478
Training/meningioma/Tr-me_926.jpg,meningioma,meningioma,True,0.00035938300425186753,0.9983419179916382,9.131528349826112e-05,0.0012073671678081155
Training/meningioma/Tr-me_927.jpg,meningioma,meningioma,True,0.00022697211534250528,0.9997461438179016,1.41828820687806e-06,2.546731411712244e-05
Training/meningioma/Tr-me_935.jpg,meningioma,meningioma,True,5.386396878748201e-05,0.9999374151229858,8.931917250265542e-07,7.914980415080208e-06
Training/meningioma/Tr-me_938.jpg,meningioma,meningioma,True,0.00012932124081999063,0.9998576641082764,2.70977557192964e-06,1.0209747415501624e-05
Training/meningioma/Tr-me_955.jpg,meningioma,meningioma,True,6.996371212153463e-06,0.9999915361404419,7.166070048469919e-08,1.403207079420099e-06
Training/meningioma/Tr-me_963.jpg,meningioma,meningioma,True,0.020482080057263374,0.9793071746826172,0.0001413738209521398,6.939480954315513e-05
Training/meningioma/Tr-me_974.jpg,meningioma,meningioma,True,7.063881639624014e-05,0.9999152421951294,2.075692918879213e-06,1.2023133422189858e-05
Training/meningioma/Tr-me_977.jpg,meningioma,meningioma,True,0.0003795520169660449,0.9995235204696655,1.1176017551406403e-06,9.574482828611508e-05
Training/meningioma/Tr-me_98.jpg,meningioma,meningioma,True,0.00104134576395154,0.9989520311355591,1.203961915052787e-06,5.3039889280626085e-06
Training/meningioma/Tr-me_981.jpg,meningioma,meningioma,True,0.0003009206266142428,0.9505032896995544,6.265748379519209e-05,0.04913308098912239
Training/meningioma/Tr-me_984.jpg,meningioma,meningioma,True,0.00039852558984421194,0.741737425327301,7.180804823292419e-05,0.25779226422309875
Training/meningioma/Tr-me_986.jpg,meningioma,meningioma,True,9.892407433653716e-06,0.9999872446060181,2.988704181916546e-07,2.602153244879446e-06
Training/meningioma/Tr-me_990.jpg,meningioma,meningioma,True,9.031130502989981e-06,0.9999884366989136,2.3812917788745835e-06,1.2706527741102036e-07
Training/meningioma/Tr-me_997.jpg,meningioma,meningioma,True,0.0004107315035071224,0.9969974756240845,5.474213367051561e-07,0.0025912888813763857
Training/notumor/Tr-no_1001.jpg,notumor,notumor,True,1.9016092953766384e-12,6.8550361902453005e-06,0.999993085861206,4.893904800450013e-15
Training/notumor/Tr-no_1005.jpg,notumor,notumor,True,6.913097649885458e-08,1.5256487131409813e-05,0.999984622001648,2.197432680262068e-09
Training/notumor/Tr-no_1007.jpg,notumor,notumor,True,0.00013225690054241568,0.008591962046921253,0.5221419930458069,0.46913376450538635
Training/notumor/Tr-no_1014.jpg,notumor,notumor,True,3.0922042704162322e-09,2.128240703314077e-05,0.9999786615371704,9.623220970089719e-11
Training/notumor/Tr-no_1021.jpg,notumor,notumor,True,1.5383005802505068e-06,2.8722541173920035e-05,0.9999696016311646,7.761288856045212e-08
Training/notumor/Tr-no_1024.jpg,notumor,notumor,True,4.3715917286135664e-07,0.0004432981077115983,0.9995562434196472,1.064289811836261e-08
Training/notumor/Tr-no_1028.jpg,notumor,notumor,True,2.563980711772773e-12,0.00019387788779567927,0.9998061060905457,4.940312210970771e-14
Training/notumor/Tr-no_1036.jpg,notumor,notumor,True,4.765795535988104e-10,4.5713758822785167e-07,0.9999995231628418,1.2260650827933262e-10
Training/notumor/Tr-no_1046.jpg,notumor,notumor,True,7.321233715629205e-05,6.954826676519588e-05,0.999855637550354,1.5922869351925328e-06
Training/notumor/Tr-no_1048.jpg,notumor,notumor,True,9.606016959651242e-08,2.043841050181072e-06,0.9999978542327881,1.0751432633071545e-08
Training/notumor/Tr-no_1057.jpg,notumor,notumor,True,7.510550514844283e-11,5.02842158311978e-06,0.9999949932098389,1.1797237665922555e-11
Training/notumor/Tr-no_1065.jpg,notumor,notumor,True,0.00018496748816687614,0.000232842838158831,0.996256947517395,0.003325313562527299
Training/notumor/Tr-no_1069.jpg,notumor,notumor,True,3.0351429377607764e-13,2.5281419766542967e-06,0.9999974966049194,1.9109419043894862e-14
Training/notumor/Tr-no_1072.jpg,notumor,notumor,True,4.3522490500436106e-08,4.451325730769895e-05,0.9999555349349976,1.3889292493907135e-10
Training/notumor/Tr-no_1092.jpg,notumor,notumor,True,4.738598988751619e-07,5.92638534726575e-05,0.9999399185180664,3.072170784435002e-07
Training/notumor/Tr-no_1096.jpg,notumor,notumor,True,0.4778575301170349,0.0043749562464654446,0.5174098014831543,0.0003576955059543252
Training/notumor/Tr-no_1104.jpg,notumor,notumor,True,8.005597296190103e-10,2.633390749906539e-06,0.9999973773956299,1.4824841354510454e-09
Training/notumor/Tr-no_1109.jpg,notumor,notumor,True,2.189110455219634e-05,0.00013342582678887993,0.9998348951339722,9.759487511473708e-06
Training/notumor/Tr-no_1111.jpg,notumor,notumor,True,0.13298946619033813,0.007917642593383789,0.8587457537651062,0.0003471835807431489
Training/notumor/Tr-no_1121.jpg,notumor,notumor,True,6.056860013536891e-10,2.3407210392178968e-05,0.999976634979248,4.60284449443904e-10
Training/notumor/Tr-no_1128.jpg,notumor,notumor,True,3.510977819587424e-07,0.00018112764519173652,0.9998185038566589,6.599904622817121e-09
Training/notumor/Tr-no_1129.jpg,notumor,notumor,True,0.0002698606695048511,0.0009302227990701795,0.9987980127334595,1.9170417999703204e-06
Training/notumor/Tr-no_113.jpg,notumor,notumor,True,1.004930709314067e-06,1.0122225830855314e-06,0.9999978542327881,1.6637993383028515e-07
Training/notumor/Tr-no_1141.jpg,notumor,notumor,True,5.914962457609363e-07,2.4673638563399436e-06,0.9999876022338867,9.321099241788033e-06
Training/notumor/Tr-no_1143.jpg,notumor,notumor,True,5.124113910959238e-10,1.328318739979295e-05,0.9999867677688599,5.136362515867354e-11
Training/notumor/Tr-no_1159.jpg,notumor,notumor,True,9.312641058149308e-15,7.203527729870984e-08,0.9999998807907104,1.2435600064189478e-17
Training/notumor/Tr-no_1173.jpg,notumor,notumor,True,1.5967026589791544e-09,3.649422524176771e-06,0.9999963045120239,2.4639628115608048e-09
Training/notumor/Tr-no_1177.jpg,notumor,notumor,True,3.549271099245743e-08,1.7327116438536905e-05,0.9999827146530151,1.6370107047691818e-08
Training/notumor/Tr-no_1184.jpg,notumor,notumor,True,1.2868675953135993e-14,9.529899358540206e-08,0.9999998807907104,5.730018407753242e-17
Training/notumor/Tr-no_1186.jpg,notumor,notumor,True,2.2473560790103875e-08,4.7504536269116215e-06,0.9999936819076538,1.5382496485472075e-06
Training/notumor/Tr-no_1194.jpg,notumor,notumor,True,0.004460472147911787,0.0008354007150046527,0.994674801826477,2.9362261557253078e-05
Training/notumor/Tr-no_1197.jpg,notumor,notumor,True,0.0001656874519539997,0.09563682973384857,0.9041916131973267,5.864211743755732e-06
Training/notumor/Tr-no_1199.jpg,notumor,notumor,True,8.1604367707655e-10,5.271448117127875e-06,0.9999947547912598,1.5282721269049837e-11
Training/notumor/Tr-no_120.jpg,notumor,notumor,True,6.648156158917118e-08,1.5891422663116828e-05,0.9999840259552002,2.5521638136183356e-09
Training/notumor/Tr-no_1204.jpg,notumor,notumor,True,2.523827333789086e-07,5.8197441830998287e-05,0.9999415874481201,2.5292520078323832e-08
Training/notumor/Tr-no_1205.jpg,notumor,notumor,True,1.2182970294816187e-06,0.00012300240632612258,0.9998756647109985,1.181298685537513e-07
Training/notumor/Tr-no_1218.jpg,notumor,notumor,True,4.872040904047026e-07,2.0864183625235455e-06,0.9999973773956299,4.758723548548005e-08
Training/notumor/Tr-no_1221.jpg,notumor,notumor,True,5.091484213946319e-14,2.2413275928556686e-06,0.9999977350234985,4.165113788044591e-16
Training/notumor/Tr-no_1225.jpg,notumor,notumor,True,4.666357966698342e-09,2.6944774162984686e-06,0.9999972581863403,4.55047610703474e-10
Training/notumor/Tr-no_1229.jpg,notumor,notumor,True,3.658518471638672e-05,2.2045969672035426e-05,0.9999397993087769,1.6025825289034401e-06
Training/notumor/Tr-no_123.jpg,notumor,notumor,True,1.0770322660391685e-05,3.0369081287062727e-05,0.9999587535858154,1.0624467705611096e-07
Training/notumor/Tr-no_1248.jpg,notumor,notumor,True,0.0006386263412423432,0.002011924283578992,0.9973481893539429,1.2830590776502504e-06
Training/notumor/Tr-no_1253.jpg,notumor,notumor,True,0.004460472147911787,0.0008354007150046527,0.994674801826477,2.9362261557253078e-05
Training/notumor/Tr-no_1258.jpg,notumor,notumor,True,5.207335451729023e-09,1.2471341506170575e-05,0.9999874830245972,1.015710959784144e-09
Training/notumor/Tr-no_1267.jpg,notumor,notumor,True,5.259952899905329e-07,0.00047442171489819884,0.9995250701904297,3.28515135095131e-08
Training/notumor/Tr-no_1271.jpg,notumor,notumor,True,3.495023292998667e-08,6.185382062540157e-06,0.9999938011169434,2.760062178808198e-10
Training/notumor/Tr-no_1273.jpg,notumor,notumor,True,3.933797643185244e-07,2.7272306397208013e-05,0.9999723434448242,1.971575791515079e-09
Training/notumor/Tr-no_1278.jpg,notumor,notumor,True,6.521748696641794e-10,6.950865099497605e-06,0.999993085861206,3.1226864843914015e-11
Training/notumor/Tr-no_128.jpg,notumor,notumor,True,4.654625172406668e-06,0.004940674174576998,0.9950547218322754,1.3197122505914649e-08
Training/notumor/Tr-no_131.jpg,notumor,notumor,True,9.051409066707095e-10,4.863425147050293e-06,0.9999951124191284,3.30594857045341e-11
Training/notumor/Tr-no_1312.jpg,notumor,notumor,True,4.3499509047251195e-05,1.91393537534168e-05,0.9999369382858276,3.880288659274811e-07
Training/notumor/Tr-no_1317.jpg,notumor,notumor,True,1.14066951937275e-05,0.00011040928802685812,0.9998773336410522,7.89975842963031e-07
Training/notumor/Tr-no_1324.jpg,notumor,notumor,True,4.476718475088237e-13,8.195494046958629e-06,0.999991774559021,9.871098350603541e-15
Training/notumor/Tr-no_1329.jpg,notumor,notumor,True,0.00012830192281398922,0.00022979246568866074,0.9996329545974731,8.897368388716131e-06
Training/notumor/Tr-no_1331.jpg,notumor,glioma,False,0.9892064332962036,0.0023453733883798122,0.008446868509054184,1.24888993013883e-06
Training/notumor/Tr-no_1334.jpg,notumor,notumor,True,7.2651450864213984e-06,9.85532005870482e-06,0.9999828338623047,3.5208518767149144e-08
Training/notumor/Tr-no_1335.jpg,notumor,notumor,True,0.00011112940410384908,1.2380208318063524e-05,0.9998762607574463,2.8798598350476823e-07
Training/notumor/Tr-no_1337.jpg,notumor,notumor,True,7.494789677764402e-09,9.65690105658723e-07,0.9999990463256836,2.6740487157894677e-08
Training/notumor/Tr-no_1345.jpg,notumor,notumor,True,4.183410510449903e-06,2.0532659618766047e-05,0.9999728202819824,2.515300366212614e-06
Training/notumor/Tr-no_135.jpg,notumor,notumor,True,0.00015214289305731654,4.5354143367148936e-05,0.9997978806495667,4.5515698730014265e-06
Training/notumor/Tr-no_1351.jpg,notumor,notumor,True,0.00032482517417520285,0.0007883032667450607,0.9988850951194763,1.7183159570777207e-06
Training/notumor/Tr-no_1354.jpg,notumor,notumor,True,0.10190985351800919,0.0414874367415905,0.8565753102302551,2.7405791115597822e-05
Training/notumor/Tr-no_1357.jpg,notumor,notumor,True,6.655439506175753e-07,2.160405074391747e-06,0.9999970197677612,9.606192463706975e-08
Training/notumor/Tr-no_1358.jpg,notumor,notumor,True,5.255553858773965e-08,1.98788293346297e-05,0.999980092048645,1.6224001697651147e-08
Training/notumor/Tr-no_137.jpg,notumor,notumor,True,8.186162449419498e-05,0.0001168567905551754,0.9998000264167786,1.2928343267049058e-06
Training/notumor/Tr-no_1380.jpg,notumor,notumor,True,2.189110455219634e-05,0.00013342582678887993,0.9998348951339722,9.759487511473708e-06
Training/notumor/Tr-no_1386.jpg,notumor,notumor,True,2.582200124834344e-07,1.8071865270030685e-05,0.9999816417694092,4.518019736110546e-09
Training/notumor/Tr-no_1395.jpg,notumor,notumor,True,3.130329332634574e-06,7.02251691109268e-06,0.9999898672103882,2.237056762055545e-09
Training/notumor/Tr-no_140.jpg,notumor,notumor,True,2.553701779106632e-05,9.201926150126383e-05,0.9998605251312256,2.191625208070036e-05
Training/notumor/Tr-no_150.jpg,notumor,notumor,True,7.13720583007671e-05,7.694737723795697e-05,0.9998488426208496,2.8379026844049804e-06
Training/notumor/Tr-no_152.jpg,notumor,notumor,True,1.1445602012827294e-06,1.098612187888648e-06,0.9999974966049194,1.7749090375218657e-07
Training/notumor/Tr-no_162.jpg,notumor,notumor,True,4.078201598645137e-08,1.952867751242593e-05,0.9999804496765137,1.2319642195279812e-08
Training/notumor/Tr-no_17.jpg,notumor,notumor,True,3.130329332634574e-06,7.02251691109268e-06,0.9999898672103882,2.237056762055545e-09
Training/notumor/Tr-no_173.jpg,notumor,notumor,True,0.0022914859000593424,0.003937826957553625,0.9591304063796997,0.034640416502952576
Training/notumor/Tr-no_180.jpg,notumor,notumor,True,1.0577191460470203e-06,0.005256925243884325,0.9947419166564941,1.6202831076839175e-08
Training/notumor/Tr-no_181.jpg,notumor,notumor,True,1.350682737211173e-06,0.0004398748860694468,0.9995583891868591,3.7859180679333804e-07
Training/notumor/Tr-no_198.jpg,notumor,notumor,True,5.6919390090115485e-08,6.916770871612243e-07,0.9999992847442627,3.2771305669143658e-09
Training/notumor/Tr-no_20.jpg,notumor,notumor,True,0.025377603247761726,0.0006019686697982252,0.974015474319458,4.964023446518695e-06
Training/notumor/Tr-no_207.jpg,notumor,notumor,True,2.287922740151771e-08,9.24156393011799e-06,0.999990701675415,2.371145467472413e-11
Training/notumor/Tr-no_208.jpg,notumor,notumor,True,2.4690791178727522e-05,0.0009978589368984103,0.9989773035049438,1.8169195925565873e-07
Training/notumor/Tr-no_214.jpg,notumor,notumor,True,6.626356707783998e-08,2.3407050321111456e-05,0.9999765157699585,1.036343344473778e-09
Training/notumor/Tr-no_218.jpg,notumor,notumor,True,1.9016935766558163e-05,0.0009366112062707543,0.9990443587303162,4.085572324896702e-09
Training/notumor/Tr-no_227.jpg,notumor,notumor,True,1.276858370147238e-06,5.885623295398545e-07,0.9999980926513672,3.162784523169648e-08
Training/notumor/Tr-no_235.jpg,notumor,notumor,True,7.2651450864213984e-06,9.85532005870482e-06,0.9999828338623047,3.5208518767149144e-08
Training/notumor/Tr-no_242.jpg,notumor,notumor,True,9.633131980990584e-08,1.1751299098250456e-05,0.9999880790710449,2.7155644843901428e-08
Training/notumor/Tr-no_248.jpg,notumor,notumor,True,0.0011767800897359848,0.00012909089855384082,0.9986870884895325,7.016023573669372e-06
Training/notumor/Tr-no_274.jpg,notumor,notumor,True,0.00012652587611228228,0.0005322624929249287,0.9993370175361633,4.229140813549748e-06
Training/notumor/Tr-no_28.jpg,notumor,meningioma,False,0.2088557630777359,0.7892505526542664,0.0010270483326166868,0.0008666538633406162
Training/notumor/Tr-no_285.jpg,notumor,notumor,True,1.2959074924268066e-09,2.3553261598863173e-06,0.999997615814209,7.332163522166812e-12
Training/notumor/Tr-no_291.jpg,notumor,notumor,True,5.1027029257966205e-05,0.00033645564690232277,0.9996117949485779,7.204540679595084e-07
Training/notumor/Tr-no_294.jpg,notumor,notumor,True,1.022536025629961e-06,3.095675992881297e-06,0.9999958276748657,1.0731170618782926e-08
Training/notumor/Tr-no_295.jpg,notumor,notumor,True,6.338772072922438e-05,0.005883442237973213,0.9940432906150818,9.858575140242465e-06
Training/notumor/Tr-no_298.jpg,notumor,notumor,True,0.00020610699721146375,3.085250500589609e-05,0.9997594952583313,3.6314825138106244e-06
Training/notumor/Tr-no_299.jpg,notumor,notumor,True,9.332690638075292e-07,7.32947501091985e-06,0.9999911785125732,5.728883252231753e-07
Training/notumor/Tr-no_3.jpg,notumor,notumor,True,0.03176608681678772,0.022621335461735725,0.9442645311355591,0.00134800944942981
Training/notumor/Tr-no_300.jpg,notumor,notumor,True,3.513039700919762e-05,0.00019919300393667072,0.999764621257782,1.0320130741092726e-06
Training/notumor/Tr-no_302.jpg,notumor,notumor,True,3.813274584985038e-09,4.5258931891112297e-07,0.9999995231628418,1.14011425300653e-10
Training/notumor/Tr-no_305.jpg,notumor,notumor,True,0.0002871717151720077,0.00014122009451966733,0.9995429515838623,2.8693068088614382e-05
Training/notumor/Tr-no_307.jpg,notumor,notumor,True,0.25299888849258423,0.01102569978684187,0.733502209186554,0.002473150147125125
Training/notumor/Tr-no_309.jpg,notumor,notumor,True,2.5233509859390324e-06,3.6488320347416447e-06,0.9999936819076538,1.2608251154233585e-07
Training/notumor/Tr-no_31.jpg,notumor,notumor,True,0.06150637939572334,0.05780293047428131,0.880687952041626,2.824275952661992e-06
Training/notumor/Tr-no_316.jpg,notumor,notumor,True,9.775892095831296e-09,6.144238795968704e-06,0.9999938011169434,1.1710302061374023e-08
Training/notumor/Tr-no_324.jpg,notumor,notumor,True,9.337235429285329e-10,8.848853212839458e-06,0.9999911785125732,3.3457303594275345e-10
Training/notumor/Tr-no_336.jpg,notumor,notumor,True,0.0362103134393692,0.003326946636661887,0.960240364074707,0.00022238280507735908
Training/notumor/Tr-no_344.jpg,notumor,notumor,True,0.0038167464081197977,0.0027684643864631653,0.8819366097450256,0.11147818714380264
Training/notumor/Tr-no_349.jpg,notumor,notumor,True,7.43438761219295e-07,1.8661446574697038e-06,0.9999972581863403,2.0560240443501243e-07
Training/notumor/Tr-no_350.jpg,notumor,notumor,True,2.1410389466122032e-13,1.2795494512829464e-06,0.9999986886978149,5.9687629289778815e-15
Training/notumor/Tr-no_358.jpg,notumor,notumor,True,7.05723646188261e-10,9.038450912157714e-07,0.9999990463256836,1.610583472144711e-10
Training/notumor/Tr-no_366.jpg,notumor,notumor,True,5.441873514311357e-12,5.06538754052599e-07,0.9999995231628418,9.720422031308726e-14
Training/notumor/Tr-no_372.jpg,notumor,notumor,True,7.561737584182993e-05,0.0006156752351671457,0.9993020296096802,6.606837814615574e-06
Training/notumor/Tr-no_376.jpg,notumor,notumor,True,0.3223567306995392,0.03146612271666527,0.6450178623199463,0.0011593153467401862
Training/notumor/Tr-no_38.jpg,notumor,notumor,True,2.7263189483761607e-09,3.197719479430816e-06,0.9999967813491821,1.4883735355297745e-09
Training/notumor/Tr-no_380.jpg,notumor,notumor,True,5.259952899905329e-07,0.00047442171489819884,0.9995250701904297,3.28515135095131e-08
Training/notumor/Tr-no_381.jpg,notumor,notumor,True,1.9769952341874841e-10,2.7988755846308777e-07,0.9999997615814209,3.2387250433613124e-12
Training/notumor/Tr-no_387.jpg,notumor,notumor,True,5.259952899905329e-07,0.00047442171489819884,0.9995250701904297,3.28515135095131e-08
Training/notumor/Tr-no_392.jpg,notumor,notumor,True,0.0027405733708292246,0.00040238970541395247,0.9968454241752625,1.1575198186619673e-05
Training/notumor/Tr-no_398.jpg,notumor,notumor,True,1.8021516501320889e-09,3.381863962204079e-06,0.9999966621398926,3.649174365460972e-11
Training/notumor/Tr-no_40.jpg,notumor,notumor,True,0.00010690977796912193,0.00016716381651349366,0.9997251629829407,6.98192138770537e-07
Training/notumor/Tr-no_408.jpg,notumor,notumor,True,1.9330644136061892e-05,0.0005088375182822347,0.9994717240333557,2.074375657912242e-07
Training/notumor/Tr-no_418.jpg,notumor,notumor,True,1.347040779364761e-05,0.0008251703693531454,0.9991612434387207,1.8525945222336304e-07
Training/notumor/Tr-no_429.jpg,notumor,notumor,True,1.8273776447585988e-07,0.0001501659135101363,0.9998495578765869,1.3761610517804002e-08
Training/notumor/Tr-no_434.jpg,notumor,notumor,True,1.4905213729932143e-09,6.886461051180959e-06,0.999993085861206,4.7274098698146805e-12
Training/notumor/Tr-no_436.jpg,notumor,notumor,True,8.428892073197858e-08,1.9590324882301502e-05,0.9999803304672241,6.327697255059661e-10
Training/notumor/Tr-no_439.jpg,notumor,notumor,True,6.255510243136087e-07,2.4740315893723164e-06,0.9999969005584717,4.2742257733152655e-08
Training/notumor/Tr-no_442.jpg,notumor,notumor,True,1.5560244719381444e-06,2.0828392734983936e-05,0.9999775886535645,4.099017125724913e-09
Training/notumor/Tr-no_444.jpg,notumor,notumor,True,0.00024820162798278034,0.00011425340198911726,0.9996352195739746,2.302949269505916e-06
Training/notumor/Tr-no_449.jpg,notumor,notumor,True,1.3413931583272642e-06,1.2809414329240099e-05,0.9999858140945435,1.4787315372188914e-08
Training/notumor/Tr-no_451.jpg,notumor,notumor,True,1.2894872725155437e-06,3.3108688512584195e-05,0.999964714050293,9.156478313343541e-07
Training/notumor/Tr-no_454.jpg,notumor,notumor,True,7.321233715629205e-05,6.954826676519588e-05,0.999855637550354,1.5922869351925328e-06
Training/notumor/Tr-no_471.jpg,notumor,notumor,True,2.2916267425898695e-06,9.753184713190421e-06,0.9999879598617554,4.772565453947664e-09
Training/notumor/Tr-no_495.jpg,notumor,notumor,True,1.496208597018267e-07,8.259567607638019e-07,0.9999990463256836,1.5174632661540954e-09
Training/notumor/Tr-no_503.jpg,notumor,notumor,True,1.5383005802505068e-06,2.8722541173920035e-05,0.9999696016311646,7.761288856045212e-08
Training/notumor/Tr-no_505.jpg,notumor,notumor,True,2.4895905426092213e-07,0.0004773902765009552,0.99952232837677,9.865709671430523e-08
Training/notumor/Tr-no_507.jpg,notumor,notumor,True,9.534105629427359e-06,9.327799489255995e-06,0.9999785423278809,2.537713044148404e-06
Training/notumor/Tr-no_509.jpg,notumor,notumor,True,4.798739183797807e-09,1.6291293150061392e-06,0.9999983310699463,5.858221130417007e-10
Training/notumor/Tr-no_518.jpg,notumor,notumor,True,1.1097927199443802e-07,2.4495343495800626e-06,0.9999973773956299,4.1386002180843207e-08
Training/notumor/Tr-no_520.jpg,notumor,notumor,True,8.406370398006402e-06,0.00010566182754701003,0.9998787641525269,7.08729749021586e-06
Training/notumor/Tr-no_524.jpg,notumor,notumor,True,1.0840156392077915e-05,8.935721416492015e-05,0.9998996257781982,1.3076571292458539e-07
Training/notumor/Tr-no_525.jpg,notumor,notumor,True,5.026387043471914e-06,0.006722872611135244,0.9932721257209778,1.0183799048490982e-07
Training/notumor/Tr-no_527.jpg,notumor,notumor,True,3.60875981875175e-11,5.463927664095536e-05,0.9999454021453857,1.023198791861614e-13
Training/notumor/Tr-no_545.jpg,notumor,notumor,True,7.112728053471074e-05,3.015593028976582e-05,0.9998952150344849,3.4635306747077266e-06
Training/notumor/Tr-no_557.jpg,notumor,notumor,True,3.3966455248446437e-07,1.4463074649029295e-06,0.9999982118606567,2.94647666265746e-08
Training/notumor/Tr-no_562.jpg,notumor,notumor,True,0.00016624772979412228,0.00022058593458496034,0.9996001124382019,1.303960925724823e-05
Training/notumor/Tr-no_566.jpg,notumor,notumor,True,0.0035756516736000776,0.0004592699115164578,0.9959512948989868,1.376857289869804e-05
Training/notumor/Tr-no_570.jpg,notumor,notumor,True,1.2366566659594014e-09,9.13326130103087e-06,0.9999908208847046,5.210797904275921e-10
Training/notumor/Tr-no_581.jpg,notumor,notumor,True,0.00010690977796912193,0.00016716381651349366,0.9997251629829407,6.98192138770537e-07
Training/notumor/Tr-no_584.jpg,notumor,notumor,True,5.366594321709606e-12,4.852648999076337e-06,0.9999951124191284,1.3656782681722296e-13
Training/notumor/Tr-no_589.jpg,notumor,notumor,True,3.641894841255322e-10,1.7923754285220639e-06,0.9999982118606567,2.8022173123587457e-11
Training/notumor/Tr-no_59.jpg,notumor,notumor,True,0.00814858078956604,0.003967564553022385,0.9873314499855042,0.0005524282460100949
Training/notumor/Tr-no_590.jpg,notumor,notumor,True,7.3340483686124e-10,1.956586856977083e-06,0.9999980926513672,4.086051375723487e-12
Training/notumor/Tr-no_593.jpg,notumor,notumor,True,0.006610217038542032,0.0014488925226032734,0.9917974472045898,0.00014349502453114837
Training/notumor/Tr-no_6.jpg,notumor,notumor,True,2.6836133315555344e-07,0.00014036732318345457,0.9998592138290405,1.5982983825324482e-07
Training/notumor/Tr-no_601.jpg,notumor,notumor,True,4.970697464745655e-12,3.3282940421486273e-05,0.9999667406082153,4.0473080751635485e-14
Training/notumor/Tr-no_617.jpg,notumor,notumor,True,1.0840156392077915e-05,8.935721416492015e-05,0.9998996257781982,1.3076571292458539e-07
Training/notumor/Tr-no_639.jpg,notumor,notumor,True,1.2182970294816187e-06,0.00012300240632612258,0.9998756647109985,1.181298685537513e-07
Training/notumor/Tr-no_656.jpg,notumor,notumor,True,3.557807173870664e-11,1.507131673861295e-05,0.9999849796295166,1.3599906791006422e-12
Training/notumor/Tr-no_671.jpg,notumor,notumor,True,1.5659616658947328e-10,2.7598883889368153e-07,0.9999997615814209,2.3940560905238994e-12
Training/notumor/Tr-no_691.jpg,notumor,notumor,True,1.1504208696777596e-10,7.626338629052043e-05,0.9999237060546875,1.5930989166745846e-11
Training/notumor/Tr-no_695.jpg,notumor,notumor,True,1.6146418924112282e-10,7.6258556873654015e-06,0.9999923706054688,5.5028100132137325e-12
Training/notumor/Tr-no_697.jpg,notumor,notumor,True,1.4712014939632923e-09,7.3163423621736e-06,0.9999927282333374,8.66185109749118e-11
Training/notumor/Tr-no_710.jpg,notumor,notumor,True,2.6762771554444953e-08,1.2933161997352727e-05,0.9999871253967285,1.841200109042873e-10
Training/notumor/Tr-no_711.jpg,notumor,notumor,True,1.0955496954068167e-08,2.3713575956207933e-06,0.9999974966049194,8.800962092436748e-08
Training/notumor/Tr-no_712.jpg,notumor,notumor,True,0.000546841009054333,0.00024659367045387626,0.9992002844810486,6.295289495028555e-06
Training/notumor/Tr-no_726.jpg,notumor,notumor,True,5.691797402319898e-13,1.1558539881662e-05,0.9999884366989136,2.0077491305245908e-14
Training/notumor/Tr-no_732.jpg,notumor,notumor,True,1.2237097735123825e-07,0.0001937893539434299,0.9998061060905457,4.050134894129087e-09
Training/notumor/Tr-no_737.jpg,notumor,notumor,True,9.074292029254138e-05,0.0006926461937837303,0.9992160797119141,4.4580517055692326e-07
Training/notumor/Tr-no_741.jpg,notumor,notumor,True,4.823305874845788e-15,9.135024470197095e-08,0.9999998807907104,2.4251044625174475e-17
Training/notumor/Tr-no_746.jpg,notumor,notumor,True,4.436487566206182e-10,1.3522764675144572e-05,0.9999865293502808,7.589366635141204e-12
Training/notumor/Tr-no_747.jpg,notumor,notumor,True,0.03176608681678772,0.022621335461735725,0.9442645311355591,0.00134800944942981
Training/notumor/Tr-no_758.jpg,notumor,notumor,True,1.039531434798846e-05,1.0139739970327355e-05,0.9999771118164062,2.3512316147389356e-06
Training/notumor/Tr-no_769.jpg,notumor,notumor,True,1.8007132496222766e-07,9.594095899956301e-05,0.9999037981033325,6.494609294804832e-08
Training/notumor/Tr-no_77.jpg,notumor,glioma,False,0.4840955436229706,0.045127324759960175,0.4673534035682678,0.0034236672800034285
Training/notumor/Tr-no_779.jpg,notumor,notumor,True,7.43438761219295e-07,1.8661446574697038e-06,0.9999972581863403,2.0560240443501243e-07
Training/notumor/Tr-no_782.jpg,notumor,notumor,True,0.0008753876900300384,0.0054365601390600204,0.9621936082839966,0.031494371592998505
Training/notumor/Tr-no_79.jpg,notumor,notumor,True,8.978357072919607e-05,0.001781401690095663,0.9980154037475586,0.00011329991684760898
Training/notumor/Tr-no_792.jpg,notumor,notumor,True,5.10600416114837e-11,5.705043804482557e-05,0.9999428987503052,1.940578096435927e-13
Training/notumor/Tr-no_803.jpg,notumor,notumor,True,7.445784149240353e-07,2.7639458494377322e-05,0.9999716281890869,5.657772561562524e-08
Training/notumor/Tr-no_823.jpg,notumor,notumor,True,1.9205415924261615e-07,1.5977188013494015e-05,0.9999837875366211,2.185188696657292e-09
Training/notumor/Tr-no_824.jpg,notumor,notumor,True,3.762136839213781e-05,0.00042926412425003946,0.9995303153991699,2.779890564852394e-06
Training/notumor/Tr-no_830.jpg,notumor,notumor,True,2.0424215652070643e-09,1.1021702448488213e-06,0.999998927116394,6.462728963096964e-11
Training/notumor/Tr-no_836.jpg,notumor,notumor,True,7.139086630886249e-12,5.027899874221475e-07,0.9999995231628418,1.9734013685310248e-13
Training/notumor/Tr-no_84.jpg,notumor,notumor,True,5.156522320248769e-07,7.39306487957947e-05,0.9999251365661621,3.9144853758443787e-07
Training/notumor/Tr-no_844.jpg,notumor,notumor,True,3.504899495965219e-06,1.2545377103378996e-05,0.9999840259552002,5.043083284306249e-09
Training/notumor/Tr-no_848.jpg,notumor,notumor,True,3.196375608638391e-09,3.289727828814648e-06,0.9999966621398926,4.4623402195576034e-10
Training/notumor/Tr-no_850.jpg,notumor,notumor,True,2.575109419922228e-06,3.460692096268758e-05,0.9999626874923706,5.5953925937046733e-08
Training/notumor/Tr-no_853.jpg,notumor,notumor,True,2.5503846146079923e-08,4.3945574361714534e-06,0.9999955892562866,1.9263286077375597e-08
Training/notumor/Tr-no_87.jpg,notumor,notumor,True,1.8621952335706737e-07,0.00012801277625840157,0.9998714923858643,1.8863362072352174e-07
Training/notumor/Tr-no_871.jpg,notumor,notumor,True,0.01618669368326664,0.001149478368461132,0.9825725555419922,9.132520790444687e-05
Training/notumor/Tr-no_872.jpg,notumor,notumor,True,8.694341886439361e-07,2.3787037207512185e-05,0.999975323677063,2.7986095663123933e-09
Training/notumor/Tr-no_884.jpg,notumor,notumor,True,3.4924296787863796e-10,1.934527972480282e-06,0.9999980926513672,1.074621121255337e-11
Training/notumor/Tr-no_891.jpg,notumor,notumor,True,5.736460351873918e-12,6.527897653541004e-07,0.9999994039535522,4.0989732224758213e-13
Training/notumor/Tr-no_895.jpg,notumor,notumor,True,0.0003365198499523103,0.006643293891102076,0.9927834272384644,0.00023686388158239424
Training/notumor/Tr-no_896.jpg,notumor,notumor,True,1.5613883874721068e-07,1.3942234318164992e-06,0.9999984502792358,8.347624458338032e-08
Training/notumor/Tr-no_90.jpg,notumor,notumor,True,8.879031156538986e-06,0.00020734449208248407,0.999777615070343,6.218985163286561e-06
Training/notumor/Tr-no_900.jpg,notumor,notumor,True,5.948569651081925e-06,1.208865887747379e-05,0.9999812841415405,7.21927676750056e-07
Training/notumor/Tr-no_907.jpg,notumor,notumor,True,1.4384552571300446e-07,1.0026830750575755e-05,0.9999897480010986,1.4024921313193772e-07
Training/notumor/Tr-no_913.jpg,notumor,notumor,True,0.025241494178771973,0.017269466072320938,0.9561065435409546,0.0013824461493641138
Training/notumor/Tr-no_919.jpg,notumor,notumor,True,0.0636894479393959,0.05713018774986267,0.8791773915290833,3.0324629278766224e-06
Training/notumor/Tr-no_92.jpg,notumor,notumor,True,1.1097927199443802e-07,2.4495343495800626e-06,0.9999973773956299,4.1386002180843207e-08
Training/notumor/Tr-no_933.jpg,notumor,notumor,True,0.00030562965548597276,0.0004267327021807432,0.9985128045082092,0.0007548365974798799
Training/notumor/Tr-no_934.jpg,notumor,notumor,True,4.588350321910184e-08,6.369989932863973e-06,0.9999936819076538,2.8384370409639814e-09
Training/notumor/Tr-no_942.jpg,notumor,notumor,True,5.108536857423296e-11,1.6742153547966154e-06,0.9999983310699463,4.162742199553815e-12
Training/notumor/Tr-no_95.jpg,notumor,notumor,True,1.4517720046569593e-05,7.40627947379835e-05,0.9999113082885742,4.3046199493801396e-08
Training/notumor/Tr-no_952.jpg,notumor,notumor,True,1.3556324118813023e-10,5.361592911867774e-07,0.9999995231628418,3.45691010539273e-11
Training/notumor/Tr-no_969.jpg,notumor,notumor,True,0.00030562965548597276,0.0004267327021807432,0.9985128045082092,0.0007548365974798799
Training/notumor/Tr-no_97.jpg,notumor,notumor,True,9.787095578417393e-10,9.482437235419638e-07,0.9999990463256836,2.6216501192166675e-10
Training/notumor/Tr-no_971.jpg,notumor,notumor,True,4.111294765607454e-05,2.223892261099536e-05,0.999935507774353,1.1815841389761772e-06
Training/notumor/Tr-no_974.jpg,notumor,notumor,True,2.01776146013799e-07,7.166098839661572e-06,0.9999926090240479,3.6940118519623866e-08
Training/notumor/Tr-no_976.jpg,notumor,notumor,True,4.169925835157502e-15,9.00441818885156e-08,0.9999998807907104,2.0372565132119514e-17
Training/notumor/Tr-no_977.jpg,notumor,notumor,True,3.616105095716193e-05,1.2735883501591161e-05,0.9999490976333618,2.0025802314194152e-06
Training/notumor/Tr-no_99.jpg,notumor,notumor,True,1.4350658830153407e-06,2.127924062733655e-06,0.9999963045120239,1.3200018145198555e-07
Training/notumor/Tr-no_997.jpg,notumor,notumor,True,1.0001673217630014e-05,6.011463483446278e-05,0.9999200105667114,9.857632903731428e-06
Training/pituitary/Tr-pi_100.jpg,pituitary,pituitary,True,8.266914846899454e-06,0.0019864311907440424,0.0032710321247577667,0.9947342872619629
Training/pituitary/Tr-pi_1001.jpg,pituitary,pituitary,True,2.758490325049934e-07,2.1044490495114587e-05,5.005817627079523e-08,0.9999785423278809
Training/pituitary/Tr-pi_1004.jpg,pituitary,pituitary,True,1.221226625602867e-06,7.074826953612501e-06,1.4917621626864275e-07,0.9999916553497314
Training/pituitary/Tr-pi_1006.jpg,pituitary,pituitary,True,7.25013569535804e-06,0.0005050949403084815,1.2023530189253506e-06,0.9994864463806152
Training/pituitary/Tr-pi_1012.jpg,pituitary,pituitary,True,0.0001431518467143178,0.0004323248576838523,3.1028339435579255e-05,0.9993934631347656
Training/pituitary/Tr-pi_1016.jpg,pituitary,pituitary,True,0.000206627810257487,0.0003911105159204453,3.802756327786483e-05,0.9993641972541809
Training/pituitary/Tr-pi_102.jpg,pituitary,pituitary,True,3.3831533073680475e-05,5.383491952670738e-05,2.304949248355115e-06,0.9999099969863892
Training/pituitary/Tr-pi_1020.jpg,pituitary,pituitary,True,1.1423301202739822e-06,0.00026683180476538837,1.5695225101808319e-06,0.9997304081916809
Training/pituitary/Tr-pi_1027.jpg,pituitary,pituitary,True,1.429770293270849e-07,7.113240371836582e-06,1.9846987697746954e-07,0.9999924898147583
Training/pituitary/Tr-pi_1039.jpg,pituitary,pituitary,True,0.00029815902234986424,0.13302582502365112,0.00013891108392272145,0.8665371537208557
Training/pituitary/Tr-pi_1042.jpg,pituitary,pituitary,True,3.2019041100284085e-05,0.0006033978424966335,0.00015434178931172937,0.9992101192474365
Training/pituitary/Tr-pi_105.jpg,pituitary,pituitary,True,1.046971931373264e-07,4.984251063433476e-05,4.7310230399943975e-08,0.9999500513076782
Training/pituitary/Tr-pi_1054.jpg,pituitary,pituitary,True,6.085313088988187e-06,2.4494620447512716e-05,1.167692244052887e-05,0.999957799911499
Training/pituitary/Tr-pi_1064.jpg,pituitary,pituitary,True,1.0043063980447187e-07,4.087153683940414e-06,4.5050320807149546e-08,0.9999958276748657
Training/pituitary/Tr-pi_1065.jpg,pituitary,pituitary,True,0.0009021015139296651,0.014062066562473774,1.239068205904914e-05,0.9850233793258667
Training/pituitary/Tr-pi_1066.jpg,pituitary,pituitary,True,3.1448669801648066e-07,2.6032288587884977e-05,1.557914508509839e-08,0.9999736547470093
Training/pituitary/Tr-pi_1069.jpg,pituitary,pituitary,True,2.8131038561696187e-05,0.0006210850551724434,3.1600914098817157e-06,0.9993476271629333
Training/pituitary/Tr-pi_1077.jpg,pituitary,pituitary,True,4.857296517002396e-06,8.393645111937076e-05,1.6054941909260378e-07,0.9999110698699951
Training/pituitary/Tr-pi_1080.jpg,pituitary,pituitary,True,1.2639232409128454e-05,0.0006842603324912488,1.189486397379369e-06,0.9993019104003906
Training/pituitary/Tr-pi_1085.jpg,pituitary,pituitary,True,0.0004802750772796571,0.0022224485874176025,8.976318349596113e-05,0.9972075819969177
Training/pituitary/Tr-pi_1090.jpg,pituitary,pituitary,True,1.4119700608716812e-06,6.833678344264627e-05,6.300302288764215e-07,0.999929666519165
Training/pituitary/Tr-pi_1093.jpg,pituitary,pituitary,True,0.003834892064332962,0.00025082490174099803,3.627272235462442e-05,0.9958779811859131
Training/pituitary/Tr-pi_1095.jpg,pituitary,pituitary,True,9.968339145416394e-05,5.510712799150497e-05,2.83551707980223e-05,0.9998169541358948
Training/pituitary/Tr-pi_1103.jpg,pituitary,pituitary,True,0.00026723567862063646,0.0001320206793025136,4.668694145948393e-06,0.9995960593223572
Training/pituitary/Tr-pi_111.jpg,pituitary,pituitary,True,6.799424591008574e-05,0.00714171351864934,5.549800789594883e-06,0.992784857749939
Training/pituitary/Tr-pi_1116.jpg,pituitary,pituitary,True,0.00014277870650403202,0.000823102134745568,6.092105877542053e-07,0.9990335702896118
Training/pituitary/Tr-pi_1128.jpg,pituitary,pituitary,True,0.00038013141602277756,0.005029309540987015,1.1472533515188843e-05,0.9945790767669678
Training/pituitary/Tr-pi_1130.jpg,pituitary,pituitary,True,1.3666266568179708e-05,1.9717239410965703e-05,1.5109191053852555e-06,0.9999651908874512
Training/pituitary/Tr-pi_1139.jpg,pituitary,pituitary,True,4.389657533465652e-06,4.182973862043582e-05,2.857058461813722e-06,0.9999508857727051
Training/pituitary/Tr-pi_1141.jpg,pituitary,pituitary,True,0.0005744235240854323,0.0005771734868176281,6.51545196888037e-05,0.9987831711769104
Training/pituitary/Tr-pi_1148.jpg,pituitary,pituitary,True,1.4169477253744844e-05,0.0006655078032054007,3.808304427366238e-07,0.9993200302124023
Training/pituitary/Tr-pi_115.jpg,pituitary,pituitary,True,8.61788951311837e-09,1.777311808837112e-07,1.9309782661736108e-09,0.9999998807907104
Training/pituitary/Tr-pi_1151.jpg,pituitary,pituitary,True,0.0007245541783049703,0.00033726482070051134,5.535124273592373e-06,0.9989326596260071
Training/pituitary/Tr-pi_1166.jpg,pituitary,pituitary,True,3.2964333058771444e-06,2.366150147281587e-05,1.0576295750297504e-07,0.999972939491272
Training/pituitary/Tr-pi_117.jpg,pituitary,pituitary,True,9.953779226634651e-06,3.682587339426391e-05,1.1437410876169452e-06,0.9999520778656006
Training/pituitary/Tr-pi_1179.jpg,pituitary,pituitary,True,0.0002477838424965739,0.0022330288775265217,0.0004047273250762373,0.9971144199371338
Training/pituitary/Tr-pi_1190.jpg,pituitary,pituitary,True,4.3583854676398914e-06,2.227781806141138e-05,3.2245688430521113e-07,0.9999730587005615
Training/pituitary/Tr-pi_1192.jpg,pituitary,pituitary,True,1.2407581628792741e-08,1.6826560056415474e-07,5.517013512701396e-10,0.9999998807907104
Training/pituitary/Tr-pi_1199.jpg,pituitary,pituitary,True,1.2472115486161783e-05,0.0005795478937216103,3.007342684213654e-06,0.999405026435852
Training/pituitary/Tr-pi_1204.jpg,pituitary,pituitary,True,5.299419854054577e-07,9.264608524972573e-05,5.969101124492227e-08,0.9999067783355713
Training/pituitary/Tr-pi_1228.jpg,pituitary,pituitary,True,0.00014342309441417456,0.02507229708135128,1.4134515140540316e-06,0.9747828841209412
Training/pituitary/Tr-pi_1238.jpg,pituitary,pituitary,True,6.911795026098844e-06,0.00016497688193339854,1.5476623502763687e-06,0.9998266100883484
Training/pituitary/Tr-pi_1240.jpg,pituitary,pituitary,True,5.089813930680975e-05,0.0002909109171014279,7.427327659570437e-07,0.9996575117111206
Training/pituitary/Tr-pi_1241.jpg,pituitary,pituitary,True,1.637320679037657e-06,0.00015489620273001492,5.025506766287435e-07,0.9998428821563721
Training/pituitary/Tr-pi_1249.jpg,pituitary,pituitary,True,0.006849390454590321,0.033707741647958755,0.00032574275974184275,0.9591171145439148
Training/pituitary/Tr-pi_1263.jpg,pituitary,pituitary,True,3.1870469683781266e-05,0.00018689579155761749,8.5915589806973e-06,0.9997727274894714
Training/pituitary/Tr-pi_1264.jpg,pituitary,pituitary,True,1.5288128452084493e-07,0.00011696159344865009,8.655343108898705e-09,0.9998829364776611
Training/pituitary/Tr-pi_1265.jpg,pituitary,pituitary,True,1.2547315009214799e-06,1.7958489479497075e-05,3.6202269626528505e-08,0.9999806880950928
Training/pituitary/Tr-pi_1276.jpg,pituitary,pituitary,True,5.767111360910349e-06,1.268421510758344e-05,2.569425987530849e-06,0.9999790191650391
Training/pituitary/Tr-pi_1280.jpg,pituitary,pituitary,True,1.2156357342973934e-06,8.102021092781797e-05,3.228875300465006e-08,0.99991774559021
Training/pituitary/Tr-pi_1282.jpg,pituitary,pituitary,True,7.488546543754637e-06,0.0002576784754637629,2.0800646893803787e-07,0.9997345805168152
Training/pituitary/Tr-pi_1286.jpg,pituitary,pituitary,True,1.52393977259635e-06,8.587883712607436e-06,2.6614566195348743e-07,0.9999896287918091
Training/pituitary/Tr-pi_1288.jpg,pituitary,pituitary,True,3.852364898193628e-06,4.926815381622873e-05,3.883590125042247e-06,0.9999430179595947
Training/pituitary/Tr-pi_1290.jpg,pituitary,pituitary,True,0.000514296698383987,0.0003431573568377644,4.064700078743044e-06,0.9991384744644165
Training/pituitary/Tr-pi_1293.jpg,pituitary,pituitary,True,5.436950232251547e-05,0.00031733402283862233,3.7591580621665344e-05,0.9995906949043274
Training/pituitary/Tr-pi_130.jpg,pituitary,pituitary,True,1.1171959158673417e-05,0.0004881540662609041,2.3081040581018897e-06,0.9994983673095703
Training/pituitary/Tr-pi_1304.jpg,pituitary,pituitary,True,0.0030018349643796682,0.0012674961471930146,3.03732231259346e-05,0.9957003593444824
Training/pituitary/Tr-pi_1312.jpg,pituitary,pituitary,True,4.948032028551097e-07,1.98377383640036e-05,4.405019637943042e-07,0.9999792575836182
Training/pituitary/Tr-pi_1326.jpg,pituitary,pituitary,True,3.3685639664327027e-06,0.0007242584833875299,5.176372042114963e-08,0.9992722868919373
Training/pituitary/Tr-pi_1329.jpg,pituitary,pituitary,True,8.870125748217106e-05,0.0005859133671037853,1.0018873581429943e-05,0.9993153810501099
Training/pituitary/Tr-pi_1346.jpg,pituitary,pituitary,True,3.7520210298680468e-06,0.00021168416424188763,2.2780109247833025e-06,0.9997822642326355
Training/pituitary/Tr-pi_1351.jpg,pituitary,pituitary,True,1.1344326594553422e-05,0.00048128172056749463,8.780485813986161e-07,0.9995064735412598
Training/pituitary/Tr-pi_1356.jpg,pituitary,pituitary,True,8.0608602729626e-05,0.0013362037716433406,1.542167410661932e-05,0.9985677003860474
Training/pituitary/Tr-pi_1363.jpg,pituitary,pituitary,True,0.001288312952965498,0.01740657165646553,0.00010229179315501824,0.9812028408050537
Training/pituitary/Tr-pi_1377.jpg,pituitary,pituitary,True,1.1703026757459156e-05,0.00022836177959106863,1.8505262460166705e-06,0.9997580647468567
Training/pituitary/Tr-pi_1378.jpg,pituitary,pituitary,True,6.098737139836885e-05,0.00015843923029024154,4.01562538172584e-05,0.9997404217720032
Training/pituitary/Tr-pi_1379.jpg,pituitary,pituitary,True,9.151725862466265e-06,0.0003782126877922565,9.066696293302812e-06,0.9996035695075989
Training/pituitary/Tr-pi_138.jpg,pituitary,pituitary,True,1.934077954501845e-05,0.0002805488184094429,1.5223534319375176e-05,0.9996849298477173
Training/pituitary/Tr-pi_1382.jpg,pituitary,pituitary,True,0.0002999994612764567,0.00016802224854473025,2.264167051180266e-06,0.9995297193527222
Training/pituitary/Tr-pi_1387.jpg,pituitary,pituitary,True,0.0003424071182962507,0.0025902048218995333,6.934124030522071e-07,0.9970666766166687
Training/pituitary/Tr-pi_1389.jpg,pituitary,pituitary,True,1.0552066669333726e-06,1.9508514014887623e-05,1.0210842305014012e-07,0.9999792575836182
Training/pituitary/Tr-pi_1392.jpg,pituitary,pituitary,True,3.172224387526512e-05,0.014875958673655987,9.639408915518288e-08,0.9850922226905823
Training/pituitary/Tr-pi_148.jpg,pituitary,pituitary,True,0.0007672277861274779,0.00041006921674124897,0.00011052330228267238,0.9987121820449829
Training/pituitary/Tr-pi_151.jpg,pituitary,pituitary,True,3.7573774989141384e-06,0.00014539975381921977,2.0011998458357994e-06,0.9998488426208496
Training/pituitary/Tr-pi_164.jpg,pituitary,pituitary,True,2.106590363837313e-05,0.0012857818510383368,1.0362550710851792e-05,0.9986827969551086
Training/pituitary/Tr-pi_165.jpg,pituitary,pituitary,True,0.08181541413068771,0.017826495692133904,8.16887586552184e-06,0.9003499150276184
Training/pituitary/Tr-pi_168.jpg,pituitary,pituitary,True,0.00034102433710359037,0.0002717984898481518,7.300877314264653e-06,0.9993798732757568
Training/pituitary/Tr-pi_176.jpg,pituitary,pituitary,True,2.2268700377026107e-06,2.8873935207229806e-06,2.4611531443952117e-06,0.9999924898147583
Training/pituitary/Tr-pi_179.jpg,pituitary,pituitary,True,0.00616428442299366,0.0028073983266949654,8.775195601629093e-05,0.9909406900405884
Training/pituitary/Tr-pi_186.jpg,pituitary,pituitary,True,5.953556683380157e-05,0.0006046550697647035,3.6097696920478484e-06,0.9993321299552917
Training/pituitary/Tr-pi_190.jpg,pituitary,pituitary,True,0.00046601504436694086,0.005301087629050016,5.660546594299376e-05,0.9941762685775757
Training/pituitary/Tr-pi_191.jpg,pituitary,pituitary,True,0.004708046559244394,0.0019489064579829574,0.0001185529981739819,0.9932244420051575
Training/pituitary/Tr-pi_196.jpg,pituitary,pituitary,True,2.883423621824477e-05,0.001298115006648004,2.579027068350115e-06,0.9986704587936401
Training/pituitary/Tr-pi_201.jpg,pituitary,pituitary,True,1.8326113604416605e-07,1.0827142432390247e-05,2.637417821915733e-07,0.9999886751174927
Training/pituitary/Tr-pi_209.jpg,pituitary,pituitary,True,1.0967037269438151e-06,9.377081005368382e-05,1.6173078165593324e-07,0.9999048709869385
Training/pituitary/Tr-pi_213.jpg,pituitary,pituitary,True,3.3178295666402846e-07,5.161232365935575e-06,3.707854645540465e-08,0.9999945163726807
Training/pituitary/Tr-pi_217.jpg,pituitary,pituitary,True,0.0001854443980846554,0.002169782528653741,1.3879801372240763e-05,0.9976308345794678
Training/pituitary/Tr-pi_224.jpg,pituitary,pituitary,True,0.0003990567347500473,0.0004830915422644466,3.296319846413098e-05,0.9990849494934082
Training/pituitary/Tr-pi_227.jpg,pituitary,pituitary,True,9.262219577976794e-07,3.249073415645398e-05,6.326241219767326e-08,0.9999665021896362
Training/pituitary/Tr-pi_235.jpg,pituitary,pituitary,True,3.718385414686054e-05,0.00029134179931133986,7.619044595230662e-07,0.9996707439422607
Training/pituitary/Tr-pi_249.jpg,pituitary,pituitary,True,0.01473323069512844,0.002150491811335087,0.0002323114895261824,0.9828839898109436
Training/pituitary/Tr-pi_26.jpg,pituitary,pituitary,True,2.4914164896472357e-05,0.000824407150503248,5.908621460548602e-06,0.9991446733474731
Training/pituitary/Tr-pi_266.jpg,pituitary,pituitary,True,5.342767690308392e-05,0.00013277372636366636,3.2047373679233715e-06,0.9998106360435486
Training/pituitary/Tr-pi_27.jpg,pituitary,pituitary,True,1.5944355027386337e-06,0.00011577088298508897,3.203532514817198e-07,0.9998823404312134
Training/pituitary/Tr-pi_280.jpg,pituitary,pituitary,True,5.584879909292795e-05,0.00020562020654324442,1.4876295608701184e-05,0.9997237324714661
Training/pituitary/Tr-pi_29.jpg,pituitary,pituitary,True,0.00023542898998130113,0.00010877755266847089,2.912724085035734e-06,0.9996528625488281
Training/pituitary/Tr-pi_290.jpg,pituitary,pituitary,True,7.277412805706263e-05,3.673081664601341e-05,0.000188465288374573,0.9997020363807678
Training/pituitary/Tr-pi_293.jpg,pituitary,pituitary,True,2.301100903423503e-05,0.00036532175727188587,1.6683591184118995e-06,0.9996100068092346
Training/pituitary/Tr-pi_296.jpg,pituitary,pituitary,True,1.6693968063918874e-05,0.00013378128642216325,1.8774637283058837e-05,0.9998307228088379
Training/pituitary/Tr-pi_297.jpg,pituitary,pituitary,True,7.65950153436279e-06,2.3286722353077494e-05,9.025854524224997e-06,0.9999600648880005
Training/pituitary/Tr-pi_315.jpg,pituitary,pituitary,True,5.453762787510641e-05,0.00035927497083321214,2.7040096028940752e-06,0.9995835423469543
Training/pituitary/Tr-pi_317.jpg,pituitary,pituitary,True,9.91534034255892e-06,0.0021249917335808277,3.612437353694986e-07,0.9978647828102112
Training/pituitary/Tr-pi_319.jpg,pituitary,pituitary,True,7.990648009581491e-05,0.007423128932714462,1.904080454551149e-05,0.9924778938293457
Training/pituitary/Tr-pi_331.jpg,pituitary,pituitary,True,2.9467166314134374e-05,0.0038674913812428713,1.7120244137913687e-06,0.9961012601852417
Training/pituitary/Tr-pi_335.jpg,pituitary,pituitary,True,9.860530553851277e-05,0.0009459394495934248,5.207611138757784e-06,0.9989503026008606
Training/pituitary/Tr-pi_337.jpg,pituitary,pituitary,True,0.00011249147064518183,0.012818647548556328,1.060652266460238e-05,0.9870583415031433
Training/pituitary/Tr-pi_343.jpg,pituitary,pituitary,True,4.534060735750245e-06,6.402187136700377e-05,5.520114996215852e-07,0.9999308586120605
Training/pituitary/Tr-pi_345.jpg,pituitary,pituitary,True,2.1447972358146217e-06,7.4632957876019645e-06,5.8415444925685733e-08,0.9999903440475464
Training/pituitary/Tr-pi_347.jpg,pituitary,pituitary,True,8.672697731526569e-06,0.00014590693172067404,7.04851927935124e-08,0.9998453855514526
Training/pituitary/Tr-pi_354.jpg,pituitary,pituitary,True,1.5166345292527694e-05,9.675246838014573e-05,1.4826896403974388e-06,0.9998865127563477
Training/pituitary/Tr-pi_355.jpg,pituitary,pituitary,True,0.00015834331861697137,8.393605821765959e-05,2.6876614356297068e-05,0.9997308850288391
Training/pituitary/Tr-pi_372.jpg,pituitary,pituitary,True,2.472937694619759e-07,1.1326096682751086e-06,1.071510347117055e-08,0.9999985694885254
Training/pituitary/Tr-pi_375.jpg,pituitary,pituitary,True,0.00014256646682042629,0.000300996849546209,1.6020633211155655e-06,0.9995548129081726
Training/pituitary/Tr-pi_393.jpg,pituitary,pituitary,True,7.926448830630761e-08,1.8236396499560215e-06,3.864061284275522e-07,0.9999977350234985
Training/pituitary/Tr-pi_4.jpg,pituitary,pituitary,True,6.496849437098717e-06,0.0006402384024113417,5.654959750245325e-06,0.9993476271629333
Training/pituitary/Tr-pi_408.jpg,pituitary,pituitary,True,0.00048012350453063846,0.0006929524824954569,1.1746126801881474e-05,0.9988151788711548
Training/pituitary/Tr-pi_415.jpg,pituitary,pituitary,True,0.0005328070838004351,0.00027816544752568007,7.412233389914036e-05,0.9991149306297302
Training/pituitary/Tr-pi_416.jpg,pituitary,pituitary,True,5.398160283220932e-06,6.997557647991925e-05,8.349746349267662e-05,0.9998410940170288
Training/pituitary/Tr-pi_44.jpg,pituitary,pituitary,True,8.205875201383606e-05,0.000562165689188987,1.9028840370083344e-06,0.99935382604599
Training/pituitary/Tr-pi_440.jpg,pituitary,pituitary,True,7.903373625595123e-05,8.292884012917057e-05,1.0271643304804456e-06,0.9998369216918945
Training/pituitary/Tr-pi_444.jpg,pituitary,pituitary,True,6.340252002701163e-05,0.0005287422682158649,1.7728150396578712e-06,0.999406099319458
Training/pituitary/Tr-pi_477.jpg,pituitary,pituitary,True,1.1107212003480527e-06,3.9410515455529094e-05,7.4770860010175966e-06,0.999951958656311
Training/pituitary/Tr-pi_48.jpg,pituitary,pituitary,True,3.216477352907532e-06,5.128795692144195e-06,5.5836028423073e-07,0.9999910593032837
Training/pituitary/Tr-pi_495.jpg,pituitary,pituitary,True,1.3831690921506379e-06,2.257421328977216e-05,4.1213877466361737e-07,0.9999756813049316
Training/pituitary/Tr-pi_500.jpg,pituitary,pituitary,True,4.968368375557475e-05,0.0010553635656833649,6.595660124730784e-07,0.9988942742347717
Training/pituitary/Tr-pi_506.jpg,pituitary,pituitary,True,0.00023916912323329598,0.004521481692790985,0.0008615058031864464,0.9943779110908508
Training/pituitary/Tr-pi_507.jpg,pituitary,pituitary,True,1.8502283637644723e-05,0.0004003271460533142,0.0008193107787519693,0.9987618923187256
Training/pituitary/Tr-pi_512.jpg,pituitary,pituitary,True,0.0003055316337849945,0.0005015652277506888,1.56377354869619e-05,0.9991772770881653
Training/pituitary/Tr-pi_533.jpg,pituitary,pituitary,True,3.6960706495392515e-08,1.0669547918951139e-05,1.8587006422876584e-07,0.9999890327453613
Training/pituitary/Tr-pi_537.jpg,pituitary,pituitary,True,2.6761413209897e-06,1.3794137885270175e-05,8.133613846439403e-06,0.999975323677063
Training/pituitary/Tr-pi_54.jpg,pituitary,pituitary,True,0.004522480070590973,0.011233883909881115,9.379902621731162e-05,0.9841498732566833
Training/pituitary/Tr-pi_545.jpg,pituitary,pituitary,True,1.236054868059e-05,0.00010922028013737872,1.2110047464375384e-05,0.9998663663864136
Training/pituitary/Tr-pi_550.jpg,pituitary,pituitary,True,0.0004180959367658943,0.00046169740380719304,1.1720210750354454e-05,0.9991084933280945
Training/pituitary/Tr-pi_551.jpg,pituitary,pituitary,True,0.001080615445971489,0.00037020802847109735,1.201548548124265e-05,0.9985371828079224
Training/pituitary/Tr-pi_556.jpg,pituitary,pituitary,True,8.356530088349245e-06,6.54524119454436e-05,4.855656243307749e-06,0.9999213218688965
Training/pituitary/Tr-pi_557.jpg,pituitary,pituitary,True,0.0020713491830974817,0.009410534054040909,2.3459220756194554e-05,0.9884946942329407
Training/pituitary/Tr-pi_559.jpg,pituitary,pituitary,True,0.0004161812539678067,0.0008355657919310033,3.4049990063067526e-05,0.9987142086029053
Training/pituitary/Tr-pi_561.jpg,pituitary,pituitary,True,2.424559170322027e-05,0.000344355619745329,3.7851779779884964e-05,0.9995935559272766
Training/pituitary/Tr-pi_566.jpg,pituitary,pituitary,True,2.079155137835187e-06,2.8952161301276647e-05,0.0543343685567379,0.9456346035003662
Training/pituitary/Tr-pi_568.jpg,pituitary,pituitary,True,3.171904609189369e-05,0.0004087307897862047,3.229572769214428e-07,0.999559223651886
Training/pituitary/Tr-pi_57.jpg,pituitary,pituitary,True,0.013872954063117504,0.025108452886343002,0.0015194617444649339,0.9594991207122803
Training/pituitary/Tr-pi_573.jpg,pituitary,pituitary,True,4.852489655604586e-05,9.691472223494202e-05,2.3684367533860495e-06,0.999852180480957
Training/pituitary/Tr-pi_586.jpg,pituitary,pituitary,True,1.1181077752553392e-07,7.1322001531370915e-06,1.6545429915026943e-08,0.9999927282333374
Training/pituitary/Tr-pi_587.jpg,pituitary,pituitary,True,4.492709649639437e-06,0.00035593993379734457,1.3216115348768653e-06,0.9996381998062134
Training/pituitary/Tr-pi_60.jpg,pituitary,pituitary,True,0.00011185682524228469,0.0015841262647882104,5.275635999169026e-07,0.9983035326004028
Training/pituitary/Tr-pi_608.jpg,pituitary,pituitary,True,8.717099149180285e-07,4.975401679985225e-05,1.6231340396188898e-06,0.9999477863311768
Training/pituitary/Tr-pi_614.jpg,pituitary,pituitary,True,1.2925895134685561e-05,7.28063823771663e-05,3.710477176355198e-05,0.9998770952224731
Training/pituitary/Tr-pi_615.jpg,pituitary,pituitary,True,2.1050720533821732e-05,0.0002679108001757413,0.00022409370285458863,0.9994869232177734
Training/pituitary/Tr-pi_623.jpg,pituitary,pituitary,True,0.0018072276143357158,0.01976252906024456,0.0001547378778923303,0.9782754182815552
Training/pituitary/Tr-pi_626.jpg,pituitary,pituitary,True,7.5958519119012635e-06,5.068174868938513e-05,1.0036465027951635e-05,0.9999316930770874
Training/pituitary/Tr-pi_633.jpg,pituitary,pituitary,True,2.181174068027758e-06,6.694438343401998e-05,2.227896175099886e-06,0.9999285936355591
Training/pituitary/Tr-pi_643.jpg,pituitary,pituitary,True,3.773798016482033e-05,4.1117578803095967e-05,7.913460535746708e-07,0.9999203681945801
Training/pituitary/Tr-pi_649.jpg,pituitary,pituitary,True,3.98429183405824e-05,0.0033889031037688255,2.729508196352981e-06,0.9965685606002808
Training/pituitary/Tr-pi_652.jpg,pituitary,pituitary,True,0.0016492424765601754,0.0001938410714501515,9.658037924964447e-07,0.9981558918952942
Training/pituitary/Tr-pi_653.jpg,pituitary,pituitary,True,2.7342493922333233e-06,0.00030362114193849266,5.896928811921498e-08,0.9996936321258545
Training/pituitary/Tr-pi_664.jpg,pituitary,pituitary,True,8.506257290719077e-05,0.0004002736823167652,5.384997166402172e-06,0.999509334564209
Training/pituitary/Tr-pi_666.jpg,pituitary,pituitary,True,3.3293590604444034e-06,0.0017944426508620381,7.968415260961592e-09,0.9982022047042847
Training/pituitary/Tr-pi_671.jpg,pituitary,pituitary,True,1.817032426743026e-07,8.16758256405592e-06,1.1476136485555344e-08,0.9999915361404419
Training/pituitary/Tr-pi_672.jpg,pituitary,pituitary,True,5.6947370467241853e-05,5.091246930533089e-05,3.331516563775949e-05,0.9998588562011719
Training/pituitary/Tr-pi_674.jpg,pituitary,pituitary,True,1.0883864888455719e-05,0.00018229937995783985,1.570126215710843e-07,0.9998065829277039
Training/pituitary/Tr-pi_680.jpg,pituitary,pituitary,True,9.250077710021287e-06,0.00031850318191573024,1.239008383890905e-06,0.9996709823608398
Training/pituitary/Tr-pi_681.jpg,pituitary,pituitary,True,0.0032438591588288546,0.021538665518164635,0.0007055455935187638,0.9745118618011475
Training/pituitary/Tr-pi_69.jpg,pituitary,pituitary,True,1.210333834933408e-06,0.00017754823784343898,9.142419798990886e-08,0.999821126461029
Training/pituitary/Tr-pi_693.jpg,pituitary,pituitary,True,3.427026967983693e-05,0.0010816490976139903,3.50882692146115e-06,0.9988805651664734
Training/pituitary/Tr-pi_703.jpg,pituitary,pituitary,True,2.421424824206042e-06,0.00023298255109693855,1.2809317695428035e-06,0.9997633099555969
Training/pituitary/Tr-pi_724.jpg,pituitary,pituitary,True,0.008367449976503849,0.0004942988161928952,6.550777470692992e-05,0.9910727143287659
Training/pituitary/Tr-pi_73.jpg,pituitary,pituitary,True,1.714532481855713e-05,1.4419550097954925e-05,1.4861245745123597e-06,0.9999669790267944
Training/pituitary/Tr-pi_737.jpg,pituitary,pituitary,True,2.3251352558872895e-06,0.00015082993195392191,3.875753827742301e-05,0.999808132648468
Training/pituitary/Tr-pi_758.jpg,pituitary,pituitary,True,5.262143986328738e-06,0.0001339494774583727,9.026408633872052e-07,0.9998598098754883
Training/pituitary/Tr-pi_776.jpg,pituitary,pituitary,True,0.007073815446346998,0.0028617396019399166,3.922170799341984e-05,0.9900251626968384
Training/pituitary/Tr-pi_777.jpg,pituitary,pituitary,True,0.00020315023721195757,0.0019275957019999623,4.4861862988909706e-05,0.9978244304656982
Training/pituitary/Tr-pi_780.jpg,pituitary,pituitary,True,1.6487400671394425e-06,5.657715882989578e-05,7.823866212675057e-07,0.9999409914016724
Training/pituitary/Tr-pi_782.jpg,pituitary,pituitary,True,4.442467979970388e-05,0.00826814491301775,1.341713868896477e-06,0.9916860461235046
Training/pituitary/Tr-pi_786.jpg,pituitary,pituitary,True,7.740793080301955e-05,0.0013375591952353716,1.4677870240120683e-05,0.9985703229904175
Training/pituitary/Tr-pi_788.jpg,pituitary,pituitary,True,0.0006496533169411123,0.0001168500239145942,1.2816022945116856e-06,0.9992321729660034
Training/pituitary/Tr-pi_797.jpg,pituitary,pituitary,True,1.4226618077373132e-05,0.00011850230657728389,9.517210486365002e-08,0.9998672008514404
Training/pituitary/Tr-pi_798.jpg,pituitary,pituitary,True,0.007914125919342041,0.0007678974070586264,1.8864753656089306e-05,0.9912990927696228
Training/pituitary/Tr-pi_81.jpg,pituitary,pituitary,True,1.888330007204786e-05,9.344216960016638e-05,1.2182670161564602e-06,0.9998863935470581
Training/pituitary/Tr-pi_810.jpg,pituitary,pituitary,True,2.486088419573207e-07,6.536266710099881e-07,7.886811545176897e-06,0.9999912977218628
Training/pituitary/Tr-pi_814.jpg,pituitary,pituitary,True,4.475934838410467e-05,0.0010001967893913388,6.874609425722156e-06,0.9989481568336487
Training/pituitary/Tr-pi_824.jpg,pituitary,pituitary,True,0.0007912192377261817,0.003242792095988989,1.4915050314812106e-06,0.9959644079208374
Training/pituitary/Tr-pi_828.jpg,pituitary,pituitary,True,8.191240340238437e-06,0.000286105991108343,3.033403288554837e-07,0.9997053742408752
Training/pituitary/Tr-pi_834.jpg,pituitary,pituitary,True,1.4795232345932163e-05,0.0008940325351431966,1.6180563306988915e-06,0.9990894794464111
Training/pituitary/Tr-pi_838.jpg,pituitary,pituitary,True,4.8170504669542424e-06,3.402958463993855e-05,4.848334810958477e-06,0.9999563694000244
Training/pituitary/Tr-pi_84.jpg,pituitary,pituitary,True,4.545731371763395e-06,5.3551289056485984e-06,1.576691101945471e-05,0.9999743700027466
Training/pituitary/Tr-pi_840.jpg,pituitary,pituitary,True,5.381058144848794e-05,0.0006774314679205418,1.66375011758646e-05,0.9992521405220032
Training/pituitary/Tr-pi_850.jpg,pituitary,pituitary,True,5.956784661975689e-06,0.00047587769222445786,3.0531850825354923e-06,0.9995150566101074
Training/pituitary/Tr-pi_87.jpg,pituitary,pituitary,True,1.5859733366596629e-06,5.5575197620783e-05,2.852089266980329e-07,0.9999425411224365
Training/pituitary/Tr-pi_874.jpg,pituitary,pituitary,True,0.002935586031526327,0.09562861174345016,0.00024063723685685545,0.901195228099823
Training/pituitary/Tr-pi_887.jpg,pituitary,pituitary,True,7.783042747178115e-06,4.970932786818594e-05,6.875841336295707e-07,0.9999418258666992
Training/pituitary/Tr-pi_89.jpg,pituitary,pituitary,True,1.9940163838327862e-05,0.0015108563238754869,6.8589174588851165e-06,0.9984623193740845
Training/pituitary/Tr-pi_890.jpg,pituitary,pituitary,True,3.2862367334018927e-06,0.0002406852290732786,0.0005289548425935209,0.9992270469665527
Training/pituitary/Tr-pi_892.jpg,pituitary,pituitary,True,8.390421135118231e-05,5.521696948562749e-05,2.9374480163824046e-06,0.9998579025268555
Training/pituitary/Tr-pi_899.jpg,pituitary,pituitary,True,4.927932604914531e-05,0.00010293805826222524,7.029777407296933e-06,0.9998407363891602
Training/pituitary/Tr-pi_900.jpg,pituitary,pituitary,True,1.0483890946488827e-06,1.9972596419393085e-05,4.163067330864578e-07,0.9999785423278809
Training/pituitary/Tr-pi_901.jpg,pituitary,pituitary,True,5.0059294153470546e-05,0.0002771142462734133,6.115822657193348e-07,0.9996722936630249
Training/pituitary/Tr-pi_906.jpg,pituitary,pituitary,True,5.1301438361406326e-05,0.00026708521181717515,1.4709999959450215e-05,0.9996669292449951
Training/pituitary/Tr-pi_91.jpg,pituitary,meningioma,False,0.005856479983776808,0.8965483903884888,0.0005490814801305532,0.09704600274562836
Training/pituitary/Tr-pi_917.jpg,pituitary,pituitary,True,8.521446943632327e-06,0.00011220074520679191,1.6864590861587203e-06,0.9998775720596313
Training/pituitary/Tr-pi_922.jpg,pituitary,pituitary,True,0.009759285487234592,0.008649616502225399,0.00016981032968033105,0.9814212918281555
Training/pituitary/Tr-pi_926.jpg,pituitary,pituitary,True,1.8348169987802976e-06,7.722433656454086e-05,1.6090628207621194e-07,0.9999207258224487
Training/pituitary/Tr-pi_927.jpg,pituitary,pituitary,True,5.339068957255222e-05,0.00022040690237190574,1.6397565332226804e-06,0.9997245669364929
Training/pituitary/Tr-pi_931.jpg,pituitary,pituitary,True,9.801114356378093e-05,7.844264473533258e-05,2.8377358830766752e-05,0.9997952580451965
Training/pituitary/Tr-pi_941.jpg,pituitary,pituitary,True,1.4603638192056678e-06,0.00011893139890162274,8.199908307915393e-09,0.9998795986175537
Training/pituitary/Tr-pi_948.jpg,pituitary,pituitary,True,0.001414035796187818,0.24398663640022278,1.8366661606705748e-05,0.7545809149742126
Training/pituitary/Tr-pi_961.jpg,pituitary,pituitary,True,0.00029607710894197226,0.0005087880417704582,4.7677926886535715e-06,0.9991903901100159
Training/pituitary/Tr-pi_964.jpg,pituitary,pituitary,True,0.0008979994454421103,0.00021653150906786323,9.12818268261617e-06,0.9988763928413391
Training/pituitary/Tr-pi_968.jpg,pituitary,pituitary,True,1.2731161405099556e-05,0.00014367415860760957,1.9293198420200497e-05,0.9998243451118469
Training/pituitary/Tr-pi_97.jpg,pituitary,pituitary,True,0.0024973151739686728,0.06775330007076263,8.834432810544968e-05,0.9296610951423645
Training/pituitary/Tr-pi_973.jpg,pituitary,pituitary,True,5.148791387910023e-06,6.28822308499366e-05,2.7586422675085487e-06,0.9999291896820068
Training/pituitary/Tr-pi_974.jpg,pituitary,pituitary,True,0.0001038561895256862,0.001466859714128077,2.3400751160806976e-05,0.9984058737754822
Training/pituitary/Tr-pi_975.jpg,pituitary,pituitary,True,4.280434222891927e-05,7.514853496104479e-05,1.6354502804460935e-05,0.9998657703399658
Training/pituitary/Tr-pi_997.jpg,pituitary,pituitary,True,3.248994471505284e-05,2.7304538889438845e-05,7.4545646384649444e-06,0.9999327659606934
