path,label,pred,correct,p_glioma,p_meningioma,p_notumor,p_pituitary
Testing/glioma/Te-gl_103.jpg,glioma,glioma,True,0.4151911735534668,0.315590500831604,0.20377223193645477,0.06544611603021622
Testing/glioma/Te-gl_105.jpg,glioma,glioma,True,0.9977413415908813,0.0016199087258428335,0.0002042317937593907,0.00043452513637021184
Testing/glioma/Te-gl_110.jpg,glioma,glioma,True,0.906095027923584,0.09292733669281006,0.0005000341916456819,0.0004776891437359154
Testing/glioma/Te-gl_115.jpg,glioma,meningioma,False,0.14650900661945343,0.4685112237930298,0.3818409740924835,0.0031388504430651665
Testing/glioma/Te-gl_145.jpg,glioma,glioma,True,0.9978932738304138,0.0014878239016979933,0.0002298258914379403,0.00038913515163585544
Testing/glioma/Te-gl_153.jpg,glioma,meningioma,False,0.47366389632225037,0.5164158344268799,0.00599429989233613,0.0039259688928723335
Testing/glioma/Te-gl_155.jpg,glioma,glioma,True,0.9977715015411377,0.0015469187637791038,0.0002742922806646675,0.0004073989111930132
Testing/glioma/Te-gl_159.jpg,glioma,notumor,False,0.025545017793774605,0.13254673779010773,0.8359081149101257,0.006000064313411713
Testing/glioma/Te-gl_163.jpg,glioma,glioma,True,0.9974933862686157,0.001720384694635868,0.00038441005744971335,0.0004017502651549876
Testing/glioma/Te-gl_173.jpg,glioma,glioma,True,0.9977664947509766,0.0015780710382387042,0.00022284047736320645,0.00043254386400803924
Testing/glioma/Te-gl_180.jpg,glioma,glioma,True,0.997215747833252,0.0018847632454708219,0.0003402634465601295,0.0005591800436377525
Testing/glioma/Te-gl_184.jpg,glioma,glioma,True,0.9805116057395935,0.01871868222951889,0.00037771579809486866,0.0003920082817785442
Testing/glioma/Te-gl_185.jpg,glioma,glioma,True,0.9923646450042725,0.0028066467493772507,0.0021181004121899605,0.002710643457248807
Testing/glioma/Te-gl_192.jpg,glioma,glioma,True,0.9846404790878296,0.01399240642786026,0.0005802360246889293,0.0007869344553910196
Testing/glioma/Te-gl_2.jpg,glioma,glioma,True,0.9339215755462646,0.061708755791187286,0.001176729565486312,0.0031929209362715483
Testing/glioma/Te-gl_209.jpg,glioma,glioma,True,0.9958773851394653,0.003182370215654373,0.0003179636551067233,0.0006222811643965542
Testing/glioma/Te-gl_210.jpg,glioma,glioma,True,0.9947867393493652,0.003132240381091833,0.0010143712861463428,0.0010665558511391282
Testing/glioma/Te-gl_211.jpg,glioma,meningioma,False,0.1762983798980713,0.576569676399231,0.24276886880397797,0.004363107495009899
Testing/glioma/Te-gl_218.jpg,glioma,meningioma,False,0.32932573556900024,0.35397574305534363,0.3129461705684662,0.003752305870875716
Testing/glioma/Te-gl_226.jpg,glioma,glioma,True,0.997527539730072,0.0017877485370263457,0.00027802985277958214,0.0004066394758410752
Testing/glioma/Te-gl_24.jpg,glioma,glioma,True,0.9924994111061096,0.00678541325032711,0.0005073304055258632,0.00020787821267731488
Testing/glioma/Te-gl_242.jpg,glioma,glioma,True,0.9978294968605042,0.001503550447523594,0.00023189432977233082,0.0004349520313553512
Testing/glioma/Te-gl_260.jpg,glioma,glioma,True,0.9972963929176331,0.0019322484731674194,0.00020520802354440093,0.0005661621689796448
Testing/glioma/Te-gl_268.jpg,glioma,glioma,True,0.9932078719139099,0.0033986708149313927,0.0016365681076422334,0.001756966346874833
Testing/glioma/Te-gl_30.jpg,glioma,notumor,False,0.0176712516695261,0.008252710103988647,0.9735432267189026,0.0005327755934558809
Testing/glioma/Te-gl_304.jpg,glioma,glioma,True,0.9670141339302063,0.03204915300011635,0.0005388095742091537,0.00039793108589947224
Testing/glioma/Te-gl_305.jpg,glioma,meningioma,False,0.1947883516550064,0.8034194707870483,0.001093155238777399,0.0006989414687268436
Testing/glioma/Te-gl_313.jpg,glioma,notumor,False,0.011523265391588211,0.00398117583245039,0.9842591881752014,0.0002363561507081613
Testing/glioma/Te-gl_331.jpg,glioma,glioma,True,0.9898006319999695,0.0035406609531491995,0.00214013853110373,0.004518556874245405
Testing/glioma/Te-gl_332.jpg,glioma,glioma,True,0.9965674877166748,0.0019515629392117262,0.0002968090120702982,0.001184142311103642
Testing/glioma/Te-gl_337.jpg,glioma,glioma,True,0.5503868460655212,0.44333982467651367,0.0036795933265239,0.0025937410537153482
Testing/glioma/Te-gl_347.jpg,glioma,glioma,True,0.996820330619812,0.002434666035696864,0.0003437727864366025,0.00040117415483109653
Testing/glioma/Te-gl_360.jpg,glioma,glioma,True,0.9932101368904114,0.00542047806084156,0.0008807270205579698,0.000488634395878762
Testing/glioma/Te-gl_374.jpg,glioma,glioma,True,0.9963112473487854,0.0018311847234144807,0.0002638130681589246,0.0015938066644594073
Testing/glioma/Te-gl_379.jpg,glioma,glioma,True,0.9833500385284424,0.015052041970193386,0.0006309867021627724,0.0009668617276474833
Testing/glioma/Te-gl_381.jpg,glioma,glioma,True,0.9976237416267395,0.0017723703058436513,0.0002097061078529805,0.0003942285547964275
Testing/glioma/Te-gl_382.jpg,glioma,glioma,True,0.7571108341217041,0.23740333318710327,0.0029354048892855644,0.00255039194598794
Testing/glioma/Te-gl_385.jpg,glioma,glioma,True,0.9963143467903137,0.002858526771888137,0.0004255984677001834,0.0004016046295873821
Testing/glioma/Te-gl_39.jpg,glioma,meningioma,False,0.0851433053612709,0.7688908576965332,0.14315621554851532,0.002809664001688361
Testing/glioma/Te-gl_390.jpg,glioma,glioma,True,0.9978577494621277,0.0015122104668989778,0.00018787359294947237,0.00044213226647116244
Testing/glioma/Te-gl_394.jpg,glioma,glioma,True,0.993354320526123,0.0032104712445288897,0.00034277403028681874,0.0030923685990273952
Testing/glioma/Te-gl_43.jpg,glioma,notumor,False,0.006652568932622671,0.006871753837913275,0.9856334328651428,0.0008422082755714655
Testing/glioma/Te-gl_48.jpg,glioma,glioma,True,0.996768593788147,0.002357583260163665,0.0003808292967732996,0.0004930022405460477
Testing/glioma/Te-gl_51.jpg,glioma,glioma,True,0.9875916242599487,0.01135215349495411,0.0004127085267100483,0.0006435435498133302
Testing/glioma/Te-gl_52.jpg,glioma,glioma,True,0.9955620765686035,0.003536975011229515,0.00048667992814444005,0.0004142288526054472
Testing/glioma/Te-gl_53.jpg,glioma,meningioma,False,0.21298030018806458,0.5199035406112671,0.257278174161911,0.009837988764047623
Testing/glioma/Te-gl_54.jpg,glioma,glioma,True,0.9943156838417053,0.004676170647144318,0.0005084304139018059,0.0004997823270969093
Testing/glioma/Te-gl_61.jpg,glioma,glioma,True,0.9978054165840149,0.0015442767180502415,0.0002635131822898984,0.0003867590567097068
Testing/glioma/Te-gl_65.jpg,glioma,glioma,True,0.9914896488189697,0.007813781499862671,0.00022230933245737106,0.00047432773862965405
Testing/glioma/Te-gl_7.jpg,glioma,glioma,True,0.9977712631225586,0.001600934541784227,0.0001860403863247484,0.0004417378222569823
Testing/glioma/Te-gl_74.jpg,glioma,notumor,False,0.04134419560432434,0.0758906900882721,0.8820078372955322,0.0007572515169158578
Testing/glioma/Te-gl_82.jpg,glioma,glioma,True,0.5243449211120605,0.4684978723526001,0.001716220984235406,0.005441052373498678
Testing/glioma/Te-gl_83.jpg,glioma,glioma,True,0.9893561005592346,0.008882568217813969,0.0006088480586186051,0.001152461627498269
Testing/glioma/Te-gl_92.jpg,glioma,glioma,True,0.9967449903488159,0.0026264048647135496,0.000297064078040421,0.0003315573267173022
Testing/glioma/Te-gl_95.jpg,glioma,glioma,True,0.9977654218673706,0.0016036726301535964,0.00024279816716443747,0.0003880917502101511
Testing/glioma/Te-gl_98.jpg,glioma,glioma,True,0.9942586421966553,0.00191188242752105,0.0005275008734315634,0.003301844233646989
Testing/glioma/Te-gl_99.jpg,glioma,glioma,True,0.9943689703941345,0.0028029759414494038,0.0016889194957911968,0.0011391512816771865
Testing/meningioma/Te-me_103.jpg,meningioma,meningioma,True,0.28256845474243164,0.7145611643791199,0.0011548709589987993,0.0017154488014057279
Testing/meningioma/Te-me_104.jpg,meningioma,meningioma,True,0.03243254870176315,0.9651300311088562,0.0008090735063888133,0.0016282825963571668
Testing/meningioma/Te-me_110.jpg,meningioma,meningioma,True,0.036644645035266876,0.9621289372444153,0.000588729337323457,0.0006377543322741985
Testing/meningioma/Te-me_118.jpg,meningioma,meningioma,True,0.05026121810078621,0.9487354755401611,0.0005733147845603526,0.0004299809515941888
Testing/meningioma/Te-me_119.jpg,meningioma,glioma,False,0.6842440962791443,0.31270429491996765,0.0012554216664284468,0.0017962516285479069
Testing/meningioma/Te-me_12.jpg,meningioma,meningioma,True,0.019810933619737625,0.979343831539154,0.0005248574889265001,0.0003203622763976455
Testing/meningioma/Te-me_127.jpg,meningioma,meningioma,True,0.05096925050020218,0.9482825398445129,0.0005092459614388645,0.00023900916858110577
Testing/meningioma/Te-me_14.jpg,meningioma,meningioma,True,0.39121299982070923,0.5597440004348755,0.009143051691353321,0.039899978786706924
Testing/meningioma/Te-me_141.jpg,meningioma,meningioma,True,0.018932253122329712,0.9696276783943176,0.0006720835226587951,0.010768021456897259
Testing/meningioma/Te-me_152.jpg,meningioma,meningioma,True,0.027814704924821854,0.9701083302497864,0.0009844294982030988,0.0010926470858976245
Testing/meningioma/Te-me_155.jpg,meningioma,glioma,False,0.9052857756614685,0.09360548108816147,0.0004901167703792453,0.0006185601814649999
Testing/meningioma/Te-me_176.jpg,meningioma,meningioma,True,0.08738187700510025,0.4988207221031189,0.40355876088142395,0.01023875828832388
Testing/meningioma/Te-me_188.jpg,meningioma,meningioma,True,0.03763550892472267,0.9595299363136292,0.0024532650131732225,0.00038136623334139585
Testing/meningioma/Te-me_192.jpg,meningioma,meningioma,True,0.021270902827382088,0.9777246713638306,0.000683987105730921,0.00032057284261099994
Testing/meningioma/Te-me_194.jpg,meningioma,meningioma,True,0.019114164635539055,0.9800998568534851,0.0004079665523022413,0.0003780233964789659
Testing/meningioma/Te-me_199.jpg,meningioma,meningioma,True,0.024193888530135155,0.9750023484230042,0.0005206296336837113,0.0002832623431459069
Testing/meningioma/Te-me_201.jpg,meningioma,meningioma,True,0.1519390344619751,0.8143126964569092,0.008346421644091606,0.025401858612895012
Testing/meningioma/Te-me_211.jpg,meningioma,meningioma,True,0.01964644156396389,0.9794883728027344,0.0003474538680166006,0.000517610926181078
Testing/meningioma/Te-me_218.jpg,meningioma,meningioma,True,0.02049076184630394,0.9787890911102295,0.0005005450220778584,0.0002195782435592264
Testing/meningioma/Te-me_220.jpg,meningioma,meningioma,True,0.02551431395113468,0.973548412322998,0.0006848213379271328,0.00025240652030333877
Testing/meningioma/Te-me_221.jpg,meningioma,meningioma,True,0.15046265721321106,0.7407125234603882,0.0077157109044492245,0.1011091023683548
Testing/meningioma/Te-me_226.jpg,meningioma,meningioma,True,0.12764181196689606,0.8245620131492615,0.008570155128836632,0.039225947111845016
Testing/meningioma/Te-me_244.jpg,meningioma,glioma,False,0.9365088939666748,0.05911614000797272,0.0015738072106614709,0.0028011337853968143
Testing/meningioma/Te-me_245.jpg,meningioma,meningioma,True,0.03205764293670654,0.9647310972213745,0.0008733528084121644,0.0023379221092909575
Testing/meningioma/Te-me_25.jpg,meningioma,meningioma,True,0.0498010627925396,0.9481157064437866,0.0016877722227945924,0.00039541907608509064
Testing/meningioma/Te-me_264.jpg,meningioma,meningioma,True,0.19426825642585754,0.8036909103393555,0.0008734425064176321,0.001167453359812498
Testing/meningioma/Te-me_273.jpg,meningioma,meningioma,True,0.04787539690732956,0.9513295292854309,0.000557783932890743,0.00023731859982945025
Testing/meningioma/Te-me_292.jpg,meningioma,glioma,False,0.6224995851516724,0.36606237292289734,0.003552452428266406,0.00788562186062336
Testing/meningioma/Te-me_32.jpg,meningioma,meningioma,True,0.04377928748726845,0.9554113149642944,0.0005082495626993477,0.00030119207804091275
Testing/meningioma/Te-me_36.jpg,meningioma,meningioma,True,0.018965724855661392,0.9802810549736023,0.0005306669045239687,0.00022261303092818707
Testing/meningioma/Te-me_51.jpg,meningioma,meningioma,True,0.2562991678714752,0.7405108213424683,0.0019133235327899456,0.0012767367297783494
Testing/meningioma/Te-me_55.jpg,meningioma,meningioma,True,0.12929952144622803,0.8693591356277466,0.000891122268512845,0.00045017656520940363
Testing/meningioma/Te-me_58.jpg,meningioma,meningioma,True,0.0535658597946167,0.9443973898887634,0.0012955251149833202,0.0007411846308968961
Testing/meningioma/Te-me_6.jpg,meningioma,notumor,False,0.1081956997513771,0.3760978877544403,0.5124827027320862,0.003223817329853773
Testing/meningioma/Te-me_60.jpg,meningioma,meningioma,True,0.36511701345443726,0.6288371682167053,0.001207477762363851,0.0048383385874331
Testing/meningioma/Te-me_84.jpg,meningioma,meningioma,True,0.04766767472028732,0.9515332579612732,0.00037703305133618414,0.0004219758266117424
Testing/meningioma/Te-me_87.jpg,meningioma,meningioma,True,0.04487178474664688,0.9511327743530273,0.0023241497110575438,0.0016713199438527226
Testing/meningioma/Te-me_97.jpg,meningioma,meningioma,True,0.015992702916264534,0.9832656383514404,0.00043702792027033865,0.0003046178608201444
Testing/meningioma/Te-me_98.jpg,meningioma,glioma,False,0.6662455797195435,0.30774325132369995,0.010288948193192482,0.01572221890091896
Testing/notumor/Te-no_103.jpg,notumor,notumor,True,0.022899005562067032,0.010355464182794094,0.9663877487182617,0.0003578297037165612
Testing/notumor/Te-no_104.jpg,notumor,notumor,True,0.015189575031399727,0.014891186729073524,0.9672873616218567,0.0026319522876292467
Testing/notumor/Te-no_112.jpg,notumor,notumor,True,0.0018755996134132147,0.0007393039995804429,0.9972631931304932,0.00012186335516162217
Testing/notumor/Te-no_116.jpg,notumor,notumor,True,0.016871053725481033,0.027966586872935295,0.953169584274292,0.0019928186666220427
Testing/notumor/Te-no_117.jpg,notumor,notumor,True,0.08154340088367462,0.022909430786967278,0.8944500684738159,0.0010971050942316651
Testing/notumor/Te-no_123.jpg,notumor,notumor,True,0.0023327337112277746,0.0008208658546209335,0.9967145919799805,0.00013181498798076063
Testing/notumor/Te-no_13.jpg,notumor,notumor,True,0.0013797273859381676,0.0027588270604610443,0.9956744313240051,0.00018698204075917602
Testing/notumor/Te-no_130.jpg,notumor,notumor,True,0.025983231142163277,0.03475983068346977,0.9382523894309998,0.001004530698992312
Testing/notumor/Te-no_148.jpg,notumor,notumor,True,0.023114312440156937,0.18270984292030334,0.7908574342727661,0.0033184830099344254
Testing/notumor/Te-no_15.jpg,notumor,notumor,True,0.4750460088253021,0.019255276769399643,0.5041161775588989,0.0015824980800971389
Testing/notumor/Te-no_151.jpg,notumor,notumor,True,0.048636555671691895,0.20629630982875824,0.7437333464622498,0.0013338078279048204
Testing/notumor/Te-no_152.jpg,notumor,notumor,True,0.052203219383955,0.039599694311618805,0.9069749712944031,0.0012220398057252169
Testing/notumor/Te-no_153.jpg,notumor,notumor,True,0.005000458564609289,0.01453850232064724,0.9798106551170349,0.0006503554759547114
Testing/notumor/Te-no_154.jpg,notumor,notumor,True,0.014928610064089298,0.008060653693974018,0.9766842126846313,0.00032647637999616563
Testing/notumor/Te-no_156.jpg,notumor,notumor,True,0.004561562556773424,0.009006001055240631,0.9861860275268555,0.0002464069693814963
Testing/notumor/Te-no_16.jpg,notumor,notumor,True,0.07166486233472824,0.4548746347427368,0.4699530303478241,0.0035075261257588863
Testing/notumor/Te-no_181.jpg,notumor,notumor,True,0.0037120492197573185,0.010955548845231533,0.9839475154876709,0.0013848721282556653
Testing/notumor/Te-no_187.jpg,notumor,notumor,True,0.008681513369083405,0.02201094478368759,0.9670512676239014,0.0022562704980373383
Testing/notumor/Te-no_19.jpg,notumor,notumor,True,0.12386831641197205,0.005101061426103115,0.8703196048736572,0.00071100948844105
Testing/notumor/Te-no_196.jpg,notumor,notumor,True,0.02997114695608616,0.03706523776054382,0.9303825497627258,0.0025810792576521635
Testing/notumor/Te-no_202.jpg,notumor,notumor,True,0.07955002784729004,0.01829424686729908,0.9011015295982361,0.0010542244417592883
Testing/notumor/Te-no_212.jpg,notumor,notumor,True,0.013586628250777721,0.015534687787294388,0.9690536260604858,0.001825040439143777
Testing/notumor/Te-no_224.jpg,notumor,notumor,True,0.04166272282600403,0.004282678943127394,0.951296329498291,0.002758262911811471
Testing/notumor/Te-no_229.jpg,notumor,notumor,True,0.000700304051861167,0.00221537915058434,0.996855616569519,0.00022858413285575807
Testing/notumor/Te-no_230.jpg,notumor,notumor,True,0.02151510678231716,0.01156901940703392,0.9665853977203369,0.00033050624188035727
Testing/notumor/Te-no_233.jpg,notumor,notumor,True,0.0017139321425929666,0.0008936452795751393,0.9973067045211792,8.575440006097779e-05
Testing/notumor/Te-no_241.jpg,notumor,notumor,True,0.055316995829343796,0.13873276114463806,0.8051477074623108,0.0008024535491131246
Testing/notumor/Te-no_255.jpg,notumor,notumor,True,0.002721654949709773,0.0204379353672266,0.976298987865448,0.0005414659972302616
Testing/notumor/Te-no_259.jpg,notumor,notumor,True,0.06923124939203262,0.014030005782842636,0.9156634211540222,0.001075239386409521
Testing/notumor/Te-no_267.jpg,notumor,notumor,True,0.02180231548845768,0.06251392513513565,0.9152350425720215,0.0004487635742407292
Testing/notumor/Te-no_268.jpg,notumor,notumor,True,0.0040484280325472355,0.020707281306385994,0.9739853143692017,0.0012589264661073685
Testing/notumor/Te-no_27.jpg,notumor,notumor,True,0.008340089581906796,0.047477204352617264,0.9427838921546936,0.0013987402198836207
Testing/notumor/Te-no_270.jpg,notumor,notumor,True,0.004845224320888519,0.01408736128360033,0.9804218411445618,0.0006454703980125487
Testing/notumor/Te-no_274.jpg,notumor,notumor,True,0.03198699280619621,0.04058479890227318,0.9245582818984985,0.0028699608519673347
Testing/notumor/Te-no_278.jpg,notumor,notumor,True,0.0027425542939454317,0.0010284240124747157,0.9961034059524536,0.00012563580821733922
Testing/notumor/Te-no_279.jpg,notumor,meningioma,False,0.1066109836101532,0.6641530990600586,0.22668297588825226,0.0025528990663588047
Testing/notumor/Te-no_286.jpg,notumor,notumor,True,0.1274581104516983,0.011574875563383102,0.859685480594635,0.001281543867662549
Testing/notumor/Te-no_3.jpg,notumor,notumor,True,0.002602439373731613,0.0024085931945592165,0.994814395904541,0.00017455521447118372
Testing/notumor/Te-no_301.jpg,notumor,notumor,True,0.00836861040443182,0.00943352933973074,0.9820012450218201,0.0001966495910892263
Testing/notumor/Te-no_305.jpg,notumor,glioma,False,0.5610256195068359,0.01757318340241909,0.4198184013366699,0.0015828151954337955
Testing/notumor/Te-no_306.jpg,notumor,notumor,True,0.032891180366277695,0.04328208416700363,0.9206249117851257,0.00320182996802032
Testing/notumor/Te-no_308.jpg,notumor,notumor,True,0.008015889674425125,0.009056958369910717,0.9827354550361633,0.00019182210962753743
Testing/notumor/Te-no_331.jpg,notumor,notumor,True,0.0022122699301689863,0.008138172328472137,0.9894686341285706,0.00018097377324011177
Testing/notumor/Te-no_346.jpg,notumor,notumor,True,0.12660080194473267,0.011557195335626602,0.8605623841285706,0.0012795607326552272
Testing/notumor/Te-no_347.jpg,notumor,notumor,True,0.005483879242092371,0.011193281039595604,0.9815242886543274,0.001798562123440206
Testing/notumor/Te-no_355.jpg,notumor,notumor,True,0.0037247296422719955,0.017627723515033722,0.9783458113670349,0.0003017741546500474
Testing/notumor/Te-no_362.jpg,notumor,notumor,True,0.016253959387540817,0.07266561686992645,0.9091535806655884,0.001926905708387494
Testing/notumor/Te-no_368.jpg,notumor,notumor,True,0.0037418853025883436,0.011320834048092365,0.9835087656974792,0.0014284368371590972
Testing/notumor/Te-no_382.jpg,notumor,notumor,True,0.08406025171279907,0.016978442668914795,0.8978872895240784,0.0010740560246631503
Testing/notumor/Te-no_384.jpg,notumor,notumor,True,0.018257448449730873,0.007827451452612877,0.9735788106918335,0.0003363362920936197
Testing/notumor/Te-no_386.jpg,notumor,notumor,True,0.06575296819210052,0.0055422233417630196,0.9250134825706482,0.003691251389682293
Testing/notumor/Te-no_393.jpg,notumor,notumor,True,0.046495936810970306,0.20065948367118835,0.7515499591827393,0.0012945672497153282
Testing/notumor/Te-no_5.jpg,notumor,notumor,True,0.07312976568937302,0.45793652534484863,0.46543362736701965,0.0035000541247427464
Testing/notumor/Te-no_51.jpg,notumor,notumor,True,0.0034551045391708612,0.03644498065114021,0.9597989320755005,0.00030104804318398237
Testing/notumor/Te-no_6.jpg,notumor,notumor,True,0.01877114363014698,0.007964039221405983,0.9729200601577759,0.0003447623457759619
Testing/notumor/Te-no_64.jpg,notumor,notumor,True,0.009259594604372978,0.05063129961490631,0.9385901093482971,0.0015189781552180648
Testing/notumor/Te-no_67.jpg,notumor,notumor,True,0.0013881284976378083,0.005292993038892746,0.9931706190109253,0.00014822349476162344
Testing/notumor/Te-no_77.jpg,notumor,meningioma,False,0.08041365444660187,0.802490770816803,0.018790367990732193,0.09830515086650848
Testing/notumor/Te-no_81.jpg,notumor,notumor,True,0.0046744211576879025,0.018846694380044937,0.9760493040084839,0.0004295704129617661
Testing/pituitary/Te-pi_1.jpg,pituitary,pituitary,True,0.01828126609325409,0.17917972803115845,0.001433250610716641,0.8011057376861572
Testing/pituitary/Te-pi_102.jpg,pituitary,pituitary,True,0.0062629105523228645,0.013967161998152733,0.003700973466038704,0.9760689735412598
Testing/pituitary/Te-pi_109.jpg,pituitary,pituitary,True,0.003152910154312849,0.011687271296977997,0.00490595493465662,0.9802538752555847
Testing/pituitary/Te-pi_113.jpg,pituitary,pituitary,True,0.0075178565457463264,0.013391206972301006,0.0019371266243979335,0.9771537780761719
Testing/pituitary/Te-pi_114.jpg,pituitary,pituitary,True,0.13726745545864105,0.3737736940383911,0.02839798480272293,0.4605608880519867
Testing/pituitary/Te-pi_129.jpg,pituitary,pituitary,True,0.0022163293324410915,0.012468863278627396,0.004224538803100586,0.981090247631073
Testing/pituitary/Te-pi_140.jpg,pituitary,pituitary,True,0.12134966999292374,0.06530552357435226,0.0034767508041113615,0.8098680973052979
Testing/pituitary/Te-pi_148.jpg,pituitary,pituitary,True,0.0009621614590287209,0.002445584163069725,0.0017380118370056152,0.9948542714118958
Testing/pituitary/Te-pi_156.jpg,pituitary,pituitary,True,0.024904882535338402,0.015530155040323734,0.005318984389305115,0.954245924949646
Testing/pituitary/Te-pi_168.jpg,pituitary,pituitary,True,0.008621133863925934,0.028741154819726944,0.0020388851407915354,0.9605988264083862
Testing/pituitary/Te-pi_170.jpg,pituitary,pituitary,True,0.04288315773010254,0.03951842337846756,0.0034233666956424713,0.9141750335693359
Testing/pituitary/Te-pi_172.jpg,pituitary,pituitary,True,0.001660775626078248,0.0034726099111139774,0.0019926426466554403,0.992874026298523
Testing/pituitary/Te-pi_173.jpg,pituitary,glioma,False,0.4909478425979614,0.3039189279079437,0.004630736541002989,0.20050248503684998
Testing/pituitary/Te-pi_193.jpg,pituitary,pituitary,True,0.00532179232686758,0.024290021508932114,0.0005853112088516355,0.9698029160499573
Testing/pituitary/Te-pi_219.jpg,pituitary,pituitary,True,0.00438305176794529,0.22718465328216553,0.004003163892775774,0.7644290924072266
Testing/pituitary/Te-pi_225.jpg,pituitary,pituitary,True,0.0018131389515474439,0.009548760019242764,0.0007607680163346231,0.987877368927002
Testing/pituitary/Te-pi_228.jpg,pituitary,pituitary,True,0.0009536437573842704,0.00481898058205843,0.0004224687581881881,0.993804931640625
Testing/pituitary/Te-pi_233.jpg,pituitary,pituitary,True,0.0017027909634634852,0.009478268213570118,0.0007028552354313433,0.9881161451339722
Testing/pituitary/Te-pi_247.jpg,pituitary,pituitary,True,0.0013441494666039944,0.0026796984020620584,0.00026422174414619803,0.9957119226455688
Testing/pituitary/Te-pi_254.jpg,pituitary,pituitary,True,0.022013181820511818,0.14443139731884003,0.0025896625593304634,0.8309656977653503
Testing/pituitary/Te-pi_259.jpg,pituitary,pituitary,True,0.017007961869239807,0.17973828315734863,0.0013295924291014671,0.8019241690635681
Testing/pituitary/Te-pi_26.jpg,pituitary,meningioma,False,0.1573227196931839,0.5788158774375916,0.018569231033325195,0.24529224634170532
Testing/pituitary/Te-pi_260.jpg,pituitary,pituitary,True,0.004993059206753969,0.01297193206846714,0.0018105560448020697,0.9802244305610657
Testing/pituitary/Te-pi_268.jpg,pituitary,pituitary,True,0.0013465253869071603,0.007489447947591543,0.0004496774636209011,0.9907143115997314
Testing/pituitary/Te-pi_282.jpg,pituitary,pituitary,True,0.0007762254099361598,0.006586364004760981,0.0009063128381967545,0.9917311072349548
Testing/pituitary/Te-pi_288.jpg,pituitary,pituitary,True,0.003472887445241213,0.014106583781540394,0.003179514780640602,0.9792409539222717
Testing/pituitary/Te-pi_309.jpg,pituitary,pituitary,True,0.0012913842219859362,0.004464420024305582,0.0004482596123125404,0.9937959909439087
Testing/pituitary/Te-pi_316.jpg,pituitary,pituitary,True,0.004505921620875597,0.011572727002203465,0.0042754169553518295,0.9796459078788757
Testing/pituitary/Te-pi_327.jpg,pituitary,pituitary,True,0.002079838654026389,0.014926980249583721,0.0011318038450554013,0.9818613529205322
Testing/pituitary/Te-pi_333.jpg,pituitary,pituitary,True,0.08246854692697525,0.054402921348810196,0.0036462973803281784,0.8594821691513062
Testing/pituitary/Te-pi_336.jpg,pituitary,pituitary,True,0.0005078290123492479,0.0018696849001571536,0.00044381918269209564,0.9971786737442017
Testing/pituitary/Te-pi_338.jpg,pituitary,pituitary,True,0.027894804254174232,0.21653436124324799,0.0008307138923555613,0.7547401785850525
Testing/pituitary/Te-pi_340.jpg,pituitary,pituitary,True,0.002946623368188739,0.011097397655248642,0.0026371036656200886,0.9833189249038696
Testing/pituitary/Te-pi_354.jpg,pituitary,pituitary,True,0.009440635330975056,0.020750155672430992,0.001100672292523086,0.9687085151672363
Testing/pituitary/Te-pi_356.jpg,pituitary,pituitary,True,0.0026246148627251387,0.014195187017321587,0.0011505131842568517,0.9820297360420227
Testing/pituitary/Te-pi_358.jpg,pituitary,pituitary,True,0.0011272137053310871,0.00825690571218729,0.0027615290600806475,0.9878543019294739
Testing/pituitary/Te-pi_359.jpg,pituitary,pituitary,True,0.0004992416361346841,0.0020129429176449776,0.00024105225747916847,0.9972467422485352
Testing/pituitary/Te-pi_365.jpg,pituitary,pituitary,True,0.0013667021412402391,0.0035852291621267796,0.0033821414690464735,0.9916658997535706
Testing/pituitary/Te-pi_374.jpg,pituitary,pituitary,True,0.009515593759715557,0.2737119793891907,0.0023035777267068624,0.714468777179718
Testing/pituitary/Te-pi_379.jpg,pituitary,pituitary,True,0.02219467982649803,0.0237953532487154,0.006316576153039932,0.9476934671401978
Testing/pituitary/Te-pi_384.jpg,pituitary,pituitary,True,0.03554755449295044,0.03441566228866577,0.002934676595032215,0.9271020889282227
Testing/pituitary/Te-pi_394.jpg,pituitary,pituitary,True,0.0023035684134811163,0.016394808888435364,0.0006375471712090075,0.9806640148162842
Testing/pituitary/Te-pi_45.jpg,pituitary,meningioma,False,0.2730541527271271,0.3724552392959595,0.01325699221342802,0.3412337005138397
Testing/pituitary/Te-pi_52.jpg,pituitary,pituitary,True,0.005449478514492512,0.03680820018053055,0.0023008070420473814,0.9554414749145508
Testing/pituitary/Te-pi_57.jpg,pituitary,pituitary,True,0.03417257219552994,0.06875310093164444,0.0017397917108610272,0.8953345417976379
Testing/pituitary/Te-pi_58.jpg,pituitary,pituitary,True,0.008802643045783043,0.13592688739299774,0.0006810440681874752,0.8545894622802734
Testing/pituitary/Te-pi_6.jpg,pituitary,pituitary,True,0.0013764019822701812,0.003248951630666852,0.000903855194337666,0.9944708347320557
Testing/pituitary/Te-pi_61.jpg,pituitary,pituitary,True,0.049544256180524826,0.05460032448172569,0.010083522647619247,0.8857718706130981
Testing/pituitary/Te-pi_65.jpg,pituitary,pituitary,True,0.009917962364852428,0.07093240320682526,0.011639822274446487,0.9075098633766174
Testing/pituitary/Te-pi_7.jpg,pituitary,glioma,False,0.5216565728187561,0.4688165485858917,0.0010303524322807789,0.008496527560055256
Testing/pituitary/Te-pi_70.jpg,pituitary,pituitary,True,0.0011333987349644303,0.0058064330369234085,0.002319031860679388,0.9907411336898804
Testing/pituitary/Te-pi_80.jpg,pituitary,pituitary,True,0.01276508066803217,0.40857335925102234,0.0016240767436102033,0.577037513256073
Testing/pituitary/Te-pi_82.jpg,pituitary,pituitary,True,0.0013367177452892065,0.012328998185694218,0.0010222262935712934,0.9853120446205139
Testing/pituitary/Te-pi_9.jpg,pituitary,pituitary,True,0.001908869598992169,0.02395160309970379,0.0012133379932492971,0.9729262590408325
Testing/pituitary/Te-pi_91.jpg,pituitary,pituitary,True,0.12112168222665787,0.022685684263706207,0.0022010565735399723,0.8539915680885315
Testing/pituitary/Te-pi_93.jpg,pituitary,pituitary,True,0.0005498247337527573,0.002778374357149005,0.00024753183242864907,0.9964242577552795
Training/glioma/Tr-gl_1.jpg,glioma,glioma,True,0.9977147579193115,0.0016991504235193133,0.0002548847405705601,0.00033129454823210835
Training/glioma/Tr-gl_1003.jpg,glioma,glioma,True,0.5522666573524475,0.4433284401893616,0.001731386291794479,0.0026735251303762197
Training/glioma/Tr-gl_1015.jpg,glioma,glioma,True,0.9947845339775085,0.0037475915160030127,0.0005735813756473362,0.0008942828280851245
Training/glioma/Tr-gl_1018.jpg,glioma,glioma,True,0.9954487681388855,0.003742835484445095,0.0005292717833071947,0.0002790873113553971
Training/glioma/Tr-gl_1023.jpg,glioma,glioma,True,0.9961550831794739,0.0023089181631803513,0.00030111614614725113,0.001234852708876133
Training/glioma/Tr-gl_1035.jpg,glioma,glioma,True,0.9975632429122925,0.0018801464466378093,0.0002589792711660266,0.000297707156278193
Training/glioma/Tr-gl_1037.jpg,glioma,glioma,True,0.9974557757377625,0.0019316913094371557,0.0002940129488706589,0.0003184239030815661
Training/glioma/Tr-gl_1051.jpg,glioma,glioma,True,0.9925026893615723,0.0067931730300188065,0.00039044133154675364,0.00031363105517812073
Training/glioma/Tr-gl_1059.jpg,glioma,glioma,True,0.8368605971336365,0.01477992907166481,0.0031580994836986065,0.14520131051540375
Training/glioma/Tr-gl_1069.jpg,glioma,glioma,True,0.9976953864097595,0.0017193092498928308,0.0001928540732478723,0.00039238546742126346
Training/glioma/Tr-gl_107.jpg,glioma,glioma,True,0.9954109787940979,0.003087703138589859,0.0006041743326932192,0.000897030346095562
Training/glioma/Tr-gl_1070.jpg,glioma,glioma,True,0.9975716471672058,0.0017804193776100874,0.00024926435435190797,0.00039858094532974064
Training/glioma/Tr-gl_1071.jpg,glioma,glioma,True,0.9979463219642639,0.0014314748113974929,0.0002101477439282462,0.0004120395169593394
Training/glioma/Tr-gl_1078.jpg,glioma,glioma,True,0.9927593469619751,0.004791168496012688,0.0006223718519322574,0.0018271770095452666
Training/glioma/Tr-gl_1081.jpg,glioma,glioma,True,0.9978522062301636,0.0015460100257769227,0.00023686930944677442,0.00036490827915258706
Training/glioma/Tr-gl_1088.jpg,glioma,glioma,True,0.981264591217041,0.01701609045267105,0.000561864988412708,0.001157479709945619
Training/glioma/Tr-gl_109.jpg,glioma,glioma,True,0.9966200590133667,0.002692135516554117,0.00030403758864849806,0.00038377291639335454
Training/glioma/Tr-gl_1092.jpg,glioma,glioma,True,0.9913263916969299,0.007187251932919025,0.000834337086416781,0.0006519316229969263
Training/glioma/Tr-gl_1095.jpg,glioma,glioma,True,0.9667129516601562,0.03222513198852539,0.00038475371547974646,0.0006771588232368231
Training/glioma/Tr-gl_11.jpg,glioma,glioma,True,0.9872023463249207,0.01110701635479927,0.0010264510056003928,0.0006642040680162609
Training/glioma/Tr-gl_110.jpg,glioma,glioma,True,0.9970790147781372,0.0020219983998686075,0.0004525216936599463,0.000446600082796067
Training/glioma/Tr-gl_1104.jpg,glioma,glioma,True,0.9974294304847717,0.0019325504545122385,0.0002092685317620635,0.0004287605988793075
Training/glioma/Tr-gl_1109.jpg,glioma,glioma,True,0.994172990322113,0.004115465562790632,0.0007762755267322063,0.0009353611967526376
Training/glioma/Tr-gl_1110.jpg,glioma,glioma,True,0.9973067045211792,0.001946795848198235,0.00026782273198477924,0.00047868568799458444
Training/glioma/Tr-gl_1114.jpg,glioma,glioma,True,0.9975066781044006,0.00189443479757756,0.0002243715716758743,0.00037455259007401764
Training/glioma/Tr-gl_1117.jpg,glioma,glioma,True,0.8844383955001831,0.09513932466506958,0.00258057564496994,0.017841747030615807
Training/glioma/Tr-gl_1118.jpg,glioma,glioma,True,0.9946358799934387,0.003121643327176571,0.001076399115845561,0.001166076399385929
Training/glioma/Tr-gl_1120.jpg,glioma,glioma,True,0.9972568154335022,0.0017763398354873061,0.0003153856087010354,0.0006514462875202298
Training/glioma/Tr-gl_113.jpg,glioma,glioma,True,0.8810326457023621,0.11601494252681732,0.0008761301287449896,0.002076267497614026
Training/glioma/Tr-gl_1136.jpg,glioma,glioma,True,0.9957206845283508,0.003431781427934766,0.0003568013198673725,0.0004907295806333423
Training/glioma/Tr-gl_1139.jpg,glioma,glioma,True,0.9952934384346008,0.0030879522673785686,0.0005067987949587405,0.0011118085822090507
Training/glioma/Tr-gl_1147.jpg,glioma,glioma,True,0.9391487240791321,0.058212053030729294,0.0016995593905448914,0.000939657911658287
Training/glioma/Tr-gl_1155.jpg,glioma,glioma,True,0.9864851236343384,0.0033103812020272017,0.0007500771898776293,0.009454415179789066
Training/glioma/Tr-gl_1156.jpg,glioma,glioma,True,0.9977434873580933,0.0015878009144216776,0.0002673452836461365,0.0004012665885966271
Training/glioma/Tr-gl_1159.jpg,glioma,glioma,True,0.9808400273323059,0.018348831683397293,0.0005332573782652617,0.0002778700436465442
Training/glioma/Tr-gl_1161.jpg,glioma,glioma,True,0.95973140001297,0.03959112614393234,0.0003001450968440622,0.00037742502172477543
Training/glioma/Tr-gl_1163.jpg,glioma,glioma,True,0.9959041476249695,0.0034034557174891233,0.00028685934375971556,0.0004055319295730442
Training/glioma/Tr-gl_1170.jpg,glioma,glioma,True,0.9422599673271179,0.05534212291240692,0.001027347519993782,0.0013706296449527144
Training/glioma/Tr-gl_1172.jpg,glioma,glioma,True,0.9973905682563782,0.0018287593265995383,0.0003029629879165441,0.0004777262220159173
Training/glioma/Tr-gl_1179.jpg,glioma,glioma,True,0.9974861145019531,0.0018717334605753422,0.0003054872795473784,0.0003366075688973069
Training/glioma/Tr-gl_1185.jpg,glioma,glioma,True,0.9830480813980103,0.015302074141800404,0.0009322319529019296,0.0007174937054514885
Training/glioma/Tr-gl_119.jpg,glioma,glioma,True,0.9962199330329895,0.0032487723510712385,0.0002769344428088516,0.00025438368902541697
Training/glioma/Tr-gl_1214.jpg,glioma,glioma,True,0.9878972768783569,0.011460754089057446,0.00041024162783287466,0.0002315991441719234
Training/glioma/Tr-gl_122.jpg,glioma,glioma,True,0.9927841424942017,0.0029561398550868034,0.0003784239524975419,0.0038813042920082808
Training/glioma/Tr-gl_1220.jpg,glioma,glioma,True,0.9947304725646973,0.004519719164818525,0.0001883275544969365,0.0005614294204860926
Training/glioma/Tr-gl_1227.jpg,glioma,glioma,True,0.9789400696754456,0.01946459710597992,0.001287228660658002,0.0003080496098846197
Training/glioma/Tr-gl_1233.jpg,glioma,glioma,True,0.9907480478286743,0.00772979948669672,0.0009651754517108202,0.000556951155886054
Training/glioma/Tr-gl_1241.jpg,glioma,glioma,True,0.7419922351837158,0.25462716817855835,0.0015402199933305383,0.00184043706394732
Training/glioma/Tr-gl_1245.jpg,glioma,glioma,True,0.9974937438964844,0.0018733523320406675,0.0003144974762108177,0.0003183865046594292
Training/glioma/Tr-gl_1247.jpg,glioma,glioma,True,0.9961724877357483,0.0021984498016536236,0.0008879795204848051,0.0007410655380226672
Training/glioma/Tr-gl_1257.jpg,glioma,glioma,True,0.9961528182029724,0.0024743112735450268,0.00037736044032499194,0.0009955022251233459
Training/glioma/Tr-gl_1268.jpg,glioma,glioma,True,0.9969266057014465,0.001977869775146246,0.0005933453794568777,0.0005021605757065117
Training/glioma/Tr-gl_1269.jpg,glioma,glioma,True,0.8241806030273438,0.17036959528923035,0.0030541045125573874,0.0023957747034728527
Training/glioma/Tr-gl_1274.jpg,glioma,glioma,True,0.8733769059181213,0.12456101179122925,0.0016111918957903981,0.00045093701919540763
Training/glioma/Tr-gl_1279.jpg,glioma,glioma,True,0.7896907329559326,0.20877251029014587,0.0006522134644910693,0.0008845840930007398
Training/glioma/Tr-gl_128.jpg,glioma,glioma,True,0.9929355978965759,0.005977728869765997,0.0005173911922611296,0.000569252239074558
Training/glioma/Tr-gl_1287.jpg,glioma,glioma,True,0.996272087097168,0.003088654950261116,0.0002678747405298054,0.0003713546902872622
Training/glioma/Tr-gl_1299.jpg,glioma,glioma,True,0.9556256532669067,0.03697769716382027,0.0011026185238733888,0.006294033024460077
Training/glioma/Tr-gl_1305.jpg,glioma,glioma,True,0.9935755133628845,0.005745251197367907,0.0004086462431587279,0.00027059484273195267
Training/glioma/Tr-gl_1307.jpg,glioma,glioma,True,0.9971882700920105,0.002012296812608838,0.0002157320559490472,0.0005836228374391794
Training/glioma/Tr-gl_1317.jpg,glioma,glioma,True,0.9967494010925293,0.00178576132748276,0.0008078282698988914,0.00065699900733307
Training/glioma/Tr-gl_1321.jpg,glioma,meningioma,False,0.20757094025611877,0.7909328937530518,0.0006341241532936692,0.0008620852022431791
Training/glioma/Tr-gl_1324.jpg,glioma,glioma,True,0.9968968629837036,0.0023022405803203583,0.0002137210249202326,0.0005871356697753072
Training/glioma/Tr-gl_134.jpg,glioma,meningioma,False,0.05800621956586838,0.9381447434425354,0.0010550505248829722,0.002793995663523674
Training/glioma/Tr-gl_1345.jpg,glioma,glioma,True,0.7649180889129639,0.23062241077423096,0.002045766916126013,0.002413730137050152
Training/glioma/Tr-gl_1347.jpg,glioma,glioma,True,0.9976471066474915,0.0017782547511160374,0.00015500579320359975,0.00041975718340836465
Training/glioma/Tr-gl_135.jpg,glioma,glioma,True,0.9975171089172363,0.0019315613899379969,0.00025731982896104455,0.0002941109996754676
Training/glioma/Tr-gl_1350.jpg,glioma,glioma,True,0.9960298538208008,0.0021429527550935745,0.000914804928470403,0.0009123231866396964
Training/glioma/Tr-gl_1351.jpg,glioma,glioma,True,0.9866934418678284,0.012178379110991955,0.0007530573639087379,0.00037519988836720586
Training/glioma/Tr-gl_1354.jpg,glioma,meningioma,False,0.3301723003387451,0.6669493913650513,0.0010021872585639358,0.0018761090468615294
Training/glioma/Tr-gl_1356.jpg,glioma,meningioma,False,0.32070043683052063,0.6752166748046875,0.0012313495390117168,0.0028514417354017496
Training/glioma/Tr-gl_1362.jpg,glioma,glioma,True,0.9820367693901062,0.015206260606646538,0.0016668866155669093,0.0010900337947532535
Training/glioma/Tr-gl_1364.jpg,glioma,glioma,True,0.9937565326690674,0.0052671958692371845,0.00036395990173332393,0.0006123456405475736
Training/glioma/Tr-gl_1366.jpg,glioma,glioma,True,0.997719943523407,0.0016071039717644453,0.00028899041353724897,0.00038387635140679777
Training/glioma/Tr-gl_1368.jpg,glioma,glioma,True,0.992006242275238,0.007319943979382515,0.0002978754055220634,0.00037588246050290763
Training/glioma/Tr-gl_1369.jpg,glioma,glioma,True,0.732979416847229,0.24617838859558105,0.0024522412568330765,0.018389947712421417
Training/glioma/Tr-gl_1371.jpg,glioma,glioma,True,0.9541794061660767,0.043317731469869614,0.0014294636202976108,0.0010734543902799487
Training/glioma/Tr-gl_1379.jpg,glioma,glioma,True,0.8006958961486816,0.19626416265964508,0.0018639466725289822,0.0011760517954826355
Training/glioma/Tr-gl_1384.jpg,glioma,glioma,True,0.9505180716514587,0.04721812158823013,0.0006694975309073925,0.00159430131316185
Training/glioma/Tr-gl_139.jpg,glioma,glioma,True,0.9972090125083923,0.001874827896244824,0.0003814176598098129,0.0005346832913346589
Training/glioma/Tr-gl_140.jpg,glioma,glioma,True,0.9958620071411133,0.0032008725684136152,0.000192446808796376,0.0007447495008818805
Training/glioma/Tr-gl_142.jpg,glioma,glioma,True,0.969588041305542,0.012402958236634731,0.0006062769098207355,0.017402788624167442
Training/glioma/Tr-gl_153.jpg,glioma,glioma,True,0.9972787499427795,0.0016701800050213933,0.00039873001514934003,0.000652276910841465
Training/glioma/Tr-gl_157.jpg,glioma,glioma,True,0.997538685798645,0.001842956175096333,0.00027502080774866045,0.0003433415840845555
Training/glioma/Tr-gl_160.jpg,glioma,glioma,True,0.9932475090026855,0.005978819914162159,0.0003338478854857385,0.00043980759801343083
Training/glioma/Tr-gl_162.jpg,glioma,glioma,True,0.9111351370811462,0.08315574377775192,0.0030739770736545324,0.0026350903790444136
Training/glioma/Tr-gl_169.jpg,glioma,glioma,True,0.9905676245689392,0.008814874105155468,0.00040738406823948026,0.00021005942835472524
Training/glioma/Tr-gl_176.jpg,glioma,glioma,True,0.885447084903717,0.10760362446308136,0.0026492951437830925,0.004300036001950502
Training/glioma/Tr-gl_185.jpg,glioma,glioma,True,0.9744330048561096,0.02406722493469715,0.0010516921756789088,0.0004480228526517749
Training/glioma/Tr-gl_204.jpg,glioma,glioma,True,0.9697148203849792,0.027286816388368607,0.0011538892285898328,0.001844511367380619
Training/glioma/Tr-gl_213.jpg,glioma,glioma,True,0.997698962688446,0.001629202044568956,0.0002121102879755199,0.000459842209238559
Training/glioma/Tr-gl_226.jpg,glioma,glioma,True,0.9948902130126953,0.004246301483362913,0.00038784166099503636,0.0004755960835609585
Training/glioma/Tr-gl_228.jpg,glioma,glioma,True,0.9964759945869446,0.0022522900253534317,0.0007685631862841547,0.0005031842738389969
Training/glioma/Tr-gl_243.jpg,glioma,meningioma,False,0.14546050131320953,0.8514010906219482,0.00227000517770648,0.0008683925261721015
Training/glioma/Tr-gl_254.jpg,glioma,glioma,True,0.9977235198020935,0.001613082829862833,0.0002605681074783206,0.0004028899420518428
Training/glioma/Tr-gl_255.jpg,glioma,glioma,True,0.9969069361686707,0.002482215641066432,0.00020392326405271888,0.0004069207061547786
Training/glioma/Tr-gl_26.jpg,glioma,glioma,True,0.9944390058517456,0.004943334497511387,0.00032818721956573427,0.000289533898467198
Training/glioma/Tr-gl_262.jpg,glioma,glioma,True,0.9740246534347534,0.023606406524777412,0.0005824942491017282,0.0017864442197605968
Training/glioma/Tr-gl_266.jpg,glioma,glioma,True,0.9938870072364807,0.004897684790194035,0.00042389825102873147,0.000791431637480855
Training/glioma/Tr-gl_267.jpg,glioma,glioma,True,0.9962494969367981,0.003136626211926341,0.00038258638232946396,0.00023135454102884978
Training/glioma/Tr-gl_277.jpg,glioma,glioma,True,0.9963213205337524,0.0018519029254093766,0.00025889399694278836,0.001567946164868772
Training/glioma/Tr-gl_279.jpg,glioma,glioma,True,0.9959307312965393,0.0034709451720118523,0.00032406620448455215,0.0002742388751357794
Training/glioma/Tr-gl_284.jpg,glioma,glioma,True,0.995537519454956,0.0027353751938790083,0.0014005829580128193,0.0003264963743276894
Training/glioma/Tr-gl_295.jpg,glioma,glioma,True,0.9834889769554138,0.014747670851647854,0.000932075665332377,0.000831366574857384
Training/glioma/Tr-gl_296.jpg,glioma,glioma,True,0.924221932888031,0.07341723144054413,0.0007650790503248572,0.0015958183212205768
Training/glioma/Tr-gl_308.jpg,glioma,meningioma,False,0.30194607377052307,0.6956750750541687,0.0010044018272310495,0.0013745123287662864
Training/glioma/Tr-gl_311.jpg,glioma,glioma,True,0.9904285669326782,0.008051377721130848,0.0006065336638130248,0.0009135434520430863
Training/glioma/Tr-gl_317.jpg,glioma,glioma,True,0.9976271986961365,0.001595904235728085,0.0003034391556866467,0.00047355025890283287
Training/glioma/Tr-gl_320.jpg,glioma,glioma,True,0.9974314570426941,0.00164226780179888,0.0002575596736278385,0.0006687368731945753
Training/glioma/Tr-gl_323.jpg,glioma,glioma,True,0.9954219460487366,0.0021643508225679398,0.0006744517013430595,0.0017393103335052729
Training/glioma/Tr-gl_325.jpg,glioma,glioma,True,0.9956353306770325,0.0037803335580974817,0.0001797451259335503,0.00040461751632392406
Training/glioma/Tr-gl_326.jpg,glioma,glioma,True,0.9975638389587402,0.0016669174656271935,0.00029418506892398,0.0004750648804474622
Training/glioma/Tr-gl_33.jpg,glioma,glioma,True,0.9598397612571716,0.033653032034635544,0.00265825935639441,0.0038488665595650673
Training/glioma/Tr-gl_331.jpg,glioma,glioma,True,0.5528059601783752,0.42283639311790466,0.0040386333130300045,0.020318953320384026
Training/glioma/Tr-gl_334.jpg,glioma,glioma,True,0.9972495436668396,0.0020362462382763624,0.00020414571918081492,0.0005101558053866029
Training/glioma/Tr-gl_347.jpg,glioma,glioma,True,0.6849746704101562,0.30759650468826294,0.0034132017754018307,0.004015610087662935
Training/glioma/Tr-gl_356.jpg,glioma,glioma,True,0.9977424144744873,0.0016198995290324092,0.00021932763047516346,0.00041844346560537815
Training/glioma/Tr-gl_358.jpg,glioma,glioma,True,0.9098802208900452,0.08810633420944214,0.0012160676997154951,0.0007973930332809687
Training/glioma/Tr-gl_375.jpg,glioma,glioma,True,0.9282984733581543,0.07094517350196838,0.0003392589860595763,0.00041703510214574635
Training/glioma/Tr-gl_377.jpg,glioma,glioma,True,0.9969887137413025,0.0023448714055120945,0.0002832458121702075,0.0003832234942819923
Training/glioma/Tr-gl_379.jpg,glioma,glioma,True,0.9957962036132812,0.0030498048290610313,0.00026902550598606467,0.000885017856489867
Training/glioma/Tr-gl_383.jpg,glioma,glioma,True,0.9956740736961365,0.003462878754362464,0.0003488109796307981,0.0005142330774106085
Training/glioma/Tr-gl_385.jpg,glioma,glioma,True,0.9973142743110657,0.002042971784248948,0.0002721399359870702,0.0003705595154315233
Training/glioma/Tr-gl_390.jpg,glioma,glioma,True,0.997310996055603,0.0020316813606768847,0.00029100215760990977,0.0003663407114800066
Training/glioma/Tr-gl_399.jpg,glioma,glioma,True,0.9975016713142395,0.0019353270763531327,0.0002643439802341163,0.0002986567560583353
Training/glioma/Tr-gl_409.jpg,glioma,glioma,True,0.989936351776123,0.00826504547148943,0.0004785993951372802,0.0013199937529861927
Training/glioma/Tr-gl_41.jpg,glioma,glioma,True,0.9957442879676819,0.002832190366461873,0.0007403303752653301,0.000683153048157692
Training/glioma/Tr-gl_411.jpg,glioma,glioma,True,0.9965050220489502,0.0027040874119848013,0.0003503755433484912,0.00044056191109120846
Training/glioma/Tr-gl_424.jpg,glioma,glioma,True,0.9971510767936707,0.0018525095656514168,0.0003976880689151585,0.0005987341282889247
Training/glioma/Tr-gl_433.jpg,glioma,meningioma,False,0.4074432849884033,0.5844689011573792,0.003983893897384405,0.004103971645236015
Training/glioma/Tr-gl_445.jpg,glioma,glioma,True,0.9938722848892212,0.0052636112086474895,0.0005226219655014575,0.0003415070823393762
Training/glioma/Tr-gl_447.jpg,glioma,glioma,True,0.9969647526741028,0.002445036545395851,0.0002944674633909017,0.00029571697814390063
Training/glioma/Tr-gl_451.jpg,glioma,glioma,True,0.9897584915161133,0.0047171092592179775,0.0035888527054339647,0.001935648382641375
Training/glioma/Tr-gl_474.jpg,glioma,glioma,True,0.9978442192077637,0.001516516786068678,0.00019458816677797586,0.0004446404636837542
Training/glioma/Tr-gl_478.jpg,glioma,glioma,True,0.9933670163154602,0.004523321054875851,0.0009267687564715743,0.0011828782735392451
Training/glioma/Tr-gl_479.jpg,glioma,glioma,True,0.9953001737594604,0.003761227475479245,0.00034422491444274783,0.0005944208241999149
Training/glioma/Tr-gl_48.jpg,glioma,glioma,True,0.997894823551178,0.0014820920769125223,0.00021650550479535013,0.0004066037945449352
Training/glioma/Tr-gl_488.jpg,glioma,glioma,True,0.9929420948028564,0.006051208823919296,0.0006070995004847646,0.00039955295505933464
Training/glioma/Tr-gl_489.jpg,glioma,glioma,True,0.9924948215484619,0.006322268396615982,0.0005346963880583644,0.0006482435273937881
Training/glioma/Tr-gl_491.jpg,glioma,glioma,True,0.990633487701416,0.006114994641393423,0.002769610844552517,0.0004818818997591734
Training/glioma/Tr-gl_493.jpg,glioma,glioma,True,0.9978398084640503,0.0015725350240245461,0.00018271506996825337,0.0004048931587021798
Training/glioma/Tr-gl_504.jpg,glioma,glioma,True,0.9887018203735352,0.009834679774940014,0.0006377380341291428,0.0008257490117102861
Training/glioma/Tr-gl_507.jpg,glioma,glioma,True,0.9934566617012024,0.005723521579056978,0.00040950177935883403,0.000410271662985906
Training/glioma/Tr-gl_508.jpg,glioma,glioma,True,0.9940561056137085,0.004835463594645262,0.0007626196020282805,0.00034574937308207154
Training/glioma/Tr-gl_516.jpg,glioma,glioma,True,0.9971164464950562,0.0022954330779612064,0.00031694548670202494,0.0002712289278861135
Training/glioma/Tr-gl_517.jpg,glioma,glioma,True,0.9939165711402893,0.0046805115416646,0.0007461938075721264,0.0006567297386936843
Training/glioma/Tr-gl_519.jpg,glioma,glioma,True,0.997887909412384,0.0014967139577493072,0.00021741895761806518,0.00039789406582713127
Training/glioma/Tr-gl_52.jpg,glioma,glioma,True,0.997469425201416,0.0018120004096999764,0.0002642658946570009,0.0004543040704447776
Training/glioma/Tr-gl_525.jpg,glioma,glioma,True,0.9980493783950806,0.0013862443156540394,0.00017058472440112382,0.000393836700823158
Training/glioma/Tr-gl_53.jpg,glioma,glioma,True,0.9960678815841675,0.003183274995535612,0.0002241212350782007,0.0005247113876976073
Training/glioma/Tr-gl_530.jpg,glioma,glioma,True,0.9948129653930664,0.004041545558720827,0.0004095102194696665,0.0007360177114605904
Training/glioma/Tr-gl_531.jpg,glioma,glioma,True,0.9973716735839844,0.0017363609513267875,0.00030118587892502546,0.0005908056045882404
Training/glioma/Tr-gl_538.jpg,glioma,glioma,True,0.9974924325942993,0.0018085927003994584,0.0002506131713744253,0.0004482454969547689
Training/glioma/Tr-gl_542.jpg,glioma,glioma,True,0.9956144094467163,0.0029086987487971783,0.0001928227284224704,0.001284042838960886
Training/glioma/Tr-gl_546.jpg,glioma,glioma,True,0.8825985193252563,0.023671643808484077,0.0012208455009385943,0.09250906854867935
Training/glioma/Tr-gl_557.jpg,glioma,glioma,True,0.9900418519973755,0.008945626206696033,0.0004099327779840678,0.000602594343945384
Training/glioma/Tr-gl_565.jpg,glioma,glioma,True,0.9968488812446594,0.0024535940028727055,0.00021595004363916814,0.00048161379527300596
Training/glioma/Tr-gl_586.jpg,glioma,glioma,True,0.9972990155220032,0.0019672864582389593,0.00024512651725672185,0.0004886103561148047
Training/glioma/Tr-gl_587.jpg,glioma,glioma,True,0.9496063590049744,0.049586888402700424,0.0003272536559961736,0.0004795394488610327
Training/glioma/Tr-gl_590.jpg,glioma,glioma,True,0.9975146055221558,0.0018741420935839415,0.00029740348691120744,0.0003138428146485239
Training/glioma/Tr-gl_600.jpg,glioma,glioma,True,0.9967978596687317,0.0026427062693983316,0.00024266683612950146,0.00031680642860010266
Training/glioma/Tr-gl_612.jpg,glioma,glioma,True,0.997870922088623,0.0014818143099546432,0.000265652866801247,0.00038165063597261906
Training/glioma/Tr-gl_625.jpg,glioma,glioma,True,0.9975365400314331,0.0018386573065072298,0.00023137390962801874,0.0003933716216124594
Training/glioma/Tr-gl_627.jpg,glioma,glioma,True,0.9974442720413208,0.0019189054146409035,0.0003448805946391076,0.00029203362646512687
Training/glioma/Tr-gl_638.jpg,glioma,glioma,True,0.9954928159713745,0.003286172868683934,0.0007245655287988484,0.0004964450490660965
Training/glioma/Tr-gl_643.jpg,glioma,glioma,True,0.9740058779716492,0.024552667513489723,0.000716326991096139,0.0007252025534398854
Training/glioma/Tr-gl_648.jpg,glioma,glioma,True,0.9952163696289062,0.003584020771086216,0.00040834478568285704,0.0007912774453870952
Training/glioma/Tr-gl_65.jpg,glioma,glioma,True,0.9978057742118835,0.0015209141420200467,0.00021946628112345934,0.00045394114567898214
Training/glioma/Tr-gl_650.jpg,glioma,glioma,True,0.9080641865730286,0.08685421943664551,0.0019659476820379496,0.003115647239610553
Training/glioma/Tr-gl_651.jpg,glioma,glioma,True,0.9975379705429077,0.0016401258762925863,0.000204353011213243,0.0006176697206683457
Training/glioma/Tr-gl_652.jpg,glioma,glioma,True,0.9977521300315857,0.0016088234260678291,0.00020687431970145553,0.0004322454915381968
Training/glioma/Tr-gl_664.jpg,glioma,glioma,True,0.996803879737854,0.0019723083823919296,0.0005438633379526436,0.0006799935945309699
Training/glioma/Tr-gl_692.jpg,glioma,glioma,True,0.9967747330665588,0.0020667582284659147,0.00029192137299105525,0.0008665675413794816
Training/glioma/Tr-gl_699.jpg,glioma,glioma,True,0.9961102604866028,0.003200449515134096,0.00042603386100381613,0.00026331047411076725
Training/glioma/Tr-gl_70.jpg,glioma,glioma,True,0.9946334362030029,0.0034262873232364655,0.00064903125166893,0.001291203428991139
Training/glioma/Tr-gl_701.jpg,glioma,glioma,True,0.997689962387085,0.0016444678185507655,0.0001777417928678915,0.0004878227773588151
Training/glioma/Tr-gl_703.jpg,glioma,glioma,True,0.9977626800537109,0.0015927483327686787,0.0002611707313917577,0.00038332262192852795
Training/glioma/Tr-gl_710.jpg,glioma,glioma,True,0.9967511892318726,0.002489417092874646,0.0004016788152512163,0.0003576733579393476
Training/glioma/Tr-gl_72.jpg,glioma,glioma,True,0.9958271384239197,0.003403453854843974,0.00030461643473245203,0.00046480362652800977
Training/glioma/Tr-gl_74.jpg,glioma,glioma,True,0.8831765055656433,0.1152166873216629,0.0004551406018435955,0.001151708303950727
Training/glioma/Tr-gl_745.jpg,glioma,glioma,True,0.9973952770233154,0.0020296694710850716,0.00028854337870143354,0.0002864175185095519
Training/glioma/Tr-gl_760.jpg,glioma,meningioma,False,0.40272030234336853,0.5019733309745789,0.01667741686105728,0.07862893491983414
Training/glioma/Tr-gl_764.jpg,glioma,glioma,True,0.9967568516731262,0.0024215299636125565,0.00023901854001451284,0.0005825656116940081
Training/glioma/Tr-gl_779.jpg,glioma,glioma,True,0.9814556241035461,0.01584230735898018,0.00035775997093878686,0.00234430143609643
Training/glioma/Tr-gl_788.jpg,glioma,glioma,True,0.9964145421981812,0.0027613781858235598,0.00037715965299867094,0.0004469496780075133
Training/glioma/Tr-gl_798.jpg,glioma,glioma,True,0.9902461767196655,0.004665965214371681,0.0005984145100228488,0.004489511251449585
Training/glioma/Tr-gl_803.jpg,glioma,glioma,True,0.9969767332077026,0.002379664685577154,0.00024403030693065375,0.0003995859296992421
Training/glioma/Tr-gl_811.jpg,glioma,glioma,True,0.9957610964775085,0.0028237870428711176,0.000729324878193438,0.0006858642445877194
Training/glioma/Tr-gl_822.jpg,glioma,glioma,True,0.7981502413749695,0.16409918665885925,0.007265792228281498,0.030484767630696297
Training/glioma/Tr-gl_849.jpg,glioma,glioma,True,0.9961065649986267,0.003104620613157749,0.0003212632436770946,0.0004676653479691595
Training/glioma/Tr-gl_854.jpg,glioma,glioma,True,0.9975436329841614,0.0018442848231643438,0.00027342350222170353,0.0003387067699804902
Training/glioma/Tr-gl_858.jpg,glioma,glioma,True,0.9948961138725281,0.0044890460558235645,0.0003520165628287941,0.0002628095098771155
Training/glioma/Tr-gl_870.jpg,glioma,glioma,True,0.9942761063575745,0.0044929557479918,0.0006529777892865241,0.0005779752391390502
Training/glioma/Tr-gl_880.jpg,glioma,glioma,True,0.8210923075675964,0.17707660794258118,0.0007499530911445618,0.0010811102110892534
Training/glioma/Tr-gl_888.jpg,glioma,glioma,True,0.9974950551986694,0.0017787909600883722,0.0003972453996539116,0.00032885250402614474
Training/glioma/Tr-gl_896.jpg,glioma,glioma,True,0.8573487401008606,0.12875273823738098,0.0030361246317625046,0.010862364433705807
Training/glioma/Tr-gl_898.jpg,glioma,glioma,True,0.9967760443687439,0.0026046496350318193,0.00023277138825505972,0.0003864947648253292
Training/glioma/Tr-gl_904.jpg,glioma,glioma,True,0.9949489831924438,0.002659454243257642,0.0016978784697130322,0.0006937411963008344
Training/glioma/Tr-gl_911.jpg,glioma,glioma,True,0.997488260269165,0.001887841266579926,0.0002987860352732241,0.00032510460005141795
Training/glioma/Tr-gl_914.jpg,glioma,glioma,True,0.9969634413719177,0.002396089257672429,0.00023717302246950567,0.00040329701732844114
Training/glioma/Tr-gl_924.jpg,glioma,glioma,True,0.9977906942367554,0.0015928082866594195,0.00023858949134591967,0.00037794519448652864
Training/glioma/Tr-gl_934.jpg,glioma,glioma,True,0.9966055154800415,0.002741491189226508,0.000323188811307773,0.00032977567752823234
Training/glioma/Tr-gl_935.jpg,glioma,glioma,True,0.9978101849555969,0.0014956556260585785,0.00021753973851446062,0.00047660499694757164
Training/glioma/Tr-gl_941.jpg,glioma,glioma,True,0.9977350234985352,0.0016674507642164826,0.00026452969177626073,0.00033306615659967065
Training/glioma/Tr-gl_942.jpg,glioma,glioma,True,0.9972773194313049,0.0020189983770251274,0.00029919869848527014,0.00040445156628265977
Training/glioma/Tr-gl_944.jpg,glioma,glioma,True,0.9916955828666687,0.0068635474890470505,0.0004665425221901387,0.00097436219220981
Training/glioma/Tr-gl_954.jpg,glioma,glioma,True,0.9974867105484009,0.0019028118113055825,0.00021238636691123247,0.00039808813016861677
Training/glioma/Tr-gl_966.jpg,glioma,glioma,True,0.9976861476898193,0.0016841437900438905,0.00022620416712015867,0.0004035343008581549
Training/glioma/Tr-gl_971.jpg,glioma,glioma,True,0.9977192282676697,0.0015970991225913167,0.00022775812249165028,0.0004559075750876218
Training/glioma/Tr-gl_972.jpg,glioma,glioma,True,0.9974296689033508,0.001697981497272849,0.0002786664408631623,0.0005936289671808481
Training/glioma/Tr-gl_978.jpg,glioma,glioma,True,0.9495865702629089,0.04933883249759674,0.0007164543494582176,0.0003581986529752612
Training/glioma/Tr-gl_986.jpg,glioma,glioma,True,0.997934103012085,0.001385363400913775,0.00020597648108378053,0.00047463609371334314
Training/meningioma/Tr-me_1.jpg,meningioma,meningioma,True,0.4829467833042145,0.5058722496032715,0.0017918887315317988,0.009389045648276806
Training/meningioma/Tr-me_100.jpg,meningioma,meningioma,True,0.05120746046304703,0.9478242993354797,0.0006072600954212248,0.00036104561877436936
Training/meningioma/Tr-me_1010.jpg,meningioma,meningioma,True,0.013931741937994957,0.9853891730308533,0.0003545176878105849,0.0003245629486627877
Training/meningioma/Tr-me_1024.jpg,meningioma,meningioma,True,0.020175831392407417,0.9791472554206848,0.0003714040794875473,0.0003054652479477227
Training/meningioma/Tr-me_1028.jpg,meningioma,meningioma,True,0.44835153222084045,0.5490356087684631,0.0011780898785218596,0.0014347246615216136
Training/meningioma/Tr-me_1030.jpg,meningioma,meningioma,True,0.42687126994132996,0.5693914890289307,0.0017090835608541965,0.0020281686447560787
Training/meningioma/Tr-me_1034.jpg,meningioma,meningioma,True,0.28914153575897217,0.7083039283752441,0.0010730039793998003,0.0014814813621342182
Training/meningioma/Tr-me_1035.jpg,meningioma,meningioma,True,0.3407182991504669,0.6554766893386841,0.0009729323210194707,0.0028320332057774067
Training/meningioma/Tr-me_1036.jpg,meningioma,meningioma,True,0.017573781311511993,0.9811548590660095,0.0009077963186427951,0.0003636445617303252
Training/meningioma/Tr-me_1043.jpg,meningioma,meningioma,True,0.19575276970863342,0.8020792007446289,0.0011941312113776803,0.0009738887893036008
Training/meningioma/Tr-me_105.jpg,meningioma,glioma,False,0.6073327660560608,0.3615490198135376,0.010253789834678173,0.02086450532078743
Training/meningioma/Tr-me_1053.jpg,meningioma,meningioma,True,0.016917582601308823,0.9823614954948425,0.0005066501908004284,0.0002143426681868732
Training/meningioma/Tr-me_1060.jpg,meningioma,meningioma,True,0.07151098549365997,0.9257617592811584,0.0012024159077554941,0.001524829538539052
Training/meningioma/Tr-me_1063.jpg,meningioma,meningioma,True,0.06515906751155853,0.9328767657279968,0.0010818674927577376,0.0008822705713100731
Training/meningioma/Tr-me_1079.jpg,meningioma,meningioma,True,0.01999085582792759,0.979423999786377,0.00036308722337707877,0.00022207842266652733
Training/meningioma/Tr-me_1095.jpg,meningioma,pituitary,False,0.006099907215684652,0.45974603295326233,0.0031497946474701166,0.5310042500495911
Training/meningioma/Tr-me_1097.jpg,meningioma,meningioma,True,0.16251780092716217,0.8355296850204468,0.0011636050185188651,0.0007889957050792873
Training/meningioma/Tr-me_1100.jpg,meningioma,meningioma,True,0.224303737282753,0.6220071315765381,0.012005088850855827,0.14168404042720795
Training/meningioma/Tr-me_1113.jpg,meningioma,glioma,False,0.9698647856712341,0.02938948944211006,0.00035238891723565757,0.0003933680127374828
Training/meningioma/Tr-me_1117.jpg,meningioma,meningioma,True,0.02044275775551796,0.9790352582931519,0.0003438947896938771,0.00017807557014748454
Training/meningioma/Tr-me_1128.jpg,meningioma,meningioma,True,0.1558585911989212,0.8421334028244019,0.001138106919825077,0.0008698425954207778
Training/meningioma/Tr-me_1130.jpg,meningioma,meningioma,True,0.014437149278819561,0.984863817691803,0.000458931754110381,0.00024008873151615262
Training/meningioma/Tr-me_1131.jpg,meningioma,meningioma,True,0.014192679896950722,0.9851837158203125,0.00038936943747103214,0.00023432263697031885
Training/meningioma/Tr-me_1138.jpg,meningioma,meningioma,True,0.0946635901927948,0.9021187424659729,0.0026775975711643696,0.0005401686648838222
Training/meningioma/Tr-me_1140.jpg,meningioma,meningioma,True,0.03787791728973389,0.9606767296791077,0.0010573809267953038,0.000388053129427135
Training/meningioma/Tr-me_1151.jpg,meningioma,meningioma,True,0.02638409659266472,0.9728719592094421,0.0005599638679996133,0.00018410944903735071
Training/meningioma/Tr-me_1155.jpg,meningioma,meningioma,True,0.015613923780620098,0.9837328791618347,0.00036960653960704803,0.00028350812499411404
Training/meningioma/Tr-me_1157.jpg,meningioma,meningioma,True,0.02409891039133072,0.9751767516136169,0.0005303958896547556,0.0001938941131811589
Training/meningioma/Tr-me_116.jpg,meningioma,meningioma,True,0.14795035123825073,0.5392515063285828,0.011419553309679031,0.30137863755226135
Training/meningioma/Tr-me_1167.jpg,meningioma,meningioma,True,0.02014581300318241,0.9792885184288025,0.0003484586486592889,0.00021716891205869615
Training/meningioma/Tr-me_1169.jpg,meningioma,glioma,False,0.5170510411262512,0.4793844223022461,0.0017553664511069655,0.0018091060919687152
Training/meningioma/Tr-me_1171.jpg,meningioma,meningioma,True,0.4543890357017517,0.526145875453949,0.004632106516510248,0.014833084307610989
Training/meningioma/Tr-me_1177.jpg,meningioma,glioma,False,0.5941950082778931,0.3992469906806946,0.0011350406566634774,0.005422968417406082
Training/meningioma/Tr-me_1181.jpg,meningioma,meningioma,True,0.2116963118314743,0.7045008540153503,0.004173282999545336,0.07962951064109802
Training/meningioma/Tr-me_1186.jpg,meningioma,meningioma,True,0.17403729259967804,0.8207635283470154,0.003315276699140668,0.0018838747637346387
Training/meningioma/Tr-me_1192.jpg,meningioma,meningioma,True,0.25168779492378235,0.7459513545036316,0.0013630930334329605,0.0009977633599191904
Training/meningioma/Tr-me_1193.jpg,meningioma,meningioma,True,0.3102635443210602,0.6645739078521729,0.00787936057895422,0.01728312484920025
Training/meningioma/Tr-me_1197.jpg,meningioma,meningioma,True,0.1926860809326172,0.8039767146110535,0.0022745917085558176,0.001062604715116322
Training/meningioma/Tr-me_1199.jpg,meningioma,meningioma,True,0.2190345674753189,0.7635270357131958,0.007102185394614935,0.010336235165596008
Training/meningioma/Tr-me_1203.jpg,meningioma,pituitary,False,0.006663769483566284,0.2574557960033417,0.009712890721857548,0.7261675000190735
Training/meningioma/Tr-me_1207.jpg,meningioma,meningioma,True,0.2139948457479477,0.7836347222328186,0.0009761502733454108,0.0013943018857389688
Training/meningioma/Tr-me_1215.jpg,meningioma,pituitary,False,0.03173986077308655,0.3950955271720886,0.0016933366423472762,0.5714712142944336
Training/meningioma/Tr-me_1222.jpg,meningioma,meningioma,True,0.015535461716353893,0.9835626482963562,0.0006399815320037305,0.0002619408769533038
Training/meningioma/Tr-me_1229.jpg,meningioma,meningioma,True,0.05473368242383003,0.9348487257957458,0.003668321995064616,0.006749236024916172
Training/meningioma/Tr-me_1239.jpg,meningioma,meningioma,True,0.15959011018276215,0.8388911485671997,0.0009212980512529612,0.0005973975639790297
Training/meningioma/Tr-me_1243.jpg,meningioma,glioma,False,0.9119482636451721,0.08515115827322006,0.0016525860410183668,0.001248047803528607
Training/meningioma/Tr-me_1254.jpg,meningioma,meningioma,True,0.030038028955459595,0.9662376642227173,0.0010802565375342965,0.002644114661961794
Training/meningioma/Tr-me_1256.jpg,meningioma,meningioma,True,0.4646921753883362,0.5145612955093384,0.010261471383273602,0.010485038161277771
Training/meningioma/Tr-me_1258.jpg,meningioma,meningioma,True,0.01904989406466484,0.9794549942016602,0.0005094244843348861,0.000985718215815723
Training/meningioma/Tr-me_1263.jpg,meningioma,meningioma,True,0.02859007567167282,0.9706012606620789,0.0004971084417775273,0.0003115791187155992
Training/meningioma/Tr-me_1264.jpg,meningioma,meningioma,True,0.04494712874293327,0.9542492628097534,0.0003151045530103147,0.0004884895752184093
Training/meningioma/Tr-me_1266.jpg,meningioma,meningioma,True,0.06345602869987488,0.9356023669242859,0.0004129543376620859,0.0005285885999910533
Training/meningioma/Tr-me_128.jpg,meningioma,meningioma,True,0.06454024463891983,0.9297283887863159,0.0017605031607672572,0.003970894496887922
Training/meningioma/Tr-me_1291.jpg,meningioma,glioma,False,0.9294138550758362,0.06767477095127106,0.000825597729999572,0.0020856710616499186
Training/meningioma/Tr-me_1300.jpg,meningioma,meningioma,True,0.01991395466029644,0.9795635342597961,0.0003222093218937516,0.00020023917022626847
Training/meningioma/Tr-me_132.jpg,meningioma,meningioma,True,0.019975628703832626,0.926478922367096,0.0014205330517143011,0.05212492495775223
Training/meningioma/Tr-me_146.jpg,meningioma,meningioma,True,0.017789632081985474,0.9813459515571594,0.00045531181967817247,0.0004090513102710247
Training/meningioma/Tr-me_147.jpg,meningioma,meningioma,True,0.2312547266483307,0.7549702525138855,0.008868084289133549,0.004906927701085806
Training/meningioma/Tr-me_15.jpg,meningioma,meningioma,True,0.021054387092590332,0.970755398273468,0.007476989645510912,0.0007131708553060889
Training/meningioma/Tr-me_159.jpg,meningioma,meningioma,True,0.02019265480339527,0.9705455899238586,0.006597594358026981,0.0026641800068318844
Training/meningioma/Tr-me_166.jpg,meningioma,meningioma,True,0.008195513859391212,0.9582861661911011,0.0009692315943539143,0.03254915028810501
Training/meningioma/Tr-me_173.jpg,meningioma,meningioma,True,0.0399073027074337,0.9591841101646423,0.0004967150744050741,0.00041189498733729124
Training/meningioma/Tr-me_177.jpg,meningioma,meningioma,True,0.11245737224817276,0.8847030997276306,0.0015063987812027335,0.0013332271482795477
Training/meningioma/Tr-me_182.jpg,meningioma,meningioma,True,0.38424384593963623,0.6073550581932068,0.0024757948704063892,0.005925231147557497
Training/meningioma/Tr-me_194.jpg,meningioma,glioma,False,0.6543851494789124,0.3406178057193756,0.0023809748236089945,0.002616049023345113
Training/meningioma/Tr-me_197.jpg,meningioma,glioma,False,0.5438551902770996,0.446514755487442,0.002956068841740489,0.006673965137451887
Training/meningioma/Tr-me_199.jpg,meningioma,meningioma,True,0.012354936450719833,0.9792695641517639,0.002182195894420147,0.006193306762725115
Training/meningioma/Tr-me_2.jpg,meningioma,meningioma,True,0.44675737619400024,0.5471747517585754,0.0009247788111679256,0.005143094342201948
Training/meningioma/Tr-me_20.jpg,meningioma,meningioma,True,0.02368665300309658,0.975559651851654,0.0005521739949472249,0.00020148855401203036
Training/meningioma/Tr-me_201.jpg,meningioma,meningioma,True,0.185219407081604,0.8106299638748169,0.0012720560189336538,0.00287853111512959
Training/meningioma/Tr-me_204.jpg,meningioma,meningioma,True,0.09676352888345718,0.9014694094657898,0.000984469661489129,0.0007826882065273821
Training/meningioma/Tr-me_206.jpg,meningioma,pituitary,False,0.15807639062404633,0.3952661454677582,0.044962383806705475,0.4016951620578766
Training/meningioma/Tr-me_208.jpg,meningioma,meningioma,True,0.14280538260936737,0.8556229472160339,0.000582209846470505,0.0009894678369164467
Training/meningioma/Tr-me_212.jpg,meningioma,meningioma,True,0.16990748047828674,0.8187488913536072,0.0016975387698039412,0.009646160528063774
Training/meningioma/Tr-me_217.jpg,meningioma,glioma,False,0.7371860146522522,0.2021826058626175,0.009153231047093868,0.05147811025381088
Training/meningioma/Tr-me_228.jpg,meningioma,meningioma,True,0.05762483552098274,0.9397773742675781,0.002110902452841401,0.0004868637479376048
Training/meningioma/Tr-me_23.jpg,meningioma,meningioma,True,0.4791312515735626,0.5168180465698242,0.0022091229911893606,0.0018415169324725866
Training/meningioma/Tr-me_231.jpg,meningioma,meningioma,True,0.0730569139122963,0.9259586930274963,0.0004893129225820303,0.0004950160509906709
Training/meningioma/Tr-me_236.jpg,meningioma,glioma,False,0.6187964677810669,0.37561434507369995,0.002737797098234296,0.002851377008482814
Training/meningioma/Tr-me_241.jpg,meningioma,notumor,False,0.038573745638132095,0.062191031873226166,0.8986487984657288,0.0005863894475623965
Training/meningioma/Tr-me_25.jpg,meningioma,meningioma,True,0.013817235827445984,0.9850400686264038,0.00040129863191396,0.0007414742140099406
Training/meningioma/Tr-me_268.jpg,meningioma,pituitary,False,0.009934630244970322,0.10158688575029373,0.004595097620040178,0.8838833570480347
Training/meningioma/Tr-me_278.jpg,meningioma,meningioma,True,0.014062152244150639,0.9852140545845032,0.00048020805115811527,0.00024363290867768228
Training/meningioma/Tr-me_280.jpg,meningioma,glioma,False,0.6689334511756897,0.3285384476184845,0.0010606900323182344,0.001467428170144558
Training/meningioma/Tr-me_283.jpg,meningioma,meningioma,True,0.008763185702264309,0.9893976449966431,0.0005465464782901108,0.0012925700284540653
Training/meningioma/Tr-me_292.jpg,meningioma,meningioma,True,0.1370943784713745,0.8471245765686035,0.00206832611002028,0.013712767511606216
Training/meningioma/Tr-me_294.jpg,meningioma,meningioma,True,0.13209526240825653,0.8628868460655212,0.0010490560671314597,0.003968888893723488
Training/meningioma/Tr-me_299.jpg,meningioma,meningioma,True,0.03170207515358925,0.9676815867424011,0.0003569586551748216,0.0002593963290564716
Training/meningioma/Tr-me_300.jpg,meningioma,glioma,False,0.8901358246803284,0.10775495320558548,0.0010854253778234124,0.0010237200185656548
Training/meningioma/Tr-me_315.jpg,meningioma,meningioma,True,0.01911650411784649,0.7222007513046265,0.023905495181679726,0.2347772866487503
Training/meningioma/Tr-me_318.jpg,meningioma,meningioma,True,0.11218632012605667,0.727767288684845,0.14271648228168488,0.01732996106147766
Training/meningioma/Tr-me_321.jpg,meningioma,meningioma,True,0.37615910172462463,0.6205302476882935,0.002382730133831501,0.0009279940277338028
Training/meningioma/Tr-me_325.jpg,meningioma,meningioma,True,0.012942181900143623,0.9762268662452698,0.000590931624174118,0.010240036994218826
Training/meningioma/Tr-me_327.jpg,meningioma,meningioma,True,0.4229634702205658,0.574749231338501,0.0008918906096369028,0.0013953903689980507
Training/meningioma/Tr-me_343.jpg,meningioma,meningioma,True,0.023079169914126396,0.7893173694610596,0.002174538793042302,0.1854289323091507
Training/meningioma/Tr-me_349.jpg,meningioma,meningioma,True,0.29747986793518066,0.6830070614814758,0.006618984043598175,0.012894071638584137
Training/meningioma/Tr-me_35.jpg,meningioma,glioma,False,0.7812381386756897,0.21437811851501465,0.0018775946227833629,0.002506147837266326
Training/meningioma/Tr-me_350.jpg,meningioma,meningioma,True,0.024570990353822708,0.9046249389648438,0.02060725912451744,0.05019678547978401
Training/meningioma/Tr-me_369.jpg,meningioma,meningioma,True,0.038140978664159775,0.9609642028808594,0.0005011397879570723,0.00039361894596368074
Training/meningioma/Tr-me_377.jpg,meningioma,meningioma,True,0.2842388153076172,0.7136478424072266,0.0007983810501173139,0.001314935158006847
Training/meningioma/Tr-me_38.jpg,meningioma,meningioma,True,0.011706018820405006,0.9872363209724426,0.0004969765432178974,0.0005606237682513893
Training/meningioma/Tr-me_389.jpg,meningioma,glioma,False,0.7870073318481445,0.20980316400527954,0.0014724665088579059,0.0017171017825603485
Training/meningioma/Tr-me_391.jpg,meningioma,meningioma,True,0.0255732461810112,0.9738054871559143,0.0003803907602559775,0.00024090816441457719
Training/meningioma/Tr-me_394.jpg,meningioma,meningioma,True,0.12150916457176208,0.8769180774688721,0.0005901342956349254,0.0009825947927311063
Training/meningioma/Tr-me_4.jpg,meningioma,glioma,False,0.9256826043128967,0.05660269409418106,0.0040519447065889835,0.013662805780768394
Training/meningioma/Tr-me_410.jpg,meningioma,meningioma,True,0.062836192548275,0.9356384873390198,0.0010702356230467558,0.00045512765063904226
Training/meningioma/Tr-me_413.jpg,meningioma,glioma,False,0.6519893407821655,0.33708861470222473,0.00742002110928297,0.003502111416310072
Training/meningioma/Tr-me_423.jpg,meningioma,meningioma,True,0.0888025239109993,0.9081231951713562,0.0024998311419039965,0.0005743632209487259
Training/meningioma/Tr-me_429.jpg,meningioma,meningioma,True,0.22156627476215363,0.7736042737960815,0.002551029669120908,0.002278469270095229
Training/meningioma/Tr-me_43.jpg,meningioma,meningioma,True,0.026506762951612473,0.9727070331573486,0.0004883093643002212,0.0002979232231155038
Training/meningioma/Tr-me_434.jpg,meningioma,meningioma,True,0.03212519735097885,0.9670560956001282,0.0004245806485414505,0.0003941114991903305
Training/meningioma/Tr-me_449.jpg,meningioma,meningioma,True,0.01646934449672699,0.9828444719314575,0.00032538536470383406,0.000360913691110909
Training/meningioma/Tr-me_45.jpg,meningioma,meningioma,True,0.28916680812835693,0.7083151936531067,0.0014826772967353463,0.001035414170473814
Training/meningioma/Tr-me_455.jpg,meningioma,meningioma,True,0.09932425618171692,0.8983868360519409,0.001154134632088244,0.0011347031686455011
Training/meningioma/Tr-me_478.jpg,meningioma,meningioma,True,0.11806242167949677,0.8800166249275208,0.0013008579844608903,0.0006200502975843847
Training/meningioma/Tr-me_483.jpg,meningioma,meningioma,True,0.025508640334010124,0.9737738370895386,0.0004486147954594344,0.00026888857246376574
Training/meningioma/Tr-me_498.jpg,meningioma,meningioma,True,0.07999524474143982,0.8126137852668762,0.03989257290959358,0.06749843806028366
Training/meningioma/Tr-me_500.jpg,meningioma,meningioma,True,0.016685064882040024,0.9827384352684021,0.00037665959098376334,0.00019985304970759898
Training/meningioma/Tr-me_507.jpg,meningioma,meningioma,True,0.0225889403373003,0.9765833616256714,0.0004710728535428643,0.00035671223304234445
Training/meningioma/Tr-me_512.jpg,meningioma,meningioma,True,0.07799229025840759,0.91960608959198,0.002070229733362794,0.0003314509813208133
Training/meningioma/Tr-me_513.jpg,meningioma,meningioma,True,0.05912842974066734,0.9397070407867432,0.0007786244386807084,0.0003857846313621849
Training/meningioma/Tr-me_520.jpg,meningioma,meningioma,True,0.08391570299863815,0.9107024669647217,0.0036523391027003527,0.0017295235302299261
Training/meningioma/Tr-me_527.jpg,meningioma,meningioma,True,0.04995496943593025,0.9474586248397827,0.0018422194989398122,0.0007442338392138481
Training/meningioma/Tr-me_529.jpg,meningioma,meningioma,True,0.014645428396761417,0.984250545501709,0.0005005071288906038,0.0006034007528796792
Training/meningioma/Tr-me_532.jpg,meningioma,glioma,False,0.3684450387954712,0.3314719796180725,0.017185093834996223,0.28289783000946045
Training/meningioma/Tr-me_554.jpg,meningioma,meningioma,True,0.019209865480661392,0.980093777179718,0.00043588411062955856,0.00026046749553643167
Training/meningioma/Tr-me_560.jpg,meningioma,meningioma,True,0.016031593084335327,0.9834670424461365,0.00028113144799135625,0.00022021356562618166
Training/meningioma/Tr-me_567.jpg,meningioma,notumor,False,0.011349890381097794,0.08772142231464386,0.9002260565757751,0.0007025889935903251
Training/meningioma/Tr-me_573.jpg,meningioma,meningioma,True,0.038882505148649216,0.9531769156455994,0.00447661941871047,0.0034639080986380577
Training/meningioma/Tr-me_574.jpg,meningioma,meningioma,True,0.2087700515985489,0.7890027761459351,0.0011431126622483134,0.0010841407347470522
Training/meningioma/Tr-me_579.jpg,meningioma,meningioma,True,0.10628890991210938,0.8925072550773621,0.0009635749738663435,0.0002402726822765544
Training/meningioma/Tr-me_592.jpg,meningioma,meningioma,True,0.37746351957321167,0.6205316781997681,0.0009425317985005677,0.0010622217087075114
Training/meningioma/Tr-me_607.jpg,meningioma,meningioma,True,0.014178002253174782,0.9851579070091248,0.0003825821331702173,0.00028139867936261
Training/meningioma/Tr-me_621.jpg,meningioma,glioma,False,0.5915698409080505,0.390717089176178,0.005651720333844423,0.012061333283782005
Training/meningioma/Tr-me_623.jpg,meningioma,meningioma,True,0.1913822740316391,0.7975820899009705,0.00309121236205101,0.00794439297169447
Training/meningioma/Tr-me_631.jpg,meningioma,meningioma,True,0.022703513503074646,0.9695846438407898,0.004376399330794811,0.003335363930091262
Training/meningioma/Tr-me_636.jpg,meningioma,meningioma,True,0.4559425711631775,0.5419037938117981,0.0011294314172118902,0.001024254597723484
Training/meningioma/Tr-me_637.jpg,meningioma,meningioma,True,0.08525964617729187,0.5645185708999634,0.34685131907463074,0.003370357444509864
Training/meningioma/Tr-me_640.jpg,meningioma,glioma,False,0.7117738723754883,0.284753680229187,0.0014351519057527184,0.0020373377483338118
Training/meningioma/Tr-me_643.jpg,meningioma,meningioma,True,0.010746886022388935,0.980983316898346,0.0005553812370635569,0.007714400999248028
Training/meningioma/Tr-me_646.jpg,meningioma,meningioma,True,0.26152414083480835,0.7339584231376648,0.001808636006899178,0.0027088485658168793
Training/meningioma/Tr-me_649.jpg,meningioma,meningioma,True,0.028218038380146027,0.9644969701766968,0.005782670341432095,0.00150243507232517
Training/meningioma/Tr-me_65.jpg,meningioma,meningioma,True,0.01606859639286995,0.9830965995788574,0.00048102185246534646,0.0003538666642270982
Training/meningioma/Tr-me_652.jpg,meningioma,meningioma,True,0.03785892575979233,0.9614286422729492,0.0004555827472358942,0.0002568806812632829
Training/meningioma/Tr-me_656.jpg,meningioma,meningioma,True,0.012872174382209778,0.9861277341842651,0.0005307276151143014,0.0004692784568760544
Training/meningioma/Tr-me_67.jpg,meningioma,glioma,False,0.5005959272384644,0.48065251111984253,0.009094767272472382,0.009656745009124279
Training/meningioma/Tr-me_671.jpg,meningioma,meningioma,True,0.1148298904299736,0.8840907216072083,0.0007274314993992448,0.00035198050318285823
Training/meningioma/Tr-me_672.jpg,meningioma,meningioma,True,0.05927007645368576,0.9267759919166565,0.0009315952192991972,0.01302243210375309
Training/meningioma/Tr-me_677.jpg,meningioma,meningioma,True,0.2272893339395523,0.771216094493866,0.0007996291387826204,0.0006948508089408278
Training/meningioma/Tr-me_694.jpg,meningioma,meningioma,True,0.026056908071041107,0.9702942371368408,0.0009719301015138626,0.0026769584510475397
Training/meningioma/Tr-me_699.jpg,meningioma,meningioma,True,0.035530976951122284,0.9623162746429443,0.0012185722589492798,0.0009343032725155354
Training/meningioma/Tr-me_703.jpg,meningioma,meningioma,True,0.02031371369957924,0.9198499321937561,0.033727798610925674,0.026108521968126297
Training/meningioma/Tr-me_705.jpg,meningioma,meningioma,True,0.01848677173256874,0.9787824749946594,0.001241598161868751,0.0014891329919919372
Training/meningioma/Tr-me_707.jpg,meningioma,meningioma,True,0.15397408604621887,0.8441958427429199,0.0008834255277179182,0.0009466629708185792
Training/meningioma/Tr-me_709.jpg,meningioma,meningioma,True,0.027255529537796974,0.9708032608032227,0.0010531805455684662,0.000888122885953635
Training/meningioma/Tr-me_719.jpg,meningioma,meningioma,True,0.027455423027276993,0.9714568853378296,0.00083119299961254,0.00025655131321400404
Training/meningioma/Tr-me_73.jpg,meningioma,meningioma,True,0.055831070989370346,0.9024401307106018,0.030513741075992584,0.011215036734938622
Training/meningioma/Tr-me_733.jpg,meningioma,meningioma,True,0.08396927267313004,0.9142314791679382,0.0007307036430574954,0.0010685038287192583
Training/meningioma/Tr-me_742.jpg,meningioma,meningioma,True,0.11812034994363785,0.8489202260971069,0.021252742037177086,0.011706643737852573
Training/meningioma/Tr-me_755.jpg,meningioma,meningioma,True,0.1136680319905281,0.8845774531364441,0.001218549208715558,0.0005359991337172687
Training/meningioma/Tr-me_764.jpg,meningioma,glioma,False,0.977816641330719,0.019675463438034058,0.0007132546161301434,0.0017945906147360802
Training/meningioma/Tr-me_765.jpg,meningioma,meningioma,True,0.1733909398317337,0.8243467211723328,0.0015015675453469157,0.0007608369342051446
Training/meningioma/Tr-me_772.jpg,meningioma,meningioma,True,0.01633007451891899,0.9828128218650818,0.0005753160221502185,0.00028188133728690445
Training/meningioma/Tr-me_774.jpg,meningioma,meningioma,True,0.02124549075961113,0.9780664443969727,0.00045040849363431334,0.00023763669014442712
Training/meningioma/Tr-me_777.jpg,meningioma,meningioma,True,0.027640968561172485,0.9631161689758301,0.004059912171214819,0.005182967521250248
Training/meningioma/Tr-me_78.jpg,meningioma,meningioma,True,0.04987862706184387,0.947890043258667,0.0010814073029905558,0.001149938558228314
Training/meningioma/Tr-me_782.jpg,meningioma,meningioma,True,0.0479590967297554,0.9506704807281494,0.0007062946679070592,0.0006640909123234451
Training/meningioma/Tr-me_784.jpg,meningioma,meningioma,True,0.021899722516536713,0.9765764474868774,0.0009357098606415093,0.0005880933022126555
Training/meningioma/Tr-me_788.jpg,meningioma,meningioma,True,0.03414163365960121,0.8986963629722595,0.006553730461746454,0.06060826778411865
Training/meningioma/Tr-me_790.jpg,meningioma,meningioma,True,0.0386296845972538,0.952156662940979,0.003809587098658085,0.005404001567512751
Training/meningioma/Tr-me_8.jpg,meningioma,glioma,False,0.9674256443977356,0.03194328024983406,0.00026632266235537827,0.00036481404094956815
Training/meningioma/Tr-me_809.jpg,meningioma,meningioma,True,0.034330546855926514,0.9645256400108337,0.0003710399614647031,0.0007727880147285759
Training/meningioma/Tr-me_814.jpg,meningioma,meningioma,True,0.010178429074585438,0.9884629845619202,0.0005807408015243709,0.0007778949220664799
Training/meningioma/Tr-me_815.jpg,meningioma,meningioma,True,0.017929309979081154,0.9813004732131958,0.00039964515599422157,0.00037063920171931386
Training/meningioma/Tr-me_822.jpg,meningioma,meningioma,True,0.019413625821471214,0.9800024032592773,0.0003740561369340867,0.00020998991385567933
Training/meningioma/Tr-me_829.jpg,meningioma,meningioma,True,0.03397577628493309,0.9652214050292969,0.0004462729557417333,0.00035659639979712665
Training/meningioma/Tr-me_830.jpg,meningioma,meningioma,True,0.447258859872818,0.5509026050567627,0.0008434493211098015,0.000995116075500846
Training/meningioma/Tr-me_848.jpg,meningioma,meningioma,True,0.02584366500377655,0.9731783866882324,0.00042853568447753787,0.0005493962671607733
Training/meningioma/Tr-me_855.jpg,meningioma,meningioma,True,0.027958836406469345,0.9712857007980347,0.00044469881686381996,0.00031073580612428486
Training/meningioma/Tr-me_866.jpg,meningioma,meningioma,True,0.31846049427986145,0.6769625544548035,0.0013713969383388758,0.0032055119518190622
Training/meningioma/Tr-me_893.jpg,meningioma,meningioma,True,0.157774418592453,0.7706329822540283,0.003638879396021366,0.06795383989810944
Training/meningioma/Tr-me_903.jpg,meningioma,meningioma,True,0.2833411395549774,0.7141943573951721,0.0012312921462580562,0.0012332299957051873
Training/meningioma/Tr-me_908.jpg,meningioma,meningioma,True,0.3667869567871094,0.6308465003967285,0.000690694258082658,0.0016759063582867384
Training/meningioma/Tr-me_909.jpg,meningioma,meningioma,True,0.44328996539115906,0.5488002896308899,0.002929879352450371,0.004979835823178291
Training/meningioma/Tr-me_912.jpg,meningioma,pituitary,False,0.07619821280241013,0.1886342167854309,0.05425027012825012,0.6809172630310059
Training/meningioma/Tr-me_917.jpg,meningioma,glioma,False,0.7113219499588013,0.28136152029037476,0.0036220704205334187,0.003694426966831088
Training/meningioma/Tr-me_926.jpg,meningioma,pituitary,False,0.007438482716679573,0.19579115509986877,0.003978568594902754,0.7927918434143066
Training/meningioma/Tr-me_927.jpg,meningioma,meningioma,True,0.033745553344488144,0.965522825717926,0.00044105073902755976,0.000290640105959028
Training/meningioma/Tr-me_935.jpg,meningioma,meningioma,True,0.01583900675177574,0.9835920333862305,0.00037042764597572386,0.00019845411588903517
Training/meningioma/Tr-me_938.jpg,meningioma,pituitary,False,0.09509310126304626,0.41368091106414795,0.0037626458797603846,0.48746341466903687
Training/meningioma/Tr-me_955.jpg,meningioma,meningioma,True,0.02143714763224125,0.9779291749000549,0.0004408964596223086,0.00019285024609416723
Training/meningioma/Tr-me_963.jpg,meningioma,meningioma,True,0.18344810605049133,0.7452818751335144,0.047862131148576736,0.0234078299254179
Training/meningioma/Tr-me_974.jpg,meningioma,meningioma,True,0.020095596089959145,0.9779424071311951,0.0014747538371011615,0.0004872887802775949
Training/meningioma/Tr-me_977.jpg,meningioma,meningioma,True,0.05874522030353546,0.9390760064125061,0.0013018811587244272,0.0008769489359110594
Training/meningioma/Tr-me_98.jpg,meningioma,meningioma,True,0.016670458018779755,0.982606828212738,0.0004732071829494089,0.0002494871732778847
Training/meningioma/Tr-me_981.jpg,meningioma,pituitary,False,0.0020240412559360266,0.024479741230607033,0.0015639124903827906,0.9719323515892029
Training/meningioma/Tr-me_984.jpg,meningioma,pituitary,False,0.00412459671497345,0.048911601305007935,0.00262336409650743,0.9443404078483582
Training/meningioma/Tr-me_986.jpg,meningioma,meningioma,True,0.015128768980503082,0.9838063716888428,0.0006664932589046657,0.00039841874968260527
Training/meningioma/Tr-me_990.jpg,meningioma,meningioma,True,0.1759195327758789,0.8069490194320679,0.014834783039987087,0.0022967008408159018
Training/meningioma/Tr-me_997.jpg,meningioma,meningioma,True,0.03913677856326103,0.9598809480667114,0.0007321037701331079,0.00025014986749738455
Training/notumor/Tr-no_1001.jpg,notumor,notumor,True,0.0030799235682934523,0.0017074058996513486,0.9947104454040527,0.0005022002151235938
Training/notumor/Tr-no_1005.jpg,notumor,notumor,True,0.0024203862994909286,0.0015346137806773186,0.9957161545753479,0.00032880023354664445
Training/notumor/Tr-no_1007.jpg,notumor,pituitary,False,0.059793807566165924,0.28017595410346985,0.0758562758564949,0.5841740369796753
Training/notumor/Tr-no_1014.jpg,notumor,notumor,True,0.0005973802763037384,0.0010393488919362426,0.9981765747070312,0.00018670991994440556
Training/notumor/Tr-no_1021.jpg,notumor,notumor,True,0.02744249254465103,0.04898437112569809,0.923014223575592,0.0005589534412138164
Training/notumor/Tr-no_1024.jpg,notumor,notumor,True,0.1174735277891159,0.18546614050865173,0.6888895034790039,0.008170893415808678
Training/notumor/Tr-no_1028.jpg,notumor,notumor,True,0.0011652810499072075,0.0013783894246444106,0.9971755743026733,0.00028072186978533864
Training/notumor/Tr-no_1036.jpg,notumor,notumor,True,0.13171836733818054,0.15972237288951874,0.7023242712020874,0.0062349955551326275
Training/notumor/Tr-no_1046.jpg,notumor,notumor,True,0.025041453540325165,0.10202284902334213,0.8717294335365295,0.0012063025496900082
Training/notumor/Tr-no_1048.jpg,notumor,notumor,True,0.19442051649093628,0.2205727994441986,0.5554044842720032,0.029602210968732834
Training/notumor/Tr-no_1057.jpg,notumor,notumor,True,0.004628152586519718,0.0037898365408182144,0.9913420081138611,0.00024005338491406292
Training/notumor/Tr-no_1065.jpg,notumor,notumor,True,0.004851776175200939,0.006491474807262421,0.9884728789329529,0.00018384162103757262
Training/notumor/Tr-no_1069.jpg,notumor,notumor,True,0.0006491090171039104,0.001269316067919135,0.9978891015052795,0.00019246262672822922
Training/notumor/Tr-no_1072.jpg,notumor,notumor,True,0.0029720624443143606,0.007416040636599064,0.9887564778327942,0.0008553839870728552
Training/notumor/Tr-no_1092.jpg,notumor,notumor,True,0.0018041054718196392,0.0032847526017576456,0.9944360256195068,0.0004751636879518628
Training/notumor/Tr-no_1096.jpg,notumor,meningioma,False,0.08041365444660187,0.802490770816803,0.018790367990732193,0.09830515086650848
Training/notumor/Tr-no_1104.jpg,notumor,notumor,True,0.00407702662050724,0.004441485274583101,0.9911475777626038,0.0003339152899570763
Training/notumor/Tr-no_1109.jpg,notumor,notumor,True,0.01833365112543106,0.01717362180352211,0.96421879529953,0.00027388721355237067
Training/notumor/Tr-no_1111.jpg,notumor,glioma,False,0.6852018237113953,0.034652229398489,0.24625122547149658,0.03389478102326393
Training/notumor/Tr-no_1121.jpg,notumor,notumor,True,0.0033330845180898905,0.0030701584182679653,0.9933752417564392,0.00022148132848087698
Training/notumor/Tr-no_1128.jpg,notumor,notumor,True,0.0006731990142725408,0.0020939332898706198,0.9970096349716187,0.0002232102124253288
Training/notumor/Tr-no_1129.jpg,notumor,notumor,True,0.031616225838661194,0.023504704236984253,0.9419510364532471,0.0029280006419867277
Training/notumor/Tr-no_113.jpg,notumor,notumor,True,0.0034104478545486927,0.0012284200638532639,0.995253324508667,0.00010783484322018921
Training/notumor/Tr-no_1141.jpg,notumor,notumor,True,0.016184145584702492,0.013522155582904816,0.9425745606422424,0.027719218283891678
Training/notumor/Tr-no_1143.jpg,notumor,notumor,True,0.0032703920733183622,0.006979990750551224,0.9889357686042786,0.0008139710407704115
Training/notumor/Tr-no_1159.jpg,notumor,notumor,True,0.0014944043941795826,0.004401274491101503,0.9935774207115173,0.000526927353348583
Training/notumor/Tr-no_1173.jpg,notumor,notumor,True,0.02454003132879734,0.22003185749053955,0.7524558305740356,0.002972331363707781
Training/notumor/Tr-no_1177.jpg,notumor,notumor,True,0.010252410545945168,0.01674608513712883,0.9719135165214539,0.0010879191104322672
Training/notumor/Tr-no_1184.jpg,notumor,notumor,True,0.0014928861055523157,0.004131408408284187,0.9939219951629639,0.0004537157074082643
Training/notumor/Tr-no_1186.jpg,notumor,notumor,True,0.09826934337615967,0.2963898479938507,0.599560558795929,0.005780206993222237
Training/notumor/Tr-no_1194.jpg,notumor,notumor,True,0.03143397718667984,0.011947572231292725,0.9559398293495178,0.0006786143640056252
Training/notumor/Tr-no_1197.jpg,notumor,meningioma,False,0.15773168206214905,0.524328887462616,0.3144350051879883,0.0035044176038354635
Training/notumor/Tr-no_1199.jpg,notumor,notumor,True,0.001725326175801456,0.002298633335158229,0.9957901835441589,0.0001859516924014315
Training/notumor/Tr-no_120.jpg,notumor,notumor,True,0.018984558060765266,0.017045142129063606,0.9619747996330261,0.0019955337047576904
Training/notumor/Tr-no_1204.jpg,notumor,notumor,True,0.023348359391093254,0.18946264684200287,0.7838541269302368,0.0033348985016345978
Training/notumor/Tr-no_1205.jpg,notumor,notumor,True,0.23149709403514862,0.3294719457626343,0.4283353090286255,0.010695706121623516
Training/notumor/Tr-no_1218.jpg,notumor,notumor,True,0.0048112329095602036,0.002430398715659976,0.9925246834754944,0.00023371232964564115
Training/notumor/Tr-no_1221.jpg,notumor,notumor,True,0.0019413584377616644,0.002133078407496214,0.9957483410835266,0.0001772531686583534
Training/notumor/Tr-no_1225.jpg,notumor,notumor,True,0.004260006360709667,0.02220764569938183,0.9721400141716003,0.0013922338839620352
Training/notumor/Tr-no_1229.jpg,notumor,notumor,True,0.0020126281306147575,0.0007499658968299627,0.9971121549606323,0.00012534049164969474
Training/notumor/Tr-no_123.jpg,notumor,notumor,True,0.058579351752996445,0.10262983292341232,0.5772266983985901,0.26156413555145264
Training/notumor/Tr-no_1248.jpg,notumor,notumor,True,0.1214112639427185,0.3057612180709839,0.5669116377830505,0.00591585086658597
Training/notumor/Tr-no_1253.jpg,notumor,notumor,True,0.03143397718667984,0.011947572231292725,0.9559398293495178,0.0006786143640056252
Training/notumor/Tr-no_1258.jpg,notumor,notumor,True,0.0010751032968983054,0.0010759588330984116,0.9975640773773193,0.000284975249087438
Training/notumor/Tr-no_1267.jpg,notumor,meningioma,False,0.1454291045665741,0.49713197350502014,0.34661030769348145,0.010828626342117786
Training/notumor/Tr-no_1271.jpg,notumor,notumor,True,0.1464158445596695,0.33833467960357666,0.4969397187232971,0.018309764564037323
Training/notumor/Tr-no_1273.jpg,notumor,notumor,True,0.004569718148559332,0.005398612003773451,0.9895135164260864,0.0005180787411518395
Training/notumor/Tr-no_1278.jpg,notumor,notumor,True,0.0006655610632151365,0.0012259655632078648,0.9978100657463074,0.0002984785533044487
Training/notumor/Tr-no_128.jpg,notumor,notumor,True,0.0853840783238411,0.19527369737625122,0.716460108757019,0.002882117871195078
Training/notumor/Tr-no_131.jpg,notumor,notumor,True,0.0026439260691404343,0.003353575011715293,0.9935021996498108,0.000500226451549679
Training/notumor/Tr-no_1312.jpg,notumor,notumor,True,0.0021338285878300667,0.0014572812942788005,0.9960653185844421,0.0003436675469856709
Training/notumor/Tr-no_1317.jpg,notumor,notumor,True,0.006633208133280277,0.004835133906453848,0.9870655536651611,0.0014661039458587766
Training/notumor/Tr-no_1324.jpg,notumor,notumor,True,0.000514607469085604,0.0009490365046076477,0.9983435869216919,0.00019285663438495249
Training/notumor/Tr-no_1329.jpg,notumor,pituitary,False,0.00418889569118619,0.019565390422940254,0.0004824873467441648,0.975763201713562
Training/notumor/Tr-no_1331.jpg,notumor,meningioma,False,0.23585213720798492,0.4500926434993744,0.3042595684528351,0.009795662946999073
Training/notumor/Tr-no_1334.jpg,notumor,notumor,True,0.001322282711043954,0.0008592421072535217,0.9976575374603271,0.0001609608589205891
Training/notumor/Tr-no_1335.jpg,notumor,notumor,True,0.017117690294981003,0.005401925183832645,0.9766327142715454,0.0008476586081087589
Training/notumor/Tr-no_1337.jpg,notumor,notumor,True,0.004638939630240202,0.008948922157287598,0.9861626029014587,0.00024942096206359565
Training/notumor/Tr-no_1345.jpg,notumor,notumor,True,0.0022334842942655087,0.0019220486283302307,0.9956771731376648,0.00016736968245822936
Training/notumor/Tr-no_135.jpg,notumor,notumor,True,0.006114066578447819,0.0060014305636286736,0.987630307674408,0.0002542344736866653
Training/notumor/Tr-no_1351.jpg,notumor,notumor,True,0.026205219328403473,0.04651569202542305,0.9260693788528442,0.001209722482599318
Training/notumor/Tr-no_1354.jpg,notumor,notumor,True,0.21957771480083466,0.2813769280910492,0.47496432065963745,0.024080971255898476
Training/notumor/Tr-no_1357.jpg,notumor,notumor,True,0.09878099709749222,0.41599926352500916,0.4818306565284729,0.003389068879187107
Training/notumor/Tr-no_1358.jpg,notumor,notumor,True,0.0034027700312435627,0.006396262440830469,0.9900256395339966,0.00017540431872475892
Training/notumor/Tr-no_137.jpg,notumor,notumor,True,0.008624458685517311,0.02198103442788124,0.9671374559402466,0.0022571042645722628
Training/notumor/Tr-no_1380.jpg,notumor,notumor,True,0.01833365112543106,0.01717362180352211,0.96421879529953,0.00027388721355237067
Training/notumor/Tr-no_1386.jpg,notumor,notumor,True,0.014604734256863594,0.014562031254172325,0.9681753516197205,0.0026578977704048157
Training/notumor/Tr-no_1395.jpg,notumor,notumor,True,0.0022860453464090824,0.0034918636083602905,0.9940528273582458,0.00016919084009714425
Training/notumor/Tr-no_140.jpg,notumor,notumor,True,0.022061681374907494,0.017413156107068062,0.960225522518158,0.0002996971015818417
Training/notumor/Tr-no_150.jpg,notumor,notumor,True,0.010059560649096966,0.004681379068642855,0.9850570559501648,0.00020193521049804986
Training/notumor/Tr-no_152.jpg,notumor,notumor,True,0.0033877287060022354,0.0012150160036981106,0.9952912330627441,0.00010611159086693078
Training/notumor/Tr-no_162.jpg,notumor,notumor,True,0.003416466759517789,0.006540005560964346,0.9898686408996582,0.00017483376723248512
Training/notumor/Tr-no_17.jpg,notumor,notumor,True,0.0022860453464090824,0.0034918636083602905,0.9940528273582458,0.00016919084009714425
Training/notumor/Tr-no_173.jpg,notumor,notumor,True,0.04104131460189819,0.06462348997592926,0.8891836404800415,0.005151552148163319
Training/notumor/Tr-no_180.jpg,notumor,notumor,True,0.12095281481742859,0.398059219121933,0.4622977375984192,0.01869017444550991
Training/notumor/Tr-no_181.jpg,notumor,notumor,True,0.002244868315756321,0.0037430941592901945,0.9937291145324707,0.00028287951136007905
Training/notumor/Tr-no_198.jpg,notumor,meningioma,False,0.2461763471364975,0.34711968898773193,0.32961443066596985,0.07708960771560669
Training/notumor/Tr-no_20.jpg,notumor,meningioma,False,0.2788391411304474,0.35851362347602844,0.34135618805885315,0.021291078999638557
Training/notumor/Tr-no_207.jpg,notumor,notumor,True,0.016554035246372223,0.027104992419481277,0.9543753266334534,0.00196566223166883
Training/notumor/Tr-no_208.jpg,notumor,notumor,True,0.07598599791526794,0.21460552513599396,0.7067440152168274,0.00266453274525702
Training/notumor/Tr-no_214.jpg,notumor,notumor,True,0.14247767627239227,0.3631308972835541,0.47647514939308167,0.017916277050971985
Training/notumor/Tr-no_218.jpg,notumor,notumor,True,0.025328081101179123,0.09070607274770737,0.8824836611747742,0.0014821981312707067
Training/notumor/Tr-no_227.jpg,notumor,notumor,True,0.0015700318617746234,0.0009634240996092558,0.9973865151405334,7.999212539289147e-05
Training/notumor/Tr-no_235.jpg,notumor,notumor,True,0.001322282711043954,0.0008592421072535217,0.9976575374603271,0.0001609608589205891
Training/notumor/Tr-no_242.jpg,notumor,notumor,True,0.021213844418525696,0.017726600170135498,0.960813045501709,0.0002465147990733385
Training/notumor/Tr-no_248.jpg,notumor,notumor,True,0.03027256764471531,0.011294248513877392,0.957935094833374,0.0004981357487849891
Training/notumor/Tr-no_274.jpg,notumor,notumor,True,0.0296261478215456,0.15529264509677887,0.813660204410553,0.0014209701912477612
Training/notumor/Tr-no_28.jpg,notumor,notumor,True,0.07422757148742676,0.2028045803308487,0.5931949615478516,0.12977294623851776
Training/notumor/Tr-no_285.jpg,notumor,notumor,True,0.0019020797917619348,0.0038329267408698797,0.9941476583480835,0.00011727367382263765
Training/notumor/Tr-no_291.jpg,notumor,notumor,True,0.004675780888646841,0.01898675598204136,0.975904107093811,0.00043334788642823696
Training/notumor/Tr-no_294.jpg,notumor,notumor,True,0.07357875257730484,0.015144585631787777,0.9101669192314148,0.0011097316164523363
Training/notumor/Tr-no_295.jpg,notumor,notumor,True,0.024808423593640327,0.04137333855032921,0.9318516850471497,0.0019665779545903206
Training/notumor/Tr-no_298.jpg,notumor,notumor,True,0.06480252742767334,0.0032813912257552147,0.9256666898727417,0.006249495781958103
Training/notumor/Tr-no_299.jpg,notumor,notumor,True,0.16920150816440582,0.1671198606491089,0.639107882976532,0.02457069791853428
Training/notumor/Tr-no_3.jpg,notumor,notumor,True,0.007498548831790686,0.004284616094082594,0.9841708540916443,0.004045958165079355
Training/notumor/Tr-no_300.jpg,notumor,notumor,True,0.004926485475152731,0.010562493465840816,0.9840975403785706,0.0004134655464440584
Training/notumor/Tr-no_302.jpg,notumor,notumor,True,0.027249876409769058,0.03704505041241646,0.9299628138542175,0.005742175038903952
Training/notumor/Tr-no_305.jpg,notumor,meningioma,False,0.1314145177602768,0.8327965140342712,0.01833859272301197,0.017450379207730293
Training/notumor/Tr-no_307.jpg,notumor,pituitary,False,0.040525246411561966,0.10290375351905823,0.012866610661149025,0.843704342842102
Training/notumor/Tr-no_309.jpg,notumor,notumor,True,0.4159563183784485,0.02262442372739315,0.5598721504211426,0.0015471026999875903
Training/notumor/Tr-no_31.jpg,notumor,notumor,True,0.05612444132566452,0.03121958114206791,0.9096823930740356,0.002973580965772271
Training/notumor/Tr-no_316.jpg,notumor,notumor,True,0.024070942774415016,0.20426470041275024,0.7687631845474243,0.002901155734434724
Training/notumor/Tr-no_324.jpg,notumor,notumor,True,0.023998551070690155,0.06971082091331482,0.9058135747909546,0.00047706690384075046
Training/notumor/Tr-no_336.jpg,notumor,notumor,True,0.029297102242708206,0.04934214800596237,0.9206593632698059,0.0007014404400251806
Training/notumor/Tr-no_344.jpg,notumor,notumor,True,0.047300104051828384,0.07373354583978653,0.8743352890014648,0.0046309418976306915
Training/notumor/Tr-no_349.jpg,notumor,notumor,True,0.0060087041929364204,0.002782158786430955,0.9910321831703186,0.00017696869326755404
Training/notumor/Tr-no_350.jpg,notumor,notumor,True,0.002790844766423106,0.003391539677977562,0.9933746457099915,0.0004430418193805963
Training/notumor/Tr-no_358.jpg,notumor,notumor,True,0.015757719054818153,0.09826517850160599,0.8853397965431213,0.0006372956559062004
Training/notumor/Tr-no_366.jpg,notumor,notumor,True,0.0012592887505888939,0.0018614098662510514,0.9966322779655457,0.000246994401095435
Training/notumor/Tr-no_372.jpg,notumor,notumor,True,0.01300826109945774,0.04418756067752838,0.9103801846504211,0.03242408111691475
Training/notumor/Tr-no_376.jpg,notumor,notumor,True,0.008337438106536865,0.005028177984058857,0.9860016107559204,0.0006327786250039935
Training/notumor/Tr-no_38.jpg,notumor,notumor,True,0.0030178194865584373,0.003176072146743536,0.9935649037361145,0.00024119587033055723
Training/notumor/Tr-no_380.jpg,notumor,meningioma,False,0.1454291045665741,0.49713197350502014,0.34661030769348145,0.010828626342117786
Training/notumor/Tr-no_381.jpg,notumor,notumor,True,0.0028546974062919617,0.0025722298305481672,0.9942203760147095,0.00035268175997771323
Training/notumor/Tr-no_387.jpg,notumor,meningioma,False,0.1454291045665741,0.49713197350502014,0.34661030769348145,0.010828626342117786
Training/notumor/Tr-no_392.jpg,notumor,notumor,True,0.01835792139172554,0.0076837423257529736,0.9736202359199524,0.00033811491448432207
Training/notumor/Tr-no_398.jpg,notumor,notumor,True,0.0018132320838049054,0.0022921457421034575,0.995716392993927,0.00017810893768910319
Training/notumor/Tr-no_40.jpg,notumor,notumor,True,0.004448955412954092,0.0030355623457580805,0.9922457337379456,0.00026982324197888374
Training/notumor/Tr-no_408.jpg,notumor,notumor,True,0.03313222900032997,0.12782233953475952,0.8368486762046814,0.002196668414399028
Training/notumor/Tr-no_418.jpg,notumor,notumor,True,0.009913574904203415,0.005075931549072266,0.9843132495880127,0.0006972237606532872
Training/notumor/Tr-no_429.jpg,notumor,notumor,True,0.01601126790046692,0.018981529399752617,0.9628278613090515,0.0021792897023260593
Training/notumor/Tr-no_434.jpg,notumor,notumor,True,0.018973035737872124,0.030463045462965965,0.9499333500862122,0.0006305507267825305
Training/notumor/Tr-no_436.jpg,notumor,notumor,True,0.04292004555463791,0.10555493086576462,0.8494930267333984,0.0020319330506026745
Training/notumor/Tr-no_439.jpg,notumor,notumor,True,0.004987606778740883,0.0023758960887789726,0.9924103021621704,0.0002262126508867368
Training/notumor/Tr-no_442.jpg,notumor,meningioma,False,0.33749622106552124,0.557450532913208,0.10319119691848755,0.0018620648188516498
Training/notumor/Tr-no_444.jpg,notumor,notumor,True,0.12082577496767044,0.012179548852145672,0.8657523393630981,0.0012422498548403382
Training/notumor/Tr-no_449.jpg,notumor,notumor,True,0.0013677518581971526,0.0026430529542267323,0.9958117008209229,0.00017747572564985603
Training/notumor/Tr-no_451.jpg,notumor,notumor,True,0.0010520089417696,0.004327803384512663,0.9936468601226807,0.000973329646512866
Training/notumor/Tr-no_454.jpg,notumor,notumor,True,0.025041453540325165,0.10202284902334213,0.8717294335365295,0.0012063025496900082
Training/notumor/Tr-no_471.jpg,notumor,notumor,True,0.004513963125646114,0.010882683098316193,0.983773946762085,0.0008293743594549596
Training/notumor/Tr-no_495.jpg,notumor,notumor,True,0.049469880759716034,0.03840572386980057,0.9109420776367188,0.0011822291417047381
Training/notumor/Tr-no_503.jpg,notumor,notumor,True,0.02744249254465103,0.04898437112569809,0.923014223575592,0.0005589534412138164
Training/notumor/Tr-no_505.jpg,notumor,notumor,True,0.15469807386398315,0.3867039680480957,0.4430459439754486,0.015552019700407982
Training/notumor/Tr-no_507.jpg,notumor,notumor,True,0.005888754036277533,0.004262558184564114,0.9896233677864075,0.0002252748963655904
Training/notumor/Tr-no_509.jpg,notumor,notumor,True,0.012940297834575176,0.07211069017648697,0.9145455956459045,0.0004035117744933814
Training/notumor/Tr-no_518.jpg,notumor,notumor,True,0.0016713900258764625,0.0028297388926148415,0.9953745007514954,0.0001243307051481679
Training/notumor/Tr-no_520.jpg,notumor,meningioma,False,0.12311814725399017,0.5734964609146118,0.2978956699371338,0.005489826202392578
Training/notumor/Tr-no_524.jpg,notumor,notumor,True,0.0019185807323083282,0.0022308966144919395,0.9955507516860962,0.0002997404953930527
Training/notumor/Tr-no_525.jpg,notumor,notumor,True,0.09666873514652252,0.3933298885822296,0.5047366619110107,0.00526472507044673
Training/notumor/Tr-no_527.jpg,notumor,notumor,True,0.0039676823653280735,0.00263077300041914,0.9927847385406494,0.0006168265244923532
Training/notumor/Tr-no_545.jpg,notumor,notumor,True,0.005890174303203821,0.005280529614537954,0.9885850548744202,0.0002441542746964842
Training/notumor/Tr-no_557.jpg,notumor,notumor,True,0.0046406094916164875,0.0025650165043771267,0.9925628304481506,0.00023152350331656635
Training/notumor/Tr-no_562.jpg,notumor,notumor,True,0.0031847916543483734,0.012177716009318829,0.9693601131439209,0.015277410857379436
Training/notumor/Tr-no_566.jpg,notumor,notumor,True,0.018416963517665863,0.007730613928288221,0.9735106825828552,0.00034178714849986136
Training/notumor/Tr-no_570.jpg,notumor,notumor,True,0.026581671088933945,0.07940797507762909,0.8934922218322754,0.0005182278109714389
Training/notumor/Tr-no_581.jpg,notumor,notumor,True,0.004448955412954092,0.0030355623457580805,0.9922457337379456,0.00026982324197888374
Training/notumor/Tr-no_584.jpg,notumor,notumor,True,0.0031200379598885775,0.00602202583104372,0.9902164936065674,0.0006414622766897082
Training/notumor/Tr-no_589.jpg,notumor,notumor,True,0.0019465512596070766,0.004071840085089207,0.9936590790748596,0.0003225810651201755
Training/notumor/Tr-no_59.jpg,notumor,notumor,True,0.0023809808772057295,0.024434350430965424,0.9726314544677734,0.0005532056675292552
Training/notumor/Tr-no_590.jpg,notumor,notumor,True,0.0019508270779624581,0.00396709144115448,0.993966817855835,0.00011528280447237194
Training/notumor/Tr-no_593.jpg,notumor,notumor,True,0.07490209490060806,0.18247802555561066,0.7396924495697021,0.0029274197295308113
Training/notumor/Tr-no_6.jpg,notumor,notumor,True,0.001623082789592445,0.006918713450431824,0.9912925362586975,0.00016571585729252547
Training/notumor/Tr-no_601.jpg,notumor,notumor,True,0.0011447168653830886,0.0013628917513415217,0.9972223043441772,0.00027004771982319653
Training/notumor/Tr-no_617.jpg,notumor,notumor,True,0.0019185807323083282,0.0022308966144919395,0.9955507516860962,0.0002997404953930527
Training/notumor/Tr-no_639.jpg,notumor,notumor,True,0.23149709403514862,0.3294719457626343,0.4283353090286255,0.010695706121623516
Training/notumor/Tr-no_656.jpg,notumor,notumor,True,0.0016780032310634851,0.0020328997634351254,0.9959496259689331,0.0003393966471776366
Training/notumor/Tr-no_671.jpg,notumor,notumor,True,0.0038814772851765156,0.0034954771399497986,0.9921516180038452,0.0004714910755865276
Training/notumor/Tr-no_691.jpg,notumor,notumor,True,0.004473392385989428,0.004425724036991596,0.9909225106239319,0.0001783748739399016
Training/notumor/Tr-no_695.jpg,notumor,notumor,True,0.0007087005651555955,0.0013951696455478668,0.9977049231529236,0.00019125711696688086
Training/notumor/Tr-no_697.jpg,notumor,notumor,True,0.0008945370791479945,0.0017370244022458792,0.9972043633460999,0.0001640950795263052
Training/notumor/Tr-no_710.jpg,notumor,notumor,True,0.003723034169524908,0.003811943344771862,0.9920439720153809,0.00042095992830581963
Training/notumor/Tr-no_711.jpg,notumor,notumor,True,0.00440103467553854,0.00544696394354105,0.9899048209190369,0.0002472670457791537
Training/notumor/Tr-no_712.jpg,notumor,pituitary,False,0.04340720549225807,0.3589366674423218,0.1317005604505539,0.46595555543899536
Training/notumor/Tr-no_726.jpg,notumor,notumor,True,0.0008344069356098771,0.0012245633406564593,0.9977676868438721,0.00017334872973151505
Training/notumor/Tr-no_732.jpg,notumor,notumor,True,0.002352190436795354,0.002300429390743375,0.9948936700820923,0.00045376401976682246
Training/notumor/Tr-no_737.jpg,notumor,notumor,True,0.044512830674648285,0.03347523510456085,0.9189649820327759,0.0030469836201518774
Training/notumor/Tr-no_741.jpg,notumor,notumor,True,0.001465987297706306,0.0037948815152049065,0.9943211078643799,0.00041805426008068025
Training/notumor/Tr-no_746.jpg,notumor,notumor,True,0.0006996209849603474,0.0013969659339636564,0.9976907968521118,0.00021265055693220347
Training/notumor/Tr-no_747.jpg,notumor,notumor,True,0.007498548831790686,0.004284616094082594,0.9841708540916443,0.004045958165079355
Training/notumor/Tr-no_758.jpg,notumor,notumor,True,0.006075137294828892,0.004393486771732569,0.989301860332489,0.00022951775463297963
Training/notumor/Tr-no_769.jpg,notumor,notumor,True,0.003351704915985465,0.004202678799629211,0.9922159314155579,0.0002297216560691595
Training/notumor/Tr-no_77.jpg,notumor,pituitary,False,0.037031833082437515,0.13941249251365662,0.2974308729171753,0.5261247754096985
Training/notumor/Tr-no_779.jpg,notumor,notumor,True,0.0060087041929364204,0.002782158786430955,0.9910321831703186,0.00017696869326755404
Training/notumor/Tr-no_782.jpg,notumor,notumor,True,0.010390996932983398,0.08287914097309113,0.8954021334648132,0.011327727697789669
Training/notumor/Tr-no_79.jpg,notumor,notumor,True,0.002075735479593277,0.005035792011767626,0.9913372993469238,0.0015511744422838092
Training/notumor/Tr-no_792.jpg,notumor,notumor,True,0.00978086143732071,0.004160774871706963,0.98482346534729,0.0012349890312179923
Training/notumor/Tr-no_803.jpg,notumor,notumor,True,0.0011670766398310661,0.0016828116495162249,0.9968180656433105,0.0003320417308714241
Training/notumor/Tr-no_823.jpg,notumor,notumor,True,0.017278876155614853,0.01496750395745039,0.9649242758750916,0.0028293821960687637
Training/notumor/Tr-no_824.jpg,notumor,notumor,True,0.01323311123996973,0.04374269023537636,0.9148196578025818,0.02820451930165291
Training/notumor/Tr-no_830.jpg,notumor,notumor,True,0.0033771551679819822,0.03635589778423309,0.9599756598472595,0.00029128644382581115
Training/notumor/Tr-no_836.jpg,notumor,notumor,True,0.0019210444297641516,0.006541815120726824,0.9908953905105591,0.0006417704280465841
Training/notumor/Tr-no_84.jpg,notumor,notumor,True,0.001963712042197585,0.0032380372285842896,0.9943342208862305,0.0004640864208340645
Training/notumor/Tr-no_844.jpg,notumor,notumor,True,0.09648817032575607,0.17928911745548248,0.6939751505851746,0.030247539281845093
Training/notumor/Tr-no_848.jpg,notumor,notumor,True,0.015420762822031975,0.06268158555030823,0.9203141331672668,0.0015835368540138006
Training/notumor/Tr-no_850.jpg,notumor,notumor,True,0.011285188607871532,0.017527617514133453,0.9703812003135681,0.0008059212705120444
Training/notumor/Tr-no_853.jpg,notumor,notumor,True,0.002364452462643385,0.0036539582069963217,0.9938192963600159,0.0001623376738280058
Training/notumor/Tr-no_87.jpg,notumor,notumor,True,0.005056516267359257,0.00916530191898346,0.9841724634170532,0.0016056813765317202
Training/notumor/Tr-no_871.jpg,notumor,glioma,False,0.7581215500831604,0.03680974245071411,0.1767258197069168,0.028342869132757187
Training/notumor/Tr-no_872.jpg,notumor,meningioma,False,0.32465335726737976,0.5713581442832947,0.10217855870723724,0.0018098795553669333
Training/notumor/Tr-no_884.jpg,notumor,notumor,True,0.004650167655199766,0.008162913843989372,0.986932098865509,0.00025485700462013483
Training/notumor/Tr-no_891.jpg,notumor,notumor,True,0.0030727407429367304,0.004317960701882839,0.9924147725105286,0.00019452023843768984
Training/notumor/Tr-no_895.jpg,notumor,notumor,True,0.006192148197442293,0.02061470039188862,0.9637581706047058,0.009434976615011692
Training/notumor/Tr-no_896.jpg,notumor,notumor,True,0.009263158775866032,0.04935009032487869,0.9398822784423828,0.001504461164586246
Training/notumor/Tr-no_90.jpg,notumor,meningioma,False,0.09810034185647964,0.6126806139945984,0.20491904020309448,0.08429993689060211
Training/notumor/Tr-no_900.jpg,notumor,notumor,True,0.04251173138618469,0.11663209646940231,0.8401092290878296,0.0007469705888070166
Training/notumor/Tr-no_907.jpg,notumor,pituitary,False,0.15067721903324127,0.2800484299659729,0.1973702758550644,0.37190407514572144
Training/notumor/Tr-no_913.jpg,notumor,meningioma,False,0.10318102687597275,0.4272936284542084,0.0829806700348854,0.3865446150302887
Training/notumor/Tr-no_919.jpg,notumor,notumor,True,0.057107970118522644,0.031893420964479446,0.9078399538993835,0.003158693201839924
Training/notumor/Tr-no_92.jpg,notumor,notumor,True,0.0016713900258764625,0.0028297388926148415,0.9953745007514954,0.0001243307051481679
Training/notumor/Tr-no_933.jpg,notumor,pituitary,False,0.0016797683201730251,0.0055505624040961266,0.0006665026885457337,0.9921031594276428
Training/notumor/Tr-no_934.jpg,notumor,notumor,True,0.0028674923814833164,0.0036803921684622765,0.9932019114494324,0.0002501294366084039
Training/notumor/Tr-no_942.jpg,notumor,notumor,True,0.01126797590404749,0.018117396160960197,0.9699726700782776,0.000641968916170299
Training/notumor/Tr-no_95.jpg,notumor,notumor,True,0.0071955774910748005,0.03548143804073334,0.955993115901947,0.0013299839338287711
Training/notumor/Tr-no_952.jpg,notumor,notumor,True,0.02656618319451809,0.03390561044216156,0.9385563135147095,0.0009718514047563076
Training/notumor/Tr-no_969.jpg,notumor,pituitary,False,0.0016797683201730251,0.0055505624040961266,0.0006665026885457337,0.9921031594276428
Training/notumor/Tr-no_97.jpg,notumor,notumor,True,0.01510638277977705,0.09400542080402374,0.8902763724327087,0.0006118627497926354
Training/notumor/Tr-no_971.jpg,notumor,notumor,True,0.015145370736718178,0.008013956248760223,0.9765022993087769,0.00033834553323686123
Training/notumor/Tr-no_974.jpg,notumor,notumor,True,0.008098801597952843,0.009133615531027317,0.9825745224952698,0.00019309006165713072
Training/notumor/Tr-no_976.jpg,notumor,notumor,True,0.0015080739976838231,0.0039537400007247925,0.9941005110740662,0.0004376127908471972
Training/notumor/Tr-no_977.jpg,notumor,notumor,True,0.010518742725253105,0.08074609190225601,0.8666678667068481,0.042067307978868484
Training/notumor/Tr-no_99.jpg,notumor,notumor,True,0.05017520487308502,0.11339028924703598,0.8357487916946411,0.0006856557447463274
Training/notumor/Tr-no_997.jpg,notumor,notumor,True,0.022251099348068237,0.017559770494699478,0.9598855972290039,0.00030361837707459927
Training/pituitary/Tr-pi_100.jpg,pituitary,pituitary,True,0.0012342947302386165,0.004896809812635183,0.0016522486694157124,0.9922165870666504
Training/pituitary/Tr-pi_1001.jpg,pituitary,pituitary,True,0.002740091411396861,0.00665518781170249,0.0037742070853710175,0.9868305325508118
Training/pituitary/Tr-pi_1004.jpg,pituitary,pituitary,True,0.0030198025051504374,0.01495786290615797,0.0062861633487045765,0.9757362008094788
Training/pituitary/Tr-pi_1006.jpg,pituitary,pituitary,True,0.0017848046263679862,0.0044793556444346905,0.001220172387547791,0.9925156235694885
Training/pituitary/Tr-pi_1012.jpg,pituitary,pituitary,True,0.005196200683712959,0.02112719789147377,0.0012667232658714056,0.9724099040031433
Training/pituitary/Tr-pi_1016.jpg,pituitary,pituitary,True,0.00107804243452847,0.008256916888058186,0.0009724684641696513,0.9896926283836365
Training/pituitary/Tr-pi_102.jpg,pituitary,pituitary,True,0.004159571137279272,0.006523134186863899,0.0007486174581572413,0.9885686635971069
Training/pituitary/Tr-pi_1020.jpg,pituitary,pituitary,True,0.0018305766861885786,0.008767303079366684,0.007435420993715525,0.9819667339324951
Training/pituitary/Tr-pi_1027.jpg,pituitary,pituitary,True,0.0018722540698945522,0.004862938076257706,0.00039860422839410603,0.9928661584854126
Training/pituitary/Tr-pi_1039.jpg,pituitary,pituitary,True,0.0029859128408133984,0.015342396683990955,0.0005693515995517373,0.9811022877693176
Training/pituitary/Tr-pi_1042.jpg,pituitary,pituitary,True,0.01423504389822483,0.13161031901836395,0.009854447096586227,0.8443002104759216
Training/pituitary/Tr-pi_105.jpg,pituitary,pituitary,True,0.0008900717366486788,0.002943449653685093,0.000806196010671556,0.9953603148460388
Training/pituitary/Tr-pi_1054.jpg,pituitary,pituitary,True,0.030887238681316376,0.07784812897443771,0.13523735105991364,0.7560272812843323
Training/pituitary/Tr-pi_1064.jpg,pituitary,pituitary,True,0.0008690457325428724,0.005447064060717821,0.0011262842454016209,0.9925576448440552
Training/pituitary/Tr-pi_1065.jpg,pituitary,pituitary,True,0.019167765974998474,0.11313102394342422,0.000650299247354269,0.8670508861541748
Training/pituitary/Tr-pi_1066.jpg,pituitary,pituitary,True,0.003979739733040333,0.007213801145553589,0.0007262715371325612,0.9880802035331726
Training/pituitary/Tr-pi_1069.jpg,pituitary,pituitary,True,0.014546072110533714,0.07403133809566498,0.00875953771173954,0.9026631116867065
Training/pituitary/Tr-pi_1077.jpg,pituitary,pituitary,True,0.0035527944564819336,0.013385964557528496,0.00046192872105166316,0.9825993776321411
Training/pituitary/Tr-pi_1080.jpg,pituitary,pituitary,True,0.0009519531158730388,0.0048670694231987,0.0005168835050426424,0.9936641454696655
Training/pituitary/Tr-pi_1085.jpg,pituitary,pituitary,True,0.024236032739281654,0.018704600632190704,0.0022299604024738073,0.9548293948173523
Training/pituitary/Tr-pi_1090.jpg,pituitary,pituitary,True,0.008855634368956089,0.02039457857608795,0.0005660097813233733,0.970183789730072
Training/pituitary/Tr-pi_1093.jpg,pituitary,pituitary,True,0.0010565544944256544,0.0029164424631744623,0.0004098733188584447,0.995617151260376
Training/pituitary/Tr-pi_1095.jpg,pituitary,pituitary,True,0.004233867395669222,0.01947297528386116,0.0014583284500986338,0.9748348593711853
Training/pituitary/Tr-pi_1103.jpg,pituitary,pituitary,True,0.002210073871538043,0.0030370960012078285,0.0006788718746975064,0.9940739274024963
Training/pituitary/Tr-pi_111.jpg,pituitary,pituitary,True,0.007853369228541851,0.44935768842697144,0.004192751366645098,0.5385962128639221
Training/pituitary/Tr-pi_1116.jpg,pituitary,pituitary,True,0.0010095350444316864,0.003858445677906275,0.0007177782827056944,0.994414210319519
Training/pituitary/Tr-pi_1128.jpg,pituitary,pituitary,True,0.08706535398960114,0.22907516360282898,0.005628898739814758,0.6782305836677551
Training/pituitary/Tr-pi_1130.jpg,pituitary,pituitary,True,0.0009535495191812515,0.0027265395037829876,0.0004985986743122339,0.9958213567733765
Training/pituitary/Tr-pi_1139.jpg,pituitary,pituitary,True,0.0020729771349579096,0.008430201560258865,0.002347649307921529,0.987149178981781
Training/pituitary/Tr-pi_1141.jpg,pituitary,pituitary,True,0.04546145722270012,0.12125436216592789,0.018894702196121216,0.8143894672393799
Training/pituitary/Tr-pi_1148.jpg,pituitary,pituitary,True,0.014830116182565689,0.2036477029323578,0.0020689431112259626,0.7794532179832458
Training/pituitary/Tr-pi_115.jpg,pituitary,pituitary,True,0.0022428228985518217,0.0057684266939759254,0.0012709195725619793,0.9907178282737732
Training/pituitary/Tr-pi_1151.jpg,pituitary,pituitary,True,0.0007520148647017777,0.0023156090173870325,0.0011508516035974026,0.9957815408706665
Training/pituitary/Tr-pi_1166.jpg,pituitary,pituitary,True,0.0012173831928521395,0.006340296007692814,0.0018351346952840686,0.9906071424484253
Training/pituitary/Tr-pi_117.jpg,pituitary,pituitary,True,0.000842614215798676,0.004368835128843784,0.0006165372906252742,0.9941720366477966
Training/pituitary/Tr-pi_1179.jpg,pituitary,pituitary,True,0.001576797105371952,0.01338519249111414,0.0016286352183669806,0.9834094047546387
Training/pituitary/Tr-pi_1190.jpg,pituitary,pituitary,True,0.0006580175249837339,0.0033462124411016703,0.00044932763557881117,0.9955464601516724
Training/pituitary/Tr-pi_1192.jpg,pituitary,pituitary,True,0.0075158788822591305,0.035948336124420166,0.010012836195528507,0.9465229511260986
Training/pituitary/Tr-pi_1199.jpg,pituitary,pituitary,True,0.0008795752073638141,0.0020422865636646748,0.0003199030179530382,0.9967582821846008
Training/pituitary/Tr-pi_1204.jpg,pituitary,pituitary,True,0.004145102575421333,0.010082964785397053,0.000276257807854563,0.9854956269264221
Training/pituitary/Tr-pi_1228.jpg,pituitary,pituitary,True,0.008981242775917053,0.2347470074892044,0.002337232232093811,0.7539345026016235
Training/pituitary/Tr-pi_1238.jpg,pituitary,pituitary,True,0.001513314084149897,0.004118045791983604,0.00044814139255322516,0.9939205646514893
Training/pituitary/Tr-pi_1240.jpg,pituitary,pituitary,True,0.002075183903798461,0.006760338321328163,0.0018677617190405726,0.9892967343330383
Training/pituitary/Tr-pi_1241.jpg,pituitary,pituitary,True,0.0030134611297398806,0.028946369886398315,0.002848016330972314,0.9651921987533569
Training/pituitary/Tr-pi_1249.jpg,pituitary,glioma,False,0.41594067215919495,0.2314814329147339,0.0314888060092926,0.3210890591144562
Training/pituitary/Tr-pi_1263.jpg,pituitary,pituitary,True,0.006246352102607489,0.014734637923538685,0.0007269399939104915,0.9782920479774475
Training/pituitary/Tr-pi_1264.jpg,pituitary,pituitary,True,0.005310913547873497,0.013285263441503048,0.0005820563528686762,0.9808217883110046
Training/pituitary/Tr-pi_1265.jpg,pituitary,pituitary,True,0.0047087459824979305,0.03205721825361252,0.0005562396254390478,0.9626778364181519
Training/pituitary/Tr-pi_1276.jpg,pituitary,pituitary,True,0.01065026130527258,0.018671663478016853,0.0011489033931866288,0.9695292115211487
Training/pituitary/Tr-pi_1280.jpg,pituitary,pituitary,True,0.009200108237564564,0.03563942387700081,0.0005319054471328855,0.954628586769104
Training/pituitary/Tr-pi_1282.jpg,pituitary,meningioma,False,0.03988124430179596,0.7537651062011719,0.002952844835817814,0.2034008800983429
Training/pituitary/Tr-pi_1286.jpg,pituitary,pituitary,True,0.007121032103896141,0.0100995022803545,0.006492522545158863,0.9762869477272034
Training/pituitary/Tr-pi_1288.jpg,pituitary,pituitary,True,0.003372195875272155,0.007179220672696829,0.0018046157201752067,0.9876438975334167
Training/pituitary/Tr-pi_1290.jpg,pituitary,pituitary,True,0.0011413416359573603,0.004081667400896549,0.0005556835094466805,0.9942213296890259
Training/pituitary/Tr-pi_1293.jpg,pituitary,pituitary,True,0.0018592539709061384,0.004046643152832985,0.0005870203021913767,0.9935071468353271
Training/pituitary/Tr-pi_130.jpg,pituitary,pituitary,True,0.13209637999534607,0.15460798144340515,0.003779491176828742,0.709516167640686
Training/pituitary/Tr-pi_1304.jpg,pituitary,pituitary,True,0.0075589315965771675,0.04636917635798454,0.00263425474986434,0.9434376358985901
Training/pituitary/Tr-pi_1312.jpg,pituitary,pituitary,True,0.0009528535301797092,0.002387327142059803,0.0005118698463775218,0.9961479902267456
Training/pituitary/Tr-pi_1326.jpg,pituitary,pituitary,True,0.02897593006491661,0.09552060812711716,0.000906845205463469,0.8745966553688049
Training/pituitary/Tr-pi_1329.jpg,pituitary,pituitary,True,0.001794445444829762,0.005043120589107275,0.00041224859887734056,0.9927501678466797
Training/pituitary/Tr-pi_1346.jpg,pituitary,pituitary,True,0.00126033800188452,0.003116797422990203,0.0009737242944538593,0.9946491122245789
Training/pituitary/Tr-pi_1351.jpg,pituitary,glioma,False,0.4268592894077301,0.31309762597084045,0.008210399188101292,0.25183266401290894
Training/pituitary/Tr-pi_1356.jpg,pituitary,pituitary,True,0.0015420025447383523,0.0067504532635211945,0.0004689873894676566,0.991238534450531
Training/pituitary/Tr-pi_1363.jpg,pituitary,pituitary,True,0.007055834401398897,0.021591752767562866,0.0005128898192197084,0.9708395600318909
Training/pituitary/Tr-pi_1377.jpg,pituitary,pituitary,True,0.0020514284260571003,0.0069045815616846085,0.012550163082778454,0.9784938097000122
Training/pituitary/Tr-pi_1378.jpg,pituitary,pituitary,True,0.007040983531624079,0.04462175816297531,0.002496575005352497,0.9458406567573547
Training/pituitary/Tr-pi_1379.jpg,pituitary,pituitary,True,0.0029426885303109884,0.007757389452308416,0.000981888617388904,0.9883180260658264
Training/pituitary/Tr-pi_138.jpg,pituitary,pituitary,True,0.0018865574384108186,0.00800872128456831,0.0015574655262753367,0.9885472059249878
Training/pituitary/Tr-pi_1382.jpg,pituitary,pituitary,True,0.002284653950482607,0.0035832873545587063,0.00048671025433577597,0.9936453104019165
Training/pituitary/Tr-pi_1387.jpg,pituitary,pituitary,True,0.01153436116874218,0.00392508739605546,0.0008868785225786269,0.9836536049842834
Training/pituitary/Tr-pi_1389.jpg,pituitary,pituitary,True,0.011598683893680573,0.04223674535751343,0.036567430943250656,0.9095971584320068
Training/pituitary/Tr-pi_1392.jpg,pituitary,pituitary,True,0.01744217425584793,0.3670809864997864,0.0019975004252046347,0.6134793758392334
Training/pituitary/Tr-pi_148.jpg,pituitary,pituitary,True,0.016986874863505363,0.034798722714185715,0.0031904184725135565,0.9450239539146423
Training/pituitary/Tr-pi_151.jpg,pituitary,pituitary,True,0.0010535713518038392,0.004764562007039785,0.0009482278837822378,0.9932336211204529
Training/pituitary/Tr-pi_164.jpg,pituitary,pituitary,True,0.004484124016016722,0.03148287162184715,0.002913943026214838,0.9611191153526306
Training/pituitary/Tr-pi_165.jpg,pituitary,pituitary,True,0.04079388082027435,0.050373323261737823,0.0017434093169867992,0.907089352607727
Training/pituitary/Tr-pi_168.jpg,pituitary,pituitary,True,0.009006879292428493,0.02176261693239212,0.0012436073739081621,0.9679868817329407
Training/pituitary/Tr-pi_176.jpg,pituitary,pituitary,True,0.004401837941259146,0.004725446924567223,0.0014994234079495072,0.9893732666969299
Training/pituitary/Tr-pi_179.jpg,pituitary,pituitary,True,0.029171280562877655,0.11044104397296906,0.0017469699960201979,0.858640730381012
Training/pituitary/Tr-pi_186.jpg,pituitary,pituitary,True,0.004827828612178564,0.04253580421209335,0.0011197495041415095,0.9515166878700256
Training/pituitary/Tr-pi_190.jpg,pituitary,pituitary,True,0.003942536655813456,0.007580242585390806,0.0011895152274519205,0.9872876405715942
Training/pituitary/Tr-pi_191.jpg,pituitary,pituitary,True,0.024603910744190216,0.02249372936785221,0.0011701209004968405,0.9517322182655334
Training/pituitary/Tr-pi_196.jpg,pituitary,pituitary,True,0.0011497146915644407,0.006960154045373201,0.0006327225128188729,0.9912574291229248
Training/pituitary/Tr-pi_201.jpg,pituitary,pituitary,True,0.00036734071909449995,0.0020248007494956255,0.0015445546014234424,0.9960632920265198
Training/pituitary/Tr-pi_209.jpg,pituitary,pituitary,True,0.004106341861188412,0.004597876220941544,0.00045477948151528835,0.9908410310745239
Training/pituitary/Tr-pi_213.jpg,pituitary,pituitary,True,0.0009619094780646265,0.0031707887537777424,0.00024530268274247646,0.9956219792366028
Training/pituitary/Tr-pi_217.jpg,pituitary,pituitary,True,0.0021506960038095713,0.00668732775375247,0.0015303210821002722,0.9896316528320312
Training/pituitary/Tr-pi_224.jpg,pituitary,pituitary,True,0.011732667684555054,0.011372330598533154,0.001859910087659955,0.9750350713729858
Training/pituitary/Tr-pi_227.jpg,pituitary,pituitary,True,0.010101020336151123,0.023527733981609344,0.002363715786486864,0.9640074968338013
Training/pituitary/Tr-pi_235.jpg,pituitary,pituitary,True,0.0057453857734799385,0.008473409339785576,0.0020869767758995295,0.9836942553520203
Training/pituitary/Tr-pi_249.jpg,pituitary,meningioma,False,0.2309545874595642,0.4785004258155823,0.02490481361746788,0.2656401991844177
Training/pituitary/Tr-pi_26.jpg,pituitary,pituitary,True,0.011039169505238533,0.04369508475065231,0.0008603890892118216,0.9444053769111633
Training/pituitary/Tr-pi_266.jpg,pituitary,pituitary,True,0.0007717320695519447,0.003453883808106184,0.0005016809445805848,0.995272696018219
Training/pituitary/Tr-pi_27.jpg,pituitary,pituitary,True,0.0028665787540376186,0.02539823204278946,0.000626329449005425,0.9711088538169861
Training/pituitary/Tr-pi_280.jpg,pituitary,pituitary,True,0.0008488678140565753,0.004459386691451073,0.0008472971385344863,0.9938445091247559
Training/pituitary/Tr-pi_29.jpg,pituitary,pituitary,True,0.00275936396792531,0.012890740297734737,0.0016044775256887078,0.9827454686164856
Training/pituitary/Tr-pi_290.jpg,pituitary,pituitary,True,0.05150338634848595,0.07206908613443375,0.03782552853226662,0.8386020064353943
Training/pituitary/Tr-pi_293.jpg,pituitary,pituitary,True,0.0008361834334209561,0.003782358020544052,0.0005705055082216859,0.994810938835144
Training/pituitary/Tr-pi_296.jpg,pituitary,pituitary,True,0.0096607506275177,0.0846596285700798,0.0014241049066185951,0.9042554497718811
Training/pituitary/Tr-pi_297.jpg,pituitary,pituitary,True,0.0013779427390545607,0.004986974410712719,0.0011602850863710046,0.9924747347831726
Training/pituitary/Tr-pi_315.jpg,pituitary,pituitary,True,0.011933040805161,0.02208883687853813,0.0007171393372118473,0.965260922908783
Training/pituitary/Tr-pi_317.jpg,pituitary,pituitary,True,0.00428320886567235,0.22712120413780212,0.0034856763668358326,0.7651098966598511
Training/pituitary/Tr-pi_319.jpg,pituitary,pituitary,True,0.004849509801715612,0.18372325599193573,0.021218039095401764,0.790209174156189
Training/pituitary/Tr-pi_331.jpg,pituitary,pituitary,True,0.01260337047278881,0.03731566295027733,0.0008194832480512559,0.9492615461349487
Training/pituitary/Tr-pi_335.jpg,pituitary,pituitary,True,0.07226189970970154,0.1797659993171692,0.0030700380448251963,0.7449020743370056
Training/pituitary/Tr-pi_337.jpg,pituitary,pituitary,True,0.001665236777625978,0.015458525158464909,0.0009433489176444709,0.9819329380989075
Training/pituitary/Tr-pi_343.jpg,pituitary,pituitary,True,0.15143831074237823,0.2701285481452942,0.0018823763821274042,0.5765507221221924
Training/pituitary/Tr-pi_345.jpg,pituitary,pituitary,True,0.025365598499774933,0.2983900010585785,0.008391360752284527,0.6678529977798462
Training/pituitary/Tr-pi_347.jpg,pituitary,pituitary,True,0.02247595228254795,0.004319098312407732,0.00213963957503438,0.9710653424263
Training/pituitary/Tr-pi_354.jpg,pituitary,pituitary,True,0.0003630139399319887,0.0014190995134413242,0.0002720654010772705,0.9979458451271057
Training/pituitary/Tr-pi_355.jpg,pituitary,pituitary,True,0.004690284840762615,0.005057971924543381,0.0014779608463868499,0.9887737035751343
Training/pituitary/Tr-pi_372.jpg,pituitary,pituitary,True,0.0007466303068213165,0.005120730958878994,0.00029597198590636253,0.9938367009162903
Training/pituitary/Tr-pi_375.jpg,pituitary,pituitary,True,0.0475580058991909,0.2457292526960373,0.01278056763112545,0.6939322352409363
Training/pituitary/Tr-pi_393.jpg,pituitary,pituitary,True,0.0018627146491780877,0.008633224293589592,0.003944666124880314,0.985559344291687
Training/pituitary/Tr-pi_4.jpg,pituitary,pituitary,True,0.01663234643638134,0.0856337696313858,0.005706676281988621,0.8920271992683411
Training/pituitary/Tr-pi_408.jpg,pituitary,pituitary,True,0.05410129576921463,0.05133594945073128,0.003239824902266264,0.891322910785675
Training/pituitary/Tr-pi_415.jpg,pituitary,pituitary,True,0.0035026425030082464,0.0073565891943871975,0.00045169168151915073,0.988689124584198
Training/pituitary/Tr-pi_416.jpg,pituitary,pituitary,True,0.0016252856003120542,0.004390588030219078,0.0013163601979613304,0.9926677346229553
Training/pituitary/Tr-pi_44.jpg,pituitary,pituitary,True,0.36632758378982544,0.08250374346971512,0.0013117720372974873,0.5498568415641785
Training/pituitary/Tr-pi_440.jpg,pituitary,pituitary,True,0.002169101731851697,0.006598216947168112,0.0003662258677650243,0.9908664226531982
Training/pituitary/Tr-pi_444.jpg,pituitary,pituitary,True,0.004727671388536692,0.011874874122440815,0.0031927095260471106,0.9802047610282898
Training/pituitary/Tr-pi_477.jpg,pituitary,pituitary,True,0.0013246460584923625,0.002938911784440279,0.0009756064391694963,0.9947608113288879
Training/pituitary/Tr-pi_48.jpg,pituitary,pituitary,True,0.0014666026690974832,0.009449167177081108,0.0003401990106794983,0.9887440204620361
Training/pituitary/Tr-pi_495.jpg,pituitary,pituitary,True,0.001997361658141017,0.010997450910508633,0.0004165257851127535,0.9865886569023132
Training/pituitary/Tr-pi_500.jpg,pituitary,meningioma,False,0.011986939236521721,0.9781575798988342,0.0007590380846522748,0.009096491150557995
Training/pituitary/Tr-pi_506.jpg,pituitary,pituitary,True,0.001968297641724348,0.019660932943224907,0.0016240222612395883,0.9767467975616455
Training/pituitary/Tr-pi_507.jpg,pituitary,pituitary,True,0.0007475482416339219,0.00396980345249176,0.0006652757874689996,0.9946174025535583
Training/pituitary/Tr-pi_512.jpg,pituitary,pituitary,True,0.0020988548640161753,0.0046885209158062935,0.0013898683246225119,0.9918227791786194
Training/pituitary/Tr-pi_533.jpg,pituitary,pituitary,True,0.0017186980694532394,0.007074959576129913,0.002263408387079835,0.9889429807662964
Training/pituitary/Tr-pi_537.jpg,pituitary,pituitary,True,0.0007513241725973785,0.0026312745176255703,0.0005058294627815485,0.9961115717887878
Training/pituitary/Tr-pi_54.jpg,pituitary,pituitary,True,0.001616035820916295,0.004312490113079548,0.0007485158857889473,0.9933229088783264
Training/pituitary/Tr-pi_545.jpg,pituitary,pituitary,True,0.055953215807676315,0.1540622115135193,0.10161468386650085,0.6883699297904968
Training/pituitary/Tr-pi_550.jpg,pituitary,pituitary,True,0.10250704735517502,0.23148974776268005,0.0011345698731020093,0.6648686528205872
Training/pituitary/Tr-pi_551.jpg,pituitary,pituitary,True,0.009989222511649132,0.12351574748754501,0.007322073448449373,0.8591729402542114
Training/pituitary/Tr-pi_556.jpg,pituitary,pituitary,True,0.0004881207423750311,0.003133538644760847,0.0007890527485869825,0.9955892562866211
Training/pituitary/Tr-pi_557.jpg,pituitary,pituitary,True,0.0897652879357338,0.046181581914424896,0.005260448902845383,0.8587926626205444
Training/pituitary/Tr-pi_559.jpg,pituitary,pituitary,True,0.00416762987151742,0.01083082240074873,0.008022754453122616,0.9769788384437561
Training/pituitary/Tr-pi_561.jpg,pituitary,pituitary,True,0.0009256594930775464,0.0060152760706841946,0.0006297447253018618,0.9924293160438538
Training/pituitary/Tr-pi_566.jpg,pituitary,notumor,False,0.051496073603630066,0.06753087043762207,0.830735445022583,0.05023759603500366
Training/pituitary/Tr-pi_568.jpg,pituitary,pituitary,True,0.011190012097358704,0.014841536991298199,0.0006082006730139256,0.9733601808547974
Training/pituitary/Tr-pi_57.jpg,pituitary,pituitary,True,0.004452716559171677,0.017920779064297676,0.004139902535825968,0.973486602306366
Training/pituitary/Tr-pi_573.jpg,pituitary,pituitary,True,0.016258636489510536,0.04837297648191452,0.009339479729533195,0.9260289072990417
Training/pituitary/Tr-pi_586.jpg,pituitary,pituitary,True,0.0007886036764830351,0.003933663014322519,0.0004210903134662658,0.994856595993042
Training/pituitary/Tr-pi_587.jpg,pituitary,pituitary,True,0.07780007272958755,0.18316872417926788,0.003368193982169032,0.7356629967689514
Training/pituitary/Tr-pi_60.jpg,pituitary,pituitary,True,0.011262502521276474,0.0854954868555069,0.0007798037840984762,0.9024621844291687
Training/pituitary/Tr-pi_608.jpg,pituitary,pituitary,True,0.011088969185948372,0.09269741177558899,0.0014708974631503224,0.8947427868843079
Training/pituitary/Tr-pi_614.jpg,pituitary,pituitary,True,0.06388392299413681,0.08811065554618835,0.07214469462633133,0.7758607268333435
Training/pituitary/Tr-pi_615.jpg,pituitary,pituitary,True,0.0028956718742847443,0.01292420830577612,0.004943563602864742,0.9792364835739136
Training/pituitary/Tr-pi_623.jpg,pituitary,pituitary,True,0.013269077986478806,0.06953269243240356,0.0006485582562163472,0.9165496826171875
Training/pituitary/Tr-pi_626.jpg,pituitary,pituitary,True,0.00042987699271179736,0.0030585082713514566,0.0017280078027397394,0.9947835803031921
Training/pituitary/Tr-pi_633.jpg,pituitary,pituitary,True,0.0023919737432152033,0.012842598371207714,0.001970249228179455,0.9827951788902283
Training/pituitary/Tr-pi_643.jpg,pituitary,pituitary,True,0.0011731369886547327,0.004818173125386238,0.0003886593331117183,0.993619978427887
Training/pituitary/Tr-pi_649.jpg,pituitary,pituitary,True,0.010256143286824226,0.2961651384830475,0.0035982229746878147,0.6899805068969727
Training/pituitary/Tr-pi_652.jpg,pituitary,pituitary,True,0.005644712131470442,0.06558879464864731,0.0005031213513575494,0.9282633066177368
Training/pituitary/Tr-pi_653.jpg,pituitary,pituitary,True,0.006839243229478598,0.014244700782001019,0.006180108059197664,0.9727359414100647
Training/pituitary/Tr-pi_664.jpg,pituitary,pituitary,True,0.0013908009277656674,0.03036101721227169,0.0014436928322538733,0.9668045043945312
Training/pituitary/Tr-pi_666.jpg,pituitary,pituitary,True,0.029243791475892067,0.36571404337882996,0.00887320563197136,0.5961689949035645
Training/pituitary/Tr-pi_671.jpg,pituitary,pituitary,True,0.0009524199995212257,0.0026201980654150248,0.000720274168998003,0.995707094669342
Training/pituitary/Tr-pi_672.jpg,pituitary,pituitary,True,0.0017175403190776706,0.0031368921045213938,0.0003611878491938114,0.994784414768219
Training/pituitary/Tr-pi_674.jpg,pituitary,pituitary,True,0.09903911501169205,0.42934006452560425,0.0038001190405339003,0.4678206443786621
Training/pituitary/Tr-pi_680.jpg,pituitary,pituitary,True,0.004185234196484089,0.02433919720351696,0.0007074156892485917,0.9707682132720947
Training/pituitary/Tr-pi_681.jpg,pituitary,pituitary,True,0.000865866313688457,0.00478026969358325,0.0021035585086792707,0.9922502636909485
Training/pituitary/Tr-pi_69.jpg,pituitary,pituitary,True,0.004077478777617216,0.011401243507862091,0.00040042054024524987,0.9841209053993225
Training/pituitary/Tr-pi_693.jpg,pituitary,pituitary,True,0.012311041355133057,0.049766622483730316,0.009656921029090881,0.928265392780304
Training/pituitary/Tr-pi_703.jpg,pituitary,pituitary,True,0.007842045277357101,0.02025727555155754,0.00044518252252601087,0.9714555740356445
Training/pituitary/Tr-pi_724.jpg,pituitary,pituitary,True,0.0007660690462216735,0.0034851585514843464,0.0004005513619631529,0.9953482747077942
Training/pituitary/Tr-pi_73.jpg,pituitary,pituitary,True,0.006591115612536669,0.026180090382695198,0.01560063473880291,0.9516281485557556
Training/pituitary/Tr-pi_737.jpg,pituitary,pituitary,True,0.0005147275514900684,0.004836799576878548,0.0010376791469752789,0.9936107993125916
Training/pituitary/Tr-pi_758.jpg,pituitary,pituitary,True,0.001286849263124168,0.004024256020784378,0.00047707214253023267,0.9942118525505066
Training/pituitary/Tr-pi_776.jpg,pituitary,pituitary,True,0.331802636384964,0.07625149935483932,0.002674177521839738,0.5892717242240906
Training/pituitary/Tr-pi_777.jpg,pituitary,pituitary,True,0.006834451109170914,0.014336872845888138,0.002482447773218155,0.9763462543487549
Training/pituitary/Tr-pi_780.jpg,pituitary,pituitary,True,0.0005943769356235862,0.004564222879707813,0.0006710655288770795,0.9941703081130981
Training/pituitary/Tr-pi_782.jpg,pituitary,pituitary,True,0.018182506784796715,0.4730446934700012,0.0032826808746904135,0.5054901242256165
Training/pituitary/Tr-pi_786.jpg,pituitary,pituitary,True,0.014407344162464142,0.04043387994170189,0.0007618581294082105,0.9443968534469604
Training/pituitary/Tr-pi_788.jpg,pituitary,pituitary,True,0.341552197933197,0.020125530660152435,0.0020043072290718555,0.6363179087638855
Training/pituitary/Tr-pi_797.jpg,pituitary,pituitary,True,0.004787672311067581,0.011088184081017971,0.0003887803468387574,0.9837354421615601
Training/pituitary/Tr-pi_798.jpg,pituitary,pituitary,True,0.06443460285663605,0.027231421321630478,0.001641883049160242,0.9066920876502991
Training/pituitary/Tr-pi_81.jpg,pituitary,pituitary,True,0.0012073218822479248,0.00683266157284379,0.0016345770563930273,0.9903254508972168
Training/pituitary/Tr-pi_810.jpg,pituitary,pituitary,True,0.0006349679897539318,0.002430777996778488,0.0005937553942203522,0.9963405132293701
Training/pituitary/Tr-pi_814.jpg,pituitary,pituitary,True,0.009874946437776089,0.016562990844249725,0.0015713246539235115,0.9719907641410828
Training/pituitary/Tr-pi_824.jpg,pituitary,pituitary,True,0.0035498011857271194,0.04931262135505676,0.000785699172411114,0.9463518857955933
Training/pituitary/Tr-pi_828.jpg,pituitary,pituitary,True,0.03751467913389206,0.11918112635612488,0.0027533918619155884,0.8405508399009705
Training/pituitary/Tr-pi_834.jpg,pituitary,meningioma,False,0.03128303587436676,0.5151163339614868,0.0024543555919080973,0.4511461555957794
Training/pituitary/Tr-pi_838.jpg,pituitary,pituitary,True,0.0006827599136158824,0.0042269108816981316,0.0012422194704413414,0.9938481450080872
Training/pituitary/Tr-pi_84.jpg,pituitary,pituitary,True,0.0007968713180162013,0.00488758459687233,0.00045518664410337806,0.9938603639602661
Training/pituitary/Tr-pi_840.jpg,pituitary,pituitary,True,0.0033900553826242685,0.010815570130944252,0.0005515640368685126,0.9852428436279297
Training/pituitary/Tr-pi_850.jpg,pituitary,pituitary,True,0.0008615062106400728,0.004244993440806866,0.0010739776771515608,0.993819534778595
Training/pituitary/Tr-pi_87.jpg,pituitary,pituitary,True,0.0006842435104772449,0.004565701354295015,0.0004079247883055359,0.9943420886993408
Training/pituitary/Tr-pi_874.jpg,pituitary,pituitary,True,0.1520637422800064,0.30949756503105164,0.032029829919338226,0.5064088702201843
Training/pituitary/Tr-pi_887.jpg,pituitary,pituitary,True,0.0009130268008448184,0.005765666253864765,0.0025022136978805065,0.9908190369606018
Training/pituitary/Tr-pi_89.jpg,pituitary,pituitary,True,0.028045786544680595,0.02658289298415184,0.0018208165420219302,0.9435504674911499
Training/pituitary/Tr-pi_890.jpg,pituitary,pituitary,True,0.0019452673150226474,0.009006902575492859,0.0033932290971279144,0.9856546521186829
Training/pituitary/Tr-pi_892.jpg,pituitary,pituitary,True,0.0012557993177324533,0.005076182074844837,0.0007802530890330672,0.9928877949714661
Training/pituitary/Tr-pi_899.jpg,pituitary,pituitary,True,0.0006256504566408694,0.0027895651292055845,0.0006783073185943067,0.9959064722061157
Training/pituitary/Tr-pi_900.jpg,pituitary,pituitary,True,0.002922317013144493,0.04582697153091431,0.0012279857182875276,0.9500227570533752
Training/pituitary/Tr-pi_901.jpg,pituitary,pituitary,True,0.050301533192396164,0.08914116024971008,0.005058876238763332,0.8554984331130981
Training/pituitary/Tr-pi_906.jpg,pituitary,pituitary,True,0.0009591072448529303,0.006600129418075085,0.001097636530175805,0.9913431406021118
Training/pituitary/Tr-pi_91.jpg,pituitary,meningioma,False,0.13090269267559052,0.699348509311676,0.005711411591619253,0.16403737664222717
Training/pituitary/Tr-pi_917.jpg,pituitary,pituitary,True,0.001374785671941936,0.008785606361925602,0.012302807532250881,0.9775367975234985
Training/pituitary/Tr-pi_922.jpg,pituitary,pituitary,True,0.04008960351347923,0.11245377361774445,0.0008592771482653916,0.8465973734855652
Training/pituitary/Tr-pi_926.jpg,pituitary,pituitary,True,0.012920346111059189,0.022182522341609,0.0008941263076849282,0.9640030264854431
Training/pituitary/Tr-pi_927.jpg,pituitary,pituitary,True,0.015628833323717117,0.2672170400619507,0.002270471304655075,0.7148836851119995
Training/pituitary/Tr-pi_931.jpg,pituitary,pituitary,True,0.0008137390250340104,0.004875377751886845,0.0020969221368432045,0.9922139048576355
Training/pituitary/Tr-pi_941.jpg,pituitary,pituitary,True,0.015541107393801212,0.049518149346113205,0.0014256155118346214,0.9335151314735413
Training/pituitary/Tr-pi_948.jpg,pituitary,pituitary,True,0.03560905158519745,0.054645173251628876,0.0023728704545646906,0.9073728919029236
Training/pituitary/Tr-pi_961.jpg,pituitary,pituitary,True,0.005862269084900618,0.011311900801956654,0.0004529429425019771,0.9823728799819946
Training/pituitary/Tr-pi_964.jpg,pituitary,pituitary,True,0.004814963322132826,0.003027660306543112,0.0015687033301219344,0.9905886650085449
Training/pituitary/Tr-pi_968.jpg,pituitary,pituitary,True,0.0019496146123856306,0.011982276104390621,0.0018005460733547807,0.98426753282547
Training/pituitary/Tr-pi_97.jpg,pituitary,pituitary,True,0.19127586483955383,0.36803606152534485,0.006791464053094387,0.43389660120010376
Training/pituitary/Tr-pi_973.jpg,pituitary,pituitary,True,0.03444809094071388,0.06483794748783112,0.06284196674823761,0.8378719687461853
Training/pituitary/Tr-pi_974.jpg,pituitary,pituitary,True,0.0006943323533050716,0.004771596286445856,0.002372612012550235,0.9921614527702332
Training/pituitary/Tr-pi_975.jpg,pituitary,pituitary,True,0.0014235015260055661,0.002399591263383627,0.00041700273868627846,0.995759904384613
Training/pituitary/Tr-pi_997.jpg,pituitary,pituitary,True,0.0014718222664669156,0.003534754039719701,0.0004178973031230271,0.9945755004882812
